Ticker,Name,Target_Date,Actual_Date,Status,Score,Primary_Signal,Reasons,Warnings,Close,Uptrend_HH_HL,Pullback_Pct,Prior_Low_Held,Channel_Coverage,Channel_Position,Recent_Lower_Touch,Channel_Lower,Channel_Mid,Prior_High_Target,Channel_Upper,Stop_Price,Room_To_Mid_Pct,Room_To_Upper_Pct,Double_Bottom,Double_Bottom_Confirmed,MA_Clustered,MA_Spread_Pct,MA_Reclaimed,MA5_Held,Bottom_Volume_Surge,Reference_Date,Reference_Low_Held,Reference_High_Break,Reference_Volume_Ratio,Requested_Range_Start,Requested_Range_End,Forward_Entry_Close,Forward_Available_Bars,Forward_Complete_20D,D+1_Close_Return_Pct,D+1_Close,D+1_Date,D+2_Close_Return_Pct,D+2_Close,D+2_Date,D+3_Close_Return_Pct,D+3_Close,D+3_Date,D+4_Close_Return_Pct,D+4_Close,D+4_Date,D+5_Close_Return_Pct,D+5_Close,D+5_Date,D+6_Close_Return_Pct,D+6_Close,D+6_Date,D+7_Close_Return_Pct,D+7_Close,D+7_Date,D+8_Close_Return_Pct,D+8_Close,D+8_Date,D+9_Close_Return_Pct,D+9_Close,D+9_Date,D+10_Close_Return_Pct,D+10_Close,D+10_Date,D+11_Close_Return_Pct,D+11_Close,D+11_Date,D+12_Close_Return_Pct,D+12_Close,D+12_Date,D+13_Close_Return_Pct,D+13_Close,D+13_Date,D+14_Close_Return_Pct,D+14_Close,D+14_Date,D+15_Close_Return_Pct,D+15_Close,D+15_Date,D+16_Close_Return_Pct,D+16_Close,D+16_Date,D+17_Close_Return_Pct,D+17_Close,D+17_Date,D+18_Close_Return_Pct,D+18_Close,D+18_Date,D+19_Close_Return_Pct,D+19_Close,D+19_Date,D+20_Close_Return_Pct,D+20_Close,D+20_Date,Forward_Last_Date,Max_Close_Return_20D_Pct,Min_Close_Return_20D_Pct,MFE_20D_Pct,MAE_20D_Pct,Positive_D20,Hit_Mid_Before_Stop,Hit_PriorHigh_Before_Stop,Hit_Upper_Before_Stop,Stop_Hit,First_Event,Exit_Date
005930,삼성전자,2026-08-03,2026-08-03,REJECTED,49,TREND_BROKEN_OR_NOT_UPTREND,상승추세 안의 단기 조정 + 전저점 유지 | 상승 평행채널 유효(커버리지 72%) | 최근 추세 하단(싼 구간) 접촉 | 현재도 채널 하단권 | 추세 바닥권 거래량 급증 양봉 | 거래량 기준봉 저가 지지,중기 상승 구조 미확인,239500.0,False,26.31,True,0.7234,-2.2572,True,387666.6667,420488.0952,276000.0,453309.5238,376036.6667,75.57,89.27,False,False,False,28.37,False,True,True,2026-07-31,True,False,1.88,2026-08-01,2026-08-21,239500.0,13,0,0.209,240000.0,2026-08-04,2.714,246000.0,2026-08-05,-3.758,230500.0,2026-08-06,-3.549,231000.0,2026-08-07,-3.967,230000.0,2026-08-10,0.0,239500.0,2026-08-11,6.681,255500.0,2026-08-12,11.9,268000.0,2026-08-13,14.614,274500.0,2026-08-14,12.109,268500.0,2026-08-18,3.34,247500.0,2026-08-19,13.152,271000.0,2026-08-20,17.537,281500.0,2026-08-21,,,,,,,,,,,,,,,,,,,,,,2026-08-21,17.537,-3.967,20.251,-5.01,,,,,,,
005930,삼성전자,2026-08-04,2026-08-04,REJECTED,50,TREND_BROKEN_OR_NOT_UPTREND,상승추세 안의 단기 조정 + 전저점 유지 | 상승 평행채널 유효(커버리지 79%) | 최근 추세 하단(싼 구간) 접촉 | 현재도 채널 하단권 | 추세 하단 부근 쌍바닥/Higher-Low 형태 | 추세 바닥권 거래량 급증 양봉,중기 상승 구조 미확인,240000.0,False,22.58,True,0.7895,-0.8513,True,339293.6508,397615.0794,276000.0,455936.5079,329114.8413,65.67,89.97,True,False,False,26.42,False,True,True,2026-07-31,False,False,1.88,2026-08-01,2026-08-21,240000.0,12,0,2.5,246000.0,2026-08-05,-3.958,230500.0,2026-08-06,-3.75,231000.0,2026-08-07,-4.167,230000.0,2026-08-10,-0.208,239500.0,2026-08-11,6.458,255500.0,2026-08-12,11.667,268000.0,2026-08-13,14.375,274500.0,2026-08-14,11.875,268500.0,2026-08-18,3.125,247500.0,2026-08-19,12.917,271000.0,2026-08-20,17.292,281500.0,2026-08-21,,,,,,,,,,,,,,,,,,,,,,,,,2026-08-21,17.292,-4.167,20.0,-5.208,,,,,,,
005930,삼성전자,2026-08-05,2026-08-05,REJECTED,45,TREND_BROKEN_OR_NOT_UPTREND,상승추세 안의 단기 조정 + 전저점 유지 | 상승 평행채널 유효(커버리지 74%) | 최근 추세 하단(싼 구간) 접촉 | 현재도 채널 하단권 | 추세 바닥권 거래량 급증 양봉,중기 상승 구조 미확인,246000.0,False,18.0,True,0.7407,-0.8672,True,362958.3333,430395.8333,267000.0,497833.3333,352069.5833,74.96,102.37,False,False,False,22.58,False,True,True,2026-07-31,False,False,1.88,2026-08-01,2026-08-21,246000.0,11,0,-6.301,230500.0,2026-08-06,-6.098,231000.0,2026-08-07,-6.504,230000.0,2026-08-10,-2.642,239500.0,2026-08-11,3.862,255500.0,2026-08-12,8.943,268000.0,2026-08-13,11.585,274500.0,2026-08-14,9.146,268500.0,2026-08-18,0.61,247500.0,2026-08-19,10.163,271000.0,2026-08-20,14.431,281500.0,2026-08-21,,,,,,,,,,,,,,,,,,,,,,,,,,,,2026-08-21,14.431,-6.504,17.073,-7.52,,,,,,,
005930,삼성전자,2026-08-06,2026-08-06,REJECTED,45,TREND_BROKEN_OR_NOT_UPTREND,상승추세 안의 단기 조정 + 전저점 유지 | 상승 평행채널 유효(커버리지 73%) | 최근 추세 하단(싼 구간) 접촉 | 현재도 채널 하단권 | 추세 바닥권 거래량 급증 양봉,중기 상승 구조 미확인,230500.0,False,22.65,True,0.7317,-1.0083,True,366500.0,433937.5,267000.0,501375.0,355505.0,88.26,117.52,False,False,False,21.66,False,False,True,2026-07-31,False,False,1.88,2026-08-01,2026-08-21,230500.0,10,0,0.217,231000.0,2026-08-07,-0.217,230000.0,2026-08-10,3.905,239500.0,2026-08-11,10.846,255500.0,2026-08-12,16.269,268000.0,2026-08-13,19.089,274500.0,2026-08-14,16.486,268500.0,2026-08-18,7.375,247500.0,2026-08-19,17.57,271000.0,2026-08-20,22.126,281500.0,2026-08-21,,,,,,,,,,,,,,,,,,,,,,,,,,,,,,,2026-08-21,22.126,-0.217,24.946,-1.302,,,,,,,
005930,삼성전자,2026-08-07,2026-08-07,REJECTED,45,TREND_BROKEN_OR_NOT_UPTREND,상승추세 안의 단기 조정 + 전저점 유지 | 상승 평행채널 유효(커버리지 72%) | 최근 추세 하단(싼 구간) 접촉 | 현재도 채널 하단권 | 추세 바닥권 거래량 급증 양봉,중기 상승 구조 미확인,231000.0,False,22.48,True,0.7229,-1.0309,True,370041.6667,437479.1667,267000.0,504916.6667,358940.4167,89.38,118.58,False,False,False,23.99,False,False,True,2026-07-31,False,False,1.88,2026-08-01,2026-08-21,231000.0,9,0,-0.433,230000.0,2026-08-10,3.68,239500.0,2026-08-11,10.606,255500.0,2026-08-12,16.017,268000.0,2026-08-13,18.831,274500.0,2026-08-14,16.234,268500.0,2026-08-18,7.143,247500.0,2026-08-19,17.316,271000.0,2026-08-20,21.861,281500.0,2026-08-21,,,,,,,,,,,,,,,,,,,,,,,,,,,,,,,,,,2026-08-21,21.861,-0.433,24.675,-1.515,,,,,,,
005930,삼성전자,2026-08-10,2026-08-10,REJECTED,0,NO_RISING_CHANNEL,,영상 방식의 상승 평행채널을 안정적으로 구성하지 못함,,,,,,,,,,,,,,,,,,,,,,,,,,2026-08-01,2026-08-21,230000.0,8,0,4.13,239500.0,2026-08-11,11.087,255500.0,2026-08-12,16.522,268000.0,2026-08-13,19.348,274500.0,2026-08-14,16.739,268500.0,2026-08-18,7.609,247500.0,2026-08-19,17.826,271000.0,2026-08-20,22.391,281500.0,2026-08-21,,,,,,,,,,,,,,,,,,,,,,,,,,,,,,,,,,,,,2026-08-21,22.391,4.13,25.217,-1.087,,,,,,,
005930,삼성전자,2026-08-11,2026-08-11,REJECTED,0,NO_RISING_CHANNEL,,영상 방식의 상승 평행채널을 안정적으로 구성하지 못함,,,,,,,,,,,,,,,,,,,,,,,,,,2026-08-01,2026-08-21,239500.0,7,0,6.681,255500.0,2026-08-12,11.9,268000.0,2026-08-13,14.614,274500.0,2026-08-14,12.109,268500.0,2026-08-18,3.34,247500.0,2026-08-19,13.152,271000.0,2026-08-20,17.537,281500.0,2026-08-21,,,,,,,,,,,,,,,,,,,,,,,,,,,,,,,,,,,,,,,,2026-08-21,17.537,3.34,20.251,0.626,,,,,,,
005930,삼성전자,2026-08-12,2026-08-12,REJECTED,0,NO_RISING_CHANNEL,,영상 방식의 상승 평행채널을 안정적으로 구성하지 못함,,,,,,,,,,,,,,,,,,,,,,,,,,2026-08-01,2026-08-21,255500.0,6,0,4.892,268000.0,2026-08-13,7.436,274500.0,2026-08-14,5.088,268500.0,2026-08-18,-3.131,247500.0,2026-08-19,6.067,271000.0,2026-08-20,10.176,281500.0,2026-08-21,,,,,,,,,,,,,,,,,,,,,,,,,,,,,,,,,,,,,,,,,,,2026-08-21,10.176,-3.131,12.72,-3.523,,,,,,,
005930,삼성전자,2026-08-13,2026-08-13,REJECTED,0,NO_RISING_CHANNEL,,영상 방식의 상승 평행채널을 안정적으로 구성하지 못함,,,,,,,,,,,,,,,,,,,,,,,,,,2026-08-01,2026-08-21,268000.0,5,0,2.425,274500.0,2026-08-14,0.187,268500.0,2026-08-18,-7.649,247500.0,2026-08-19,1.119,271000.0,2026-08-20,5.037,281500.0,2026-08-21,,,,,,,,,,,,,,,,,,,,,,,,,,,,,,,,,,,,,,,,,,,,,,2026-08-21,5.037,-7.649,7.463,-8.022,,,,,,,
005930,삼성전자,2026-08-14,2026-08-14,REJECTED,0,NO_RISING_CHANNEL,,영상 방식의 상승 평행채널을 안정적으로 구성하지 못함,,,,,,,,,,,,,,,,,,,,,,,,,,2026-08-01,2026-08-21,274500.0,4,0,-2.186,268500.0,2026-08-18,-9.836,247500.0,2026-08-19,-1.275,271000.0,2026-08-20,2.55,281500.0,2026-08-21,,,,,,,,,,,,,,,,,,,,,,,,,,,,,,,,,,,,,,,,,,,,,,,,,2026-08-21,2.55,-9.836,4.918,-10.2,,,,,,,
005930,삼성전자,2026-08-18,2026-08-18,REJECTED,0,NO_RISING_CHANNEL,,영상 방식의 상승 평행채널을 안정적으로 구성하지 못함,,,,,,,,,,,,,,,,,,,,,,,,,,2026-08-01,2026-08-21,268500.0,3,0,-7.821,247500.0,2026-08-19,0.931,271000.0,2026-08-20,4.842,281500.0,2026-08-21,,,,,,,,,,,,,,,,,,,,,,,,,,,,,,,,,,,,,,,,,,,,,,,,,,,,2026-08-21,4.842,-7.821,6.145,-8.194,,,,,,,
005930,삼성전자,2026-08-19,2026-08-19,REJECTED,0,NO_RISING_CHANNEL,,영상 방식의 상승 평행채널을 안정적으로 구성하지 못함,,,,,,,,,,,,,,,,,,,,,,,,,,2026-08-01,2026-08-21,247500.0,2,0,9.495,271000.0,2026-08-20,13.737,281500.0,2026-08-21,,,,,,,,,,,,,,,,,,,,,,,,,,,,,,,,,,,,,,,,,,,,,,,,,,,,,,,2026-08-21,13.737,9.495,15.152,2.02,,,,,,,
005930,삼성전자,2026-08-20,2026-08-20,REJECTED,0,NO_RISING_CHANNEL,,영상 방식의 상승 평행채널을 안정적으로 구성하지 못함,,,,,,,,,,,,,,,,,,,,,,,,,,2026-08-01,2026-08-21,271000.0,1,0,3.875,281500.0,2026-08-21,,,,,,,,,,,,,,,,,,,,,,,,,,,,,,,,,,,,,,,,,,,,,,,,,,,,,,,,,,2026-08-21,3.875,3.875,5.166,-1.845,,,,,,,
005930,삼성전자,2026-08-21,2026-08-21,REJECTED,40,CONDITIONS_INCOMPLETE,중기 Higher High + Higher Low | 상승 평행채널 유효(커버리지 100%) | 최근 추세 하단(싼 구간) 접촉,,281500.0,True,2.26,True,1.0,0.7687,True,240863.6364,267295.4545,288000.0,293727.2727,233637.7273,-5.05,4.34,False,False,False,15.15,False,True,False,,False,False,,2026-08-01,2026-08-21,281500.0,0,0,,,,,,,,,,,,,,,,,,,,,,,,,,,,,,,,,,,,,,,,,,,,,,,,,,,,,,,,,,,,,,,,,,,,,,,,
000660,SK하이닉스,2026-08-03,2026-08-03,REJECTED,25,TREND_BROKEN_OR_NOT_UPTREND,상승 평행채널 유효(커버리지 84%) | 최근 추세 하단(싼 구간) 접촉 | 현재도 채널 하단권,중기 상승 구조 미확인,1567000.0,False,37.24,True,0.8404,-0.945,True,2620223.8806,3177507.4627,2006000.0,3734791.0448,2541617.1642,102.78,138.34,False,False,False,37.92,False,True,False,,False,False,,2026-08-01,2026-08-21,1567000.0,13,0,0.638,1577000.0,2026-08-04,6.445,1668000.0,2026-08-05,-4.595,1495000.0,2026-08-06,-9.253,1422000.0,2026-08-07,-9.381,1420000.0,2026-08-10,-9.062,1425000.0,2026-08-11,-4.02,1504000.0,2026-08-12,1.659,1593000.0,2026-08-13,4.978,1645000.0,2026-08-14,6.063,1662000.0,2026-08-18,-4.276,1500000.0,2026-08-19,7.913,1691000.0,2026-08-20,10.402,1730000.0,2026-08-21,,,,,,,,,,,,,,,,,,,,,,2026-08-21,10.402,-9.381,14.359,-12.38,,,,,,,
000660,SK하이닉스,2026-08-04,2026-08-04,REJECTED,25,TREND_BROKEN_OR_NOT_UPTREND,상승 평행채널 유효(커버리지 83%) | 최근 추세 하단(싼 구간) 접촉 | 현재도 채널 하단권,중기 상승 구조 미확인,1577000.0,False,32.69,True,0.8316,-0.9618,True,2648985.0746,3206268.6567,2006000.0,3763552.2388,2569515.5224,103.31,138.65,False,False,False,37.26,False,True,False,,False,False,,2026-08-01,2026-08-21,1577000.0,12,0,5.77,1668000.0,2026-08-05,-5.2,1495000.0,2026-08-06,-9.829,1422000.0,2026-08-07,-9.956,1420000.0,2026-08-10,-9.639,1425000.0,2026-08-11,-4.629,1504000.0,2026-08-12,1.015,1593000.0,2026-08-13,4.312,1645000.0,2026-08-14,5.39,1662000.0,2026-08-18,-4.883,1500000.0,2026-08-19,7.229,1691000.0,2026-08-20,9.702,1730000.0,2026-08-21,,,,,,,,,,,,,,,,,,,,,,,,,2026-08-21,9.702,-9.956,13.633,-12.936,,,,,,,
000660,SK하이닉스,2026-08-05,2026-08-05,REJECTED,35,TREND_BROKEN_OR_NOT_UPTREND,상승추세 안의 단기 조정 + 전저점 유지 | 상승 평행채널 유효(커버리지 81%) | 최근 추세 하단(싼 구간) 접촉 | 현재도 채널 하단권,중기 상승 구조 미확인,1668000.0,False,28.38,True,0.8132,-0.9442,True,2735161.2903,3300274.1935,1718000.0,3865387.0968,2653106.4516,97.86,131.74,False,False,False,32.0,False,True,False,,False,False,,2026-08-01,2026-08-21,1668000.0,11,0,-10.372,1495000.0,2026-08-06,-14.748,1422000.0,2026-08-07,-14.868,1420000.0,2026-08-10,-14.568,1425000.0,2026-08-11,-9.832,1504000.0,2026-08-12,-4.496,1593000.0,2026-08-13,-1.379,1645000.0,2026-08-14,-0.36,1662000.0,2026-08-18,-10.072,1500000.0,2026-08-19,1.379,1691000.0,2026-08-20,3.717,1730000.0,2026-08-21,,,,,,,,,,,,,,,,,,,,,,,,,,,,2026-08-21,3.717,-14.868,7.434,-17.686,,,,,,,
000660,SK하이닉스,2026-08-06,2026-08-06,REJECTED,25,TREND_BROKEN_OR_NOT_UPTREND,상승 평행채널 유효(커버리지 80%) | 최근 추세 하단(싼 구간) 접촉 | 현재도 채널 하단권,중기 상승 구조 미확인,1495000.0,False,35.14,True,0.8043,-1.125,True,2766532.2581,3331645.1613,1718000.0,3896758.0645,2683536.2903,122.85,160.65,False,False,False,32.96,False,False,False,,False,False,,2026-08-01,2026-08-21,1495000.0,10,0,-4.883,1422000.0,2026-08-07,-5.017,1420000.0,2026-08-10,-4.682,1425000.0,2026-08-11,0.602,1504000.0,2026-08-12,6.555,1593000.0,2026-08-13,10.033,1645000.0,2026-08-14,11.171,1662000.0,2026-08-18,0.334,1500000.0,2026-08-19,13.11,1691000.0,2026-08-20,15.719,1730000.0,2026-08-21,,,,,,,,,,,,,,,,,,,,,,,,,,,,,,,2026-08-21,15.719,-5.017,19.866,-8.161,,,,,,,
000660,SK하이닉스,2026-08-07,2026-08-07,REJECTED,25,TREND_BROKEN_OR_NOT_UPTREND,상승 평행채널 유효(커버리지 80%) | 최근 추세 하단(싼 구간) 접촉 | 현재도 채널 하단권,중기 상승 구조 미확인,1422000.0,False,38.31,True,0.7957,-1.2174,True,2797903.2258,3363016.129,1718000.0,3928129.0323,2713966.129,136.5,176.24,False,False,False,38.33,False,False,False,,False,False,,2026-08-01,2026-08-21,1422000.0,9,0,-0.141,1420000.0,2026-08-10,0.211,1425000.0,2026-08-11,5.767,1504000.0,2026-08-12,12.025,1593000.0,2026-08-13,15.682,1645000.0,2026-08-14,16.878,1662000.0,2026-08-18,5.485,1500000.0,2026-08-19,18.917,1691000.0,2026-08-20,21.66,1730000.0,2026-08-21,,,,,,,,,,,,,,,,,,,,,,,,,,,,,,,,,,2026-08-21,21.66,-0.141,26.02,-3.446,,,,,,,
000660,SK하이닉스,2026-08-10,2026-08-10,REJECTED,25,TREND_BROKEN_OR_NOT_UPTREND,상승 평행채널 유효(커버리지 79%) | 최근 추세 하단(싼 구간) 접촉 | 현재도 채널 하단권,중기 상승 구조 미확인,1420000.0,False,34.59,True,0.7872,-1.2469,True,2829274.1935,3394387.0968,1718000.0,3959500.0,2744395.9677,139.04,178.84,False,False,False,39.81,False,False,False,,False,False,,2026-08-01,2026-08-21,1420000.0,8,0,0.352,1425000.0,2026-08-11,5.915,1504000.0,2026-08-12,12.183,1593000.0,2026-08-13,15.845,1645000.0,2026-08-14,17.042,1662000.0,2026-08-18,5.634,1500000.0,2026-08-19,19.085,1691000.0,2026-08-20,21.831,1730000.0,2026-08-21,,,,,,,,,,,,,,,,,,,,,,,,,,,,,,,,,,,,,2026-08-21,21.831,0.352,26.197,-3.31,,,,,,,
000660,SK하이닉스,2026-08-11,2026-08-11,REJECTED,25,TREND_BROKEN_OR_NOT_UPTREND,상승 평행채널 유효(커버리지 78%) | 최근 추세 하단(싼 구간) 접촉 | 현재도 채널 하단권,중기 상승 구조 미확인,1425000.0,False,34.36,True,0.7789,-1.2702,True,2860645.1613,3425758.0645,1718000.0,3990870.9677,2774825.8065,140.4,180.06,False,False,False,41.16,False,False,False,,False,False,,2026-08-01,2026-08-21,1425000.0,7,0,5.544,1504000.0,2026-08-12,11.789,1593000.0,2026-08-13,15.439,1645000.0,2026-08-14,16.632,1662000.0,2026-08-18,5.263,1500000.0,2026-08-19,18.667,1691000.0,2026-08-20,21.404,1730000.0,2026-08-21,,,,,,,,,,,,,,,,,,,,,,,,,,,,,,,,,,,,,,,,2026-08-21,21.404,5.263,25.754,1.053,,,,,,,
000660,SK하이닉스,2026-08-12,2026-08-12,REJECTED,25,TREND_BROKEN_OR_NOT_UPTREND,상승 평행채널 유효(커버리지 77%) | 최근 추세 하단(싼 구간) 접촉 | 현재도 채널 하단권,중기 상승 구조 미확인,1504000.0,False,30.72,True,0.7708,-1.2281,True,2892016.129,3457129.0323,1718000.0,4022241.9355,2805255.6452,129.86,167.44,False,False,False,40.83,False,True,False,,False,False,,2026-08-01,2026-08-21,1504000.0,6,0,5.918,1593000.0,2026-08-13,9.375,1645000.0,2026-08-14,10.505,1662000.0,2026-08-18,-0.266,1500000.0,2026-08-19,12.434,1691000.0,2026-08-20,15.027,1730000.0,2026-08-21,,,,,,,,,,,,,,,,,,,,,,,,,,,,,,,,,,,,,,,,,,,2026-08-21,15.027,-0.266,19.149,-1.197,,,,,,,
000660,SK하이닉스,2026-08-13,2026-08-13,REJECTED,35,TREND_BROKEN_OR_NOT_UPTREND,상승추세 안의 단기 조정 + 전저점 유지 | 상승 평행채널 유효(커버리지 76%) | 최근 추세 하단(싼 구간) 접촉 | 현재도 채널 하단권,중기 상승 구조 미확인,1593000.0,False,20.59,True,0.7629,-1.1771,True,2923387.0968,3488500.0,1718000.0,4053612.9032,2835685.4839,118.99,154.46,False,False,False,37.06,False,True,False,,False,False,,2026-08-01,2026-08-21,1593000.0,5,0,3.264,1645000.0,2026-08-14,4.331,1662000.0,2026-08-18,-5.838,1500000.0,2026-08-19,6.152,1691000.0,2026-08-20,8.6,1730000.0,2026-08-21,,,,,,,,,,,,,,,,,,,,,,,,,,,,,,,,,,,,,,,,,,,,,,2026-08-21,8.6,-5.838,12.492,-6.717,,,,,,,
000660,SK하이닉스,2026-08-14,2026-08-14,REJECTED,35,TREND_BROKEN_OR_NOT_UPTREND,상승추세 안의 단기 조정 + 전저점 유지 | 상승 평행채널 유효(커버리지 76%) | 최근 추세 하단(싼 구간) 접촉 | 현재도 채널 하단권,중기 상승 구조 미확인,1645000.0,False,18.0,True,0.7551,-1.1588,True,2954758.0645,3519870.9677,1718000.0,4084983.871,2866115.3226,113.97,148.33,False,False,False,33.08,False,True,False,,False,False,,2026-08-01,2026-08-21,1645000.0,4,0,1.033,1662000.0,2026-08-18,-8.815,1500000.0,2026-08-19,2.796,1691000.0,2026-08-20,5.167,1730000.0,2026-08-21,,,,,,,,,,,,,,,,,,,,,,,,,,,,,,,,,,,,,,,,,,,,,,,,,2026-08-21,5.167,-8.815,8.936,-9.666,,,,,,,
000660,SK하이닉스,2026-08-18,2026-08-18,REJECTED,35,TREND_BROKEN_OR_NOT_UPTREND,상승추세 안의 단기 조정 + 전저점 유지 | 상승 평행채널 유효(커버리지 75%) | 최근 추세 하단(싼 구간) 접촉 | 현재도 채널 하단권,중기 상승 구조 미확인,1662000.0,False,17.15,True,0.7475,-1.1716,True,2986129.0323,3551241.9355,1718000.0,4116354.8387,2896545.1613,113.67,147.67,False,False,False,29.74,False,True,False,,False,False,,2026-08-01,2026-08-21,1662000.0,3,0,-9.747,1500000.0,2026-08-19,1.745,1691000.0,2026-08-20,4.091,1730000.0,2026-08-21,,,,,,,,,,,,,,,,,,,,,,,,,,,,,,,,,,,,,,,,,,,,,,,,,,,,2026-08-21,4.091,-9.747,6.679,-10.59,,,,,,,
000660,SK하이닉스,2026-08-19,2026-08-19,REJECTED,35,TREND_BROKEN_OR_NOT_UPTREND,상승추세 안의 단기 조정 + 전저점 유지 | 상승 평행채널 유효(커버리지 74%) | 최근 추세 하단(싼 구간) 접촉 | 현재도 채널 하단권,중기 상승 구조 미확인,1500000.0,False,25.22,True,0.74,-1.3427,True,3017500.0,3582612.9032,1718000.0,4147725.8065,2926975.0,138.84,176.52,False,False,False,31.47,False,False,False,,False,False,,2026-08-01,2026-08-21,1500000.0,2,0,12.733,1691000.0,2026-08-20,15.333,1730000.0,2026-08-21,,,,,,,,,,,,,,,,,,,,,,,,,,,,,,,,,,,,,,,,,,,,,,,,,,,,,,,2026-08-21,15.333,12.733,18.2,5.067,,,,,,,
000660,SK하이닉스,2026-08-20,2026-08-20,REJECTED,35,TREND_BROKEN_OR_NOT_UPTREND,상승추세 안의 단기 조정 + 전저점 유지 | 상승 평행채널 유효(커버리지 73%) | 최근 추세 하단(싼 구간) 접촉 | 현재도 채널 하단권,중기 상승 구조 미확인,1691000.0,False,13.19,True,0.7327,-1.2014,True,3048870.9677,3613983.871,1718000.0,4179096.7742,2957404.8387,113.72,147.14,False,False,False,27.55,False,False,False,,False,False,,2026-08-01,2026-08-21,1691000.0,1,0,2.306,1730000.0,2026-08-21,,,,,,,,,,,,,,,,,,,,,,,,,,,,,,,,,,,,,,,,,,,,,,,,,,,,,,,,,,2026-08-21,2.306,2.306,4.849,-1.301,,,,,,,
000660,SK하이닉스,2026-08-21,2026-08-21,REJECTED,50,CONDITIONS_INCOMPLETE,중기 Higher High + Higher Low | 상승추세 안의 단기 조정 + 전저점 유지 | 상승 평행채널 유효(커버리지 100%) | 최근 추세 하단(싼 구간) 접촉,,1730000.0,True,8.66,True,1.0,0.7904,True,1420090.9091,1616136.3636,1792000.0,1812181.8182,1377488.1818,-6.58,4.75,False,False,False,27.17,False,True,False,,False,False,,2026-08-01,2026-08-21,1730000.0,0,0,,,,,,,,,,,,,,,,,,,,,,,,,,,,,,,,,,,,,,,,,,,,,,,,,,,,,,,,,,,,,,,,,,,,,,,,
402340,SK스퀘어,2026-08-03,2026-08-03,REJECTED,25,TREND_BROKEN_OR_NOT_UPTREND,상승 평행채널 유효(커버리지 76%) | 최근 추세 하단(싼 구간) 접촉 | 현재도 채널 하단권,중기 상승 구조 미확인,1025000.0,False,39.42,True,0.759,-1.3394,True,2186333.3333,2619851.8519,1400000.0,3053370.3704,2120743.3333,155.6,197.89,False,False,False,37.53,False,True,False,,False,False,,2026-08-01,2026-08-21,1025000.0,13,0,3.415,1060000.0,2026-08-04,9.171,1119000.0,2026-08-05,-5.366,970000.0,2026-08-06,-8.39,939000.0,2026-08-07,-7.415,949000.0,2026-08-10,-7.805,945000.0,2026-08-11,-0.098,1024000.0,2026-08-12,8.976,1117000.0,2026-08-13,12.585,1154000.0,2026-08-14,10.732,1135000.0,2026-08-18,-2.049,1004000.0,2026-08-19,9.561,1123000.0,2026-08-20,9.561,1123000.0,2026-08-21,,,,,,,,,,,,,,,,,,,,,,2026-08-21,12.585,-8.39,23.415,-12.098,,,,,,,
402340,SK스퀘어,2026-08-04,2026-08-04,REJECTED,35,TREND_BROKEN_OR_NOT_UPTREND,상승추세 안의 단기 조정 + 전저점 유지 | 상승 평행채널 유효(커버리지 75%) | 최근 추세 하단(싼 구간) 접촉 | 현재도 채널 하단권,중기 상승 구조 미확인,1060000.0,False,29.43,True,0.75,-1.3347,True,2217203.7037,2650722.2222,1400000.0,3084240.7407,2150687.5926,150.07,190.97,False,False,False,33.68,False,True,False,,False,False,,2026-08-01,2026-08-21,1060000.0,12,0,5.566,1119000.0,2026-08-05,-8.491,970000.0,2026-08-06,-11.415,939000.0,2026-08-07,-10.472,949000.0,2026-08-10,-10.849,945000.0,2026-08-11,-3.396,1024000.0,2026-08-12,5.377,1117000.0,2026-08-13,8.868,1154000.0,2026-08-14,7.075,1135000.0,2026-08-18,-5.283,1004000.0,2026-08-19,5.943,1123000.0,2026-08-20,5.943,1123000.0,2026-08-21,,,,,,,,,,,,,,,,,,,,,,,,,2026-08-21,8.868,-11.415,19.34,-15.0,,,,,,,
402340,SK스퀘어,2026-08-05,2026-08-05,REJECTED,35,TREND_BROKEN_OR_NOT_UPTREND,상승추세 안의 단기 조정 + 전저점 유지 | 상승 평행채널 유효(커버리지 74%) | 최근 추세 하단(싼 구간) 접촉 | 현재도 채널 하단권,중기 상승 구조 미확인,1119000.0,False,22.24,True,0.7412,-1.3022,True,2248074.0741,2681592.5926,1400000.0,3115111.1111,2180631.8519,139.64,178.38,False,False,False,27.13,False,True,False,,False,False,,2026-08-01,2026-08-21,1119000.0,11,0,-13.315,970000.0,2026-08-06,-16.086,939000.0,2026-08-07,-15.192,949000.0,2026-08-10,-15.55,945000.0,2026-08-11,-8.49,1024000.0,2026-08-12,-0.179,1117000.0,2026-08-13,3.128,1154000.0,2026-08-14,1.43,1135000.0,2026-08-18,-10.277,1004000.0,2026-08-19,0.357,1123000.0,2026-08-20,0.357,1123000.0,2026-08-21,,,,,,,,,,,,,,,,,,,,,,,,,,,,2026-08-21,3.128,-16.086,13.047,-19.482,,,,,,,
402340,SK스퀘어,2026-08-06,2026-08-06,REJECTED,25,TREND_BROKEN_OR_NOT_UPTREND,상승 평행채널 유효(커버리지 73%) | 최근 추세 하단(싼 구간) 접촉 | 현재도 채널 하단권,중기 상승 구조 미확인,970000.0,False,32.59,True,0.7326,-1.5097,True,2278944.4444,2712462.963,1400000.0,3145981.4815,2210576.1111,179.64,224.33,False,False,False,27.39,False,False,False,,False,False,,2026-08-01,2026-08-21,970000.0,10,0,-3.196,939000.0,2026-08-07,-2.165,949000.0,2026-08-10,-2.577,945000.0,2026-08-11,5.567,1024000.0,2026-08-12,15.155,1117000.0,2026-08-13,18.969,1154000.0,2026-08-14,17.01,1135000.0,2026-08-18,3.505,1004000.0,2026-08-19,15.773,1123000.0,2026-08-20,15.773,1123000.0,2026-08-21,,,,,,,,,,,,,,,,,,,,,,,,,,,,,,,2026-08-21,18.969,-3.196,30.412,-7.113,,,,,,,
402340,SK스퀘어,2026-08-07,2026-08-07,REJECTED,25,TREND_BROKEN_OR_NOT_UPTREND,상승 평행채널 유효(커버리지 72%) | 최근 추세 하단(싼 구간) 접촉 | 현재도 채널 하단권,중기 상승 구조 미확인,939000.0,False,34.75,True,0.7241,-1.581,True,2309814.8148,2743333.3333,1400000.0,3176851.8519,2240520.3704,192.15,238.32,False,False,False,30.07,False,False,False,,False,False,,2026-08-01,2026-08-21,939000.0,9,0,1.065,949000.0,2026-08-10,0.639,945000.0,2026-08-11,9.052,1024000.0,2026-08-12,18.956,1117000.0,2026-08-13,22.897,1154000.0,2026-08-14,20.873,1135000.0,2026-08-18,6.922,1004000.0,2026-08-19,19.595,1123000.0,2026-08-20,19.595,1123000.0,2026-08-21,,,,,,,,,,,,,,,,,,,,,,,,,,,,,,,,,,2026-08-21,22.897,0.639,34.718,-4.047,,,,,,,
402340,SK스퀘어,2026-08-10,2026-08-10,REJECTED,25,TREND_BROKEN_OR_NOT_UPTREND,상승 평행채널 유효(커버리지 73%) | 최근 추세 하단(싼 구간) 접촉 | 현재도 채널 하단권,중기 상승 구조 미확인,949000.0,False,34.05,True,0.7273,-1.7737,True,2193038.4615,2543730.7692,1157000.0,2894423.0769,2127247.3077,168.04,205.0,False,False,False,30.94,False,False,False,,False,False,,2026-08-01,2026-08-21,949000.0,8,0,-0.421,945000.0,2026-08-11,7.903,1024000.0,2026-08-12,17.703,1117000.0,2026-08-13,21.602,1154000.0,2026-08-14,19.6,1135000.0,2026-08-18,5.796,1004000.0,2026-08-19,18.335,1123000.0,2026-08-20,18.335,1123000.0,2026-08-21,,,,,,,,,,,,,,,,,,,,,,,,,,,,,,,,,,,,,2026-08-21,21.602,-0.421,33.298,-5.058,,,,,,,
402340,SK스퀘어,2026-08-11,2026-08-11,REJECTED,0,NO_RISING_CHANNEL,,영상 방식의 상승 평행채널을 안정적으로 구성하지 못함,,,,,,,,,,,,,,,,,,,,,,,,,,2026-08-01,2026-08-21,945000.0,7,0,8.36,1024000.0,2026-08-12,18.201,1117000.0,2026-08-13,22.116,1154000.0,2026-08-14,20.106,1135000.0,2026-08-18,6.243,1004000.0,2026-08-19,18.836,1123000.0,2026-08-20,18.836,1123000.0,2026-08-21,,,,,,,,,,,,,,,,,,,,,,,,,,,,,,,,,,,,,,,,2026-08-21,22.116,6.243,33.862,2.646,,,,,,,
402340,SK스퀘어,2026-08-12,2026-08-12,REJECTED,0,NO_RISING_CHANNEL,,영상 방식의 상승 평행채널을 안정적으로 구성하지 못함,,,,,,,,,,,,,,,,,,,,,,,,,,2026-08-01,2026-08-21,1024000.0,6,0,9.082,1117000.0,2026-08-13,12.695,1154000.0,2026-08-14,10.84,1135000.0,2026-08-18,-1.953,1004000.0,2026-08-19,9.668,1123000.0,2026-08-20,9.668,1123000.0,2026-08-21,,,,,,,,,,,,,,,,,,,,,,,,,,,,,,,,,,,,,,,,,,,2026-08-21,12.695,-1.953,23.535,-3.027,,,,,,,
402340,SK스퀘어,2026-08-13,2026-08-13,REJECTED,0,NO_RISING_CHANNEL,,영상 방식의 상승 평행채널을 안정적으로 구성하지 못함,,,,,,,,,,,,,,,,,,,,,,,,,,2026-08-01,2026-08-21,1117000.0,5,0,3.312,1154000.0,2026-08-14,1.611,1135000.0,2026-08-18,-10.116,1004000.0,2026-08-19,0.537,1123000.0,2026-08-20,0.537,1123000.0,2026-08-21,,,,,,,,,,,,,,,,,,,,,,,,,,,,,,,,,,,,,,,,,,,,,,2026-08-21,3.312,-10.116,13.25,-11.101,,,,,,,
402340,SK스퀘어,2026-08-14,2026-08-14,REJECTED,0,NO_RISING_CHANNEL,,영상 방식의 상승 평행채널을 안정적으로 구성하지 못함,,,,,,,,,,,,,,,,,,,,,,,,,,2026-08-01,2026-08-21,1154000.0,4,0,-1.646,1135000.0,2026-08-18,-12.998,1004000.0,2026-08-19,-2.686,1123000.0,2026-08-20,-2.686,1123000.0,2026-08-21,,,,,,,,,,,,,,,,,,,,,,,,,,,,,,,,,,,,,,,,,,,,,,,,,2026-08-21,-1.646,-12.998,9.619,-13.951,,,,,,,
402340,SK스퀘어,2026-08-18,2026-08-18,REJECTED,0,NO_RISING_CHANNEL,,영상 방식의 상승 평행채널을 안정적으로 구성하지 못함,,,,,,,,,,,,,,,,,,,,,,,,,,2026-08-01,2026-08-21,1135000.0,3,0,-11.542,1004000.0,2026-08-19,-1.057,1123000.0,2026-08-20,-1.057,1123000.0,2026-08-21,,,,,,,,,,,,,,,,,,,,,,,,,,,,,,,,,,,,,,,,,,,,,,,,,,,,2026-08-21,-1.057,-11.542,0.529,-12.511,,,,,,,
402340,SK스퀘어,2026-08-19,2026-08-19,REJECTED,0,NO_RISING_CHANNEL,,영상 방식의 상승 평행채널을 안정적으로 구성하지 못함,,,,,,,,,,,,,,,,,,,,,,,,,,2026-08-01,2026-08-21,1004000.0,2,0,11.853,1123000.0,2026-08-20,11.853,1123000.0,2026-08-21,,,,,,,,,,,,,,,,,,,,,,,,,,,,,,,,,,,,,,,,,,,,,,,,,,,,,,,2026-08-21,11.853,11.853,13.645,2.49,,,,,,,
402340,SK스퀘어,2026-08-20,2026-08-20,REJECTED,0,NO_RISING_CHANNEL,,영상 방식의 상승 평행채널을 안정적으로 구성하지 못함,,,,,,,,,,,,,,,,,,,,,,,,,,2026-08-01,2026-08-21,1123000.0,1,0,0.0,1123000.0,2026-08-21,,,,,,,,,,,,,,,,,,,,,,,,,,,,,,,,,,,,,,,,,,,,,,,,,,,,,,,,,,2026-08-21,0.0,0.0,1.603,-4.007,,,,,,,
402340,SK스퀘어,2026-08-21,2026-08-21,REJECTED,50,CONDITIONS_INCOMPLETE,중기 Higher High + Higher Low | 상승추세 안의 단기 조정 + 전저점 유지 | 상승 평행채널 유효(커버리지 100%) | 최근 추세 하단(싼 구간) 접촉,,1123000.0,True,11.23,True,1.0,0.4113,True,995500.0,1150500.0,1265000.0,1305500.0,965635.0,2.45,16.25,False,False,False,24.07,False,False,False,,False,False,,2026-08-01,2026-08-21,1123000.0,0,0,,,,,,,,,,,,,,,,,,,,,,,,,,,,,,,,,,,,,,,,,,,,,,,,,,,,,,,,,,,,,,,,,,,,,,,,
005935,삼성전자우,2026-08-03,2026-08-03,REJECTED,49,TREND_BROKEN_OR_NOT_UPTREND,상승추세 안의 단기 조정 + 전저점 유지 | 상승 평행채널 유효(커버리지 76%) | 최근 추세 하단(싼 구간) 접촉 | 현재도 채널 하단권 | 추세 바닥권 거래량 급증 양봉 | 거래량 기준봉 저가 지지,중기 상승 구조 미확인,178000.0,False,19.27,True,0.7553,-1.3135,True,235221.4286,257003.5714,193800.0,278785.7143,228164.7857,44.38,56.62,False,False,False,16.45,False,True,True,2026-07-31,True,False,1.98,2026-08-01,2026-08-21,178000.0,13,0,-0.899,176400.0,2026-08-04,3.315,183900.0,2026-08-05,-3.315,172100.0,2026-08-06,-4.438,170100.0,2026-08-07,-3.371,172000.0,2026-08-10,1.236,180200.0,2026-08-11,4.551,186100.0,2026-08-12,5.506,187800.0,2026-08-13,9.888,195600.0,2026-08-14,5.787,188300.0,2026-08-18,-2.416,173700.0,2026-08-19,7.416,191200.0,2026-08-20,16.292,207000.0,2026-08-21,,,,,,,,,,,,,,,,,,,,,,2026-08-21,16.292,-4.438,17.978,-5.169,,,,,,,
005935,삼성전자우,2026-08-04,2026-08-04,REJECTED,49,TREND_BROKEN_OR_NOT_UPTREND,상승추세 안의 단기 조정 + 전저점 유지 | 상승 평행채널 유효(커버리지 75%) | 최근 추세 하단(싼 구간) 접촉 | 현재도 채널 하단권 | 추세 바닥권 거래량 급증 양봉 | 거래량 기준봉 저가 지지,중기 상승 구조 미확인,176400.0,False,17.57,True,0.7474,-1.3822,True,236614.2857,258396.4286,193800.0,280178.5714,229515.8571,46.48,58.83,False,False,False,14.45,False,True,True,2026-07-31,True,False,1.98,2026-08-01,2026-08-21,176400.0,12,0,4.252,183900.0,2026-08-05,-2.438,172100.0,2026-08-06,-3.571,170100.0,2026-08-07,-2.494,172000.0,2026-08-10,2.154,180200.0,2026-08-11,5.499,186100.0,2026-08-12,6.463,187800.0,2026-08-13,10.884,195600.0,2026-08-14,6.746,188300.0,2026-08-18,-1.531,173700.0,2026-08-19,8.39,191200.0,2026-08-20,17.347,207000.0,2026-08-21,,,,,,,,,,,,,,,,,,,,,,,,,2026-08-21,17.347,-3.571,19.048,-4.308,,,,,,,
005935,삼성전자우,2026-08-05,2026-08-05,REJECTED,49,TREND_BROKEN_OR_NOT_UPTREND,상승추세 안의 단기 조정 + 전저점 유지 | 상승 평행채널 유효(커버리지 79%) | 최근 추세 하단(싼 구간) 접촉 | 현재도 채널 하단권 | 추세 바닥권 거래량 급증 양봉 | 거래량 기준봉 저가 지지,중기 상승 구조 미확인,183900.0,False,9.41,True,0.7895,0.2033,True,171271.4286,202335.7143,192000.0,233400.0,166133.2857,10.02,26.92,False,False,False,10.56,False,True,True,2026-07-31,True,False,1.98,2026-08-01,2026-08-21,183900.0,11,0,-6.417,172100.0,2026-08-06,-7.504,170100.0,2026-08-07,-6.471,172000.0,2026-08-10,-2.012,180200.0,2026-08-11,1.196,186100.0,2026-08-12,2.121,187800.0,2026-08-13,6.362,195600.0,2026-08-14,2.393,188300.0,2026-08-18,-5.546,173700.0,2026-08-19,3.97,191200.0,2026-08-20,12.561,207000.0,2026-08-21,,,,,,,,,,,,,,,,,,,,,,,,,,,,2026-08-21,12.561,-7.504,14.192,-8.211,,,,,,,
005935,삼성전자우,2026-08-06,2026-08-06,REJECTED,49,TREND_BROKEN_OR_NOT_UPTREND,상승추세 안의 단기 조정 + 전저점 유지 | 상승 평행채널 유효(커버리지 79%) | 최근 추세 하단(싼 구간) 접촉 | 현재도 채널 하단권 | 추세 바닥권 거래량 급증 양봉 | 거래량 기준봉 저가 지지,중기 상승 구조 미확인,172100.0,False,13.65,True,0.7931,0.0034,True,171885.7143,202950.0,192000.0,234014.2857,166729.1429,17.93,35.98,False,False,False,10.21,False,False,True,2026-07-31,True,False,1.98,2026-08-01,2026-08-21,172100.0,10,0,-1.162,170100.0,2026-08-07,-0.058,172000.0,2026-08-10,4.707,180200.0,2026-08-11,8.135,186100.0,2026-08-12,9.123,187800.0,2026-08-13,13.655,195600.0,2026-08-14,9.413,188300.0,2026-08-18,0.93,173700.0,2026-08-19,11.098,191200.0,2026-08-20,20.279,207000.0,2026-08-21,,,,,,,,,,,,,,,,,,,,,,,,,,,,,,,2026-08-21,20.279,-1.162,22.022,-1.917,,,,,,,
005935,삼성전자우,2026-08-07,2026-08-07,REJECTED,45,TREND_BROKEN_OR_NOT_UPTREND,상승추세 안의 단기 조정 + 전저점 유지 | 상승 평행채널 유효(커버리지 80%) | 최근 추세 하단(싼 구간) 접촉 | 현재도 채널 하단권 | 추세 바닥권 거래량 급증 양봉,중기 상승 구조 미확인,170100.0,False,14.65,True,0.7966,-0.0386,True,172500.0,203564.2857,192000.0,234628.5714,167325.0,19.67,37.94,False,False,False,11.0,False,False,True,2026-07-31,False,False,1.98,2026-08-01,2026-08-21,170100.0,9,0,1.117,172000.0,2026-08-10,5.938,180200.0,2026-08-11,9.406,186100.0,2026-08-12,10.406,187800.0,2026-08-13,14.991,195600.0,2026-08-14,10.7,188300.0,2026-08-18,2.116,173700.0,2026-08-19,12.404,191200.0,2026-08-20,21.693,207000.0,2026-08-21,,,,,,,,,,,,,,,,,,,,,,,,,,,,,,,,,,2026-08-21,21.693,1.117,23.457,-0.47,,,,,,,
005935,삼성전자우,2026-08-10,2026-08-10,REJECTED,45,TREND_BROKEN_OR_NOT_UPTREND,상승추세 안의 단기 조정 + 전저점 유지 | 상승 평행채널 유효(커버리지 80%) | 최근 추세 하단(싼 구간) 접촉 | 현재도 채널 하단권 | 추세 바닥권 거래량 급증 양봉,중기 상승 구조 미확인,172000.0,False,13.18,True,0.8,-0.0179,True,173114.2857,204178.5714,192000.0,235242.8571,167920.8571,18.71,36.77,False,False,False,11.41,False,False,True,2026-07-31,False,False,1.98,2026-08-01,2026-08-21,172000.0,8,0,4.767,180200.0,2026-08-11,8.198,186100.0,2026-08-12,9.186,187800.0,2026-08-13,13.721,195600.0,2026-08-14,9.477,188300.0,2026-08-18,0.988,173700.0,2026-08-19,11.163,191200.0,2026-08-20,20.349,207000.0,2026-08-21,,,,,,,,,,,,,,,,,,,,,,,,,,,,,,,,,,,,,2026-08-21,20.349,0.988,22.093,-1.512,,,,,,,
005935,삼성전자우,2026-08-11,2026-08-11,REJECTED,45,TREND_BROKEN_OR_NOT_UPTREND,상승추세 안의 단기 조정 + 전저점 유지 | 상승 평행채널 유효(커버리지 80%) | 최근 추세 하단(싼 구간) 접촉 | 현재도 채널 하단권 | 추세 바닥권 거래량 급증 양봉,중기 상승 구조 미확인,180200.0,False,9.04,True,0.8033,0.1042,True,173728.5714,204792.8571,192000.0,235857.1429,168516.7143,13.65,30.89,False,False,False,10.34,False,False,True,2026-07-31,False,False,1.98,2026-08-01,2026-08-21,180200.0,7,0,3.274,186100.0,2026-08-12,4.218,187800.0,2026-08-13,8.546,195600.0,2026-08-14,4.495,188300.0,2026-08-18,-3.607,173700.0,2026-08-19,6.104,191200.0,2026-08-20,14.872,207000.0,2026-08-21,,,,,,,,,,,,,,,,,,,,,,,,,,,,,,,,,,,,,,,,2026-08-21,14.872,-3.607,16.537,-4.162,,,,,,,
005935,삼성전자우,2026-08-12,2026-08-12,REJECTED,50,TREND_BROKEN_OR_NOT_UPTREND,상승추세 안의 단기 조정 + 전저점 유지 | 상승 평행채널 유효(커버리지 81%) | 최근 추세 하단(싼 구간) 접촉 | 현재도 채널 하단권 | 추세 하단 부근 쌍바닥/Higher-Low 형태 | 추세 바닥권 거래량 급증 양봉,중기 상승 구조 미확인,186100.0,False,6.06,True,0.8065,0.1892,True,174342.8571,205407.1429,192000.0,236471.4286,169112.5714,10.37,27.07,True,False,False,9.9,False,True,True,2026-07-31,False,False,1.98,2026-08-01,2026-08-21,186100.0,6,0,0.913,187800.0,2026-08-13,5.105,195600.0,2026-08-14,1.182,188300.0,2026-08-18,-6.663,173700.0,2026-08-19,2.74,191200.0,2026-08-20,11.231,207000.0,2026-08-21,,,,,,,,,,,,,,,,,,,,,,,,,,,,,,,,,,,,,,,,,,,2026-08-21,11.231,-6.663,12.843,-7.2,,,,,,,
005935,삼성전자우,2026-08-13,2026-08-13,REJECTED,50,TREND_BROKEN_OR_NOT_UPTREND,상승추세 안의 단기 조정 + 전저점 유지 | 상승 평행채널 유효(커버리지 81%) | 최근 추세 하단(싼 구간) 접촉 | 현재도 채널 하단권 | 추세 하단 부근 쌍바닥/Higher-Low 형태 | 추세 바닥권 거래량 급증 양봉,중기 상승 구조 미확인,187800.0,False,3.1,True,0.8095,0.2067,True,174957.1429,206021.4286,192000.0,237085.7143,169708.4286,9.7,26.24,True,False,False,9.95,False,True,True,2026-07-31,False,False,1.98,2026-08-01,2026-08-21,187800.0,5,0,4.153,195600.0,2026-08-14,0.266,188300.0,2026-08-18,-7.508,173700.0,2026-08-19,1.81,191200.0,2026-08-20,10.224,207000.0,2026-08-21,,,,,,,,,,,,,,,,,,,,,,,,,,,,,,,,,,,,,,,,,,,,,,2026-08-21,10.224,-7.508,11.821,-8.04,,,,,,,
005935,삼성전자우,2026-08-14,2026-08-14,REJECTED,60,TREND_BROKEN_OR_NOT_UPTREND,상승 평행채널 유효(커버리지 81%) | 최근 추세 하단(싼 구간) 접촉 | 현재도 채널 하단권 | 추세 하단 부근 쌍바닥/Higher-Low 형태 | 쌍바닥 넥라인 돌파 확인 | 이동평균선 재돌파 | 추세 바닥권 거래량 급증 양봉 | 거래량 기준봉 고가 돌파 | 재상승 후 5일선 지지,중기 상승 구조 미확인,195600.0,False,0.31,True,0.8125,0.3224,True,175571.4286,206635.7143,192000.0,237700.0,170304.2857,5.64,21.52,True,True,False,9.07,True,True,True,2026-07-31,False,True,1.98,2026-08-01,2026-08-21,195600.0,4,0,-3.732,188300.0,2026-08-18,-11.196,173700.0,2026-08-19,-2.249,191200.0,2026-08-20,5.828,207000.0,2026-08-21,,,,,,,,,,,,,,,,,,,,,,,,,,,,,,,,,,,,,,,,,,,,,,,,,2026-08-21,5.828,-11.196,7.362,-11.708,,,,,,,
005935,삼성전자우,2026-08-18,2026-08-18,REJECTED,50,TREND_BROKEN_OR_NOT_UPTREND,상승추세 안의 단기 조정 + 전저점 유지 | 상승 평행채널 유효(커버리지 82%) | 최근 추세 하단(싼 구간) 접촉 | 현재도 채널 하단권 | 추세 하단 부근 쌍바닥/Higher-Low 형태 | 추세 바닥권 거래량 급증 양봉,중기 상승 구조 미확인,188300.0,False,6.78,True,0.8154,0.195,True,176185.7143,207250.0,192000.0,238314.2857,170900.1429,10.06,26.56,True,False,False,9.01,False,True,True,2026-07-31,False,False,1.98,2026-08-01,2026-08-21,188300.0,3,0,-7.754,173700.0,2026-08-19,1.54,191200.0,2026-08-20,9.931,207000.0,2026-08-21,,,,,,,,,,,,,,,,,,,,,,,,,,,,,,,,,,,,,,,,,,,,,,,,,,,,2026-08-21,9.931,-7.754,11.524,-8.285,,,,,,,
005935,삼성전자우,2026-08-19,2026-08-19,REJECTED,50,TREND_BROKEN_OR_NOT_UPTREND,상승추세 안의 단기 조정 + 전저점 유지 | 상승 평행채널 유효(커버리지 82%) | 최근 추세 하단(싼 구간) 접촉 | 현재도 채널 하단권 | 추세 하단 부근 쌍바닥/Higher-Low 형태 | 추세 바닥권 거래량 급증 양봉,중기 상승 구조 미확인,173700.0,False,14.01,True,0.8182,-0.0499,True,176800.0,207864.2857,192000.0,238928.5714,171496.0,19.67,37.55,True,False,False,9.84,False,False,True,2026-07-31,False,False,1.98,2026-08-01,2026-08-21,173700.0,2,0,10.075,191200.0,2026-08-20,19.171,207000.0,2026-08-21,,,,,,,,,,,,,,,,,,,,,,,,,,,,,,,,,,,,,,,,,,,,,,,,,,,,,,,2026-08-21,19.171,10.075,20.898,1.727,,,,,,,
005935,삼성전자우,2026-08-20,2026-08-20,REJECTED,50,TREND_BROKEN_OR_NOT_UPTREND,상승추세 안의 단기 조정 + 전저점 유지 | 상승 평행채널 유효(커버리지 82%) | 최근 추세 하단(싼 구간) 접촉 | 현재도 채널 하단권 | 추세 하단 부근 쌍바닥/Higher-Low 형태 | 추세 바닥권 거래량 급증 양봉,중기 상승 구조 미확인,191200.0,False,5.35,True,0.8209,0.2219,True,177414.2857,208478.5714,192000.0,239542.8571,172091.8571,9.04,25.28,True,False,False,8.82,False,False,True,2026-07-31,False,False,1.98,2026-08-01,2026-08-21,191200.0,1,0,8.264,207000.0,2026-08-21,,,,,,,,,,,,,,,,,,,,,,,,,,,,,,,,,,,,,,,,,,,,,,,,,,,,,,,,,,2026-08-21,8.264,8.264,9.833,-1.36,,,,,,,
005935,삼성전자우,2026-08-21,2026-08-21,REJECTED,55,TREND_BROKEN_OR_NOT_UPTREND,상승 평행채널 유효(커버리지 82%) | 최근 추세 하단(싼 구간) 접촉 | 추세 하단 부근 쌍바닥/Higher-Low 형태 | 쌍바닥 넥라인 돌파 확인 | 이동평균선 재돌파 | 추세 바닥권 거래량 급증 양봉 | 거래량 기준봉 고가 돌파 | 재상승 후 5일선 지지,중기 상승 구조 미확인,207000.0,False,1.43,True,0.8235,0.4663,True,178028.5714,209092.8571,192000.0,240157.1429,172687.7143,1.01,16.02,True,True,False,7.92,True,True,True,2026-07-31,False,True,1.98,2026-08-01,2026-08-21,207000.0,0,0,,,,,,,,,,,,,,,,,,,,,,,,,,,,,,,,,,,,,,,,,,,,,,,,,,,,,,,,,,,,,,,,,,,,,,,,
009150,삼성전기,2026-08-03,2026-08-03,REJECTED,0,NO_RISING_CHANNEL,,영상 방식의 상승 평행채널을 안정적으로 구성하지 못함,,,,,,,,,,,,,,,,,,,,,,,,,,2026-08-01,2026-08-21,1181000.0,13,0,0.339,1185000.0,2026-08-04,14.818,1356000.0,2026-08-05,4.064,1229000.0,2026-08-06,8.213,1278000.0,2026-08-07,7.875,1274000.0,2026-08-10,6.859,1262000.0,2026-08-11,13.04,1335000.0,2026-08-12,27.265,1503000.0,2026-08-13,31.922,1558000.0,2026-08-14,21.931,1440000.0,2026-08-18,17.443,1387000.0,2026-08-19,18.205,1396000.0,2026-08-20,11.431,1316000.0,2026-08-21,,,,,,,,,,,,,,,,,,,,,,2026-08-21,31.922,0.339,35.478,-5.843,,,,,,,
009150,삼성전기,2026-08-04,2026-08-04,REJECTED,0,NO_RISING_CHANNEL,,영상 방식의 상승 평행채널을 안정적으로 구성하지 못함,,,,,,,,,,,,,,,,,,,,,,,,,,2026-08-01,2026-08-21,1185000.0,12,0,14.43,1356000.0,2026-08-05,3.713,1229000.0,2026-08-06,7.848,1278000.0,2026-08-07,7.511,1274000.0,2026-08-10,6.498,1262000.0,2026-08-11,12.658,1335000.0,2026-08-12,26.835,1503000.0,2026-08-13,31.477,1558000.0,2026-08-14,21.519,1440000.0,2026-08-18,17.046,1387000.0,2026-08-19,17.806,1396000.0,2026-08-20,11.055,1316000.0,2026-08-21,,,,,,,,,,,,,,,,,,,,,,,,,2026-08-21,31.477,3.713,35.021,0.506,,,,,,,
009150,삼성전기,2026-08-05,2026-08-05,REJECTED,0,NO_RISING_CHANNEL,,영상 방식의 상승 평행채널을 안정적으로 구성하지 못함,,,,,,,,,,,,,,,,,,,,,,,,,,2026-08-01,2026-08-21,1356000.0,11,0,-9.366,1229000.0,2026-08-06,-5.752,1278000.0,2026-08-07,-6.047,1274000.0,2026-08-10,-6.932,1262000.0,2026-08-11,-1.549,1335000.0,2026-08-12,10.841,1503000.0,2026-08-13,14.897,1558000.0,2026-08-14,6.195,1440000.0,2026-08-18,2.286,1387000.0,2026-08-19,2.95,1396000.0,2026-08-20,-2.95,1316000.0,2026-08-21,,,,,,,,,,,,,,,,,,,,,,,,,,,,2026-08-21,14.897,-9.366,17.994,-12.168,,,,,,,
009150,삼성전기,2026-08-06,2026-08-06,REJECTED,0,NO_RISING_CHANNEL,,영상 방식의 상승 평행채널을 안정적으로 구성하지 못함,,,,,,,,,,,,,,,,,,,,,,,,,,2026-08-01,2026-08-21,1229000.0,10,0,3.987,1278000.0,2026-08-07,3.662,1274000.0,2026-08-10,2.685,1262000.0,2026-08-11,8.625,1335000.0,2026-08-12,22.295,1503000.0,2026-08-13,26.77,1558000.0,2026-08-14,17.168,1440000.0,2026-08-18,12.856,1387000.0,2026-08-19,13.588,1396000.0,2026-08-20,7.079,1316000.0,2026-08-21,,,,,,,,,,,,,,,,,,,,,,,,,,,,,,,2026-08-21,26.77,2.685,30.187,-3.092,,,,,,,
009150,삼성전기,2026-08-07,2026-08-07,REJECTED,0,NO_RISING_CHANNEL,,영상 방식의 상승 평행채널을 안정적으로 구성하지 못함,,,,,,,,,,,,,,,,,,,,,,,,,,2026-08-01,2026-08-21,1278000.0,9,0,-0.313,1274000.0,2026-08-10,-1.252,1262000.0,2026-08-11,4.46,1335000.0,2026-08-12,17.606,1503000.0,2026-08-13,21.909,1558000.0,2026-08-14,12.676,1440000.0,2026-08-18,8.529,1387000.0,2026-08-19,9.233,1396000.0,2026-08-20,2.973,1316000.0,2026-08-21,,,,,,,,,,,,,,,,,,,,,,,,,,,,,,,,,,2026-08-21,21.909,-1.252,25.196,-6.808,,,,,,,
009150,삼성전기,2026-08-10,2026-08-10,REJECTED,0,NO_RISING_CHANNEL,,영상 방식의 상승 평행채널을 안정적으로 구성하지 못함,,,,,,,,,,,,,,,,,,,,,,,,,,2026-08-01,2026-08-21,1274000.0,8,0,-0.942,1262000.0,2026-08-11,4.788,1335000.0,2026-08-12,17.975,1503000.0,2026-08-13,22.292,1558000.0,2026-08-14,13.03,1440000.0,2026-08-18,8.87,1387000.0,2026-08-19,9.576,1396000.0,2026-08-20,3.297,1316000.0,2026-08-21,,,,,,,,,,,,,,,,,,,,,,,,,,,,,,,,,,,,,2026-08-21,22.292,-0.942,25.589,-6.515,,,,,,,
009150,삼성전기,2026-08-11,2026-08-11,REJECTED,0,NO_RISING_CHANNEL,,영상 방식의 상승 평행채널을 안정적으로 구성하지 못함,,,,,,,,,,,,,,,,,,,,,,,,,,2026-08-01,2026-08-21,1262000.0,7,0,5.784,1335000.0,2026-08-12,19.097,1503000.0,2026-08-13,23.455,1558000.0,2026-08-14,14.105,1440000.0,2026-08-18,9.905,1387000.0,2026-08-19,10.618,1396000.0,2026-08-20,4.279,1316000.0,2026-08-21,,,,,,,,,,,,,,,,,,,,,,,,,,,,,,,,,,,,,,,,2026-08-21,23.455,4.279,26.783,1.03,,,,,,,
009150,삼성전기,2026-08-12,2026-08-12,REJECTED,0,NO_RISING_CHANNEL,,영상 방식의 상승 평행채널을 안정적으로 구성하지 못함,,,,,,,,,,,,,,,,,,,,,,,,,,2026-08-01,2026-08-21,1335000.0,6,0,12.584,1503000.0,2026-08-13,16.704,1558000.0,2026-08-14,7.865,1440000.0,2026-08-18,3.895,1387000.0,2026-08-19,4.569,1396000.0,2026-08-20,-1.423,1316000.0,2026-08-21,,,,,,,,,,,,,,,,,,,,,,,,,,,,,,,,,,,,,,,,,,,2026-08-21,16.704,-1.423,19.85,-2.172,,,,,,,
009150,삼성전기,2026-08-13,2026-08-13,REJECTED,0,NO_RISING_CHANNEL,,영상 방식의 상승 평행채널을 안정적으로 구성하지 못함,,,,,,,,,,,,,,,,,,,,,,,,,,2026-08-01,2026-08-21,1503000.0,5,0,3.659,1558000.0,2026-08-14,-4.192,1440000.0,2026-08-18,-7.718,1387000.0,2026-08-19,-7.119,1396000.0,2026-08-20,-12.442,1316000.0,2026-08-21,,,,,,,,,,,,,,,,,,,,,,,,,,,,,,,,,,,,,,,,,,,,,,2026-08-21,3.659,-12.442,6.454,-13.107,,,,,,,
009150,삼성전기,2026-08-14,2026-08-14,REJECTED,0,NO_RISING_CHANNEL,,영상 방식의 상승 평행채널을 안정적으로 구성하지 못함,,,,,,,,,,,,,,,,,,,,,,,,,,2026-08-01,2026-08-21,1558000.0,4,0,-7.574,1440000.0,2026-08-18,-10.976,1387000.0,2026-08-19,-10.398,1396000.0,2026-08-20,-15.533,1316000.0,2026-08-21,,,,,,,,,,,,,,,,,,,,,,,,,,,,,,,,,,,,,,,,,,,,,,,,,2026-08-21,-7.574,-15.533,2.375,-16.175,,,,,,,
009150,삼성전기,2026-08-18,2026-08-18,REJECTED,0,NO_RISING_CHANNEL,,영상 방식의 상승 평행채널을 안정적으로 구성하지 못함,,,,,,,,,,,,,,,,,,,,,,,,,,2026-08-01,2026-08-21,1440000.0,3,0,-3.681,1387000.0,2026-08-19,-3.056,1396000.0,2026-08-20,-8.611,1316000.0,2026-08-21,,,,,,,,,,,,,,,,,,,,,,,,,,,,,,,,,,,,,,,,,,,,,,,,,,,,2026-08-21,-3.056,-8.611,-0.625,-9.306,,,,,,,
009150,삼성전기,2026-08-19,2026-08-19,REJECTED,0,NO_RISING_CHANNEL,,영상 방식의 상승 평행채널을 안정적으로 구성하지 못함,,,,,,,,,,,,,,,,,,,,,,,,,,2026-08-01,2026-08-21,1387000.0,2,0,0.649,1396000.0,2026-08-20,-5.119,1316000.0,2026-08-21,,,,,,,,,,,,,,,,,,,,,,,,,,,,,,,,,,,,,,,,,,,,,,,,,,,,,,,2026-08-21,0.649,-5.119,2.451,-5.84,,,,,,,
009150,삼성전기,2026-08-20,2026-08-20,REJECTED,55,CONDITIONS_INCOMPLETE,중기 Higher High + Higher Low | 상승추세 안의 단기 조정 + 전저점 유지 | 상승 평행채널 유효(커버리지 90%) | 최근 추세 하단(싼 구간) 접촉 | 추세 하단 부근 쌍바닥/Higher-Low 형태,,1396000.0,True,12.75,True,0.9048,0.4187,True,1233705.8824,1427529.4118,1600000.0,1621352.9412,1196694.7059,2.26,16.14,True,False,False,24.35,False,False,False,,False,False,,2026-08-01,2026-08-21,1396000.0,1,0,-5.731,1316000.0,2026-08-21,,,,,,,,,,,,,,,,,,,,,,,,,,,,,,,,,,,,,,,,,,,,,,,,,,,,,,,,,,2026-08-21,-5.731,-5.731,-3.438,-6.447,,,,,,,
009150,삼성전기,2026-08-21,2026-08-21,WATCH,60,LOWER_CHANNEL_WATCH,중기 Higher High + Higher Low | 상승추세 안의 단기 조정 + 전저점 유지 | 상승 평행채널 유효(커버리지 91%) | 최근 추세 하단(싼 구간) 접촉 | 현재도 채널 하단권 | 추세 하단 부근 쌍바닥/Higher-Low 형태,,1316000.0,True,17.75,True,0.9091,0.1939,True,1240823.5294,1434647.0588,1600000.0,1628470.5882,1203598.8235,9.02,23.74,True,False,False,26.01,False,False,False,,False,False,,2026-08-01,2026-08-21,1316000.0,0,0,,,,,,,,,,,,,,,,,,,,,,,,,,,,,,,,,,,,,,,,,,,,,,,,,,,,,,,,,,,,,,,,,,,,,,,,
005380,현대차,2026-08-03,2026-08-03,REJECTED,0,NO_RISING_CHANNEL,,영상 방식의 상승 평행채널을 안정적으로 구성하지 못함,,,,,,,,,,,,,,,,,,,,,,,,,,2026-08-01,2026-08-21,393000.0,13,0,-0.127,392500.0,2026-08-04,2.926,404500.0,2026-08-05,1.781,400000.0,2026-08-06,0.636,395500.0,2026-08-07,3.817,408000.0,2026-08-10,2.545,403000.0,2026-08-11,4.198,409500.0,2026-08-12,6.489,418500.0,2026-08-13,15.267,453000.0,2026-08-14,10.687,435000.0,2026-08-18,5.344,414000.0,2026-08-19,6.234,417500.0,2026-08-20,5.598,415000.0,2026-08-21,,,,,,,,,,,,,,,,,,,,,,2026-08-21,15.267,-0.127,16.921,-4.326,,,,,,,
005380,현대차,2026-08-04,2026-08-04,REJECTED,0,NO_RISING_CHANNEL,,영상 방식의 상승 평행채널을 안정적으로 구성하지 못함,,,,,,,,,,,,,,,,,,,,,,,,,,2026-08-01,2026-08-21,392500.0,12,0,3.057,404500.0,2026-08-05,1.911,400000.0,2026-08-06,0.764,395500.0,2026-08-07,3.949,408000.0,2026-08-10,2.675,403000.0,2026-08-11,4.331,409500.0,2026-08-12,6.624,418500.0,2026-08-13,15.414,453000.0,2026-08-14,10.828,435000.0,2026-08-18,5.478,414000.0,2026-08-19,6.369,417500.0,2026-08-20,5.732,415000.0,2026-08-21,,,,,,,,,,,,,,,,,,,,,,,,,2026-08-21,15.414,0.764,17.07,-1.401,,,,,,,
005380,현대차,2026-08-05,2026-08-05,REJECTED,0,NO_RISING_CHANNEL,,영상 방식의 상승 평행채널을 안정적으로 구성하지 못함,,,,,,,,,,,,,,,,,,,,,,,,,,2026-08-01,2026-08-21,404500.0,11,0,-1.112,400000.0,2026-08-06,-2.225,395500.0,2026-08-07,0.865,408000.0,2026-08-10,-0.371,403000.0,2026-08-11,1.236,409500.0,2026-08-12,3.461,418500.0,2026-08-13,11.99,453000.0,2026-08-14,7.54,435000.0,2026-08-18,2.349,414000.0,2026-08-19,3.214,417500.0,2026-08-20,2.596,415000.0,2026-08-21,,,,,,,,,,,,,,,,,,,,,,,,,,,,2026-08-21,11.99,-2.225,13.597,-4.326,,,,,,,
005380,현대차,2026-08-06,2026-08-06,REJECTED,0,NO_RISING_CHANNEL,,영상 방식의 상승 평행채널을 안정적으로 구성하지 못함,,,,,,,,,,,,,,,,,,,,,,,,,,2026-08-01,2026-08-21,400000.0,10,0,-1.125,395500.0,2026-08-07,2.0,408000.0,2026-08-10,0.75,403000.0,2026-08-11,2.375,409500.0,2026-08-12,4.625,418500.0,2026-08-13,13.25,453000.0,2026-08-14,8.75,435000.0,2026-08-18,3.5,414000.0,2026-08-19,4.375,417500.0,2026-08-20,3.75,415000.0,2026-08-21,,,,,,,,,,,,,,,,,,,,,,,,,,,,,,,2026-08-21,13.25,-1.125,14.875,-3.25,,,,,,,
005380,현대차,2026-08-07,2026-08-07,REJECTED,0,NO_RISING_CHANNEL,,영상 방식의 상승 평행채널을 안정적으로 구성하지 못함,,,,,,,,,,,,,,,,,,,,,,,,,,2026-08-01,2026-08-21,395500.0,9,0,3.161,408000.0,2026-08-10,1.896,403000.0,2026-08-11,3.54,409500.0,2026-08-12,5.815,418500.0,2026-08-13,14.539,453000.0,2026-08-14,9.987,435000.0,2026-08-18,4.678,414000.0,2026-08-19,5.563,417500.0,2026-08-20,4.93,415000.0,2026-08-21,,,,,,,,,,,,,,,,,,,,,,,,,,,,,,,,,,2026-08-21,14.539,1.896,16.182,-0.759,,,,,,,
005380,현대차,2026-08-10,2026-08-10,REJECTED,0,NO_RISING_CHANNEL,,영상 방식의 상승 평행채널을 안정적으로 구성하지 못함,,,,,,,,,,,,,,,,,,,,,,,,,,2026-08-01,2026-08-21,408000.0,8,0,-1.225,403000.0,2026-08-11,0.368,409500.0,2026-08-12,2.574,418500.0,2026-08-13,11.029,453000.0,2026-08-14,6.618,435000.0,2026-08-18,1.471,414000.0,2026-08-19,2.328,417500.0,2026-08-20,1.716,415000.0,2026-08-21,,,,,,,,,,,,,,,,,,,,,,,,,,,,,,,,,,,,,2026-08-21,11.029,-1.225,12.623,-1.838,,,,,,,
005380,현대차,2026-08-11,2026-08-11,REJECTED,0,NO_RISING_CHANNEL,,영상 방식의 상승 평행채널을 안정적으로 구성하지 못함,,,,,,,,,,,,,,,,,,,,,,,,,,2026-08-01,2026-08-21,403000.0,7,0,1.613,409500.0,2026-08-12,3.846,418500.0,2026-08-13,12.407,453000.0,2026-08-14,7.94,435000.0,2026-08-18,2.73,414000.0,2026-08-19,3.598,417500.0,2026-08-20,2.978,415000.0,2026-08-21,,,,,,,,,,,,,,,,,,,,,,,,,,,,,,,,,,,,,,,,2026-08-21,12.407,1.613,14.02,-0.62,,,,,,,
005380,현대차,2026-08-12,2026-08-12,REJECTED,0,NO_RISING_CHANNEL,,영상 방식의 상승 평행채널을 안정적으로 구성하지 못함,,,,,,,,,,,,,,,,,,,,,,,,,,2026-08-01,2026-08-21,409500.0,6,0,2.198,418500.0,2026-08-13,10.623,453000.0,2026-08-14,6.227,435000.0,2026-08-18,1.099,414000.0,2026-08-19,1.954,417500.0,2026-08-20,1.343,415000.0,2026-08-21,,,,,,,,,,,,,,,,,,,,,,,,,,,,,,,,,,,,,,,,,,,2026-08-21,10.623,1.099,12.21,-1.099,,,,,,,
005380,현대차,2026-08-13,2026-08-13,REJECTED,0,NO_RISING_CHANNEL,,영상 방식의 상승 평행채널을 안정적으로 구성하지 못함,,,,,,,,,,,,,,,,,,,,,,,,,,2026-08-01,2026-08-21,418500.0,5,0,8.244,453000.0,2026-08-14,3.943,435000.0,2026-08-18,-1.075,414000.0,2026-08-19,-0.239,417500.0,2026-08-20,-0.836,415000.0,2026-08-21,,,,,,,,,,,,,,,,,,,,,,,,,,,,,,,,,,,,,,,,,,,,,,2026-08-21,8.244,-1.075,9.797,-3.226,,,,,,,
005380,현대차,2026-08-14,2026-08-14,REJECTED,0,NO_RISING_CHANNEL,,영상 방식의 상승 평행채널을 안정적으로 구성하지 못함,,,,,,,,,,,,,,,,,,,,,,,,,,2026-08-01,2026-08-21,453000.0,4,0,-3.974,435000.0,2026-08-18,-8.609,414000.0,2026-08-19,-7.837,417500.0,2026-08-20,-8.389,415000.0,2026-08-21,,,,,,,,,,,,,,,,,,,,,,,,,,,,,,,,,,,,,,,,,,,,,,,,,2026-08-21,-3.974,-8.609,1.435,-10.596,,,,,,,
005380,현대차,2026-08-18,2026-08-18,REJECTED,0,NO_RISING_CHANNEL,,영상 방식의 상승 평행채널을 안정적으로 구성하지 못함,,,,,,,,,,,,,,,,,,,,,,,,,,2026-08-01,2026-08-21,435000.0,3,0,-4.828,414000.0,2026-08-19,-4.023,417500.0,2026-08-20,-4.598,415000.0,2026-08-21,,,,,,,,,,,,,,,,,,,,,,,,,,,,,,,,,,,,,,,,,,,,,,,,,,,,2026-08-21,-4.023,-4.828,-2.299,-6.897,,,,,,,
005380,현대차,2026-08-19,2026-08-19,REJECTED,0,NO_RISING_CHANNEL,,영상 방식의 상승 평행채널을 안정적으로 구성하지 못함,,,,,,,,,,,,,,,,,,,,,,,,,,2026-08-01,2026-08-21,414000.0,2,0,0.845,417500.0,2026-08-20,0.242,415000.0,2026-08-21,,,,,,,,,,,,,,,,,,,,,,,,,,,,,,,,,,,,,,,,,,,,,,,,,,,,,,,2026-08-21,0.845,0.242,2.657,-2.174,,,,,,,
005380,현대차,2026-08-20,2026-08-20,REJECTED,0,NO_RISING_CHANNEL,,영상 방식의 상승 평행채널을 안정적으로 구성하지 못함,,,,,,,,,,,,,,,,,,,,,,,,,,2026-08-01,2026-08-21,417500.0,1,0,-0.599,415000.0,2026-08-21,,,,,,,,,,,,,,,,,,,,,,,,,,,,,,,,,,,,,,,,,,,,,,,,,,,,,,,,,,2026-08-21,-0.599,-0.599,0.719,-2.994,,,,,,,
005380,현대차,2026-08-21,2026-08-21,REJECTED,0,NO_RISING_CHANNEL,,영상 방식의 상승 평행채널을 안정적으로 구성하지 못함,,,,,,,,,,,,,,,,,,,,,,,,,,2026-08-01,2026-08-21,415000.0,0,0,,,,,,,,,,,,,,,,,,,,,,,,,,,,,,,,,,,,,,,,,,,,,,,,,,,,,,,,,,,,,,,,,,,,,,,,
032830,삼성생명,2026-08-03,2026-08-03,REJECTED,0,NO_RISING_CHANNEL,,영상 방식의 상승 평행채널을 안정적으로 구성하지 못함,,,,,,,,,,,,,,,,,,,,,,,,,,2026-08-01,2026-08-21,287500.0,13,0,-3.304,278000.0,2026-08-04,2.261,294000.0,2026-08-05,0.0,287500.0,2026-08-06,-4.174,275500.0,2026-08-07,-2.435,280500.0,2026-08-10,0.696,289500.0,2026-08-11,5.217,302500.0,2026-08-12,1.391,291500.0,2026-08-13,4.696,301000.0,2026-08-14,8.0,310500.0,2026-08-18,-4.0,276000.0,2026-08-19,3.304,297000.0,2026-08-20,14.261,328500.0,2026-08-21,,,,,,,,,,,,,,,,,,,,,,2026-08-21,14.261,-4.174,14.435,-6.609,,,,,,,
032830,삼성생명,2026-08-04,2026-08-04,REJECTED,0,NO_RISING_CHANNEL,,영상 방식의 상승 평행채널을 안정적으로 구성하지 못함,,,,,,,,,,,,,,,,,,,,,,,,,,2026-08-01,2026-08-21,278000.0,12,0,5.755,294000.0,2026-08-05,3.417,287500.0,2026-08-06,-0.899,275500.0,2026-08-07,0.899,280500.0,2026-08-10,4.137,289500.0,2026-08-11,8.813,302500.0,2026-08-12,4.856,291500.0,2026-08-13,8.273,301000.0,2026-08-14,11.691,310500.0,2026-08-18,-0.719,276000.0,2026-08-19,6.835,297000.0,2026-08-20,18.165,328500.0,2026-08-21,,,,,,,,,,,,,,,,,,,,,,,,,2026-08-21,18.165,-0.899,18.345,-2.878,,,,,,,
032830,삼성생명,2026-08-05,2026-08-05,REJECTED,40,TREND_BROKEN_OR_NOT_UPTREND,상승추세 안의 단기 조정 + 전저점 유지 | 상승 평행채널 유효(커버리지 72%) | 최근 추세 하단(싼 구간) 접촉 | 현재도 채널 하단권 | 추세 하단 부근 쌍바닥/Higher-Low 형태,중기 상승 구조 미확인,294000.0,False,19.67,True,0.7237,-0.895,True,488360.4651,596941.8605,315500.0,705523.2558,473709.6512,103.04,139.97,True,False,False,25.16,False,True,False,,False,False,,2026-08-01,2026-08-21,294000.0,11,0,-2.211,287500.0,2026-08-06,-6.293,275500.0,2026-08-07,-4.592,280500.0,2026-08-10,-1.531,289500.0,2026-08-11,2.891,302500.0,2026-08-12,-0.85,291500.0,2026-08-13,2.381,301000.0,2026-08-14,5.612,310500.0,2026-08-18,-6.122,276000.0,2026-08-19,1.02,297000.0,2026-08-20,11.735,328500.0,2026-08-21,,,,,,,,,,,,,,,,,,,,,,,,,,,,2026-08-21,11.735,-6.293,11.905,-8.163,,,,,,,
032830,삼성생명,2026-08-06,2026-08-06,REJECTED,0,NO_RISING_CHANNEL,,영상 방식의 상승 평행채널을 안정적으로 구성하지 못함,,,,,,,,,,,,,,,,,,,,,,,,,,2026-08-01,2026-08-21,287500.0,10,0,-4.174,275500.0,2026-08-07,-2.435,280500.0,2026-08-10,0.696,289500.0,2026-08-11,5.217,302500.0,2026-08-12,1.391,291500.0,2026-08-13,4.696,301000.0,2026-08-14,8.0,310500.0,2026-08-18,-4.0,276000.0,2026-08-19,3.304,297000.0,2026-08-20,14.261,328500.0,2026-08-21,,,,,,,,,,,,,,,,,,,,,,,,,,,,,,,2026-08-21,14.261,-4.174,14.435,-6.087,,,,,,,
032830,삼성생명,2026-08-07,2026-08-07,REJECTED,0,NO_RISING_CHANNEL,,영상 방식의 상승 평행채널을 안정적으로 구성하지 못함,,,,,,,,,,,,,,,,,,,,,,,,,,2026-08-01,2026-08-21,275500.0,9,0,1.815,280500.0,2026-08-10,5.082,289500.0,2026-08-11,9.8,302500.0,2026-08-12,5.808,291500.0,2026-08-13,9.256,301000.0,2026-08-14,12.704,310500.0,2026-08-18,0.181,276000.0,2026-08-19,7.804,297000.0,2026-08-20,19.238,328500.0,2026-08-21,,,,,,,,,,,,,,,,,,,,,,,,,,,,,,,,,,2026-08-21,19.238,0.181,19.419,-1.452,,,,,,,
032830,삼성생명,2026-08-10,2026-08-10,REJECTED,0,NO_RISING_CHANNEL,,영상 방식의 상승 평행채널을 안정적으로 구성하지 못함,,,,,,,,,,,,,,,,,,,,,,,,,,2026-08-01,2026-08-21,280500.0,8,0,3.209,289500.0,2026-08-11,7.843,302500.0,2026-08-12,3.922,291500.0,2026-08-13,7.308,301000.0,2026-08-14,10.695,310500.0,2026-08-18,-1.604,276000.0,2026-08-19,5.882,297000.0,2026-08-20,17.112,328500.0,2026-08-21,,,,,,,,,,,,,,,,,,,,,,,,,,,,,,,,,,,,,2026-08-21,17.112,-1.604,17.291,-3.209,,,,,,,
032830,삼성생명,2026-08-11,2026-08-11,REJECTED,0,NO_RISING_CHANNEL,,영상 방식의 상승 평행채널을 안정적으로 구성하지 못함,,,,,,,,,,,,,,,,,,,,,,,,,,2026-08-01,2026-08-21,289500.0,7,0,4.491,302500.0,2026-08-12,0.691,291500.0,2026-08-13,3.972,301000.0,2026-08-14,7.254,310500.0,2026-08-18,-4.663,276000.0,2026-08-19,2.591,297000.0,2026-08-20,13.472,328500.0,2026-08-21,,,,,,,,,,,,,,,,,,,,,,,,,,,,,,,,,,,,,,,,2026-08-21,13.472,-4.663,13.644,-5.009,,,,,,,
032830,삼성생명,2026-08-12,2026-08-12,REJECTED,0,NO_RISING_CHANNEL,,영상 방식의 상승 평행채널을 안정적으로 구성하지 못함,,,,,,,,,,,,,,,,,,,,,,,,,,2026-08-01,2026-08-21,302500.0,6,0,-3.636,291500.0,2026-08-13,-0.496,301000.0,2026-08-14,2.645,310500.0,2026-08-18,-8.76,276000.0,2026-08-19,-1.818,297000.0,2026-08-20,8.595,328500.0,2026-08-21,,,,,,,,,,,,,,,,,,,,,,,,,,,,,,,,,,,,,,,,,,,2026-08-21,8.595,-8.76,8.76,-9.091,,,,,,,
032830,삼성생명,2026-08-13,2026-08-13,REJECTED,0,NO_RISING_CHANNEL,,영상 방식의 상승 평행채널을 안정적으로 구성하지 못함,,,,,,,,,,,,,,,,,,,,,,,,,,2026-08-01,2026-08-21,291500.0,5,0,3.259,301000.0,2026-08-14,6.518,310500.0,2026-08-18,-5.317,276000.0,2026-08-19,1.887,297000.0,2026-08-20,12.693,328500.0,2026-08-21,,,,,,,,,,,,,,,,,,,,,,,,,,,,,,,,,,,,,,,,,,,,,,2026-08-21,12.693,-5.317,12.864,-5.66,,,,,,,
032830,삼성생명,2026-08-14,2026-08-14,REJECTED,0,NO_RISING_CHANNEL,,영상 방식의 상승 평행채널을 안정적으로 구성하지 못함,,,,,,,,,,,,,,,,,,,,,,,,,,2026-08-01,2026-08-21,301000.0,4,0,3.156,310500.0,2026-08-18,-8.306,276000.0,2026-08-19,-1.329,297000.0,2026-08-20,9.136,328500.0,2026-08-21,,,,,,,,,,,,,,,,,,,,,,,,,,,,,,,,,,,,,,,,,,,,,,,,,2026-08-21,9.136,-8.306,9.302,-8.638,,,,,,,
032830,삼성생명,2026-08-18,2026-08-18,REJECTED,0,NO_RISING_CHANNEL,,영상 방식의 상승 평행채널을 안정적으로 구성하지 못함,,,,,,,,,,,,,,,,,,,,,,,,,,2026-08-01,2026-08-21,310500.0,3,0,-11.111,276000.0,2026-08-19,-4.348,297000.0,2026-08-20,5.797,328500.0,2026-08-21,,,,,,,,,,,,,,,,,,,,,,,,,,,,,,,,,,,,,,,,,,,,,,,,,,,,2026-08-21,5.797,-11.111,5.958,-11.433,,,,,,,
032830,삼성생명,2026-08-19,2026-08-19,REJECTED,0,NO_RISING_CHANNEL,,영상 방식의 상승 평행채널을 안정적으로 구성하지 못함,,,,,,,,,,,,,,,,,,,,,,,,,,2026-08-01,2026-08-21,276000.0,2,0,7.609,297000.0,2026-08-20,19.022,328500.0,2026-08-21,,,,,,,,,,,,,,,,,,,,,,,,,,,,,,,,,,,,,,,,,,,,,,,,,,,,,,,2026-08-21,19.022,7.609,19.203,2.717,,,,,,,
032830,삼성생명,2026-08-20,2026-08-20,REJECTED,0,NO_RISING_CHANNEL,,영상 방식의 상승 평행채널을 안정적으로 구성하지 못함,,,,,,,,,,,,,,,,,,,,,,,,,,2026-08-01,2026-08-21,297000.0,1,0,10.606,328500.0,2026-08-21,,,,,,,,,,,,,,,,,,,,,,,,,,,,,,,,,,,,,,,,,,,,,,,,,,,,,,,,,,2026-08-21,10.606,10.606,10.774,-3.367,,,,,,,
032830,삼성생명,2026-08-21,2026-08-21,REJECTED,0,NO_RISING_CHANNEL,,영상 방식의 상승 평행채널을 안정적으로 구성하지 못함,,,,,,,,,,,,,,,,,,,,,,,,,,2026-08-01,2026-08-21,328500.0,0,0,,,,,,,,,,,,,,,,,,,,,,,,,,,,,,,,,,,,,,,,,,,,,,,,,,,,,,,,,,,,,,,,,,,,,,,,
373220,LG에너지솔루션,2026-08-03,2026-08-03,REJECTED,0,NO_RISING_CHANNEL,,영상 방식의 상승 평행채널을 안정적으로 구성하지 못함,,,,,,,,,,,,,,,,,,,,,,,,,,2026-08-01,2026-08-21,316000.0,13,0,3.956,328500.0,2026-08-04,6.171,335500.0,2026-08-05,9.177,345000.0,2026-08-06,13.924,360000.0,2026-08-07,16.297,367500.0,2026-08-10,12.184,354500.0,2026-08-11,13.449,358500.0,2026-08-12,15.665,365500.0,2026-08-13,16.93,369500.0,2026-08-14,11.076,351000.0,2026-08-18,13.133,357500.0,2026-08-19,13.291,358000.0,2026-08-20,8.703,343500.0,2026-08-21,,,,,,,,,,,,,,,,,,,,,,2026-08-21,16.93,3.956,17.563,-0.316,,,,,,,
373220,LG에너지솔루션,2026-08-04,2026-08-04,REJECTED,0,NO_RISING_CHANNEL,,영상 방식의 상승 평행채널을 안정적으로 구성하지 못함,,,,,,,,,,,,,,,,,,,,,,,,,,2026-08-01,2026-08-21,328500.0,12,0,2.131,335500.0,2026-08-05,5.023,345000.0,2026-08-06,9.589,360000.0,2026-08-07,11.872,367500.0,2026-08-10,7.915,354500.0,2026-08-11,9.132,358500.0,2026-08-12,11.263,365500.0,2026-08-13,12.481,369500.0,2026-08-14,6.849,351000.0,2026-08-18,8.828,357500.0,2026-08-19,8.98,358000.0,2026-08-20,4.566,343500.0,2026-08-21,,,,,,,,,,,,,,,,,,,,,,,,,2026-08-21,12.481,2.131,13.09,0.457,,,,,,,
373220,LG에너지솔루션,2026-08-05,2026-08-05,REJECTED,0,NO_RISING_CHANNEL,,영상 방식의 상승 평행채널을 안정적으로 구성하지 못함,,,,,,,,,,,,,,,,,,,,,,,,,,2026-08-01,2026-08-21,335500.0,11,0,2.832,345000.0,2026-08-06,7.303,360000.0,2026-08-07,9.538,367500.0,2026-08-10,5.663,354500.0,2026-08-11,6.855,358500.0,2026-08-12,8.942,365500.0,2026-08-13,10.134,369500.0,2026-08-14,4.62,351000.0,2026-08-18,6.557,357500.0,2026-08-19,6.706,358000.0,2026-08-20,2.385,343500.0,2026-08-21,,,,,,,,,,,,,,,,,,,,,,,,,,,,2026-08-21,10.134,2.385,10.73,-1.49,,,,,,,
373220,LG에너지솔루션,2026-08-06,2026-08-06,REJECTED,0,NO_RISING_CHANNEL,,영상 방식의 상승 평행채널을 안정적으로 구성하지 못함,,,,,,,,,,,,,,,,,,,,,,,,,,2026-08-01,2026-08-21,345000.0,10,0,4.348,360000.0,2026-08-07,6.522,367500.0,2026-08-10,2.754,354500.0,2026-08-11,3.913,358500.0,2026-08-12,5.942,365500.0,2026-08-13,7.101,369500.0,2026-08-14,1.739,351000.0,2026-08-18,3.623,357500.0,2026-08-19,3.768,358000.0,2026-08-20,-0.435,343500.0,2026-08-21,,,,,,,,,,,,,,,,,,,,,,,,,,,,,,,2026-08-21,7.101,-0.435,7.681,-1.014,,,,,,,
373220,LG에너지솔루션,2026-08-07,2026-08-07,REJECTED,0,NO_RISING_CHANNEL,,영상 방식의 상승 평행채널을 안정적으로 구성하지 못함,,,,,,,,,,,,,,,,,,,,,,,,,,2026-08-01,2026-08-21,360000.0,9,0,2.083,367500.0,2026-08-10,-1.528,354500.0,2026-08-11,-0.417,358500.0,2026-08-12,1.528,365500.0,2026-08-13,2.639,369500.0,2026-08-14,-2.5,351000.0,2026-08-18,-0.694,357500.0,2026-08-19,-0.556,358000.0,2026-08-20,-4.583,343500.0,2026-08-21,,,,,,,,,,,,,,,,,,,,,,,,,,,,,,,,,,2026-08-21,2.639,-4.583,3.194,-5.139,,,,,,,
373220,LG에너지솔루션,2026-08-10,2026-08-10,REJECTED,0,NO_RISING_CHANNEL,,영상 방식의 상승 평행채널을 안정적으로 구성하지 못함,,,,,,,,,,,,,,,,,,,,,,,,,,2026-08-01,2026-08-21,367500.0,8,0,-3.537,354500.0,2026-08-11,-2.449,358500.0,2026-08-12,-0.544,365500.0,2026-08-13,0.544,369500.0,2026-08-14,-4.49,351000.0,2026-08-18,-2.721,357500.0,2026-08-19,-2.585,358000.0,2026-08-20,-6.531,343500.0,2026-08-21,,,,,,,,,,,,,,,,,,,,,,,,,,,,,,,,,,,,,2026-08-21,0.544,-6.531,1.088,-7.075,,,,,,,
373220,LG에너지솔루션,2026-08-11,2026-08-11,REJECTED,0,NO_RISING_CHANNEL,,영상 방식의 상승 평행채널을 안정적으로 구성하지 못함,,,,,,,,,,,,,,,,,,,,,,,,,,2026-08-01,2026-08-21,354500.0,7,0,1.128,358500.0,2026-08-12,3.103,365500.0,2026-08-13,4.231,369500.0,2026-08-14,-0.987,351000.0,2026-08-18,0.846,357500.0,2026-08-19,0.987,358000.0,2026-08-20,-3.103,343500.0,2026-08-21,,,,,,,,,,,,,,,,,,,,,,,,,,,,,,,,,,,,,,,,2026-08-21,4.231,-3.103,4.795,-3.667,,,,,,,
373220,LG에너지솔루션,2026-08-12,2026-08-12,REJECTED,0,NO_RISING_CHANNEL,,영상 방식의 상승 평행채널을 안정적으로 구성하지 못함,,,,,,,,,,,,,,,,,,,,,,,,,,2026-08-01,2026-08-21,358500.0,6,0,1.953,365500.0,2026-08-13,3.068,369500.0,2026-08-14,-2.092,351000.0,2026-08-18,-0.279,357500.0,2026-08-19,-0.139,358000.0,2026-08-20,-4.184,343500.0,2026-08-21,,,,,,,,,,,,,,,,,,,,,,,,,,,,,,,,,,,,,,,,,,,2026-08-21,3.068,-4.184,3.626,-4.742,,,,,,,
373220,LG에너지솔루션,2026-08-13,2026-08-13,REJECTED,0,NO_RISING_CHANNEL,,영상 방식의 상승 평행채널을 안정적으로 구성하지 못함,,,,,,,,,,,,,,,,,,,,,,,,,,2026-08-01,2026-08-21,365500.0,5,0,1.094,369500.0,2026-08-14,-3.967,351000.0,2026-08-18,-2.189,357500.0,2026-08-19,-2.052,358000.0,2026-08-20,-6.019,343500.0,2026-08-21,,,,,,,,,,,,,,,,,,,,,,,,,,,,,,,,,,,,,,,,,,,,,,2026-08-21,1.094,-6.019,1.642,-6.566,,,,,,,
373220,LG에너지솔루션,2026-08-14,2026-08-14,REJECTED,0,NO_RISING_CHANNEL,,영상 방식의 상승 평행채널을 안정적으로 구성하지 못함,,,,,,,,,,,,,,,,,,,,,,,,,,2026-08-01,2026-08-21,369500.0,4,0,-5.007,351000.0,2026-08-18,-3.248,357500.0,2026-08-19,-3.112,358000.0,2026-08-20,-7.037,343500.0,2026-08-21,,,,,,,,,,,,,,,,,,,,,,,,,,,,,,,,,,,,,,,,,,,,,,,,,2026-08-21,-3.112,-7.037,-0.677,-7.578,,,,,,,
373220,LG에너지솔루션,2026-08-18,2026-08-18,REJECTED,0,NO_RISING_CHANNEL,,영상 방식의 상승 평행채널을 안정적으로 구성하지 못함,,,,,,,,,,,,,,,,,,,,,,,,,,2026-08-01,2026-08-21,351000.0,3,0,1.852,357500.0,2026-08-19,1.994,358000.0,2026-08-20,-2.137,343500.0,2026-08-21,,,,,,,,,,,,,,,,,,,,,,,,,,,,,,,,,,,,,,,,,,,,,,,,,,,,2026-08-21,1.994,-2.137,4.558,-2.707,,,,,,,
373220,LG에너지솔루션,2026-08-19,2026-08-19,REJECTED,0,NO_RISING_CHANNEL,,영상 방식의 상승 평행채널을 안정적으로 구성하지 못함,,,,,,,,,,,,,,,,,,,,,,,,,,2026-08-01,2026-08-21,357500.0,2,0,0.14,358000.0,2026-08-20,-3.916,343500.0,2026-08-21,,,,,,,,,,,,,,,,,,,,,,,,,,,,,,,,,,,,,,,,,,,,,,,,,,,,,,,2026-08-21,0.14,-3.916,2.657,-4.476,,,,,,,
373220,LG에너지솔루션,2026-08-20,2026-08-20,REJECTED,0,NO_RISING_CHANNEL,,영상 방식의 상승 평행채널을 안정적으로 구성하지 못함,,,,,,,,,,,,,,,,,,,,,,,,,,2026-08-01,2026-08-21,358000.0,1,0,-4.05,343500.0,2026-08-21,,,,,,,,,,,,,,,,,,,,,,,,,,,,,,,,,,,,,,,,,,,,,,,,,,,,,,,,,,2026-08-21,-4.05,-4.05,-0.559,-4.609,,,,,,,
373220,LG에너지솔루션,2026-08-21,2026-08-21,REJECTED,0,NO_RISING_CHANNEL,,영상 방식의 상승 평행채널을 안정적으로 구성하지 못함,,,,,,,,,,,,,,,,,,,,,,,,,,2026-08-01,2026-08-21,343500.0,0,0,,,,,,,,,,,,,,,,,,,,,,,,,,,,,,,,,,,,,,,,,,,,,,,,,,,,,,,,,,,,,,,,,,,,,,,,
028260,삼성물산,2026-08-03,2026-08-03,REJECTED,0,NO_RISING_CHANNEL,,영상 방식의 상승 평행채널을 안정적으로 구성하지 못함,,,,,,,,,,,,,,,,,,,,,,,,,,2026-08-01,2026-08-21,329000.0,13,0,-1.976,322500.0,2026-08-04,5.623,347500.0,2026-08-05,1.52,334000.0,2026-08-06,2.28,336500.0,2026-08-07,2.128,336000.0,2026-08-10,4.711,344500.0,2026-08-11,8.663,357500.0,2026-08-12,10.942,365000.0,2026-08-13,12.158,369000.0,2026-08-14,12.158,369000.0,2026-08-18,5.471,347000.0,2026-08-19,13.678,374000.0,2026-08-20,20.213,395500.0,2026-08-21,,,,,,,,,,,,,,,,,,,,,,2026-08-21,20.213,-1.976,21.581,-5.167,,,,,,,
028260,삼성물산,2026-08-04,2026-08-04,REJECTED,0,NO_RISING_CHANNEL,,영상 방식의 상승 평행채널을 안정적으로 구성하지 못함,,,,,,,,,,,,,,,,,,,,,,,,,,2026-08-01,2026-08-21,322500.0,12,0,7.752,347500.0,2026-08-05,3.566,334000.0,2026-08-06,4.341,336500.0,2026-08-07,4.186,336000.0,2026-08-10,6.822,344500.0,2026-08-11,10.853,357500.0,2026-08-12,13.178,365000.0,2026-08-13,14.419,369000.0,2026-08-14,14.419,369000.0,2026-08-18,7.597,347000.0,2026-08-19,15.969,374000.0,2026-08-20,22.636,395500.0,2026-08-21,,,,,,,,,,,,,,,,,,,,,,,,,2026-08-21,22.636,3.566,24.031,-0.155,,,,,,,
028260,삼성물산,2026-08-05,2026-08-05,REJECTED,0,NO_RISING_CHANNEL,,영상 방식의 상승 평행채널을 안정적으로 구성하지 못함,,,,,,,,,,,,,,,,,,,,,,,,,,2026-08-01,2026-08-21,347500.0,11,0,-3.885,334000.0,2026-08-06,-3.165,336500.0,2026-08-07,-3.309,336000.0,2026-08-10,-0.863,344500.0,2026-08-11,2.878,357500.0,2026-08-12,5.036,365000.0,2026-08-13,6.187,369000.0,2026-08-14,6.187,369000.0,2026-08-18,-0.144,347000.0,2026-08-19,7.626,374000.0,2026-08-20,13.813,395500.0,2026-08-21,,,,,,,,,,,,,,,,,,,,,,,,,,,,2026-08-21,13.813,-3.885,15.108,-7.338,,,,,,,
028260,삼성물산,2026-08-06,2026-08-06,REJECTED,0,NO_RISING_CHANNEL,,영상 방식의 상승 평행채널을 안정적으로 구성하지 못함,,,,,,,,,,,,,,,,,,,,,,,,,,2026-08-01,2026-08-21,334000.0,10,0,0.749,336500.0,2026-08-07,0.599,336000.0,2026-08-10,3.144,344500.0,2026-08-11,7.036,357500.0,2026-08-12,9.281,365000.0,2026-08-13,10.479,369000.0,2026-08-14,10.479,369000.0,2026-08-18,3.892,347000.0,2026-08-19,11.976,374000.0,2026-08-20,18.413,395500.0,2026-08-21,,,,,,,,,,,,,,,,,,,,,,,,,,,,,,,2026-08-21,18.413,0.599,19.76,-3.144,,,,,,,
028260,삼성물산,2026-08-07,2026-08-07,REJECTED,0,NO_RISING_CHANNEL,,영상 방식의 상승 평행채널을 안정적으로 구성하지 못함,,,,,,,,,,,,,,,,,,,,,,,,,,2026-08-01,2026-08-21,336500.0,9,0,-0.149,336000.0,2026-08-10,2.377,344500.0,2026-08-11,6.241,357500.0,2026-08-12,8.47,365000.0,2026-08-13,9.658,369000.0,2026-08-14,9.658,369000.0,2026-08-18,3.12,347000.0,2026-08-19,11.144,374000.0,2026-08-20,17.533,395500.0,2026-08-21,,,,,,,,,,,,,,,,,,,,,,,,,,,,,,,,,,2026-08-21,17.533,-0.149,18.871,-2.972,,,,,,,
028260,삼성물산,2026-08-10,2026-08-10,REJECTED,0,NO_RISING_CHANNEL,,영상 방식의 상승 평행채널을 안정적으로 구성하지 못함,,,,,,,,,,,,,,,,,,,,,,,,,,2026-08-01,2026-08-21,336000.0,8,0,2.53,344500.0,2026-08-11,6.399,357500.0,2026-08-12,8.631,365000.0,2026-08-13,9.821,369000.0,2026-08-14,9.821,369000.0,2026-08-18,3.274,347000.0,2026-08-19,11.31,374000.0,2026-08-20,17.708,395500.0,2026-08-21,,,,,,,,,,,,,,,,,,,,,,,,,,,,,,,,,,,,,2026-08-21,17.708,2.53,19.048,-2.381,,,,,,,
028260,삼성물산,2026-08-11,2026-08-11,REJECTED,0,NO_RISING_CHANNEL,,영상 방식의 상승 평행채널을 안정적으로 구성하지 못함,,,,,,,,,,,,,,,,,,,,,,,,,,2026-08-01,2026-08-21,344500.0,7,0,3.774,357500.0,2026-08-12,5.951,365000.0,2026-08-13,7.112,369000.0,2026-08-14,7.112,369000.0,2026-08-18,0.726,347000.0,2026-08-19,8.563,374000.0,2026-08-20,14.804,395500.0,2026-08-21,,,,,,,,,,,,,,,,,,,,,,,,,,,,,,,,,,,,,,,,2026-08-21,14.804,0.726,16.11,-2.612,,,,,,,
028260,삼성물산,2026-08-12,2026-08-12,REJECTED,0,NO_RISING_CHANNEL,,영상 방식의 상승 평행채널을 안정적으로 구성하지 못함,,,,,,,,,,,,,,,,,,,,,,,,,,2026-08-01,2026-08-21,357500.0,6,0,2.098,365000.0,2026-08-13,3.217,369000.0,2026-08-14,3.217,369000.0,2026-08-18,-2.937,347000.0,2026-08-19,4.615,374000.0,2026-08-20,10.629,395500.0,2026-08-21,,,,,,,,,,,,,,,,,,,,,,,,,,,,,,,,,,,,,,,,,,,2026-08-21,10.629,-2.937,11.888,-6.154,,,,,,,
028260,삼성물산,2026-08-13,2026-08-13,REJECTED,0,NO_RISING_CHANNEL,,영상 방식의 상승 평행채널을 안정적으로 구성하지 못함,,,,,,,,,,,,,,,,,,,,,,,,,,2026-08-01,2026-08-21,365000.0,5,0,1.096,369000.0,2026-08-14,1.096,369000.0,2026-08-18,-4.932,347000.0,2026-08-19,2.466,374000.0,2026-08-20,8.356,395500.0,2026-08-21,,,,,,,,,,,,,,,,,,,,,,,,,,,,,,,,,,,,,,,,,,,,,,2026-08-21,8.356,-4.932,9.589,-8.082,,,,,,,
028260,삼성물산,2026-08-14,2026-08-14,REJECTED,0,NO_RISING_CHANNEL,,영상 방식의 상승 평행채널을 안정적으로 구성하지 못함,,,,,,,,,,,,,,,,,,,,,,,,,,2026-08-01,2026-08-21,369000.0,4,0,0.0,369000.0,2026-08-18,-5.962,347000.0,2026-08-19,1.355,374000.0,2026-08-20,7.182,395500.0,2026-08-21,,,,,,,,,,,,,,,,,,,,,,,,,,,,,,,,,,,,,,,,,,,,,,,,,2026-08-21,7.182,-5.962,8.401,-9.079,,,,,,,
028260,삼성물산,2026-08-18,2026-08-18,REJECTED,0,NO_RISING_CHANNEL,,영상 방식의 상승 평행채널을 안정적으로 구성하지 못함,,,,,,,,,,,,,,,,,,,,,,,,,,2026-08-01,2026-08-21,369000.0,3,0,-5.962,347000.0,2026-08-19,1.355,374000.0,2026-08-20,7.182,395500.0,2026-08-21,,,,,,,,,,,,,,,,,,,,,,,,,,,,,,,,,,,,,,,,,,,,,,,,,,,,2026-08-21,7.182,-5.962,8.401,-9.079,,,,,,,
028260,삼성물산,2026-08-19,2026-08-19,REJECTED,0,NO_RISING_CHANNEL,,영상 방식의 상승 평행채널을 안정적으로 구성하지 못함,,,,,,,,,,,,,,,,,,,,,,,,,,2026-08-01,2026-08-21,347000.0,2,0,7.781,374000.0,2026-08-20,13.977,395500.0,2026-08-21,,,,,,,,,,,,,,,,,,,,,,,,,,,,,,,,,,,,,,,,,,,,,,,,,,,,,,,2026-08-21,13.977,7.781,15.274,0.576,,,,,,,
028260,삼성물산,2026-08-20,2026-08-20,REJECTED,0,NO_RISING_CHANNEL,,영상 방식의 상승 평행채널을 안정적으로 구성하지 못함,,,,,,,,,,,,,,,,,,,,,,,,,,2026-08-01,2026-08-21,374000.0,1,0,5.749,395500.0,2026-08-21,,,,,,,,,,,,,,,,,,,,,,,,,,,,,,,,,,,,,,,,,,,,,,,,,,,,,,,,,,2026-08-21,5.749,5.749,6.952,-1.604,,,,,,,
028260,삼성물산,2026-08-21,2026-08-21,REJECTED,0,NO_RISING_CHANNEL,,영상 방식의 상승 평행채널을 안정적으로 구성하지 못함,,,,,,,,,,,,,,,,,,,,,,,,,,2026-08-01,2026-08-21,395500.0,0,0,,,,,,,,,,,,,,,,,,,,,,,,,,,,,,,,,,,,,,,,,,,,,,,,,,,,,,,,,,,,,,,,,,,,,,,,
329180,HD현대중공업,2026-08-03,2026-08-03,REJECTED,0,NO_RISING_CHANNEL,,영상 방식의 상승 평행채널을 안정적으로 구성하지 못함,,,,,,,,,,,,,,,,,,,,,,,,,,2026-08-01,2026-08-21,470500.0,13,0,2.657,483000.0,2026-08-04,8.183,509000.0,2026-08-05,7.758,507000.0,2026-08-06,7.545,506000.0,2026-08-07,13.071,532000.0,2026-08-10,6.908,503000.0,2026-08-11,5.42,496000.0,2026-08-12,5.42,496000.0,2026-08-13,8.395,510000.0,2026-08-14,4.038,489500.0,2026-08-18,0.744,474000.0,2026-08-19,1.063,475500.0,2026-08-20,-3.719,453000.0,2026-08-21,,,,,,,,,,,,,,,,,,,,,,2026-08-21,13.071,-3.719,15.197,-4.038,,,,,,,
329180,HD현대중공업,2026-08-04,2026-08-04,REJECTED,0,NO_RISING_CHANNEL,,영상 방식의 상승 평행채널을 안정적으로 구성하지 못함,,,,,,,,,,,,,,,,,,,,,,,,,,2026-08-01,2026-08-21,483000.0,12,0,5.383,509000.0,2026-08-05,4.969,507000.0,2026-08-06,4.762,506000.0,2026-08-07,10.145,532000.0,2026-08-10,4.141,503000.0,2026-08-11,2.692,496000.0,2026-08-12,2.692,496000.0,2026-08-13,5.59,510000.0,2026-08-14,1.346,489500.0,2026-08-18,-1.863,474000.0,2026-08-19,-1.553,475500.0,2026-08-20,-6.211,453000.0,2026-08-21,,,,,,,,,,,,,,,,,,,,,,,,,2026-08-21,10.145,-6.211,12.215,-6.522,,,,,,,
329180,HD현대중공업,2026-08-05,2026-08-05,REJECTED,0,NO_RISING_CHANNEL,,영상 방식의 상승 평행채널을 안정적으로 구성하지 못함,,,,,,,,,,,,,,,,,,,,,,,,,,2026-08-01,2026-08-21,509000.0,11,0,-0.393,507000.0,2026-08-06,-0.589,506000.0,2026-08-07,4.519,532000.0,2026-08-10,-1.179,503000.0,2026-08-11,-2.554,496000.0,2026-08-12,-2.554,496000.0,2026-08-13,0.196,510000.0,2026-08-14,-3.831,489500.0,2026-08-18,-6.876,474000.0,2026-08-19,-6.582,475500.0,2026-08-20,-11.002,453000.0,2026-08-21,,,,,,,,,,,,,,,,,,,,,,,,,,,,2026-08-21,4.519,-11.002,6.483,-11.297,,,,,,,
329180,HD현대중공업,2026-08-06,2026-08-06,REJECTED,0,NO_RISING_CHANNEL,,영상 방식의 상승 평행채널을 안정적으로 구성하지 못함,,,,,,,,,,,,,,,,,,,,,,,,,,2026-08-01,2026-08-21,507000.0,10,0,-0.197,506000.0,2026-08-07,4.931,532000.0,2026-08-10,-0.789,503000.0,2026-08-11,-2.17,496000.0,2026-08-12,-2.17,496000.0,2026-08-13,0.592,510000.0,2026-08-14,-3.452,489500.0,2026-08-18,-6.509,474000.0,2026-08-19,-6.213,475500.0,2026-08-20,-10.651,453000.0,2026-08-21,,,,,,,,,,,,,,,,,,,,,,,,,,,,,,,2026-08-21,4.931,-10.651,6.903,-10.947,,,,,,,
329180,HD현대중공업,2026-08-07,2026-08-07,REJECTED,0,NO_RISING_CHANNEL,,영상 방식의 상승 평행채널을 안정적으로 구성하지 못함,,,,,,,,,,,,,,,,,,,,,,,,,,2026-08-01,2026-08-21,506000.0,9,0,5.138,532000.0,2026-08-10,-0.593,503000.0,2026-08-11,-1.976,496000.0,2026-08-12,-1.976,496000.0,2026-08-13,0.791,510000.0,2026-08-14,-3.261,489500.0,2026-08-18,-6.324,474000.0,2026-08-19,-6.028,475500.0,2026-08-20,-10.474,453000.0,2026-08-21,,,,,,,,,,,,,,,,,,,,,,,,,,,,,,,,,,2026-08-21,5.138,-10.474,7.115,-10.771,,,,,,,
329180,HD현대중공업,2026-08-10,2026-08-10,REJECTED,0,NO_RISING_CHANNEL,,영상 방식의 상승 평행채널을 안정적으로 구성하지 못함,,,,,,,,,,,,,,,,,,,,,,,,,,2026-08-01,2026-08-21,532000.0,8,0,-5.451,503000.0,2026-08-11,-6.767,496000.0,2026-08-12,-6.767,496000.0,2026-08-13,-4.135,510000.0,2026-08-14,-7.989,489500.0,2026-08-18,-10.902,474000.0,2026-08-19,-10.62,475500.0,2026-08-20,-14.85,453000.0,2026-08-21,,,,,,,,,,,,,,,,,,,,,,,,,,,,,,,,,,,,,2026-08-21,-4.135,-14.85,1.88,-15.132,,,,,,,
329180,HD현대중공업,2026-08-11,2026-08-11,REJECTED,0,NO_RISING_CHANNEL,,영상 방식의 상승 평행채널을 안정적으로 구성하지 못함,,,,,,,,,,,,,,,,,,,,,,,,,,2026-08-01,2026-08-21,503000.0,7,0,-1.392,496000.0,2026-08-12,-1.392,496000.0,2026-08-13,1.392,510000.0,2026-08-14,-2.684,489500.0,2026-08-18,-5.765,474000.0,2026-08-19,-5.467,475500.0,2026-08-20,-9.94,453000.0,2026-08-21,,,,,,,,,,,,,,,,,,,,,,,,,,,,,,,,,,,,,,,,2026-08-21,1.392,-9.94,2.783,-10.239,,,,,,,
329180,HD현대중공업,2026-08-12,2026-08-12,REJECTED,0,NO_RISING_CHANNEL,,영상 방식의 상승 평행채널을 안정적으로 구성하지 못함,,,,,,,,,,,,,,,,,,,,,,,,,,2026-08-01,2026-08-21,496000.0,6,0,0.0,496000.0,2026-08-13,2.823,510000.0,2026-08-14,-1.31,489500.0,2026-08-18,-4.435,474000.0,2026-08-19,-4.133,475500.0,2026-08-20,-8.669,453000.0,2026-08-21,,,,,,,,,,,,,,,,,,,,,,,,,,,,,,,,,,,,,,,,,,,2026-08-21,2.823,-8.669,4.234,-8.972,,,,,,,
329180,HD현대중공업,2026-08-13,2026-08-13,REJECTED,0,NO_RISING_CHANNEL,,영상 방식의 상승 평행채널을 안정적으로 구성하지 못함,,,,,,,,,,,,,,,,,,,,,,,,,,2026-08-01,2026-08-21,496000.0,5,0,2.823,510000.0,2026-08-14,-1.31,489500.0,2026-08-18,-4.435,474000.0,2026-08-19,-4.133,475500.0,2026-08-20,-8.669,453000.0,2026-08-21,,,,,,,,,,,,,,,,,,,,,,,,,,,,,,,,,,,,,,,,,,,,,,2026-08-21,2.823,-8.669,4.234,-8.972,,,,,,,
329180,HD현대중공업,2026-08-14,2026-08-14,REJECTED,0,NO_RISING_CHANNEL,,영상 방식의 상승 평행채널을 안정적으로 구성하지 못함,,,,,,,,,,,,,,,,,,,,,,,,,,2026-08-01,2026-08-21,510000.0,4,0,-4.02,489500.0,2026-08-18,-7.059,474000.0,2026-08-19,-6.765,475500.0,2026-08-20,-11.176,453000.0,2026-08-21,,,,,,,,,,,,,,,,,,,,,,,,,,,,,,,,,,,,,,,,,,,,,,,,,2026-08-21,-4.02,-11.176,-0.588,-11.471,,,,,,,
329180,HD현대중공업,2026-08-18,2026-08-18,REJECTED,0,NO_RISING_CHANNEL,,영상 방식의 상승 평행채널을 안정적으로 구성하지 못함,,,,,,,,,,,,,,,,,,,,,,,,,,2026-08-01,2026-08-21,489500.0,3,0,-3.166,474000.0,2026-08-19,-2.86,475500.0,2026-08-20,-7.457,453000.0,2026-08-21,,,,,,,,,,,,,,,,,,,,,,,,,,,,,,,,,,,,,,,,,,,,,,,,,,,,2026-08-21,-2.86,-7.457,-1.328,-7.763,,,,,,,
329180,HD현대중공업,2026-08-19,2026-08-19,REJECTED,0,NO_RISING_CHANNEL,,영상 방식의 상승 평행채널을 안정적으로 구성하지 못함,,,,,,,,,,,,,,,,,,,,,,,,,,2026-08-01,2026-08-21,474000.0,2,0,0.316,475500.0,2026-08-20,-4.43,453000.0,2026-08-21,,,,,,,,,,,,,,,,,,,,,,,,,,,,,,,,,,,,,,,,,,,,,,,,,,,,,,,2026-08-21,0.316,-4.43,1.266,-4.747,,,,,,,
329180,HD현대중공업,2026-08-20,2026-08-20,REJECTED,0,NO_RISING_CHANNEL,,영상 방식의 상승 평행채널을 안정적으로 구성하지 못함,,,,,,,,,,,,,,,,,,,,,,,,,,2026-08-01,2026-08-21,475500.0,1,0,-4.732,453000.0,2026-08-21,,,,,,,,,,,,,,,,,,,,,,,,,,,,,,,,,,,,,,,,,,,,,,,,,,,,,,,,,,2026-08-21,-4.732,-4.732,-1.998,-5.047,,,,,,,
329180,HD현대중공업,2026-08-21,2026-08-21,REJECTED,0,NO_RISING_CHANNEL,,영상 방식의 상승 평행채널을 안정적으로 구성하지 못함,,,,,,,,,,,,,,,,,,,,,,,,,,2026-08-01,2026-08-21,453000.0,0,0,,,,,,,,,,,,,,,,,,,,,,,,,,,,,,,,,,,,,,,,,,,,,,,,,,,,,,,,,,,,,,,,,,,,,,,,
207940,삼성바이오로직스,2026-08-03,2026-08-03,REJECTED,35,TREND_BROKEN_OR_NOT_UPTREND,상승추세 안의 단기 조정 + 전저점 유지 | 상승 평행채널 유효(커버리지 90%) | 최근 추세 하단(싼 구간) 접촉 | 추세 하단 부근 쌍바닥/Higher-Low 형태,중기 상승 구조 미확인,1423000.0,False,9.65,True,0.9024,0.5126,True,1329400.0,1420700.0,1445000.0,1512000.0,1289518.0,-0.16,6.25,True,False,False,7.15,False,False,False,,False,False,,2026-08-01,2026-08-21,1423000.0,13,0,3.725,1476000.0,2026-08-04,4.779,1491000.0,2026-08-05,6.395,1514000.0,2026-08-06,9.346,1556000.0,2026-08-07,10.26,1569000.0,2026-08-10,13.071,1609000.0,2026-08-11,8.855,1549000.0,2026-08-12,9.909,1564000.0,2026-08-13,8.784,1548000.0,2026-08-14,7.59,1531000.0,2026-08-18,8.503,1544000.0,2026-08-19,10.611,1574000.0,2026-08-20,8.995,1551000.0,2026-08-21,,,,,,,,,,,,,,,,,,,,,,2026-08-21,13.071,3.725,15.601,-1.195,,,,,,,
207940,삼성바이오로직스,2026-08-04,2026-08-04,REJECTED,48,TREND_BROKEN_OR_NOT_UPTREND,상승추세 안의 단기 조정 + 전저점 유지 | 상승 평행채널 유효(커버리지 90%) | 최근 추세 하단(싼 구간) 접촉 | 추세 하단 부근 쌍바닥/Higher-Low 형태 | 쌍바닥 넥라인 돌파 확인 | 이동평균선 밀집,중기 상승 구조 미확인,1476000.0,False,6.29,True,0.9048,0.7886,True,1332000.0,1423300.0,1445000.0,1514600.0,1292040.0,-3.57,2.62,True,True,True,5.89,False,False,False,,False,False,,2026-08-01,2026-08-21,1476000.0,12,0,1.016,1491000.0,2026-08-05,2.575,1514000.0,2026-08-06,5.42,1556000.0,2026-08-07,6.301,1569000.0,2026-08-10,9.011,1609000.0,2026-08-11,4.946,1549000.0,2026-08-12,5.962,1564000.0,2026-08-13,4.878,1548000.0,2026-08-14,3.726,1531000.0,2026-08-18,4.607,1544000.0,2026-08-19,6.64,1574000.0,2026-08-20,5.081,1551000.0,2026-08-21,,,,,,,,,,,,,,,,,,,,,,,,,2026-08-21,9.011,1.016,11.45,-0.203,,,,,,,
207940,삼성바이오로직스,2026-08-05,2026-08-05,REJECTED,58,TREND_BROKEN_OR_NOT_UPTREND,상승추세 안의 단기 조정 + 전저점 유지 | 상승 평행채널 유효(커버리지 91%) | 최근 추세 하단(싼 구간) 접촉 | 추세 하단 부근 쌍바닥/Higher-Low 형태 | 쌍바닥 넥라인 돌파 확인 | 이동평균선 밀집 | 이동평균선 재돌파 | 재상승 후 5일선 지지,중기 상승 구조 미확인,1491000.0,False,5.33,True,0.907,0.8565,True,1334600.0,1425900.0,1445000.0,1517200.0,1294562.0,-4.37,1.76,True,True,True,5.97,True,True,False,,False,False,,2026-08-01,2026-08-21,1491000.0,11,0,1.543,1514000.0,2026-08-06,4.359,1556000.0,2026-08-07,5.231,1569000.0,2026-08-10,7.914,1609000.0,2026-08-11,3.89,1549000.0,2026-08-12,4.896,1564000.0,2026-08-13,3.823,1548000.0,2026-08-14,2.683,1531000.0,2026-08-18,3.555,1544000.0,2026-08-19,5.567,1574000.0,2026-08-20,4.024,1551000.0,2026-08-21,,,,,,,,,,,,,,,,,,,,,,,,,,,,2026-08-21,7.914,1.543,10.329,-0.939,,,,,,,
207940,삼성바이오로직스,2026-08-06,2026-08-06,REJECTED,58,TREND_BROKEN_OR_NOT_UPTREND,상승추세 안의 단기 조정 + 전저점 유지 | 상승 평행채널 유효(커버리지 91%) | 최근 추세 하단(싼 구간) 접촉 | 추세 하단 부근 쌍바닥/Higher-Low 형태 | 쌍바닥 넥라인 돌파 확인 | 이동평균선 밀집 | 이동평균선 재돌파 | 재상승 후 5일선 지지,중기 상승 구조 미확인,1514000.0,False,3.87,True,0.9091,0.9682,True,1337200.0,1428500.0,1445000.0,1519800.0,1297084.0,-5.65,0.38,True,True,True,5.65,True,True,False,,False,False,,2026-08-01,2026-08-21,1514000.0,10,0,2.774,1556000.0,2026-08-07,3.633,1569000.0,2026-08-10,6.275,1609000.0,2026-08-11,2.312,1549000.0,2026-08-12,3.303,1564000.0,2026-08-13,2.246,1548000.0,2026-08-14,1.123,1531000.0,2026-08-18,1.982,1544000.0,2026-08-19,3.963,1574000.0,2026-08-20,2.444,1551000.0,2026-08-21,,,,,,,,,,,,,,,,,,,,,,,,,,,,,,,2026-08-21,6.275,1.123,8.653,-1.849,,,,,,,
207940,삼성바이오로직스,2026-08-07,2026-08-07,REJECTED,48,TREND_BROKEN_OR_NOT_UPTREND,상승 평행채널 유효(커버리지 100%) | 최근 추세 하단(싼 구간) 접촉 | 추세 하단 부근 쌍바닥/Higher-Low 형태 | 쌍바닥 넥라인 돌파 확인 | 이동평균선 밀집 | 이동평균선 재돌파 | 재상승 후 5일선 지지,중기 상승 구조 미확인,1556000.0,False,1.21,True,1.0,0.6049,True,1423333.3333,1533000.0,1445000.0,1642666.6667,1380633.3333,-1.48,5.57,True,True,True,6.29,True,True,False,,False,False,,2026-08-01,2026-08-21,1556000.0,9,0,0.835,1569000.0,2026-08-10,3.406,1609000.0,2026-08-11,-0.45,1549000.0,2026-08-12,0.514,1564000.0,2026-08-13,-0.514,1548000.0,2026-08-14,-1.607,1531000.0,2026-08-18,-0.771,1544000.0,2026-08-19,1.157,1574000.0,2026-08-20,-0.321,1551000.0,2026-08-21,,,,,,,,,,,,,,,,,,,,,,,,,,,,,,,,,,2026-08-21,3.406,-1.607,5.72,-4.499,,,,,,,
207940,삼성바이오로직스,2026-08-10,2026-08-10,REJECTED,40,TREND_BROKEN_OR_NOT_UPTREND,상승 평행채널 유효(커버리지 100%) | 최근 추세 하단(싼 구간) 접촉 | 추세 하단 부근 쌍바닥/Higher-Low 형태 | 쌍바닥 넥라인 돌파 확인 | 이동평균선 재돌파 | 재상승 후 5일선 지지,중기 상승 구조 미확인,1569000.0,False,0.38,True,1.0,0.6398,True,1428666.6667,1538333.3333,1445000.0,1648000.0,1385806.6667,-1.95,5.04,True,True,False,7.93,True,True,False,,False,False,,2026-08-01,2026-08-21,1569000.0,8,0,2.549,1609000.0,2026-08-11,-1.275,1549000.0,2026-08-12,-0.319,1564000.0,2026-08-13,-1.338,1548000.0,2026-08-14,-2.422,1531000.0,2026-08-18,-1.593,1544000.0,2026-08-19,0.319,1574000.0,2026-08-20,-1.147,1551000.0,2026-08-21,,,,,,,,,,,,,,,,,,,,,,,,,,,,,,,,,,,,,2026-08-21,2.549,-2.422,4.844,-5.29,,,,,,,
207940,삼성바이오로직스,2026-08-11,2026-08-11,REJECTED,40,TREND_BROKEN_OR_NOT_UPTREND,상승 평행채널 유효(커버리지 100%) | 최근 추세 하단(싼 구간) 접촉 | 추세 하단 부근 쌍바닥/Higher-Low 형태 | 쌍바닥 넥라인 돌파 확인 | 이동평균선 재돌파 | 재상승 후 5일선 지지,중기 상승 구조 미확인,1609000.0,False,0.86,True,1.0,0.7979,True,1434000.0,1543666.6667,1445000.0,1653333.3333,1390980.0,-4.06,2.76,True,True,False,9.22,True,True,False,,False,False,,2026-08-01,2026-08-21,1609000.0,7,0,-3.729,1549000.0,2026-08-12,-2.797,1564000.0,2026-08-13,-3.791,1548000.0,2026-08-14,-4.848,1531000.0,2026-08-18,-4.04,1544000.0,2026-08-19,-2.175,1574000.0,2026-08-20,-3.605,1551000.0,2026-08-21,,,,,,,,,,,,,,,,,,,,,,,,,,,,,,,,,,,,,,,,2026-08-21,-2.175,-4.848,2.237,-7.644,,,,,,,
207940,삼성바이오로직스,2026-08-12,2026-08-12,REJECTED,40,TREND_BROKEN_OR_NOT_UPTREND,상승추세 안의 단기 조정 + 전저점 유지 | 상승 평행채널 유효(커버리지 100%) | 최근 추세 하단(싼 구간) 접촉 | 추세 하단 부근 쌍바닥/Higher-Low 형태 | 쌍바닥 넥라인 돌파 확인,중기 상승 구조 미확인,1549000.0,False,4.85,True,1.0,0.5,True,1439333.3333,1549000.0,1445000.0,1658666.6667,1396153.3333,0.0,7.08,True,True,False,10.19,False,True,False,,False,False,,2026-08-01,2026-08-21,1549000.0,6,0,0.968,1564000.0,2026-08-13,-0.065,1548000.0,2026-08-14,-1.162,1531000.0,2026-08-18,-0.323,1544000.0,2026-08-19,1.614,1574000.0,2026-08-20,0.129,1551000.0,2026-08-21,,,,,,,,,,,,,,,,,,,,,,,,,,,,,,,,,,,,,,,,,,,2026-08-21,1.614,-1.162,6.198,-4.067,,,,,,,
207940,삼성바이오로직스,2026-08-13,2026-08-13,REJECTED,40,TREND_BROKEN_OR_NOT_UPTREND,상승추세 안의 단기 조정 + 전저점 유지 | 상승 평행채널 유효(커버리지 100%) | 최근 추세 하단(싼 구간) 접촉 | 추세 하단 부근 쌍바닥/Higher-Low 형태 | 쌍바닥 넥라인 돌파 확인,중기 상승 구조 미확인,1564000.0,False,3.93,True,1.0,0.5441,True,1444666.6667,1554333.3333,1445000.0,1664000.0,1401326.6667,-0.62,6.39,True,True,False,10.54,False,True,False,,False,False,,2026-08-01,2026-08-21,1564000.0,5,0,-1.023,1548000.0,2026-08-14,-2.11,1531000.0,2026-08-18,-1.279,1544000.0,2026-08-19,0.639,1574000.0,2026-08-20,-0.831,1551000.0,2026-08-21,,,,,,,,,,,,,,,,,,,,,,,,,,,,,,,,,,,,,,,,,,,,,,2026-08-21,0.639,-2.11,5.179,-4.987,,,,,,,
207940,삼성바이오로직스,2026-08-14,2026-08-14,REJECTED,40,TREND_BROKEN_OR_NOT_UPTREND,상승추세 안의 단기 조정 + 전저점 유지 | 상승 평행채널 유효(커버리지 100%) | 최근 추세 하단(싼 구간) 접촉 | 추세 하단 부근 쌍바닥/Higher-Low 형태 | 쌍바닥 넥라인 돌파 확인,중기 상승 구조 미확인,1548000.0,False,4.91,True,1.0,0.4468,True,1450000.0,1559666.6667,1445000.0,1669333.3333,1406500.0,0.75,7.84,True,True,False,10.33,False,True,False,,False,False,,2026-08-01,2026-08-21,1548000.0,4,0,-1.098,1531000.0,2026-08-18,-0.258,1544000.0,2026-08-19,1.68,1574000.0,2026-08-20,0.194,1551000.0,2026-08-21,,,,,,,,,,,,,,,,,,,,,,,,,,,,,,,,,,,,,,,,,,,,,,,,,2026-08-21,1.68,-1.098,6.266,-4.005,,,,,,,
207940,삼성바이오로직스,2026-08-18,2026-08-18,WATCH,60,LOWER_CHANNEL_WATCH,중기 Higher High + Higher Low | 상승추세 안의 단기 조정 + 전저점 유지 | 상승 평행채널 유효(커버리지 100%) | 최근 추세 하단(싼 구간) 접촉 | 추세 하단 부근 쌍바닥/Higher-Low 형태 | 쌍바닥 넥라인 돌파 확인,,1531000.0,True,5.96,True,1.0,0.4734,True,1431191.4894,1536617.0213,1628000.0,1642042.5532,1388255.7447,0.37,7.25,True,True,False,9.73,False,False,False,,False,False,,2026-08-01,2026-08-21,1531000.0,3,0,0.849,1544000.0,2026-08-19,2.809,1574000.0,2026-08-20,1.306,1551000.0,2026-08-21,,,,,,,,,,,,,,,,,,,,,,,,,,,,,,,,,,,,,,,,,,,,,,,,,,,,2026-08-21,2.809,0.849,7.446,-2.939,,1.0,1.0,0.0,0.0,TIMEOUT,2026-08-21
207940,삼성바이오로직스,2026-08-19,2026-08-19,WATCH,60,LOWER_CHANNEL_WATCH,중기 Higher High + Higher Low | 상승추세 안의 단기 조정 + 전저점 유지 | 상승 평행채널 유효(커버리지 100%) | 최근 추세 하단(싼 구간) 접촉 | 추세 하단 부근 쌍바닥/Higher-Low 형태 | 쌍바닥 넥라인 돌파 확인,,1544000.0,True,5.16,True,1.0,0.5128,True,1435872.3404,1541297.8723,1628000.0,1646723.4043,1392796.1702,-0.18,6.65,True,True,False,8.65,False,False,False,,False,False,,2026-08-01,2026-08-21,1544000.0,2,0,1.943,1574000.0,2026-08-20,0.453,1551000.0,2026-08-21,,,,,,,,,,,,,,,,,,,,,,,,,,,,,,,,,,,,,,,,,,,,,,,,,,,,,,,2026-08-21,1.943,0.453,6.541,-0.907,,,1.0,0.0,0.0,TIMEOUT,2026-08-21
207940,삼성바이오로직스,2026-08-20,2026-08-20,WATCH,70,LOWER_CHANNEL_WATCH,중기 Higher High + Higher Low | 상승추세 안의 단기 조정 + 전저점 유지 | 상승 평행채널 유효(커버리지 100%) | 최근 추세 하단(싼 구간) 접촉 | 추세 하단 부근 쌍바닥/Higher-Low 형태 | 쌍바닥 넥라인 돌파 확인 | 이동평균선 재돌파 | 재상승 후 5일선 지지,,1574000.0,True,4.32,True,1.0,0.6329,True,1440553.1915,1545978.7234,1628000.0,1651404.2553,1397336.5957,-1.78,4.92,True,True,False,8.63,True,True,False,,False,False,,2026-08-01,2026-08-21,1574000.0,1,0,-1.461,1551000.0,2026-08-21,,,,,,,,,,,,,,,,,,,,,,,,,,,,,,,,,,,,,,,,,,,,,,,,,,,,,,,,,,2026-08-21,-1.461,-1.461,-0.635,-2.795,,,0.0,0.0,0.0,TIMEOUT,2026-08-21
207940,삼성바이오로직스,2026-08-21,2026-08-21,WATCH,70,LOWER_CHANNEL_WATCH,중기 Higher High + Higher Low | 상승추세 안의 단기 조정 + 전저점 유지 | 상승 평행채널 유효(커버리지 100%) | 최근 추세 하단(싼 구간) 접촉 | 추세 하단 부근 쌍바닥/Higher-Low 형태 | 쌍바닥 넥라인 돌파 확인 | 이동평균선 재돌파 | 재상승 후 5일선 지지,,1551000.0,True,5.71,True,1.0,0.5016,True,1445234.0426,1550659.5745,1628000.0,1656085.1064,1401877.0213,-0.02,6.78,True,True,False,8.46,True,True,False,,False,False,,2026-08-01,2026-08-21,1551000.0,0,0,,,,,,,,,,,,,,,,,,,,,,,,,,,,,,,,,,,,,,,,,,,,,,,,,,,,,,,,,,,,,,,,,,,,,,,,
034020,두산에너빌리티,2026-08-03,2026-08-03,REJECTED,0,NO_RISING_CHANNEL,,영상 방식의 상승 평행채널을 안정적으로 구성하지 못함,,,,,,,,,,,,,,,,,,,,,,,,,,2026-08-01,2026-08-21,67700.0,13,0,7.829,73000.0,2026-08-04,13.737,77000.0,2026-08-05,12.851,76400.0,2026-08-06,13.885,77100.0,2026-08-07,18.021,79900.0,2026-08-10,15.066,77900.0,2026-08-11,18.612,80300.0,2026-08-12,19.498,80900.0,2026-08-13,22.009,82600.0,2026-08-14,15.066,77900.0,2026-08-18,12.555,76200.0,2026-08-19,12.112,75900.0,2026-08-20,8.272,73300.0,2026-08-21,,,,,,,,,,,,,,,,,,,,,,2026-08-21,22.009,7.829,26.588,0.295,,,,,,,
034020,두산에너빌리티,2026-08-04,2026-08-04,REJECTED,0,NO_RISING_CHANNEL,,영상 방식의 상승 평행채널을 안정적으로 구성하지 못함,,,,,,,,,,,,,,,,,,,,,,,,,,2026-08-01,2026-08-21,73000.0,12,0,5.479,77000.0,2026-08-05,4.658,76400.0,2026-08-06,5.616,77100.0,2026-08-07,9.452,79900.0,2026-08-10,6.712,77900.0,2026-08-11,10.0,80300.0,2026-08-12,10.822,80900.0,2026-08-13,13.151,82600.0,2026-08-14,6.712,77900.0,2026-08-18,4.384,76200.0,2026-08-19,3.973,75900.0,2026-08-20,0.411,73300.0,2026-08-21,,,,,,,,,,,,,,,,,,,,,,,,,2026-08-21,13.151,0.411,17.397,-0.685,,,,,,,
034020,두산에너빌리티,2026-08-05,2026-08-05,REJECTED,0,NO_RISING_CHANNEL,,영상 방식의 상승 평행채널을 안정적으로 구성하지 못함,,,,,,,,,,,,,,,,,,,,,,,,,,2026-08-01,2026-08-21,77000.0,11,0,-0.779,76400.0,2026-08-06,0.13,77100.0,2026-08-07,3.766,79900.0,2026-08-10,1.169,77900.0,2026-08-11,4.286,80300.0,2026-08-12,5.065,80900.0,2026-08-13,7.273,82600.0,2026-08-14,1.169,77900.0,2026-08-18,-1.039,76200.0,2026-08-19,-1.429,75900.0,2026-08-20,-4.805,73300.0,2026-08-21,,,,,,,,,,,,,,,,,,,,,,,,,,,,2026-08-21,7.273,-4.805,11.299,-5.844,,,,,,,
034020,두산에너빌리티,2026-08-06,2026-08-06,REJECTED,0,NO_RISING_CHANNEL,,영상 방식의 상승 평행채널을 안정적으로 구성하지 못함,,,,,,,,,,,,,,,,,,,,,,,,,,2026-08-01,2026-08-21,76400.0,10,0,0.916,77100.0,2026-08-07,4.581,79900.0,2026-08-10,1.963,77900.0,2026-08-11,5.105,80300.0,2026-08-12,5.89,80900.0,2026-08-13,8.115,82600.0,2026-08-14,1.963,77900.0,2026-08-18,-0.262,76200.0,2026-08-19,-0.654,75900.0,2026-08-20,-4.058,73300.0,2026-08-21,,,,,,,,,,,,,,,,,,,,,,,,,,,,,,,2026-08-21,8.115,-4.058,12.173,-5.105,,,,,,,
034020,두산에너빌리티,2026-08-07,2026-08-07,REJECTED,0,NO_RISING_CHANNEL,,영상 방식의 상승 평행채널을 안정적으로 구성하지 못함,,,,,,,,,,,,,,,,,,,,,,,,,,2026-08-01,2026-08-21,77100.0,9,0,3.632,79900.0,2026-08-10,1.038,77900.0,2026-08-11,4.15,80300.0,2026-08-12,4.929,80900.0,2026-08-13,7.134,82600.0,2026-08-14,1.038,77900.0,2026-08-18,-1.167,76200.0,2026-08-19,-1.556,75900.0,2026-08-20,-4.929,73300.0,2026-08-21,,,,,,,,,,,,,,,,,,,,,,,,,,,,,,,,,,2026-08-21,7.134,-4.929,11.154,-5.966,,,,,,,
034020,두산에너빌리티,2026-08-10,2026-08-10,REJECTED,0,NO_RISING_CHANNEL,,영상 방식의 상승 평행채널을 안정적으로 구성하지 못함,,,,,,,,,,,,,,,,,,,,,,,,,,2026-08-01,2026-08-21,79900.0,8,0,-2.503,77900.0,2026-08-11,0.501,80300.0,2026-08-12,1.252,80900.0,2026-08-13,3.379,82600.0,2026-08-14,-2.503,77900.0,2026-08-18,-4.631,76200.0,2026-08-19,-5.006,75900.0,2026-08-20,-8.26,73300.0,2026-08-21,,,,,,,,,,,,,,,,,,,,,,,,,,,,,,,,,,,,,2026-08-21,3.379,-8.26,7.259,-9.262,,,,,,,
034020,두산에너빌리티,2026-08-11,2026-08-11,REJECTED,0,NO_RISING_CHANNEL,,영상 방식의 상승 평행채널을 안정적으로 구성하지 못함,,,,,,,,,,,,,,,,,,,,,,,,,,2026-08-01,2026-08-21,77900.0,7,0,3.081,80300.0,2026-08-12,3.851,80900.0,2026-08-13,6.033,82600.0,2026-08-14,0.0,77900.0,2026-08-18,-2.182,76200.0,2026-08-19,-2.567,75900.0,2026-08-20,-5.905,73300.0,2026-08-21,,,,,,,,,,,,,,,,,,,,,,,,,,,,,,,,,,,,,,,,2026-08-21,6.033,-5.905,10.013,-6.932,,,,,,,
034020,두산에너빌리티,2026-08-12,2026-08-12,REJECTED,0,NO_RISING_CHANNEL,,영상 방식의 상승 평행채널을 안정적으로 구성하지 못함,,,,,,,,,,,,,,,,,,,,,,,,,,2026-08-01,2026-08-21,80300.0,6,0,0.747,80900.0,2026-08-13,2.864,82600.0,2026-08-14,-2.989,77900.0,2026-08-18,-5.106,76200.0,2026-08-19,-5.479,75900.0,2026-08-20,-8.717,73300.0,2026-08-21,,,,,,,,,,,,,,,,,,,,,,,,,,,,,,,,,,,,,,,,,,,2026-08-21,2.864,-8.717,6.725,-9.714,,,,,,,
034020,두산에너빌리티,2026-08-13,2026-08-13,REJECTED,0,NO_RISING_CHANNEL,,영상 방식의 상승 평행채널을 안정적으로 구성하지 못함,,,,,,,,,,,,,,,,,,,,,,,,,,2026-08-01,2026-08-21,80900.0,5,0,2.101,82600.0,2026-08-14,-3.708,77900.0,2026-08-18,-5.81,76200.0,2026-08-19,-6.18,75900.0,2026-08-20,-9.394,73300.0,2026-08-21,,,,,,,,,,,,,,,,,,,,,,,,,,,,,,,,,,,,,,,,,,,,,,2026-08-21,2.101,-9.394,5.933,-10.383,,,,,,,
034020,두산에너빌리티,2026-08-14,2026-08-14,REJECTED,0,NO_RISING_CHANNEL,,영상 방식의 상승 평행채널을 안정적으로 구성하지 못함,,,,,,,,,,,,,,,,,,,,,,,,,,2026-08-01,2026-08-21,82600.0,4,0,-5.69,77900.0,2026-08-18,-7.748,76200.0,2026-08-19,-8.111,75900.0,2026-08-20,-11.259,73300.0,2026-08-21,,,,,,,,,,,,,,,,,,,,,,,,,,,,,,,,,,,,,,,,,,,,,,,,,2026-08-21,-5.69,-11.259,0.484,-12.228,,,,,,,
034020,두산에너빌리티,2026-08-18,2026-08-18,REJECTED,0,NO_RISING_CHANNEL,,영상 방식의 상승 평행채널을 안정적으로 구성하지 못함,,,,,,,,,,,,,,,,,,,,,,,,,,2026-08-01,2026-08-21,77900.0,3,0,-2.182,76200.0,2026-08-19,-2.567,75900.0,2026-08-20,-5.905,73300.0,2026-08-21,,,,,,,,,,,,,,,,,,,,,,,,,,,,,,,,,,,,,,,,,,,,,,,,,,,,2026-08-21,-2.182,-5.905,0.0,-6.932,,,,,,,
034020,두산에너빌리티,2026-08-19,2026-08-19,REJECTED,0,NO_RISING_CHANNEL,,영상 방식의 상승 평행채널을 안정적으로 구성하지 못함,,,,,,,,,,,,,,,,,,,,,,,,,,2026-08-01,2026-08-21,76200.0,2,0,-0.394,75900.0,2026-08-20,-3.806,73300.0,2026-08-21,,,,,,,,,,,,,,,,,,,,,,,,,,,,,,,,,,,,,,,,,,,,,,,,,,,,,,,2026-08-21,-0.394,-3.806,2.231,-4.856,,,,,,,
034020,두산에너빌리티,2026-08-20,2026-08-20,REJECTED,30,TREND_BROKEN_OR_NOT_UPTREND,상승추세 안의 단기 조정 + 전저점 유지 | 상승 평행채널 유효(커버리지 100%) | 최근 추세 하단(싼 구간) 접촉,중기 상승 구조 미확인,75900.0,False,11.44,True,1.0,0.3723,True,68700.0,78370.0,85700.0,88040.0,66639.0,3.25,15.99,False,False,False,13.26,False,False,False,,False,False,,2026-08-01,2026-08-21,75900.0,1,0,-3.426,73300.0,2026-08-21,,,,,,,,,,,,,,,,,,,,,,,,,,,,,,,,,,,,,,,,,,,,,,,,,,,,,,,,,,2026-08-21,-3.426,-3.426,2.635,-4.48,,,,,,,
034020,두산에너빌리티,2026-08-21,2026-08-21,REJECTED,35,TREND_BROKEN_OR_NOT_UPTREND,상승추세 안의 단기 조정 + 전저점 유지 | 상승 평행채널 유효(커버리지 100%) | 최근 추세 하단(싼 구간) 접촉 | 현재도 채널 하단권,중기 상승 구조 미확인,73300.0,False,14.47,True,1.0,0.1975,True,69480.0,79150.0,85700.0,88820.0,67395.6,7.98,21.17,False,False,False,12.83,False,False,False,,False,False,,2026-08-01,2026-08-21,73300.0,0,0,,,,,,,,,,,,,,,,,,,,,,,,,,,,,,,,,,,,,,,,,,,,,,,,,,,,,,,,,,,,,,,,,,,,,,,,
000270,기아,2026-08-03,2026-08-03,REJECTED,35,TREND_BROKEN_OR_NOT_UPTREND,상승추세 안의 단기 조정 + 전저점 유지 | 상승 평행채널 유효(커버리지 91%) | 최근 추세 하단(싼 구간) 접촉 | 현재도 채널 하단권,중기 상승 구조 미확인,129600.0,False,20.44,True,0.9103,-0.106,True,134000.0,154760.0,162900.0,175520.0,129980.0,19.41,35.43,False,False,False,21.46,False,True,False,,False,False,,2026-08-01,2026-08-21,129600.0,13,0,0.0,129600.0,2026-08-04,2.623,133000.0,2026-08-05,3.086,133600.0,2026-08-06,4.09,134900.0,2026-08-07,4.552,135500.0,2026-08-10,3.627,134300.0,2026-08-11,4.63,135600.0,2026-08-12,6.019,137400.0,2026-08-13,9.336,141700.0,2026-08-14,5.864,137200.0,2026-08-18,2.623,133000.0,2026-08-19,1.157,131100.0,2026-08-20,1.003,130900.0,2026-08-21,,,,,,,,,,,,,,,,,,,,,,2026-08-21,9.336,0.0,9.877,-2.469,,,,,,,
000270,기아,2026-08-04,2026-08-04,REJECTED,35,TREND_BROKEN_OR_NOT_UPTREND,상승추세 안의 단기 조정 + 전저점 유지 | 상승 평행채널 유효(커버리지 90%) | 최근 추세 하단(싼 구간) 접촉 | 현재도 채널 하단권,중기 상승 구조 미확인,129600.0,False,20.44,True,0.8987,-0.1098,True,134160.0,154920.0,162900.0,175680.0,130135.2,19.54,35.56,False,False,False,19.9,False,True,False,,False,False,,2026-08-01,2026-08-21,129600.0,12,0,2.623,133000.0,2026-08-05,3.086,133600.0,2026-08-06,4.09,134900.0,2026-08-07,4.552,135500.0,2026-08-10,3.627,134300.0,2026-08-11,4.63,135600.0,2026-08-12,6.019,137400.0,2026-08-13,9.336,141700.0,2026-08-14,5.864,137200.0,2026-08-18,2.623,133000.0,2026-08-19,1.157,131100.0,2026-08-20,1.003,130900.0,2026-08-21,,,,,,,,,,,,,,,,,,,,,,,,,2026-08-21,9.336,1.003,9.877,-0.154,,,,,,,
000270,기아,2026-08-05,2026-08-05,REJECTED,35,TREND_BROKEN_OR_NOT_UPTREND,상승추세 안의 단기 조정 + 전저점 유지 | 상승 평행채널 유효(커버리지 90%) | 최근 추세 하단(싼 구간) 접촉 | 현재도 채널 하단권,중기 상승 구조 미확인,133000.0,False,18.35,True,0.9,-0.0318,True,134320.0,155080.0,162900.0,175840.0,130290.4,16.6,32.21,False,False,False,17.1,False,True,False,,False,False,,2026-08-01,2026-08-21,133000.0,11,0,0.451,133600.0,2026-08-06,1.429,134900.0,2026-08-07,1.88,135500.0,2026-08-10,0.977,134300.0,2026-08-11,1.955,135600.0,2026-08-12,3.308,137400.0,2026-08-13,6.541,141700.0,2026-08-14,3.158,137200.0,2026-08-18,0.0,133000.0,2026-08-19,-1.429,131100.0,2026-08-20,-1.579,130900.0,2026-08-21,,,,,,,,,,,,,,,,,,,,,,,,,,,,2026-08-21,6.541,-1.579,7.068,-2.707,,,,,,,
000270,기아,2026-08-06,2026-08-06,REJECTED,35,TREND_BROKEN_OR_NOT_UPTREND,상승추세 안의 단기 조정 + 전저점 유지 | 상승 평행채널 유효(커버리지 90%) | 최근 추세 하단(싼 구간) 접촉 | 현재도 채널 하단권,중기 상승 구조 미확인,133600.0,False,14.85,True,0.9012,-0.0212,True,134480.0,155240.0,162900.0,176000.0,130445.6,16.2,31.74,False,False,False,14.6,False,True,False,,False,False,,2026-08-01,2026-08-21,133600.0,10,0,0.973,134900.0,2026-08-07,1.422,135500.0,2026-08-10,0.524,134300.0,2026-08-11,1.497,135600.0,2026-08-12,2.844,137400.0,2026-08-13,6.063,141700.0,2026-08-14,2.695,137200.0,2026-08-18,-0.449,133000.0,2026-08-19,-1.871,131100.0,2026-08-20,-2.021,130900.0,2026-08-21,,,,,,,,,,,,,,,,,,,,,,,,,,,,,,,2026-08-21,6.063,-2.021,6.587,-3.144,,,,,,,
000270,기아,2026-08-07,2026-08-07,REJECTED,35,TREND_BROKEN_OR_NOT_UPTREND,상승추세 안의 단기 조정 + 전저점 유지 | 상승 평행채널 유효(커버리지 90%) | 최근 추세 하단(싼 구간) 접촉 | 현재도 채널 하단권,중기 상승 구조 미확인,134900.0,False,11.25,True,0.9024,0.0063,True,134640.0,155400.0,162900.0,176160.0,130600.8,15.2,30.59,False,False,False,13.6,False,True,False,,False,False,,2026-08-01,2026-08-21,134900.0,9,0,0.445,135500.0,2026-08-10,-0.445,134300.0,2026-08-11,0.519,135600.0,2026-08-12,1.853,137400.0,2026-08-13,5.041,141700.0,2026-08-14,1.705,137200.0,2026-08-18,-1.408,133000.0,2026-08-19,-2.817,131100.0,2026-08-20,-2.965,130900.0,2026-08-21,,,,,,,,,,,,,,,,,,,,,,,,,,,,,,,,,,2026-08-21,5.041,-2.965,5.56,-4.077,,,,,,,
000270,기아,2026-08-10,2026-08-10,REJECTED,35,TREND_BROKEN_OR_NOT_UPTREND,상승추세 안의 단기 조정 + 전저점 유지 | 상승 평행채널 유효(커버리지 90%) | 최근 추세 하단(싼 구간) 접촉 | 현재도 채널 하단권,중기 상승 구조 미확인,135500.0,False,10.32,True,0.9036,0.0169,True,134800.0,155560.0,162900.0,176320.0,130756.0,14.8,30.13,False,False,False,12.13,False,True,False,,False,False,,2026-08-01,2026-08-21,135500.0,8,0,-0.886,134300.0,2026-08-11,0.074,135600.0,2026-08-12,1.402,137400.0,2026-08-13,4.576,141700.0,2026-08-14,1.255,137200.0,2026-08-18,-1.845,133000.0,2026-08-19,-3.247,131100.0,2026-08-20,-3.395,130900.0,2026-08-21,,,,,,,,,,,,,,,,,,,,,,,,,,,,,,,,,,,,,2026-08-21,4.576,-3.395,5.092,-4.502,,,,,,,
000270,기아,2026-08-11,2026-08-11,REJECTED,35,TREND_BROKEN_OR_NOT_UPTREND,상승추세 안의 단기 조정 + 전저점 유지 | 상승 평행채널 유효(커버리지 90%) | 최근 추세 하단(싼 구간) 접촉 | 현재도 채널 하단권,중기 상승 구조 미확인,134300.0,False,10.76,True,0.9048,-0.0159,True,134960.0,155720.0,162900.0,176480.0,130911.2,15.95,31.41,False,False,False,10.99,False,True,False,,False,False,,2026-08-01,2026-08-21,134300.0,7,0,0.968,135600.0,2026-08-12,2.308,137400.0,2026-08-13,5.51,141700.0,2026-08-14,2.159,137200.0,2026-08-18,-0.968,133000.0,2026-08-19,-2.383,131100.0,2026-08-20,-2.532,130900.0,2026-08-21,,,,,,,,,,,,,,,,,,,,,,,,,,,,,,,,,,,,,,,,2026-08-21,5.51,-2.532,6.031,-3.649,,,,,,,
000270,기아,2026-08-12,2026-08-12,REJECTED,35,TREND_BROKEN_OR_NOT_UPTREND,상승추세 안의 단기 조정 + 전저점 유지 | 상승 평행채널 유효(커버리지 91%) | 최근 추세 하단(싼 구간) 접촉 | 현재도 채널 하단권,중기 상승 구조 미확인,135600.0,False,9.9,True,0.9059,0.0116,True,135120.0,155880.0,162900.0,176640.0,131066.4,14.96,30.27,False,False,False,10.1,False,True,False,,False,False,,2026-08-01,2026-08-21,135600.0,6,0,1.327,137400.0,2026-08-13,4.499,141700.0,2026-08-14,1.18,137200.0,2026-08-18,-1.917,133000.0,2026-08-19,-3.319,131100.0,2026-08-20,-3.466,130900.0,2026-08-21,,,,,,,,,,,,,,,,,,,,,,,,,,,,,,,,,,,,,,,,,,,2026-08-21,4.499,-3.466,5.015,-4.572,,,,,,,
000270,기아,2026-08-13,2026-08-13,REJECTED,35,TREND_BROKEN_OR_NOT_UPTREND,상승추세 안의 단기 조정 + 전저점 유지 | 상승 평행채널 유효(커버리지 91%) | 최근 추세 하단(싼 구간) 접촉 | 현재도 채널 하단권,중기 상승 구조 미확인,137400.0,False,8.7,True,0.907,0.0511,True,135280.0,156040.0,162900.0,176800.0,131221.6,13.57,28.68,False,False,False,9.86,False,True,False,,False,False,,2026-08-01,2026-08-21,137400.0,5,0,3.13,141700.0,2026-08-14,-0.146,137200.0,2026-08-18,-3.202,133000.0,2026-08-19,-4.585,131100.0,2026-08-20,-4.731,130900.0,2026-08-21,,,,,,,,,,,,,,,,,,,,,,,,,,,,,,,,,,,,,,,,,,,,,,2026-08-21,3.13,-4.731,3.639,-5.822,,,,,,,
000270,기아,2026-08-14,2026-08-14,REJECTED,35,TREND_BROKEN_OR_NOT_UPTREND,상승추세 안의 단기 조정 + 전저점 유지 | 상승 평행채널 유효(커버리지 89%) | 최근 추세 하단(싼 구간) 접촉 | 현재도 채널 하단권,중기 상승 구조 미확인,141700.0,False,5.72,True,0.8851,0.0897,True,137669.7674,160134.8837,162900.0,182600.0,133539.6744,13.01,28.86,False,False,False,9.69,False,True,False,,False,False,,2026-08-01,2026-08-21,141700.0,4,0,-3.176,137200.0,2026-08-18,-6.14,133000.0,2026-08-19,-7.481,131100.0,2026-08-20,-7.622,130900.0,2026-08-21,,,,,,,,,,,,,,,,,,,,,,,,,,,,,,,,,,,,,,,,,,,,,,,,,2026-08-21,-3.176,-7.622,0.423,-8.68,,,,,,,
000270,기아,2026-08-18,2026-08-18,REJECTED,35,TREND_BROKEN_OR_NOT_UPTREND,상승추세 안의 단기 조정 + 전저점 유지 | 상승 평행채널 유효(커버리지 89%) | 최근 추세 하단(싼 구간) 접촉 | 현재도 채널 하단권,중기 상승 구조 미확인,137200.0,False,8.72,True,0.8864,-0.0155,True,137895.3488,160360.4651,162900.0,182825.5814,133758.4884,16.88,33.25,False,False,False,9.96,False,True,False,,False,False,,2026-08-01,2026-08-21,137200.0,3,0,-3.061,133000.0,2026-08-19,-4.446,131100.0,2026-08-20,-4.592,130900.0,2026-08-21,,,,,,,,,,,,,,,,,,,,,,,,,,,,,,,,,,,,,,,,,,,,,,,,,,,,2026-08-21,-3.061,-4.592,-1.895,-5.685,,,,,,,
000270,기아,2026-08-19,2026-08-19,REJECTED,35,TREND_BROKEN_OR_NOT_UPTREND,상승추세 안의 단기 조정 + 전저점 유지 | 상승 평행채널 유효(커버리지 91%) | 최근 추세 하단(싼 구간) 접촉 | 현재도 채널 하단권,중기 상승 구조 미확인,133000.0,False,11.51,True,0.9101,-0.0665,True,135760.0,156520.0,162900.0,177280.0,131687.2,17.68,33.29,False,False,False,10.28,False,False,False,,False,False,,2026-08-01,2026-08-21,133000.0,2,0,-1.429,131100.0,2026-08-20,-1.579,130900.0,2026-08-21,,,,,,,,,,,,,,,,,,,,,,,,,,,,,,,,,,,,,,,,,,,,,,,,,,,,,,,2026-08-21,-1.429,-1.579,1.203,-2.707,,,,,,,
000270,기아,2026-08-20,2026-08-20,REJECTED,35,TREND_BROKEN_OR_NOT_UPTREND,상승추세 안의 단기 조정 + 전저점 유지 | 상승 평행채널 유효(커버리지 90%) | 최근 추세 하단(싼 구간) 접촉 | 현재도 채널 하단권,중기 상승 구조 미확인,131100.0,False,12.6,True,0.9,-0.1161,True,135920.0,156680.0,142400.0,177440.0,131842.4,19.51,35.35,False,False,False,10.6,False,False,False,,False,False,,2026-08-01,2026-08-21,131100.0,1,0,-0.153,130900.0,2026-08-21,,,,,,,,,,,,,,,,,,,,,,,,,,,,,,,,,,,,,,,,,,,,,,,,,,,,,,,,,,2026-08-21,-0.153,-0.153,0.534,-1.297,,,,,,,
000270,기아,2026-08-21,2026-08-21,REJECTED,35,TREND_BROKEN_OR_NOT_UPTREND,상승추세 안의 단기 조정 + 전저점 유지 | 상승 평행채널 유효(커버리지 89%) | 최근 추세 하단(싼 구간) 접촉 | 현재도 채널 하단권,중기 상승 구조 미확인,130900.0,False,10.83,True,0.8901,-0.1248,True,136080.0,156840.0,142400.0,177600.0,131997.6,19.82,35.68,False,False,False,10.87,False,False,False,,False,False,,2026-08-01,2026-08-21,130900.0,0,0,,,,,,,,,,,,,,,,,,,,,,,,,,,,,,,,,,,,,,,,,,,,,,,,,,,,,,,,,,,,,,,,,,,,,,,,
012450,한화에어로스페이스,2026-08-03,2026-08-03,REJECTED,0,NO_RISING_CHANNEL,,영상 방식의 상승 평행채널을 안정적으로 구성하지 못함,,,,,,,,,,,,,,,,,,,,,,,,,,2026-08-01,2026-08-21,919000.0,13,0,9.249,1004000.0,2026-08-04,9.576,1007000.0,2026-08-05,14.69,1054000.0,2026-08-06,19.369,1097000.0,2026-08-07,25.354,1152000.0,2026-08-10,19.478,1098000.0,2026-08-11,25.789,1156000.0,2026-08-12,28.945,1185000.0,2026-08-13,26.224,1160000.0,2026-08-14,24.701,1146000.0,2026-08-18,28.074,1177000.0,2026-08-19,26.986,1167000.0,2026-08-20,18.063,1085000.0,2026-08-21,,,,,,,,,,,,,,,,,,,,,,2026-08-21,28.945,9.249,36.561,-1.523,,,,,,,
012450,한화에어로스페이스,2026-08-04,2026-08-04,REJECTED,0,NO_RISING_CHANNEL,,영상 방식의 상승 평행채널을 안정적으로 구성하지 못함,,,,,,,,,,,,,,,,,,,,,,,,,,2026-08-01,2026-08-21,1004000.0,12,0,0.299,1007000.0,2026-08-05,4.98,1054000.0,2026-08-06,9.263,1097000.0,2026-08-07,14.741,1152000.0,2026-08-10,9.363,1098000.0,2026-08-11,15.139,1156000.0,2026-08-12,18.028,1185000.0,2026-08-13,15.538,1160000.0,2026-08-14,14.143,1146000.0,2026-08-18,17.231,1177000.0,2026-08-19,16.235,1167000.0,2026-08-20,8.068,1085000.0,2026-08-21,,,,,,,,,,,,,,,,,,,,,,,,,2026-08-21,18.028,0.299,25.0,-0.598,,,,,,,
012450,한화에어로스페이스,2026-08-05,2026-08-05,REJECTED,0,NO_RISING_CHANNEL,,영상 방식의 상승 평행채널을 안정적으로 구성하지 못함,,,,,,,,,,,,,,,,,,,,,,,,,,2026-08-01,2026-08-21,1007000.0,11,0,4.667,1054000.0,2026-08-06,8.937,1097000.0,2026-08-07,14.399,1152000.0,2026-08-10,9.037,1098000.0,2026-08-11,14.796,1156000.0,2026-08-12,17.676,1185000.0,2026-08-13,15.194,1160000.0,2026-08-14,13.803,1146000.0,2026-08-18,16.882,1177000.0,2026-08-19,15.889,1167000.0,2026-08-20,7.746,1085000.0,2026-08-21,,,,,,,,,,,,,,,,,,,,,,,,,,,,2026-08-21,17.676,4.667,24.628,0.0,,,,,,,
012450,한화에어로스페이스,2026-08-06,2026-08-06,REJECTED,0,NO_RISING_CHANNEL,,영상 방식의 상승 평행채널을 안정적으로 구성하지 못함,,,,,,,,,,,,,,,,,,,,,,,,,,2026-08-01,2026-08-21,1054000.0,10,0,4.08,1097000.0,2026-08-07,9.298,1152000.0,2026-08-10,4.175,1098000.0,2026-08-11,9.677,1156000.0,2026-08-12,12.429,1185000.0,2026-08-13,10.057,1160000.0,2026-08-14,8.729,1146000.0,2026-08-18,11.67,1177000.0,2026-08-19,10.721,1167000.0,2026-08-20,2.941,1085000.0,2026-08-21,,,,,,,,,,,,,,,,,,,,,,,,,,,,,,,2026-08-21,12.429,2.941,19.07,-1.139,,,,,,,
012450,한화에어로스페이스,2026-08-07,2026-08-07,REJECTED,0,NO_RISING_CHANNEL,,영상 방식의 상승 평행채널을 안정적으로 구성하지 못함,,,,,,,,,,,,,,,,,,,,,,,,,,2026-08-01,2026-08-21,1097000.0,9,0,5.014,1152000.0,2026-08-10,0.091,1098000.0,2026-08-11,5.378,1156000.0,2026-08-12,8.022,1185000.0,2026-08-13,5.743,1160000.0,2026-08-14,4.467,1146000.0,2026-08-18,7.293,1177000.0,2026-08-19,6.381,1167000.0,2026-08-20,-1.094,1085000.0,2026-08-21,,,,,,,,,,,,,,,,,,,,,,,,,,,,,,,,,,2026-08-21,8.022,-1.094,14.403,-2.552,,,,,,,
012450,한화에어로스페이스,2026-08-10,2026-08-10,REJECTED,0,NO_RISING_CHANNEL,,영상 방식의 상승 평행채널을 안정적으로 구성하지 못함,,,,,,,,,,,,,,,,,,,,,,,,,,2026-08-01,2026-08-21,1152000.0,8,0,-4.688,1098000.0,2026-08-11,0.347,1156000.0,2026-08-12,2.865,1185000.0,2026-08-13,0.694,1160000.0,2026-08-14,-0.521,1146000.0,2026-08-18,2.17,1177000.0,2026-08-19,1.302,1167000.0,2026-08-20,-5.816,1085000.0,2026-08-21,,,,,,,,,,,,,,,,,,,,,,,,,,,,,,,,,,,,,2026-08-21,2.865,-5.816,8.941,-7.205,,,,,,,
012450,한화에어로스페이스,2026-08-11,2026-08-11,REJECTED,0,NO_RISING_CHANNEL,,영상 방식의 상승 평행채널을 안정적으로 구성하지 못함,,,,,,,,,,,,,,,,,,,,,,,,,,2026-08-01,2026-08-21,1098000.0,7,0,5.282,1156000.0,2026-08-12,7.923,1185000.0,2026-08-13,5.647,1160000.0,2026-08-14,4.372,1146000.0,2026-08-18,7.195,1177000.0,2026-08-19,6.284,1167000.0,2026-08-20,-1.184,1085000.0,2026-08-21,,,,,,,,,,,,,,,,,,,,,,,,,,,,,,,,,,,,,,,,2026-08-21,7.923,-1.184,14.299,-1.913,,,,,,,
012450,한화에어로스페이스,2026-08-12,2026-08-12,REJECTED,0,NO_RISING_CHANNEL,,영상 방식의 상승 평행채널을 안정적으로 구성하지 못함,,,,,,,,,,,,,,,,,,,,,,,,,,2026-08-01,2026-08-21,1156000.0,6,0,2.509,1185000.0,2026-08-13,0.346,1160000.0,2026-08-14,-0.865,1146000.0,2026-08-18,1.817,1177000.0,2026-08-19,0.952,1167000.0,2026-08-20,-6.142,1085000.0,2026-08-21,,,,,,,,,,,,,,,,,,,,,,,,,,,,,,,,,,,,,,,,,,,2026-08-21,2.509,-6.142,8.564,-6.834,,,,,,,
012450,한화에어로스페이스,2026-08-13,2026-08-13,REJECTED,0,NO_RISING_CHANNEL,,영상 방식의 상승 평행채널을 안정적으로 구성하지 못함,,,,,,,,,,,,,,,,,,,,,,,,,,2026-08-01,2026-08-21,1185000.0,5,0,-2.11,1160000.0,2026-08-14,-3.291,1146000.0,2026-08-18,-0.675,1177000.0,2026-08-19,-1.519,1167000.0,2026-08-20,-8.439,1085000.0,2026-08-21,,,,,,,,,,,,,,,,,,,,,,,,,,,,,,,,,,,,,,,,,,,,,,2026-08-21,-0.675,-8.439,5.907,-9.114,,,,,,,
012450,한화에어로스페이스,2026-08-14,2026-08-14,REJECTED,0,NO_RISING_CHANNEL,,영상 방식의 상승 평행채널을 안정적으로 구성하지 못함,,,,,,,,,,,,,,,,,,,,,,,,,,2026-08-01,2026-08-21,1160000.0,4,0,-1.207,1146000.0,2026-08-18,1.466,1177000.0,2026-08-19,0.603,1167000.0,2026-08-20,-6.466,1085000.0,2026-08-21,,,,,,,,,,,,,,,,,,,,,,,,,,,,,,,,,,,,,,,,,,,,,,,,,2026-08-21,1.466,-6.466,8.19,-7.155,,,,,,,
012450,한화에어로스페이스,2026-08-18,2026-08-18,REJECTED,0,NO_RISING_CHANNEL,,영상 방식의 상승 평행채널을 안정적으로 구성하지 못함,,,,,,,,,,,,,,,,,,,,,,,,,,2026-08-01,2026-08-21,1146000.0,3,0,2.705,1177000.0,2026-08-19,1.832,1167000.0,2026-08-20,-5.323,1085000.0,2026-08-21,,,,,,,,,,,,,,,,,,,,,,,,,,,,,,,,,,,,,,,,,,,,,,,,,,,,2026-08-21,2.705,-5.323,9.511,-6.021,,,,,,,
012450,한화에어로스페이스,2026-08-19,2026-08-19,REJECTED,0,NO_RISING_CHANNEL,,영상 방식의 상승 평행채널을 안정적으로 구성하지 못함,,,,,,,,,,,,,,,,,,,,,,,,,,2026-08-01,2026-08-21,1177000.0,2,0,-0.85,1167000.0,2026-08-20,-7.816,1085000.0,2026-08-21,,,,,,,,,,,,,,,,,,,,,,,,,,,,,,,,,,,,,,,,,,,,,,,,,,,,,,,2026-08-21,-0.85,-7.816,3.059,-8.496,,,,,,,
012450,한화에어로스페이스,2026-08-20,2026-08-20,REJECTED,0,NO_RISING_CHANNEL,,영상 방식의 상승 평행채널을 안정적으로 구성하지 못함,,,,,,,,,,,,,,,,,,,,,,,,,,2026-08-01,2026-08-21,1167000.0,1,0,-7.027,1085000.0,2026-08-21,,,,,,,,,,,,,,,,,,,,,,,,,,,,,,,,,,,,,,,,,,,,,,,,,,,,,,,,,,2026-08-21,-7.027,-7.027,-1.885,-7.712,,,,,,,
012450,한화에어로스페이스,2026-08-21,2026-08-21,REJECTED,0,NO_RISING_CHANNEL,,영상 방식의 상승 평행채널을 안정적으로 구성하지 못함,,,,,,,,,,,,,,,,,,,,,,,,,,2026-08-01,2026-08-21,1085000.0,0,0,,,,,,,,,,,,,,,,,,,,,,,,,,,,,,,,,,,,,,,,,,,,,,,,,,,,,,,,,,,,,,,,,,,,,,,,
105560,KB금융,2026-08-03,2026-08-03,REJECTED,48,TREND_BROKEN_OR_NOT_UPTREND,상승추세 안의 단기 조정 + 전저점 유지 | 상승 평행채널 유효(커버리지 100%) | 최근 추세 하단(싼 구간) 접촉 | 현재도 채널 하단권 | 추세 하단 부근 쌍바닥/Higher-Low 형태 | 이동평균선 밀집,중기 상승 구조 미확인,169500.0,False,12.85,True,1.0,0.1546,True,163076.9231,183850.0,180100.0,204623.0769,158184.6154,8.47,20.72,True,False,True,6.29,False,True,False,,False,False,,2026-08-01,2026-08-21,169500.0,13,0,-0.413,168800.0,2026-08-04,0.708,170700.0,2026-08-05,1.18,171500.0,2026-08-06,3.717,175800.0,2026-08-07,1.298,171700.0,2026-08-10,-1.711,166600.0,2026-08-11,-2.065,166000.0,2026-08-12,-0.826,168100.0,2026-08-13,-0.59,168500.0,2026-08-14,-0.59,168500.0,2026-08-18,-1.829,166400.0,2026-08-19,-5.605,160000.0,2026-08-20,-3.068,164300.0,2026-08-21,,,,,,,,,,,,,,,,,,,,,,2026-08-21,3.717,-5.605,4.366,-5.9,,,,,,,
105560,KB금융,2026-08-04,2026-08-04,REJECTED,48,TREND_BROKEN_OR_NOT_UPTREND,상승추세 안의 단기 조정 + 전저점 유지 | 상승 평행채널 유효(커버리지 100%) | 최근 추세 하단(싼 구간) 접촉 | 현재도 채널 하단권 | 추세 하단 부근 쌍바닥/Higher-Low 형태 | 이동평균선 밀집,중기 상승 구조 미확인,168800.0,False,13.21,True,1.0,0.1203,True,163800.0,184573.0769,180100.0,205346.1538,158886.0,9.34,21.65,True,False,True,6.18,False,True,False,,False,False,,2026-08-01,2026-08-21,168800.0,12,0,1.126,170700.0,2026-08-05,1.6,171500.0,2026-08-06,4.147,175800.0,2026-08-07,1.718,171700.0,2026-08-10,-1.303,166600.0,2026-08-11,-1.659,166000.0,2026-08-12,-0.415,168100.0,2026-08-13,-0.178,168500.0,2026-08-14,-0.178,168500.0,2026-08-18,-1.422,166400.0,2026-08-19,-5.213,160000.0,2026-08-20,-2.666,164300.0,2026-08-21,,,,,,,,,,,,,,,,,,,,,,,,,2026-08-21,4.147,-5.213,4.799,-5.509,,,,,,,
105560,KB금융,2026-08-05,2026-08-05,REJECTED,48,TREND_BROKEN_OR_NOT_UPTREND,상승추세 안의 단기 조정 + 전저점 유지 | 상승 평행채널 유효(커버리지 100%) | 최근 추세 하단(싼 구간) 접촉 | 현재도 채널 하단권 | 추세 하단 부근 쌍바닥/Higher-Low 형태 | 이동평균선 밀집,중기 상승 구조 미확인,170700.0,False,12.24,True,1.0,0.1487,True,164523.0769,185296.1538,180100.0,206069.2308,159587.3846,8.55,20.72,True,False,True,5.95,False,True,False,,False,False,,2026-08-01,2026-08-21,170700.0,11,0,0.469,171500.0,2026-08-06,2.988,175800.0,2026-08-07,0.586,171700.0,2026-08-10,-2.402,166600.0,2026-08-11,-2.753,166000.0,2026-08-12,-1.523,168100.0,2026-08-13,-1.289,168500.0,2026-08-14,-1.289,168500.0,2026-08-18,-2.519,166400.0,2026-08-19,-6.268,160000.0,2026-08-20,-3.749,164300.0,2026-08-21,,,,,,,,,,,,,,,,,,,,,,,,,,,,2026-08-21,2.988,-6.268,3.632,-6.561,,,,,,,
105560,KB금융,2026-08-06,2026-08-06,REJECTED,48,TREND_BROKEN_OR_NOT_UPTREND,상승추세 안의 단기 조정 + 전저점 유지 | 상승 평행채널 유효(커버리지 100%) | 최근 추세 하단(싼 구간) 접촉 | 현재도 채널 하단권 | 추세 하단 부근 쌍바닥/Higher-Low 형태 | 이동평균선 밀집,중기 상승 구조 미확인,171500.0,False,11.83,True,1.0,0.1505,True,165246.1538,186019.2308,180100.0,206792.3077,160288.7692,8.47,20.58,True,False,True,5.81,False,True,False,,False,False,,2026-08-01,2026-08-21,171500.0,10,0,2.507,175800.0,2026-08-07,0.117,171700.0,2026-08-10,-2.857,166600.0,2026-08-11,-3.207,166000.0,2026-08-12,-1.983,168100.0,2026-08-13,-1.749,168500.0,2026-08-14,-1.749,168500.0,2026-08-18,-2.974,166400.0,2026-08-19,-6.706,160000.0,2026-08-20,-4.198,164300.0,2026-08-21,,,,,,,,,,,,,,,,,,,,,,,,,,,,,,,2026-08-21,2.507,-6.706,3.149,-6.997,,,,,,,
105560,KB금융,2026-08-07,2026-08-07,REJECTED,58,TREND_BROKEN_OR_NOT_UPTREND,상승추세 안의 단기 조정 + 전저점 유지 | 상승 평행채널 유효(커버리지 100%) | 최근 추세 하단(싼 구간) 접촉 | 현재도 채널 하단권 | 추세 하단 부근 쌍바닥/Higher-Low 형태 | 이동평균선 밀집 | 이동평균선 재돌파 | 재상승 후 5일선 지지,중기 상승 구조 미확인,175800.0,False,9.61,True,1.0,0.2366,True,165969.2308,186742.3077,180100.0,207515.3846,160990.1538,6.22,18.04,True,False,True,5.58,True,True,False,,False,False,,2026-08-01,2026-08-21,175800.0,9,0,-2.332,171700.0,2026-08-10,-5.233,166600.0,2026-08-11,-5.575,166000.0,2026-08-12,-4.38,168100.0,2026-08-13,-4.152,168500.0,2026-08-14,-4.152,168500.0,2026-08-18,-5.347,166400.0,2026-08-19,-8.987,160000.0,2026-08-20,-6.542,164300.0,2026-08-21,,,,,,,,,,,,,,,,,,,,,,,,,,,,,,,,,,2026-08-21,-2.332,-8.987,-0.228,-9.272,,,,,,,
105560,KB금융,2026-08-10,2026-08-10,REJECTED,48,TREND_BROKEN_OR_NOT_UPTREND,상승추세 안의 단기 조정 + 전저점 유지 | 상승 평행채널 유효(커버리지 100%) | 최근 추세 하단(싼 구간) 접촉 | 현재도 채널 하단권 | 추세 하단 부근 쌍바닥/Higher-Low 형태 | 이동평균선 밀집,중기 상승 구조 미확인,171700.0,False,11.72,True,1.0,0.1205,True,166692.3077,187465.3846,180100.0,208238.4615,161691.5385,9.18,21.28,True,False,True,5.16,False,True,False,,False,False,,2026-08-01,2026-08-21,171700.0,8,0,-2.97,166600.0,2026-08-11,-3.32,166000.0,2026-08-12,-2.097,168100.0,2026-08-13,-1.864,168500.0,2026-08-14,-1.864,168500.0,2026-08-18,-3.087,166400.0,2026-08-19,-6.814,160000.0,2026-08-20,-4.31,164300.0,2026-08-21,,,,,,,,,,,,,,,,,,,,,,,,,,,,,,,,,,,,,2026-08-21,-1.864,-6.814,0.582,-7.105,,,,,,,
105560,KB금융,2026-08-11,2026-08-11,REJECTED,48,TREND_BROKEN_OR_NOT_UPTREND,상승추세 안의 단기 조정 + 전저점 유지 | 상승 평행채널 유효(커버리지 100%) | 최근 추세 하단(싼 구간) 접촉 | 현재도 채널 하단권 | 추세 하단 부근 쌍바닥/Higher-Low 형태 | 이동평균선 밀집,중기 상승 구조 미확인,166600.0,False,12.41,True,1.0,-0.0196,True,167415.3846,188188.4615,180100.0,208961.5385,162392.9231,12.96,25.43,True,False,True,4.62,False,False,False,,False,False,,2026-08-01,2026-08-21,166600.0,7,0,-0.36,166000.0,2026-08-12,0.9,168100.0,2026-08-13,1.14,168500.0,2026-08-14,1.14,168500.0,2026-08-18,-0.12,166400.0,2026-08-19,-3.962,160000.0,2026-08-20,-1.381,164300.0,2026-08-21,,,,,,,,,,,,,,,,,,,,,,,,,,,,,,,,,,,,,,,,2026-08-21,1.14,-3.962,2.281,-4.262,,,,,,,
105560,KB금융,2026-08-12,2026-08-12,REJECTED,48,TREND_BROKEN_OR_NOT_UPTREND,상승추세 안의 단기 조정 + 전저점 유지 | 상승 평행채널 유효(커버리지 100%) | 최근 추세 하단(싼 구간) 접촉 | 현재도 채널 하단권 | 추세 하단 부근 쌍바닥/Higher-Low 형태 | 이동평균선 밀집,중기 상승 구조 미확인,166000.0,False,11.47,True,1.0,-0.0515,True,168138.4615,188911.5385,176900.0,209684.6154,163094.3077,13.8,26.32,True,False,True,4.11,False,False,False,,False,False,,2026-08-01,2026-08-21,166000.0,6,0,1.265,168100.0,2026-08-13,1.506,168500.0,2026-08-14,1.506,168500.0,2026-08-18,0.241,166400.0,2026-08-19,-3.614,160000.0,2026-08-20,-1.024,164300.0,2026-08-21,,,,,,,,,,,,,,,,,,,,,,,,,,,,,,,,,,,,,,,,,,,2026-08-21,1.506,-3.614,2.651,-3.916,,,,,,,
105560,KB금융,2026-08-13,2026-08-13,REJECTED,48,TREND_BROKEN_OR_NOT_UPTREND,상승추세 안의 단기 조정 + 전저점 유지 | 상승 평행채널 유효(커버리지 100%) | 최근 추세 하단(싼 구간) 접촉 | 현재도 채널 하단권 | 추세 하단 부근 쌍바닥/Higher-Low 형태 | 이동평균선 밀집,중기 상승 구조 미확인,168100.0,False,10.35,True,1.0,-0.0183,True,168861.5385,189634.6154,176900.0,210407.6923,163795.6923,12.81,25.17,True,False,True,3.51,False,True,False,,False,False,,2026-08-01,2026-08-21,168100.0,5,0,0.238,168500.0,2026-08-14,0.238,168500.0,2026-08-18,-1.011,166400.0,2026-08-19,-4.819,160000.0,2026-08-20,-2.261,164300.0,2026-08-21,,,,,,,,,,,,,,,,,,,,,,,,,,,,,,,,,,,,,,,,,,,,,,2026-08-21,0.238,-4.819,1.011,-5.116,,,,,,,
105560,KB금융,2026-08-14,2026-08-14,REJECTED,43,TREND_BROKEN_OR_NOT_UPTREND,상승추세 안의 단기 조정 + 전저점 유지 | 상승 평행채널 유효(커버리지 100%) | 최근 추세 하단(싼 구간) 접촉 | 현재도 채널 하단권 | 이동평균선 밀집,중기 상승 구조 미확인,168500.0,False,6.44,True,1.0,-0.0261,True,169584.6154,190357.6923,176900.0,211130.7692,164497.0769,12.97,25.3,False,False,True,2.97,False,True,False,,False,False,,2026-08-01,2026-08-21,168500.0,4,0,0.0,168500.0,2026-08-18,-1.246,166400.0,2026-08-19,-5.045,160000.0,2026-08-20,-2.493,164300.0,2026-08-21,,,,,,,,,,,,,,,,,,,,,,,,,,,,,,,,,,,,,,,,,,,,,,,,,2026-08-21,0.0,-5.045,0.0,-5.341,,,,,,,
105560,KB금융,2026-08-18,2026-08-18,REJECTED,48,TREND_BROKEN_OR_NOT_UPTREND,상승추세 안의 단기 조정 + 전저점 유지 | 상승 평행채널 유효(커버리지 100%) | 최근 추세 하단(싼 구간) 접촉 | 현재도 채널 하단권 | 추세 하단 부근 쌍바닥/Higher-Low 형태 | 이동평균선 밀집,중기 상승 구조 미확인,168500.0,False,6.44,True,1.0,-0.0435,True,170307.6923,191080.7692,176900.0,211853.8462,165198.4615,13.4,25.73,True,False,True,2.79,False,True,False,,False,False,,2026-08-01,2026-08-21,168500.0,3,0,-1.246,166400.0,2026-08-19,-5.045,160000.0,2026-08-20,-2.493,164300.0,2026-08-21,,,,,,,,,,,,,,,,,,,,,,,,,,,,,,,,,,,,,,,,,,,,,,,,,,,,2026-08-21,-1.246,-5.045,-1.128,-5.341,,,,,,,
105560,KB금융,2026-08-19,2026-08-19,REJECTED,38,TREND_BROKEN_OR_NOT_UPTREND,상승 평행채널 유효(커버리지 100%) | 최근 추세 하단(싼 구간) 접촉 | 현재도 채널 하단권 | 추세 하단 부근 쌍바닥/Higher-Low 형태 | 이동평균선 밀집,중기 상승 구조 미확인 | 최근 스윙 저점 이탈 위험,166400.0,False,7.61,False,1.0,0.006,True,166123.0769,189350.0,176900.0,212576.9231,161139.3846,13.79,27.75,True,False,True,2.49,False,False,False,,False,False,,2026-08-01,2026-08-21,166400.0,2,0,-3.846,160000.0,2026-08-20,-1.262,164300.0,2026-08-21,,,,,,,,,,,,,,,,,,,,,,,,,,,,,,,,,,,,,,,,,,,,,,,,,,,,,,,2026-08-21,-1.262,-3.846,-0.661,-4.147,,,,,,,
105560,KB금융,2026-08-20,2026-08-20,REJECTED,38,TREND_BROKEN_OR_NOT_UPTREND,상승 평행채널 유효(커버리지 98%) | 최근 추세 하단(싼 구간) 접촉 | 현재도 채널 하단권 | 추세 하단 부근 쌍바닥/Higher-Low 형태 | 이동평균선 밀집,중기 상승 구조 미확인 | 최근 스윙 저점 이탈 위험,160000.0,False,11.16,False,0.9811,-0.1474,True,166846.1538,190073.0769,176900.0,213300.0,161840.7692,18.8,33.31,True,False,True,2.12,False,False,False,,False,False,,2026-08-01,2026-08-21,160000.0,1,0,2.687,164300.0,2026-08-21,,,,,,,,,,,,,,,,,,,,,,,,,,,,,,,,,,,,,,,,,,,,,,,,,,,,,,,,,,2026-08-21,2.687,2.687,2.875,-0.313,,,,,,,
105560,KB금융,2026-08-21,2026-08-21,REJECTED,38,TREND_BROKEN_OR_NOT_UPTREND,상승 평행채널 유효(커버리지 98%) | 최근 추세 하단(싼 구간) 접촉 | 현재도 채널 하단권 | 추세 하단 부근 쌍바닥/Higher-Low 형태 | 이동평균선 밀집,중기 상승 구조 미확인 | 최근 스윙 저점 이탈 위험,164300.0,False,7.12,False,0.9815,-0.0704,True,167569.2308,190796.1538,176900.0,214023.0769,162542.1538,16.13,30.26,True,False,True,1.63,False,False,False,,False,False,,2026-08-01,2026-08-21,164300.0,0,0,,,,,,,,,,,,,,,,,,,,,,,,,,,,,,,,,,,,,,,,,,,,,,,,,,,,,,,,,,,,,,,,,,,,,,,,
012330,현대모비스,2026-08-03,2026-08-03,REJECTED,30,TREND_BROKEN_OR_NOT_UPTREND,상승추세 안의 단기 조정 + 전저점 유지 | 상승 평행채널 유효(커버리지 100%) | 최근 추세 하단(싼 구간) 접촉,중기 상승 구조 미확인,493500.0,False,8.78,True,1.0,0.5452,True,425227.2727,487840.9091,541000.0,550454.5455,412470.4545,-1.15,11.54,False,False,False,19.89,False,True,False,,False,False,,2026-08-01,2026-08-21,493500.0,13,0,-2.432,481500.0,2026-08-04,1.925,503000.0,2026-08-05,2.938,508000.0,2026-08-06,0.608,496500.0,2026-08-07,2.33,505000.0,2026-08-10,0.405,495500.0,2026-08-11,1.013,498500.0,2026-08-12,3.546,511000.0,2026-08-13,10.841,547000.0,2026-08-14,4.965,518000.0,2026-08-18,3.141,509000.0,2026-08-19,2.736,507000.0,2026-08-20,0.507,496000.0,2026-08-21,,,,,,,,,,,,,,,,,,,,,,2026-08-21,10.841,-2.432,12.665,-6.079,,,,,,,
012330,현대모비스,2026-08-04,2026-08-04,REJECTED,30,TREND_BROKEN_OR_NOT_UPTREND,상승추세 안의 단기 조정 + 전저점 유지 | 상승 평행채널 유효(커버리지 100%) | 최근 추세 하단(싼 구간) 접촉,중기 상승 구조 미확인,481500.0,False,11.0,True,1.0,0.4399,True,426409.0909,489022.7273,541000.0,551636.3636,413616.8182,1.56,14.57,False,False,False,18.8,False,True,False,,False,False,,2026-08-01,2026-08-21,481500.0,12,0,4.465,503000.0,2026-08-05,5.504,508000.0,2026-08-06,3.115,496500.0,2026-08-07,4.881,505000.0,2026-08-10,2.908,495500.0,2026-08-11,3.531,498500.0,2026-08-12,6.127,511000.0,2026-08-13,13.603,547000.0,2026-08-14,7.58,518000.0,2026-08-18,5.711,509000.0,2026-08-19,5.296,507000.0,2026-08-20,3.011,496000.0,2026-08-21,,,,,,,,,,,,,,,,,,,,,,,,,2026-08-21,13.603,2.908,15.472,0.831,,,,,,,
012330,현대모비스,2026-08-05,2026-08-05,REJECTED,30,TREND_BROKEN_OR_NOT_UPTREND,상승추세 안의 단기 조정 + 전저점 유지 | 상승 평행채널 유효(커버리지 100%) | 최근 추세 하단(싼 구간) 접촉,중기 상승 구조 미확인,503000.0,False,7.02,True,1.0,0.6022,True,427590.9091,490204.5455,541000.0,552818.1818,414763.1818,-2.54,9.9,False,False,False,15.78,False,True,False,,False,False,,2026-08-01,2026-08-21,503000.0,11,0,0.994,508000.0,2026-08-06,-1.292,496500.0,2026-08-07,0.398,505000.0,2026-08-10,-1.491,495500.0,2026-08-11,-0.895,498500.0,2026-08-12,1.59,511000.0,2026-08-13,8.748,547000.0,2026-08-14,2.982,518000.0,2026-08-18,1.193,509000.0,2026-08-19,0.795,507000.0,2026-08-20,-1.392,496000.0,2026-08-21,,,,,,,,,,,,,,,,,,,,,,,,,,,,2026-08-21,8.748,-1.491,10.537,-3.479,,,,,,,
012330,현대모비스,2026-08-06,2026-08-06,REJECTED,30,TREND_BROKEN_OR_NOT_UPTREND,상승추세 안의 단기 조정 + 전저점 유지 | 상승 평행채널 유효(커버리지 100%) | 최근 추세 하단(싼 구간) 접촉,중기 상승 구조 미확인,508000.0,False,6.1,True,1.0,0.6327,True,428772.7273,491386.3636,541000.0,554000.0,415909.5455,-3.27,9.06,False,False,False,15.29,False,True,False,,False,False,,2026-08-01,2026-08-21,508000.0,10,0,-2.264,496500.0,2026-08-07,-0.591,505000.0,2026-08-10,-2.461,495500.0,2026-08-11,-1.87,498500.0,2026-08-12,0.591,511000.0,2026-08-13,7.677,547000.0,2026-08-14,1.969,518000.0,2026-08-18,0.197,509000.0,2026-08-19,-0.197,507000.0,2026-08-20,-2.362,496000.0,2026-08-21,,,,,,,,,,,,,,,,,,,,,,,,,,,,,,,2026-08-21,7.677,-2.461,9.449,-4.429,,,,,,,
012330,현대모비스,2026-08-07,2026-08-07,REJECTED,30,TREND_BROKEN_OR_NOT_UPTREND,상승추세 안의 단기 조정 + 전저점 유지 | 상승 평행채널 유효(커버리지 100%) | 최근 추세 하단(싼 구간) 접촉,중기 상승 구조 미확인,496500.0,False,8.23,True,1.0,0.5314,True,429954.5455,492568.1818,541000.0,555181.8182,417055.9091,-0.79,11.82,False,False,False,15.15,False,True,False,,False,False,,2026-08-01,2026-08-21,496500.0,9,0,1.712,505000.0,2026-08-10,-0.201,495500.0,2026-08-11,0.403,498500.0,2026-08-12,2.92,511000.0,2026-08-13,10.171,547000.0,2026-08-14,4.33,518000.0,2026-08-18,2.518,509000.0,2026-08-19,2.115,507000.0,2026-08-20,-0.101,496000.0,2026-08-21,,,,,,,,,,,,,,,,,,,,,,,,,,,,,,,,,,2026-08-21,10.171,-0.201,11.984,-2.216,,,,,,,
012330,현대모비스,2026-08-10,2026-08-10,REJECTED,30,TREND_BROKEN_OR_NOT_UPTREND,상승추세 안의 단기 조정 + 전저점 유지 | 상승 평행채널 유효(커버리지 100%) | 최근 추세 하단(싼 구간) 접촉,중기 상승 구조 미확인,505000.0,False,6.65,True,1.0,0.5898,True,431136.3636,493750.0,541000.0,556363.6364,418202.2727,-2.23,10.17,False,False,False,14.25,False,False,False,,False,False,,2026-08-01,2026-08-21,505000.0,8,0,-1.881,495500.0,2026-08-11,-1.287,498500.0,2026-08-12,1.188,511000.0,2026-08-13,8.317,547000.0,2026-08-14,2.574,518000.0,2026-08-18,0.792,509000.0,2026-08-19,0.396,507000.0,2026-08-20,-1.782,496000.0,2026-08-21,,,,,,,,,,,,,,,,,,,,,,,,,,,,,,,,,,,,,2026-08-21,8.317,-1.881,10.099,-3.564,,,,,,,
012330,현대모비스,2026-08-11,2026-08-11,REJECTED,30,TREND_BROKEN_OR_NOT_UPTREND,상승추세 안의 단기 조정 + 전저점 유지 | 상승 평행채널 유효(커버리지 100%) | 최근 추세 하단(싼 구간) 접촉,중기 상승 구조 미확인,495500.0,False,8.41,True,1.0,0.5045,True,432318.1818,494931.8182,524000.0,557545.4545,419348.6364,-0.11,12.52,False,False,False,13.92,False,True,False,,False,False,,2026-08-01,2026-08-21,495500.0,7,0,0.605,498500.0,2026-08-12,3.128,511000.0,2026-08-13,10.394,547000.0,2026-08-14,4.541,518000.0,2026-08-18,2.725,509000.0,2026-08-19,2.321,507000.0,2026-08-20,0.101,496000.0,2026-08-21,,,,,,,,,,,,,,,,,,,,,,,,,,,,,,,,,,,,,,,,2026-08-21,10.394,0.101,12.21,-1.715,,,,,,,
012330,현대모비스,2026-08-12,2026-08-12,REJECTED,30,TREND_BROKEN_OR_NOT_UPTREND,상승추세 안의 단기 조정 + 전저점 유지 | 상승 평행채널 유효(커버리지 100%) | 최근 추세 하단(싼 구간) 접촉,중기 상승 구조 미확인,498500.0,False,7.86,True,1.0,0.5191,True,433500.0,496113.6364,524000.0,558727.2727,420495.0,-0.48,12.08,False,False,False,13.08,False,False,False,,False,False,,2026-08-01,2026-08-21,498500.0,6,0,2.508,511000.0,2026-08-13,9.729,547000.0,2026-08-14,3.912,518000.0,2026-08-18,2.106,509000.0,2026-08-19,1.705,507000.0,2026-08-20,-0.502,496000.0,2026-08-21,,,,,,,,,,,,,,,,,,,,,,,,,,,,,,,,,,,,,,,,,,,2026-08-21,9.729,-0.502,11.535,-2.307,,,,,,,
012330,현대모비스,2026-08-13,2026-08-13,REJECTED,30,TREND_BROKEN_OR_NOT_UPTREND,상승추세 안의 단기 조정 + 전저점 유지 | 상승 평행채널 유효(커버리지 100%) | 최근 추세 하단(싼 구간) 접촉,중기 상승 구조 미확인,511000.0,False,5.55,True,1.0,0.6094,True,434681.8182,497295.4545,524000.0,559909.0909,421641.3636,-2.68,9.57,False,False,False,12.35,False,True,False,,False,False,,2026-08-01,2026-08-21,511000.0,5,0,7.045,547000.0,2026-08-14,1.37,518000.0,2026-08-18,-0.391,509000.0,2026-08-19,-0.783,507000.0,2026-08-20,-2.935,496000.0,2026-08-21,,,,,,,,,,,,,,,,,,,,,,,,,,,,,,,,,,,,,,,,,,,,,,2026-08-21,7.045,-2.935,8.806,-4.697,,,,,,,
012330,현대모비스,2026-08-14,2026-08-14,REJECTED,20,TREND_BROKEN_OR_NOT_UPTREND,상승 평행채널 유효(커버리지 100%) | 최근 추세 하단(싼 구간) 접촉,중기 상승 구조 미확인,547000.0,False,0.0,True,1.0,0.8875,True,435863.6364,498477.2727,524000.0,561090.9091,422787.7273,-8.87,2.58,False,False,False,11.01,False,True,False,,False,False,,2026-08-01,2026-08-21,547000.0,4,0,-5.302,518000.0,2026-08-18,-6.947,509000.0,2026-08-19,-7.313,507000.0,2026-08-20,-9.324,496000.0,2026-08-21,,,,,,,,,,,,,,,,,,,,,,,,,,,,,,,,,,,,,,,,,,,,,,,,,2026-08-21,-5.302,-9.324,1.645,-10.969,,,,,,,
012330,현대모비스,2026-08-18,2026-08-18,REJECTED,30,TREND_BROKEN_OR_NOT_UPTREND,상승추세 안의 단기 조정 + 전저점 유지 | 상승 평행채널 유효(커버리지 100%) | 최근 추세 하단(싼 구간) 접촉,중기 상승 구조 미확인,518000.0,False,6.83,True,1.0,0.6465,True,437045.4545,499659.0909,524000.0,562272.7273,423934.0909,-3.54,8.55,False,False,False,11.13,False,True,False,,False,False,,2026-08-01,2026-08-21,518000.0,3,0,-1.737,509000.0,2026-08-19,-2.124,507000.0,2026-08-20,-4.247,496000.0,2026-08-21,,,,,,,,,,,,,,,,,,,,,,,,,,,,,,,,,,,,,,,,,,,,,,,,,,,,2026-08-21,-1.737,-4.247,-0.386,-5.985,,,,,,,
012330,현대모비스,2026-08-19,2026-08-19,REJECTED,30,TREND_BROKEN_OR_NOT_UPTREND,상승추세 안의 단기 조정 + 전저점 유지 | 상승 평행채널 유효(커버리지 100%) | 최근 추세 하단(싼 구간) 접촉,중기 상승 구조 미확인,509000.0,False,8.45,True,1.0,0.5652,True,438227.2727,500840.9091,524000.0,563454.5455,425080.4545,-1.6,10.7,False,False,False,10.51,False,False,False,,False,False,,2026-08-01,2026-08-21,509000.0,2,0,-0.393,507000.0,2026-08-20,-2.554,496000.0,2026-08-21,,,,,,,,,,,,,,,,,,,,,,,,,,,,,,,,,,,,,,,,,,,,,,,,,,,,,,,2026-08-21,-0.393,-2.554,1.375,-3.438,,,,,,,
012330,현대모비스,2026-08-20,2026-08-20,REJECTED,30,TREND_BROKEN_OR_NOT_UPTREND,상승추세 안의 단기 조정 + 전저점 유지 | 상승 평행채널 유효(커버리지 100%) | 최근 추세 하단(싼 구간) 접촉,중기 상승 구조 미확인,507000.0,False,8.81,True,1.0,0.5397,True,439409.0909,502022.7273,524000.0,564636.3636,426226.8182,-0.98,11.37,False,False,False,10.16,False,False,False,,False,False,,2026-08-01,2026-08-21,507000.0,1,0,-2.17,496000.0,2026-08-21,,,,,,,,,,,,,,,,,,,,,,,,,,,,,,,,,,,,,,,,,,,,,,,,,,,,,,,,,,2026-08-21,-2.17,-2.17,-0.197,-3.057,,,,,,,
012330,현대모비스,2026-08-21,2026-08-21,REJECTED,40,TREND_BROKEN_OR_NOT_UPTREND,상승추세 안의 단기 조정 + 전저점 유지 | 상승 평행채널 유효(커버리지 91%) | 최근 추세 하단(싼 구간) 접촉 | 현재도 채널 하단권 | 추세 하단 부근 쌍바닥/Higher-Low 형태,중기 상승 구조 미확인,496000.0,False,10.79,True,0.9091,0.231,True,477103.4483,518000.0,556000.0,558896.5517,462790.3448,4.44,12.68,True,False,False,10.1,False,False,False,,False,False,,2026-08-01,2026-08-21,496000.0,0,0,,,,,,,,,,,,,,,,,,,,,,,,,,,,,,,,,,,,,,,,,,,,,,,,,,,,,,,,,,,,,,,,,,,,,,,,
034730,SK,2026-08-03,2026-08-03,REJECTED,35,TREND_BROKEN_OR_NOT_UPTREND,상승추세 안의 단기 조정 + 전저점 유지 | 상승 평행채널 유효(커버리지 79%) | 최근 추세 하단(싼 구간) 접촉 | 현재도 채널 하단권,중기 상승 구조 미확인,523000.0,False,26.34,True,0.7935,-1.114,True,821892.3077,956046.1538,673000.0,1090200.0,797235.5385,82.8,108.45,False,False,False,21.18,False,True,False,,False,False,,2026-08-01,2026-08-21,523000.0,13,0,-0.956,518000.0,2026-08-04,7.457,562000.0,2026-08-05,-2.677,509000.0,2026-08-06,-2.868,508000.0,2026-08-07,-1.912,513000.0,2026-08-10,0.191,524000.0,2026-08-11,4.207,545000.0,2026-08-12,5.736,553000.0,2026-08-13,11.855,585000.0,2026-08-14,12.811,590000.0,2026-08-18,5.354,551000.0,2026-08-19,8.604,568000.0,2026-08-20,12.046,586000.0,2026-08-21,,,,,,,,,,,,,,,,,,,,,,2026-08-21,12.811,-2.868,18.547,-5.736,,,,,,,
034730,SK,2026-08-04,2026-08-04,REJECTED,35,TREND_BROKEN_OR_NOT_UPTREND,상승추세 안의 단기 조정 + 전저점 유지 | 상승 평행채널 유효(커버리지 78%) | 최근 추세 하단(싼 구간) 접촉 | 현재도 채널 하단권,중기 상승 구조 미확인,518000.0,False,23.03,True,0.7849,-1.1623,True,829861.5385,964015.3846,673000.0,1098169.2308,804965.6923,86.1,112.0,False,False,False,22.19,False,False,False,,False,False,,2026-08-01,2026-08-21,518000.0,12,0,8.494,562000.0,2026-08-05,-1.737,509000.0,2026-08-06,-1.931,508000.0,2026-08-07,-0.965,513000.0,2026-08-10,1.158,524000.0,2026-08-11,5.212,545000.0,2026-08-12,6.757,553000.0,2026-08-13,12.934,585000.0,2026-08-14,13.9,590000.0,2026-08-18,6.371,551000.0,2026-08-19,9.653,568000.0,2026-08-20,13.127,586000.0,2026-08-21,,,,,,,,,,,,,,,,,,,,,,,,,2026-08-21,13.9,-1.931,19.691,-4.826,,,,,,,
034730,SK,2026-08-05,2026-08-05,REJECTED,35,TREND_BROKEN_OR_NOT_UPTREND,상승추세 안의 단기 조정 + 전저점 유지 | 상승 평행채널 유효(커버리지 78%) | 최근 추세 하단(싼 구간) 접촉 | 현재도 채널 하단권,중기 상승 구조 미확인,562000.0,False,16.49,True,0.7766,-1.028,True,837830.7692,971984.6154,673000.0,1106138.4615,812695.8462,72.95,96.82,False,False,False,17.89,False,True,False,,False,False,,2026-08-01,2026-08-21,562000.0,11,0,-9.431,509000.0,2026-08-06,-9.609,508000.0,2026-08-07,-8.719,513000.0,2026-08-10,-6.762,524000.0,2026-08-11,-3.025,545000.0,2026-08-12,-1.601,553000.0,2026-08-13,4.093,585000.0,2026-08-14,4.982,590000.0,2026-08-18,-1.957,551000.0,2026-08-19,1.068,568000.0,2026-08-20,4.27,586000.0,2026-08-21,,,,,,,,,,,,,,,,,,,,,,,,,,,,2026-08-21,4.982,-9.609,10.32,-12.278,,,,,,,
034730,SK,2026-08-06,2026-08-06,REJECTED,35,TREND_BROKEN_OR_NOT_UPTREND,상승추세 안의 단기 조정 + 전저점 유지 | 상승 평행채널 유효(커버리지 77%) | 최근 추세 하단(싼 구간) 접촉 | 현재도 채널 하단권,중기 상승 구조 미확인,509000.0,False,24.37,True,0.7684,-1.2553,True,845800.0,979953.8462,673000.0,1114107.6923,820426.0,92.53,118.88,False,False,False,17.96,False,False,False,,False,False,,2026-08-01,2026-08-21,509000.0,10,0,-0.196,508000.0,2026-08-07,0.786,513000.0,2026-08-10,2.947,524000.0,2026-08-11,7.073,545000.0,2026-08-12,8.644,553000.0,2026-08-13,14.931,585000.0,2026-08-14,15.914,590000.0,2026-08-18,8.251,551000.0,2026-08-19,11.591,568000.0,2026-08-20,15.128,586000.0,2026-08-21,,,,,,,,,,,,,,,,,,,,,,,,,,,,,,,2026-08-21,15.914,-0.196,21.807,-3.143,,,,,,,
034730,SK,2026-08-07,2026-08-07,REJECTED,35,TREND_BROKEN_OR_NOT_UPTREND,상승추세 안의 단기 조정 + 전저점 유지 | 상승 평행채널 유효(커버리지 76%) | 최근 추세 하단(싼 구간) 접촉 | 현재도 채널 하단권,중기 상승 구조 미확인,508000.0,False,24.52,True,0.7604,-1.2887,True,853769.2308,987923.0769,673000.0,1122076.9231,828156.1538,94.47,120.88,False,False,False,19.81,False,False,False,,False,False,,2026-08-01,2026-08-21,508000.0,9,0,0.984,513000.0,2026-08-10,3.15,524000.0,2026-08-11,7.283,545000.0,2026-08-12,8.858,553000.0,2026-08-13,15.157,585000.0,2026-08-14,16.142,590000.0,2026-08-18,8.465,551000.0,2026-08-19,11.811,568000.0,2026-08-20,15.354,586000.0,2026-08-21,,,,,,,,,,,,,,,,,,,,,,,,,,,,,,,,,,2026-08-21,16.142,0.984,22.047,-2.362,,,,,,,
034730,SK,2026-08-10,2026-08-10,REJECTED,35,TREND_BROKEN_OR_NOT_UPTREND,상승추세 안의 단기 조정 + 전저점 유지 | 상승 평행채널 유효(커버리지 75%) | 최근 추세 하단(싼 구간) 접촉 | 현재도 채널 하단권,중기 상승 구조 미확인,513000.0,False,23.77,True,0.7526,-1.2998,True,861738.4615,995892.3077,673000.0,1130046.1538,835886.3077,94.13,120.28,False,False,False,19.89,False,False,False,,False,False,,2026-08-01,2026-08-21,513000.0,8,0,2.144,524000.0,2026-08-11,6.238,545000.0,2026-08-12,7.797,553000.0,2026-08-13,14.035,585000.0,2026-08-14,15.01,590000.0,2026-08-18,7.407,551000.0,2026-08-19,10.721,568000.0,2026-08-20,14.23,586000.0,2026-08-21,,,,,,,,,,,,,,,,,,,,,,,,,,,,,,,,,,,,,2026-08-21,15.01,2.144,20.858,-3.314,,,,,,,
034730,SK,2026-08-11,2026-08-11,REJECTED,35,TREND_BROKEN_OR_NOT_UPTREND,상승추세 안의 단기 조정 + 전저점 유지 | 상승 평행채널 유효(커버리지 74%) | 최근 추세 하단(싼 구간) 접촉 | 현재도 채널 하단권,중기 상승 구조 미확인,524000.0,False,22.14,True,0.7449,-1.2885,True,869707.6923,1003861.5385,673000.0,1138015.3846,843616.4615,91.58,117.18,False,False,False,19.19,False,False,False,,False,False,,2026-08-01,2026-08-21,524000.0,7,0,4.008,545000.0,2026-08-12,5.534,553000.0,2026-08-13,11.641,585000.0,2026-08-14,12.595,590000.0,2026-08-18,5.153,551000.0,2026-08-19,8.397,568000.0,2026-08-20,11.832,586000.0,2026-08-21,,,,,,,,,,,,,,,,,,,,,,,,,,,,,,,,,,,,,,,,2026-08-21,12.595,4.008,18.321,0.954,,,,,,,
034730,SK,2026-08-12,2026-08-12,WATCH,60,LOWER_CHANNEL_WATCH,중기 Higher High + Higher Low | 상승추세 안의 단기 조정 + 전저점 유지 | 상승 평행채널 유효(커버리지 96%) | 최근 추세 하단(싼 구간) 접촉 | 현재도 채널 하단권 | 추세 하단 부근 쌍바닥/Higher-Low 형태,,545000.0,True,19.02,True,0.9565,0.2713,True,494666.6667,587444.4444,673000.0,680222.2222,479826.6667,7.79,24.81,True,False,False,19.2,False,True,False,,False,False,,2026-08-01,2026-08-21,545000.0,6,0,1.468,553000.0,2026-08-13,7.339,585000.0,2026-08-14,8.257,590000.0,2026-08-18,1.101,551000.0,2026-08-19,4.22,568000.0,2026-08-20,7.523,586000.0,2026-08-21,,,,,,,,,,,,,,,,,,,,,,,,,,,,,,,,,,,,,,,,,,,2026-08-21,8.257,1.101,13.761,-1.835,,1.0,0.0,0.0,0.0,TIMEOUT,2026-08-21
034730,SK,2026-08-13,2026-08-13,WATCH,60,LOWER_CHANNEL_WATCH,중기 Higher High + Higher Low | 상승추세 안의 단기 조정 + 전저점 유지 | 상승 평행채널 유효(커버리지 96%) | 최근 추세 하단(싼 구간) 접촉 | 현재도 채널 하단권 | 추세 하단 부근 쌍바닥/Higher-Low 형태,,553000.0,True,17.83,True,0.9583,0.3114,True,495222.2222,588000.0,673000.0,680777.7778,480365.5556,6.33,23.11,True,False,False,17.4,False,True,False,,False,False,,2026-08-01,2026-08-21,553000.0,5,0,5.787,585000.0,2026-08-14,6.691,590000.0,2026-08-18,-0.362,551000.0,2026-08-19,2.712,568000.0,2026-08-20,5.967,586000.0,2026-08-21,,,,,,,,,,,,,,,,,,,,,,,,,,,,,,,,,,,,,,,,,,,,,,2026-08-21,6.691,-0.362,12.116,-3.255,,1.0,0.0,0.0,0.0,TIMEOUT,2026-08-21
034730,SK,2026-08-14,2026-08-14,REJECTED,50,CONDITIONS_INCOMPLETE,중기 Higher High + Higher Low | 상승추세 안의 단기 조정 + 전저점 유지 | 상승 평행채널 유효(커버리지 96%) | 최근 추세 하단(싼 구간) 접촉,,585000.0,True,13.08,True,0.96,0.4808,True,495777.7778,588555.5556,673000.0,681333.3333,480904.4444,0.61,16.47,False,False,False,14.01,False,True,False,,False,False,,2026-08-01,2026-08-21,585000.0,4,0,0.855,590000.0,2026-08-18,-5.812,551000.0,2026-08-19,-2.906,568000.0,2026-08-20,0.171,586000.0,2026-08-21,,,,,,,,,,,,,,,,,,,,,,,,,,,,,,,,,,,,,,,,,,,,,,,,,2026-08-21,0.855,-5.812,5.983,-8.547,,,,,,,
034730,SK,2026-08-18,2026-08-18,REJECTED,50,CONDITIONS_INCOMPLETE,중기 Higher High + Higher Low | 상승추세 안의 단기 조정 + 전저점 유지 | 상승 평행채널 유효(커버리지 96%) | 최근 추세 하단(싼 구간) 접촉,,590000.0,True,12.33,True,0.9615,0.5048,True,496333.3333,589111.1111,673000.0,681888.8889,481443.3333,-0.15,15.57,False,False,False,12.09,False,True,False,,False,False,,2026-08-01,2026-08-21,590000.0,3,0,-6.61,551000.0,2026-08-19,-3.729,568000.0,2026-08-20,-0.678,586000.0,2026-08-21,,,,,,,,,,,,,,,,,,,,,,,,,,,,,,,,,,,,,,,,,,,,,,,,,,,,2026-08-21,-0.678,-6.61,1.525,-9.322,,,,,,,
034730,SK,2026-08-19,2026-08-19,REJECTED,55,CONDITIONS_INCOMPLETE,중기 Higher High + Higher Low | 상승추세 안의 단기 조정 + 전저점 유지 | 상승 평행채널 유효(커버리지 96%) | 최근 추세 하단(싼 구간) 접촉 | 현재도 채널 하단권,,551000.0,True,18.13,True,0.963,0.2916,True,496888.8889,589666.6667,673000.0,682444.4444,481982.2222,7.02,23.86,False,False,False,13.28,False,False,False,,False,False,,2026-08-01,2026-08-21,551000.0,2,0,3.085,568000.0,2026-08-20,6.352,586000.0,2026-08-21,,,,,,,,,,,,,,,,,,,,,,,,,,,,,,,,,,,,,,,,,,,,,,,,,,,,,,,2026-08-21,6.352,3.085,8.711,0.544,,,,,,,
034730,SK,2026-08-20,2026-08-20,REJECTED,50,CONDITIONS_INCOMPLETE,중기 Higher High + Higher Low | 상승추세 안의 단기 조정 + 전저점 유지 | 상승 평행채널 유효(커버리지 96%) | 최근 추세 하단(싼 구간) 접촉,,568000.0,True,15.6,True,0.9643,0.3802,True,497444.4444,590222.2222,673000.0,683000.0,482521.1111,3.91,20.25,False,False,False,13.16,False,False,False,,False,False,,2026-08-01,2026-08-21,568000.0,1,0,3.169,586000.0,2026-08-21,,,,,,,,,,,,,,,,,,,,,,,,,,,,,,,,,,,,,,,,,,,,,,,,,,,,,,,,,,2026-08-21,3.169,3.169,5.458,-1.408,,,,,,,
034730,SK,2026-08-21,2026-08-21,REJECTED,30,TREND_BROKEN_OR_NOT_UPTREND,상승추세 안의 단기 조정 + 전저점 유지 | 상승 평행채널 유효(커버리지 97%) | 최근 추세 하단(싼 구간) 접촉,중기 상승 구조 미확인,586000.0,False,12.93,True,0.9655,0.4743,True,498000.0,590777.7778,620000.0,683555.5556,483060.0,0.82,16.65,False,False,False,13.14,False,False,False,,False,False,,2026-08-01,2026-08-21,586000.0,0,0,,,,,,,,,,,,,,,,,,,,,,,,,,,,,,,,,,,,,,,,,,,,,,,,,,,,,,,,,,,,,,,,,,,,,,,,
055550,신한지주,2026-08-03,2026-08-03,REJECTED,48,TREND_BROKEN_OR_NOT_UPTREND,상승추세 안의 단기 조정 + 전저점 유지 | 상승 평행채널 유효(커버리지 100%) | 최근 추세 하단(싼 구간) 접촉 | 현재도 채널 하단권 | 추세 하단 부근 쌍바닥/Higher-Low 형태 | 이동평균선 밀집,중기 상승 구조 미확인,102700.0,False,9.36,True,1.0,0.268,True,96483.3333,108080.5556,107900.0,119677.7778,93588.8333,5.24,16.53,True,False,True,4.55,False,True,False,,False,False,,2026-08-01,2026-08-21,102700.0,13,0,-0.389,102300.0,2026-08-04,0.876,103600.0,2026-08-05,4.576,107400.0,2026-08-06,7.108,110000.0,2026-08-07,3.603,106400.0,2026-08-10,1.753,104500.0,2026-08-11,1.071,103800.0,2026-08-12,3.797,106600.0,2026-08-13,4.576,107400.0,2026-08-14,3.7,106500.0,2026-08-18,2.24,105000.0,2026-08-19,-1.558,101100.0,2026-08-20,1.363,104100.0,2026-08-21,,,,,,,,,,,,,,,,,,,,,,2026-08-21,7.108,-1.558,7.4,-2.337,,,,,,,
055550,신한지주,2026-08-04,2026-08-04,REJECTED,48,TREND_BROKEN_OR_NOT_UPTREND,상승추세 안의 단기 조정 + 전저점 유지 | 상승 평행채널 유효(커버리지 100%) | 최근 추세 하단(싼 구간) 접촉 | 현재도 채널 하단권 | 추세 하단 부근 쌍바닥/Higher-Low 형태 | 이동평균선 밀집,중기 상승 구조 미확인,102300.0,False,9.71,True,1.0,0.2395,True,96744.4444,108341.6667,107900.0,119938.8889,93842.1111,5.91,17.24,True,False,True,4.25,False,True,False,,False,False,,2026-08-01,2026-08-21,102300.0,12,0,1.271,103600.0,2026-08-05,4.985,107400.0,2026-08-06,7.527,110000.0,2026-08-07,4.008,106400.0,2026-08-10,2.151,104500.0,2026-08-11,1.466,103800.0,2026-08-12,4.203,106600.0,2026-08-13,4.985,107400.0,2026-08-14,4.106,106500.0,2026-08-18,2.639,105000.0,2026-08-19,-1.173,101100.0,2026-08-20,1.76,104100.0,2026-08-21,,,,,,,,,,,,,,,,,,,,,,,,,2026-08-21,7.527,-1.173,7.82,-1.271,,,,,,,
055550,신한지주,2026-08-05,2026-08-05,REJECTED,48,TREND_BROKEN_OR_NOT_UPTREND,상승추세 안의 단기 조정 + 전저점 유지 | 상승 평행채널 유효(커버리지 100%) | 최근 추세 하단(싼 구간) 접촉 | 현재도 채널 하단권 | 추세 하단 부근 쌍바닥/Higher-Low 형태 | 이동평균선 밀집,중기 상승 구조 미확인,103600.0,False,8.56,True,1.0,0.2843,True,97005.5556,108602.7778,107900.0,120200.0,94095.3889,4.83,16.02,True,False,True,3.86,False,True,False,,False,False,,2026-08-01,2026-08-21,103600.0,11,0,3.668,107400.0,2026-08-06,6.178,110000.0,2026-08-07,2.703,106400.0,2026-08-10,0.869,104500.0,2026-08-11,0.193,103800.0,2026-08-12,2.896,106600.0,2026-08-13,3.668,107400.0,2026-08-14,2.799,106500.0,2026-08-18,1.351,105000.0,2026-08-19,-2.413,101100.0,2026-08-20,0.483,104100.0,2026-08-21,,,,,,,,,,,,,,,,,,,,,,,,,,,,2026-08-21,6.178,-2.413,6.467,-2.51,,,,,,,
055550,신한지주,2026-08-06,2026-08-06,REJECTED,53,TREND_BROKEN_OR_NOT_UPTREND,상승추세 안의 단기 조정 + 전저점 유지 | 상승 평행채널 유효(커버리지 100%) | 최근 추세 하단(싼 구간) 접촉 | 추세 하단 부근 쌍바닥/Higher-Low 형태 | 이동평균선 밀집 | 이동평균선 재돌파 | 재상승 후 5일선 지지,중기 상승 구조 미확인,107400.0,False,5.21,True,1.0,0.4369,True,97266.6667,108863.8889,107900.0,120461.1111,94348.6667,1.36,12.16,True,False,True,3.57,True,True,False,,False,False,,2026-08-01,2026-08-21,107400.0,10,0,2.421,110000.0,2026-08-07,-0.931,106400.0,2026-08-10,-2.7,104500.0,2026-08-11,-3.352,103800.0,2026-08-12,-0.745,106600.0,2026-08-13,0.0,107400.0,2026-08-14,-0.838,106500.0,2026-08-18,-2.235,105000.0,2026-08-19,-5.866,101100.0,2026-08-20,-3.073,104100.0,2026-08-21,,,,,,,,,,,,,,,,,,,,,,,,,,,,,,,2026-08-21,2.421,-5.866,2.7,-5.959,,,,,,,
055550,신한지주,2026-08-07,2026-08-07,REJECTED,48,TREND_BROKEN_OR_NOT_UPTREND,상승 평행채널 유효(커버리지 100%) | 최근 추세 하단(싼 구간) 접촉 | 추세 하단 부근 쌍바닥/Higher-Low 형태 | 쌍바닥 넥라인 돌파 확인 | 이동평균선 밀집 | 이동평균선 재돌파 | 재상승 후 5일선 지지,중기 상승 구조 미확인,110000.0,False,2.91,True,1.0,0.5377,True,97527.7778,109125.0,107900.0,120722.2222,94601.9444,-0.8,9.75,True,True,True,4.13,True,True,False,,False,False,,2026-08-01,2026-08-21,110000.0,9,0,-3.273,106400.0,2026-08-10,-5.0,104500.0,2026-08-11,-5.636,103800.0,2026-08-12,-3.091,106600.0,2026-08-13,-2.364,107400.0,2026-08-14,-3.182,106500.0,2026-08-18,-4.545,105000.0,2026-08-19,-8.091,101100.0,2026-08-20,-5.364,104100.0,2026-08-21,,,,,,,,,,,,,,,,,,,,,,,,,,,,,,,,,,2026-08-21,-2.364,-8.091,-1.0,-8.182,,,,,,,
055550,신한지주,2026-08-10,2026-08-10,REJECTED,53,TREND_BROKEN_OR_NOT_UPTREND,상승추세 안의 단기 조정 + 전저점 유지 | 상승 평행채널 유효(커버리지 100%) | 최근 추세 하단(싼 구간) 접촉 | 추세 하단 부근 쌍바닥/Higher-Low 형태 | 이동평균선 밀집 | 이동평균선 재돌파 | 재상승 후 5일선 지지,중기 상승 구조 미확인,106400.0,False,6.09,True,1.0,0.3713,True,97788.8889,109386.1111,107900.0,120983.3333,94855.2222,2.81,13.71,True,False,True,4.79,True,True,False,,False,False,,2026-08-01,2026-08-21,106400.0,8,0,-1.786,104500.0,2026-08-11,-2.444,103800.0,2026-08-12,0.188,106600.0,2026-08-13,0.94,107400.0,2026-08-14,0.094,106500.0,2026-08-18,-1.316,105000.0,2026-08-19,-4.981,101100.0,2026-08-20,-2.162,104100.0,2026-08-21,,,,,,,,,,,,,,,,,,,,,,,,,,,,,,,,,,,,,2026-08-21,0.94,-4.981,1.786,-5.075,,,,,,,
055550,신한지주,2026-08-11,2026-08-11,REJECTED,48,TREND_BROKEN_OR_NOT_UPTREND,상승추세 안의 단기 조정 + 전저점 유지 | 상승 평행채널 유효(커버리지 100%) | 최근 추세 하단(싼 구간) 접촉 | 현재도 채널 하단권 | 추세 하단 부근 쌍바닥/Higher-Low 형태 | 이동평균선 밀집,중기 상승 구조 미확인,104500.0,False,7.03,True,1.0,0.2781,True,98050.0,109647.2222,107900.0,121244.4444,95108.5,4.93,16.02,True,False,True,5.18,False,True,False,,False,False,,2026-08-01,2026-08-21,104500.0,7,0,-0.67,103800.0,2026-08-12,2.01,106600.0,2026-08-13,2.775,107400.0,2026-08-14,1.914,106500.0,2026-08-18,0.478,105000.0,2026-08-19,-3.254,101100.0,2026-08-20,-0.383,104100.0,2026-08-21,,,,,,,,,,,,,,,,,,,,,,,,,,,,,,,,,,,,,,,,2026-08-21,2.775,-3.254,3.636,-3.349,,,,,,,
055550,신한지주,2026-08-12,2026-08-12,REJECTED,43,TREND_BROKEN_OR_NOT_UPTREND,상승추세 안의 단기 조정 + 전저점 유지 | 상승 평행채널 유효(커버리지 98%) | 최근 추세 하단(싼 구간) 접촉 | 추세 하단 부근 쌍바닥/Higher-Low 형태 | 이동평균선 밀집,중기 상승 구조 미확인,103800.0,False,7.65,True,0.9792,0.55,True,95813.6364,103073.8636,110300.0,110334.0909,92939.2273,-0.7,6.29,True,False,True,5.11,False,False,False,,False,False,,2026-08-01,2026-08-21,103800.0,6,0,2.697,106600.0,2026-08-13,3.468,107400.0,2026-08-14,2.601,106500.0,2026-08-18,1.156,105000.0,2026-08-19,-2.601,101100.0,2026-08-20,0.289,104100.0,2026-08-21,,,,,,,,,,,,,,,,,,,,,,,,,,,,,,,,,,,,,,,,,,,2026-08-21,3.468,-2.601,4.335,-2.697,,,,,,,
055550,신한지주,2026-08-13,2026-08-13,REJECTED,53,TREND_BROKEN_OR_NOT_UPTREND,상승추세 안의 단기 조정 + 전저점 유지 | 상승 평행채널 유효(커버리지 98%) | 최근 추세 하단(싼 구간) 접촉 | 추세 하단 부근 쌍바닥/Higher-Low 형태 | 이동평균선 밀집 | 이동평균선 재돌파 | 재상승 후 5일선 지지,중기 상승 구조 미확인,106600.0,False,5.16,True,0.9796,0.7421,True,95825.0,103085.2273,110300.0,110345.4545,92950.25,-3.3,3.51,True,False,True,4.62,True,True,False,,False,False,,2026-08-01,2026-08-21,106600.0,5,0,0.75,107400.0,2026-08-14,-0.094,106500.0,2026-08-18,-1.501,105000.0,2026-08-19,-5.159,101100.0,2026-08-20,-2.345,104100.0,2026-08-21,,,,,,,,,,,,,,,,,,,,,,,,,,,,,,,,,,,,,,,,,,,,,,2026-08-21,0.75,-5.159,1.313,-5.253,,,,,,,
055550,신한지주,2026-08-14,2026-08-14,REJECTED,43,TREND_BROKEN_OR_NOT_UPTREND,상승 평행채널 유효(커버리지 98%) | 최근 추세 하단(싼 구간) 접촉 | 추세 하단 부근 쌍바닥/Higher-Low 형태 | 이동평균선 밀집 | 이동평균선 재돌파 | 재상승 후 5일선 지지,중기 상승 구조 미확인,107400.0,False,2.63,True,0.98,0.7964,True,95836.3636,103096.5909,110300.0,110356.8182,92961.2727,-4.01,2.75,True,False,True,3.89,True,True,False,,False,False,,2026-08-01,2026-08-21,107400.0,4,0,-0.838,106500.0,2026-08-18,-2.235,105000.0,2026-08-19,-5.866,101100.0,2026-08-20,-3.073,104100.0,2026-08-21,,,,,,,,,,,,,,,,,,,,,,,,,,,,,,,,,,,,,,,,,,,,,,,,,2026-08-21,-0.838,-5.866,-0.652,-5.959,,,,,,,
055550,신한지주,2026-08-18,2026-08-18,WATCH,73,LOWER_CHANNEL_WATCH,중기 Higher High + Higher Low | 상승추세 안의 단기 조정 + 전저점 유지 | 상승 평행채널 유효(커버리지 98%) | 최근 추세 하단(싼 구간) 접촉 | 추세 하단 부근 쌍바닥/Higher-Low 형태 | 이동평균선 밀집 | 이동평균선 재돌파 | 재상승 후 5일선 지지,,106500.0,True,3.45,True,0.9804,0.7336,True,95847.7273,103107.9545,110300.0,110368.1818,100589.0,-3.19,3.63,True,False,True,3.74,True,True,False,,False,False,,2026-08-01,2026-08-21,106500.0,3,0,-1.408,105000.0,2026-08-19,-5.07,101100.0,2026-08-20,-2.254,104100.0,2026-08-21,,,,,,,,,,,,,,,,,,,,,,,,,,,,,,,,,,,,,,,,,,,,,,,,,,,,2026-08-21,-1.408,-5.07,-0.939,-5.164,,,0.0,0.0,0.0,TIMEOUT,2026-08-21
055550,신한지주,2026-08-19,2026-08-19,WATCH,63,LOWER_CHANNEL_WATCH,중기 Higher High + Higher Low | 상승추세 안의 단기 조정 + 전저점 유지 | 상승 평행채널 유효(커버리지 98%) | 최근 추세 하단(싼 구간) 접촉 | 추세 하단 부근 쌍바닥/Higher-Low 형태 | 이동평균선 밀집,,105000.0,True,4.81,True,0.9808,0.6295,True,95859.0909,103119.3182,110300.0,110379.5455,100589.0,-1.79,5.12,True,False,True,3.73,False,False,False,,False,False,,2026-08-01,2026-08-21,105000.0,2,0,-3.714,101100.0,2026-08-20,-0.857,104100.0,2026-08-21,,,,,,,,,,,,,,,,,,,,,,,,,,,,,,,,,,,,,,,,,,,,,,,,,,,,,,,2026-08-21,-0.857,-3.714,0.19,-3.81,,,0.0,0.0,0.0,TIMEOUT,2026-08-21
055550,신한지주,2026-08-20,2026-08-20,WATCH,63,LOWER_CHANNEL_WATCH,중기 Higher High + Higher Low | 상승추세 안의 단기 조정 + 전저점 유지 | 상승 평행채널 유효(커버리지 98%) | 최근 추세 하단(싼 구간) 접촉 | 추세 하단 부근 쌍바닥/Higher-Low 형태 | 이동평균선 밀집,,101100.0,True,8.34,True,0.9811,0.3602,True,95870.4545,103130.6818,110300.0,110390.9091,100589.0,2.01,9.19,True,False,True,3.29,False,False,False,,False,False,,2026-08-01,2026-08-21,101100.0,1,0,2.967,104100.0,2026-08-21,,,,,,,,,,,,,,,,,,,,,,,,,,,,,,,,,,,,,,,,,,,,,,,,,,,,,,,,,,2026-08-21,2.967,2.967,3.561,-0.099,,1.0,0.0,0.0,0.0,TIMEOUT,2026-08-21
055550,신한지주,2026-08-21,2026-08-21,WATCH,63,LOWER_CHANNEL_WATCH,중기 Higher High + Higher Low | 상승추세 안의 단기 조정 + 전저점 유지 | 상승 평행채널 유효(커버리지 98%) | 최근 추세 하단(싼 구간) 접촉 | 추세 하단 부근 쌍바닥/Higher-Low 형태 | 이동평균선 밀집,,104100.0,True,5.62,True,0.9815,0.566,True,95881.8182,103142.0455,110300.0,110402.2727,100589.0,-0.92,6.05,True,False,True,2.59,False,False,False,,False,False,,2026-08-01,2026-08-21,104100.0,0,0,,,,,,,,,,,,,,,,,,,,,,,,,,,,,,,,,,,,,,,,,,,,,,,,,,,,,,,,,,,,,,,,,,,,,,,,
006400,삼성SDI,2026-08-03,2026-08-03,REJECTED,0,NO_RISING_CHANNEL,,영상 방식의 상승 평행채널을 안정적으로 구성하지 못함,,,,,,,,,,,,,,,,,,,,,,,,,,2026-08-01,2026-08-21,389500.0,13,0,7.702,419500.0,2026-08-04,10.141,429000.0,2026-08-05,9.628,427000.0,2026-08-06,17.843,459000.0,2026-08-07,23.62,481500.0,2026-08-10,17.972,459500.0,2026-08-11,24.647,485500.0,2026-08-12,25.032,487000.0,2026-08-13,32.478,516000.0,2026-08-14,25.289,488000.0,2026-08-18,25.032,487000.0,2026-08-19,28.241,499500.0,2026-08-20,22.721,478000.0,2026-08-21,,,,,,,,,,,,,,,,,,,,,,2026-08-21,32.478,7.702,32.991,0.513,,,,,,,
006400,삼성SDI,2026-08-04,2026-08-04,REJECTED,0,NO_RISING_CHANNEL,,영상 방식의 상승 평행채널을 안정적으로 구성하지 못함,,,,,,,,,,,,,,,,,,,,,,,,,,2026-08-01,2026-08-21,419500.0,12,0,2.265,429000.0,2026-08-05,1.788,427000.0,2026-08-06,9.416,459000.0,2026-08-07,14.779,481500.0,2026-08-10,9.535,459500.0,2026-08-11,15.733,485500.0,2026-08-12,16.091,487000.0,2026-08-13,23.004,516000.0,2026-08-14,16.329,488000.0,2026-08-18,16.091,487000.0,2026-08-19,19.07,499500.0,2026-08-20,13.945,478000.0,2026-08-21,,,,,,,,,,,,,,,,,,,,,,,,,2026-08-21,23.004,1.788,23.48,-0.238,,,,,,,
006400,삼성SDI,2026-08-05,2026-08-05,REJECTED,0,NO_RISING_CHANNEL,,영상 방식의 상승 평행채널을 안정적으로 구성하지 못함,,,,,,,,,,,,,,,,,,,,,,,,,,2026-08-01,2026-08-21,429000.0,11,0,-0.466,427000.0,2026-08-06,6.993,459000.0,2026-08-07,12.238,481500.0,2026-08-10,7.11,459500.0,2026-08-11,13.17,485500.0,2026-08-12,13.52,487000.0,2026-08-13,20.28,516000.0,2026-08-14,13.753,488000.0,2026-08-18,13.52,487000.0,2026-08-19,16.434,499500.0,2026-08-20,11.422,478000.0,2026-08-21,,,,,,,,,,,,,,,,,,,,,,,,,,,,2026-08-21,20.28,-0.466,20.746,-2.448,,,,,,,
006400,삼성SDI,2026-08-06,2026-08-06,REJECTED,0,NO_RISING_CHANNEL,,영상 방식의 상승 평행채널을 안정적으로 구성하지 못함,,,,,,,,,,,,,,,,,,,,,,,,,,2026-08-01,2026-08-21,427000.0,10,0,7.494,459000.0,2026-08-07,12.763,481500.0,2026-08-10,7.611,459500.0,2026-08-11,13.7,485500.0,2026-08-12,14.052,487000.0,2026-08-13,20.843,516000.0,2026-08-14,14.286,488000.0,2026-08-18,14.052,487000.0,2026-08-19,16.979,499500.0,2026-08-20,11.944,478000.0,2026-08-21,,,,,,,,,,,,,,,,,,,,,,,,,,,,,,,2026-08-21,20.843,7.494,21.311,2.81,,,,,,,
006400,삼성SDI,2026-08-07,2026-08-07,REJECTED,0,NO_RISING_CHANNEL,,영상 방식의 상승 평행채널을 안정적으로 구성하지 못함,,,,,,,,,,,,,,,,,,,,,,,,,,2026-08-01,2026-08-21,459000.0,9,0,4.902,481500.0,2026-08-10,0.109,459500.0,2026-08-11,5.773,485500.0,2026-08-12,6.1,487000.0,2026-08-13,12.418,516000.0,2026-08-14,6.318,488000.0,2026-08-18,6.1,487000.0,2026-08-19,8.824,499500.0,2026-08-20,4.139,478000.0,2026-08-21,,,,,,,,,,,,,,,,,,,,,,,,,,,,,,,,,,2026-08-21,12.418,0.109,12.854,-3.595,,,,,,,
006400,삼성SDI,2026-08-10,2026-08-10,REJECTED,0,NO_RISING_CHANNEL,,영상 방식의 상승 평행채널을 안정적으로 구성하지 못함,,,,,,,,,,,,,,,,,,,,,,,,,,2026-08-01,2026-08-21,481500.0,8,0,-4.569,459500.0,2026-08-11,0.831,485500.0,2026-08-12,1.142,487000.0,2026-08-13,7.165,516000.0,2026-08-14,1.35,488000.0,2026-08-18,1.142,487000.0,2026-08-19,3.738,499500.0,2026-08-20,-0.727,478000.0,2026-08-21,,,,,,,,,,,,,,,,,,,,,,,,,,,,,,,,,,,,,2026-08-21,7.165,-4.569,7.58,-4.984,,,,,,,
006400,삼성SDI,2026-08-11,2026-08-11,REJECTED,0,NO_RISING_CHANNEL,,영상 방식의 상승 평행채널을 안정적으로 구성하지 못함,,,,,,,,,,,,,,,,,,,,,,,,,,2026-08-01,2026-08-21,459500.0,7,0,5.658,485500.0,2026-08-12,5.985,487000.0,2026-08-13,12.296,516000.0,2026-08-14,6.202,488000.0,2026-08-18,5.985,487000.0,2026-08-19,8.705,499500.0,2026-08-20,4.026,478000.0,2026-08-21,,,,,,,,,,,,,,,,,,,,,,,,,,,,,,,,,,,,,,,,2026-08-21,12.296,4.026,12.731,0.0,,,,,,,
006400,삼성SDI,2026-08-12,2026-08-12,REJECTED,0,NO_RISING_CHANNEL,,영상 방식의 상승 평행채널을 안정적으로 구성하지 못함,,,,,,,,,,,,,,,,,,,,,,,,,,2026-08-01,2026-08-21,485500.0,6,0,0.309,487000.0,2026-08-13,6.282,516000.0,2026-08-14,0.515,488000.0,2026-08-18,0.309,487000.0,2026-08-19,2.884,499500.0,2026-08-20,-1.545,478000.0,2026-08-21,,,,,,,,,,,,,,,,,,,,,,,,,,,,,,,,,,,,,,,,,,,2026-08-21,6.282,-1.545,6.694,-4.016,,,,,,,
006400,삼성SDI,2026-08-13,2026-08-13,REJECTED,0,NO_RISING_CHANNEL,,영상 방식의 상승 평행채널을 안정적으로 구성하지 못함,,,,,,,,,,,,,,,,,,,,,,,,,,2026-08-01,2026-08-21,487000.0,5,0,5.955,516000.0,2026-08-14,0.205,488000.0,2026-08-18,0.0,487000.0,2026-08-19,2.567,499500.0,2026-08-20,-1.848,478000.0,2026-08-21,,,,,,,,,,,,,,,,,,,,,,,,,,,,,,,,,,,,,,,,,,,,,,2026-08-21,5.955,-1.848,6.366,-4.312,,,,,,,
006400,삼성SDI,2026-08-14,2026-08-14,REJECTED,0,NO_RISING_CHANNEL,,영상 방식의 상승 평행채널을 안정적으로 구성하지 못함,,,,,,,,,,,,,,,,,,,,,,,,,,2026-08-01,2026-08-21,516000.0,4,0,-5.426,488000.0,2026-08-18,-5.62,487000.0,2026-08-19,-3.198,499500.0,2026-08-20,-7.364,478000.0,2026-08-21,,,,,,,,,,,,,,,,,,,,,,,,,,,,,,,,,,,,,,,,,,,,,,,,,2026-08-21,-3.198,-7.364,0.0,-9.69,,,,,,,
006400,삼성SDI,2026-08-18,2026-08-18,REJECTED,0,NO_RISING_CHANNEL,,영상 방식의 상승 평행채널을 안정적으로 구성하지 못함,,,,,,,,,,,,,,,,,,,,,,,,,,2026-08-01,2026-08-21,488000.0,3,0,-0.205,487000.0,2026-08-19,2.357,499500.0,2026-08-20,-2.049,478000.0,2026-08-21,,,,,,,,,,,,,,,,,,,,,,,,,,,,,,,,,,,,,,,,,,,,,,,,,,,,2026-08-21,2.357,-2.049,5.533,-4.508,,,,,,,
006400,삼성SDI,2026-08-19,2026-08-19,REJECTED,0,NO_RISING_CHANNEL,,영상 방식의 상승 평행채널을 안정적으로 구성하지 못함,,,,,,,,,,,,,,,,,,,,,,,,,,2026-08-01,2026-08-21,487000.0,2,0,2.567,499500.0,2026-08-20,-1.848,478000.0,2026-08-21,,,,,,,,,,,,,,,,,,,,,,,,,,,,,,,,,,,,,,,,,,,,,,,,,,,,,,,2026-08-21,2.567,-1.848,5.749,-2.259,,,,,,,
006400,삼성SDI,2026-08-20,2026-08-20,REJECTED,50,TREND_BROKEN_OR_NOT_UPTREND,상승추세 안의 단기 조정 + 전저점 유지 | 상승 평행채널 유효(커버리지 95%) | 최근 추세 하단(싼 구간) 접촉 | 추세 하단 부근 쌍바닥/Higher-Low 형태 | 쌍바닥 넥라인 돌파 확인 | 이동평균선 재돌파 | 재상승 후 5일선 지지,중기 상승 구조 미확인,499500.0,False,3.57,True,0.9459,0.8491,True,393393.9394,455878.7879,518000.0,518363.6364,381592.1212,-8.73,3.78,True,True,False,10.56,True,True,False,,False,False,,2026-08-01,2026-08-21,499500.0,1,0,-4.304,478000.0,2026-08-21,,,,,,,,,,,,,,,,,,,,,,,,,,,,,,,,,,,,,,,,,,,,,,,,,,,,,,,,,,2026-08-21,-4.304,-4.304,-1.502,-4.705,,,,,,,
006400,삼성SDI,2026-08-21,2026-08-21,REJECTED,35,TREND_BROKEN_OR_NOT_UPTREND,상승추세 안의 단기 조정 + 전저점 유지 | 상승 평행채널 유효(커버리지 95%) | 최근 추세 하단(싼 구간) 접촉 | 추세 하단 부근 쌍바닥/Higher-Low 형태,중기 상승 구조 미확인,478000.0,False,7.72,True,0.9474,0.676,True,393515.1515,456000.0,518000.0,518484.8485,381709.697,-4.6,8.47,True,False,False,10.54,False,False,False,,False,False,,2026-08-01,2026-08-21,478000.0,0,0,,,,,,,,,,,,,,,,,,,,,,,,,,,,,,,,,,,,,,,,,,,,,,,,,,,,,,,,,,,,,,,,,,,,,,,,
042660,한화오션,2026-08-03,2026-08-03,REJECTED,0,NO_RISING_CHANNEL,,영상 방식의 상승 평행채널을 안정적으로 구성하지 못함,,,,,,,,,,,,,,,,,,,,,,,,,,2026-08-01,2026-08-21,83000.0,13,0,5.422,87500.0,2026-08-04,10.723,91900.0,2026-08-05,9.277,90700.0,2026-08-06,7.711,89400.0,2026-08-07,13.735,94400.0,2026-08-10,7.229,89000.0,2026-08-11,8.554,90100.0,2026-08-12,9.277,90700.0,2026-08-13,15.422,95800.0,2026-08-14,9.518,90900.0,2026-08-18,6.145,88100.0,2026-08-19,6.627,88500.0,2026-08-20,1.446,84200.0,2026-08-21,,,,,,,,,,,,,,,,,,,,,,2026-08-21,15.422,1.446,19.759,-0.12,,,,,,,
042660,한화오션,2026-08-04,2026-08-04,REJECTED,0,NO_RISING_CHANNEL,,영상 방식의 상승 평행채널을 안정적으로 구성하지 못함,,,,,,,,,,,,,,,,,,,,,,,,,,2026-08-01,2026-08-21,87500.0,12,0,5.029,91900.0,2026-08-05,3.657,90700.0,2026-08-06,2.171,89400.0,2026-08-07,7.886,94400.0,2026-08-10,1.714,89000.0,2026-08-11,2.971,90100.0,2026-08-12,3.657,90700.0,2026-08-13,9.486,95800.0,2026-08-14,3.886,90900.0,2026-08-18,0.686,88100.0,2026-08-19,1.143,88500.0,2026-08-20,-3.771,84200.0,2026-08-21,,,,,,,,,,,,,,,,,,,,,,,,,2026-08-21,9.486,-3.771,13.6,-5.257,,,,,,,
042660,한화오션,2026-08-05,2026-08-05,REJECTED,0,NO_RISING_CHANNEL,,영상 방식의 상승 평행채널을 안정적으로 구성하지 못함,,,,,,,,,,,,,,,,,,,,,,,,,,2026-08-01,2026-08-21,91900.0,11,0,-1.306,90700.0,2026-08-06,-2.72,89400.0,2026-08-07,2.72,94400.0,2026-08-10,-3.156,89000.0,2026-08-11,-1.959,90100.0,2026-08-12,-1.306,90700.0,2026-08-13,4.244,95800.0,2026-08-14,-1.088,90900.0,2026-08-18,-4.135,88100.0,2026-08-19,-3.7,88500.0,2026-08-20,-8.379,84200.0,2026-08-21,,,,,,,,,,,,,,,,,,,,,,,,,,,,2026-08-21,4.244,-8.379,8.161,-9.793,,,,,,,
042660,한화오션,2026-08-06,2026-08-06,REJECTED,0,NO_RISING_CHANNEL,,영상 방식의 상승 평행채널을 안정적으로 구성하지 못함,,,,,,,,,,,,,,,,,,,,,,,,,,2026-08-01,2026-08-21,90700.0,10,0,-1.433,89400.0,2026-08-07,4.079,94400.0,2026-08-10,-1.874,89000.0,2026-08-11,-0.662,90100.0,2026-08-12,0.0,90700.0,2026-08-13,5.623,95800.0,2026-08-14,0.221,90900.0,2026-08-18,-2.867,88100.0,2026-08-19,-2.426,88500.0,2026-08-20,-7.166,84200.0,2026-08-21,,,,,,,,,,,,,,,,,,,,,,,,,,,,,,,2026-08-21,5.623,-7.166,9.592,-8.6,,,,,,,
042660,한화오션,2026-08-07,2026-08-07,REJECTED,0,NO_RISING_CHANNEL,,영상 방식의 상승 평행채널을 안정적으로 구성하지 못함,,,,,,,,,,,,,,,,,,,,,,,,,,2026-08-01,2026-08-21,89400.0,9,0,5.593,94400.0,2026-08-10,-0.447,89000.0,2026-08-11,0.783,90100.0,2026-08-12,1.454,90700.0,2026-08-13,7.159,95800.0,2026-08-14,1.678,90900.0,2026-08-18,-1.454,88100.0,2026-08-19,-1.007,88500.0,2026-08-20,-5.817,84200.0,2026-08-21,,,,,,,,,,,,,,,,,,,,,,,,,,,,,,,,,,2026-08-21,7.159,-5.817,11.186,-7.271,,,,,,,
042660,한화오션,2026-08-10,2026-08-10,REJECTED,0,NO_RISING_CHANNEL,,영상 방식의 상승 평행채널을 안정적으로 구성하지 못함,,,,,,,,,,,,,,,,,,,,,,,,,,2026-08-01,2026-08-21,94400.0,8,0,-5.72,89000.0,2026-08-11,-4.555,90100.0,2026-08-12,-3.919,90700.0,2026-08-13,1.483,95800.0,2026-08-14,-3.708,90900.0,2026-08-18,-6.674,88100.0,2026-08-19,-6.25,88500.0,2026-08-20,-10.805,84200.0,2026-08-21,,,,,,,,,,,,,,,,,,,,,,,,,,,,,,,,,,,,,2026-08-21,1.483,-10.805,5.297,-12.182,,,,,,,
042660,한화오션,2026-08-11,2026-08-11,REJECTED,0,NO_RISING_CHANNEL,,영상 방식의 상승 평행채널을 안정적으로 구성하지 못함,,,,,,,,,,,,,,,,,,,,,,,,,,2026-08-01,2026-08-21,89000.0,7,0,1.236,90100.0,2026-08-12,1.91,90700.0,2026-08-13,7.64,95800.0,2026-08-14,2.135,90900.0,2026-08-18,-1.011,88100.0,2026-08-19,-0.562,88500.0,2026-08-20,-5.393,84200.0,2026-08-21,,,,,,,,,,,,,,,,,,,,,,,,,,,,,,,,,,,,,,,,2026-08-21,7.64,-5.393,11.685,-6.854,,,,,,,
042660,한화오션,2026-08-12,2026-08-12,REJECTED,0,NO_RISING_CHANNEL,,영상 방식의 상승 평행채널을 안정적으로 구성하지 못함,,,,,,,,,,,,,,,,,,,,,,,,,,2026-08-01,2026-08-21,90100.0,6,0,0.666,90700.0,2026-08-13,6.326,95800.0,2026-08-14,0.888,90900.0,2026-08-18,-2.22,88100.0,2026-08-19,-1.776,88500.0,2026-08-20,-6.548,84200.0,2026-08-21,,,,,,,,,,,,,,,,,,,,,,,,,,,,,,,,,,,,,,,,,,,2026-08-21,6.326,-6.548,10.322,-7.991,,,,,,,
042660,한화오션,2026-08-13,2026-08-13,REJECTED,30,TREND_BROKEN_OR_NOT_UPTREND,상승추세 안의 단기 조정 + 전저점 유지 | 상승 평행채널 유효(커버리지 100%) | 최근 추세 하단(싼 구간) 접촉,중기 상승 구조 미확인,90700.0,False,3.92,True,1.0,0.7881,True,74100.0,84631.8182,94400.0,95163.6364,71877.0,-6.69,4.92,False,False,False,16.42,False,True,False,,False,False,,2026-08-01,2026-08-21,90700.0,5,0,5.623,95800.0,2026-08-14,0.221,90900.0,2026-08-18,-2.867,88100.0,2026-08-19,-2.426,88500.0,2026-08-20,-7.166,84200.0,2026-08-21,,,,,,,,,,,,,,,,,,,,,,,,,,,,,,,,,,,,,,,,,,,,,,2026-08-21,5.623,-7.166,9.592,-8.6,,,,,,,
042660,한화오션,2026-08-14,2026-08-14,REJECTED,30,TREND_BROKEN_OR_NOT_UPTREND,상승추세 안의 단기 조정 + 전저점 유지 | 상승 평행채널 유효(커버리지 100%) | 최근 추세 하단(싼 구간) 접촉,중기 상승 구조 미확인,95800.0,False,3.62,True,1.0,1.0181,True,74354.5455,84886.3636,94400.0,95418.1818,72123.9091,-11.39,-0.4,False,False,False,14.79,False,True,False,,False,False,,2026-08-01,2026-08-21,95800.0,4,0,-5.115,90900.0,2026-08-18,-8.038,88100.0,2026-08-19,-7.62,88500.0,2026-08-20,-12.109,84200.0,2026-08-21,,,,,,,,,,,,,,,,,,,,,,,,,,,,,,,,,,,,,,,,,,,,,,,,,2026-08-21,-5.115,-12.109,-0.939,-13.466,,,,,,,
042660,한화오션,2026-08-18,2026-08-18,REJECTED,30,TREND_BROKEN_OR_NOT_UPTREND,상승추세 안의 단기 조정 + 전저점 유지 | 상승 평행채널 유효(커버리지 100%) | 최근 추세 하단(싼 구간) 접촉,중기 상승 구조 미확인,90900.0,False,8.55,True,1.0,0.7734,True,74609.0909,85140.9091,94400.0,95672.7273,72370.8182,-6.34,5.25,False,False,False,14.81,False,True,False,,False,False,,2026-08-01,2026-08-21,90900.0,3,0,-3.08,88100.0,2026-08-19,-2.64,88500.0,2026-08-20,-7.371,84200.0,2026-08-21,,,,,,,,,,,,,,,,,,,,,,,,,,,,,,,,,,,,,,,,,,,,,,,,,,,,2026-08-21,-2.64,-7.371,-1.21,-8.801,,,,,,,
042660,한화오션,2026-08-19,2026-08-19,REJECTED,30,TREND_BROKEN_OR_NOT_UPTREND,상승추세 안의 단기 조정 + 전저점 유지 | 상승 평행채널 유효(커버리지 100%) | 최근 추세 하단(싼 구간) 접촉,중기 상승 구조 미확인,88100.0,False,11.37,True,1.0,0.6284,True,74863.6364,85395.4545,94400.0,95927.2727,72617.7273,-3.07,8.88,False,False,False,14.44,False,False,False,,False,False,,2026-08-01,2026-08-21,88100.0,2,0,0.454,88500.0,2026-08-20,-4.427,84200.0,2026-08-21,,,,,,,,,,,,,,,,,,,,,,,,,,,,,,,,,,,,,,,,,,,,,,,,,,,,,,,2026-08-21,0.454,-4.427,1.93,-5.902,,,,,,,
042660,한화오션,2026-08-20,2026-08-20,REJECTED,30,TREND_BROKEN_OR_NOT_UPTREND,상승추세 안의 단기 조정 + 전저점 유지 | 상승 평행채널 유효(커버리지 100%) | 최근 추세 하단(싼 구간) 접촉,중기 상승 구조 미확인,88500.0,False,10.97,True,1.0,0.43,True,79100.0,90030.0,99400.0,100960.0,76727.0,1.73,14.08,False,False,False,13.48,False,False,False,,False,False,,2026-08-01,2026-08-21,88500.0,1,0,-4.859,84200.0,2026-08-21,,,,,,,,,,,,,,,,,,,,,,,,,,,,,,,,,,,,,,,,,,,,,,,,,,,,,,,,,,2026-08-21,-4.859,-4.859,-1.921,-6.328,,,,,,,
042660,한화오션,2026-08-21,2026-08-21,REJECTED,35,TREND_BROKEN_OR_NOT_UPTREND,상승추세 안의 단기 조정 + 전저점 유지 | 상승 평행채널 유효(커버리지 100%) | 최근 추세 하단(싼 구간) 접촉 | 현재도 채널 하단권,중기 상승 구조 미확인,84200.0,False,15.29,True,1.0,0.2095,True,79620.0,90550.0,99400.0,101480.0,77231.4,7.54,20.52,False,False,False,13.51,False,False,False,,False,False,,2026-08-01,2026-08-21,84200.0,0,0,,,,,,,,,,,,,,,,,,,,,,,,,,,,,,,,,,,,,,,,,,,,,,,,,,,,,,,,,,,,,,,,,,,,,,,,
267260,HD현대일렉트릭,2026-08-03,2026-08-03,REJECTED,0,NO_RISING_CHANNEL,,영상 방식의 상승 평행채널을 안정적으로 구성하지 못함,,,,,,,,,,,,,,,,,,,,,,,,,,2026-08-01,2026-08-21,673000.0,13,0,6.389,716000.0,2026-08-04,14.71,772000.0,2026-08-05,13.076,761000.0,2026-08-06,13.224,762000.0,2026-08-07,13.522,764000.0,2026-08-10,9.807,739000.0,2026-08-11,16.196,782000.0,2026-08-12,16.642,785000.0,2026-08-13,19.316,803000.0,2026-08-14,16.642,785000.0,2026-08-18,11.738,752000.0,2026-08-19,10.847,746000.0,2026-08-20,6.686,718000.0,2026-08-21,,,,,,,,,,,,,,,,,,,,,,2026-08-21,19.316,6.389,22.14,-0.446,,,,,,,
267260,HD현대일렉트릭,2026-08-04,2026-08-04,REJECTED,0,NO_RISING_CHANNEL,,영상 방식의 상승 평행채널을 안정적으로 구성하지 못함,,,,,,,,,,,,,,,,,,,,,,,,,,2026-08-01,2026-08-21,716000.0,12,0,7.821,772000.0,2026-08-05,6.285,761000.0,2026-08-06,6.425,762000.0,2026-08-07,6.704,764000.0,2026-08-10,3.212,739000.0,2026-08-11,9.218,782000.0,2026-08-12,9.637,785000.0,2026-08-13,12.151,803000.0,2026-08-14,9.637,785000.0,2026-08-18,5.028,752000.0,2026-08-19,4.19,746000.0,2026-08-20,0.279,718000.0,2026-08-21,,,,,,,,,,,,,,,,,,,,,,,,,2026-08-21,12.151,0.279,14.804,-1.117,,,,,,,
267260,HD현대일렉트릭,2026-08-05,2026-08-05,REJECTED,0,NO_RISING_CHANNEL,,영상 방식의 상승 평행채널을 안정적으로 구성하지 못함,,,,,,,,,,,,,,,,,,,,,,,,,,2026-08-01,2026-08-21,772000.0,11,0,-1.425,761000.0,2026-08-06,-1.295,762000.0,2026-08-07,-1.036,764000.0,2026-08-10,-4.275,739000.0,2026-08-11,1.295,782000.0,2026-08-12,1.684,785000.0,2026-08-13,4.016,803000.0,2026-08-14,1.684,785000.0,2026-08-18,-2.591,752000.0,2026-08-19,-3.368,746000.0,2026-08-20,-6.995,718000.0,2026-08-21,,,,,,,,,,,,,,,,,,,,,,,,,,,,2026-08-21,4.016,-6.995,6.477,-8.29,,,,,,,
267260,HD현대일렉트릭,2026-08-06,2026-08-06,REJECTED,0,NO_RISING_CHANNEL,,영상 방식의 상승 평행채널을 안정적으로 구성하지 못함,,,,,,,,,,,,,,,,,,,,,,,,,,2026-08-01,2026-08-21,761000.0,10,0,0.131,762000.0,2026-08-07,0.394,764000.0,2026-08-10,-2.891,739000.0,2026-08-11,2.76,782000.0,2026-08-12,3.154,785000.0,2026-08-13,5.519,803000.0,2026-08-14,3.154,785000.0,2026-08-18,-1.183,752000.0,2026-08-19,-1.971,746000.0,2026-08-20,-5.65,718000.0,2026-08-21,,,,,,,,,,,,,,,,,,,,,,,,,,,,,,,2026-08-21,5.519,-5.65,8.016,-6.965,,,,,,,
267260,HD현대일렉트릭,2026-08-07,2026-08-07,REJECTED,0,NO_RISING_CHANNEL,,영상 방식의 상승 평행채널을 안정적으로 구성하지 못함,,,,,,,,,,,,,,,,,,,,,,,,,,2026-08-01,2026-08-21,762000.0,9,0,0.262,764000.0,2026-08-10,-3.018,739000.0,2026-08-11,2.625,782000.0,2026-08-12,3.018,785000.0,2026-08-13,5.381,803000.0,2026-08-14,3.018,785000.0,2026-08-18,-1.312,752000.0,2026-08-19,-2.1,746000.0,2026-08-20,-5.774,718000.0,2026-08-21,,,,,,,,,,,,,,,,,,,,,,,,,,,,,,,,,,2026-08-21,5.381,-5.774,7.874,-7.087,,,,,,,
267260,HD현대일렉트릭,2026-08-10,2026-08-10,REJECTED,0,NO_RISING_CHANNEL,,영상 방식의 상승 평행채널을 안정적으로 구성하지 못함,,,,,,,,,,,,,,,,,,,,,,,,,,2026-08-01,2026-08-21,764000.0,8,0,-3.272,739000.0,2026-08-11,2.356,782000.0,2026-08-12,2.749,785000.0,2026-08-13,5.105,803000.0,2026-08-14,2.749,785000.0,2026-08-18,-1.571,752000.0,2026-08-19,-2.356,746000.0,2026-08-20,-6.021,718000.0,2026-08-21,,,,,,,,,,,,,,,,,,,,,,,,,,,,,,,,,,,,,2026-08-21,5.105,-6.021,7.592,-7.33,,,,,,,
267260,HD현대일렉트릭,2026-08-11,2026-08-11,REJECTED,0,NO_RISING_CHANNEL,,영상 방식의 상승 평행채널을 안정적으로 구성하지 못함,,,,,,,,,,,,,,,,,,,,,,,,,,2026-08-01,2026-08-21,739000.0,7,0,5.819,782000.0,2026-08-12,6.225,785000.0,2026-08-13,8.66,803000.0,2026-08-14,6.225,785000.0,2026-08-18,1.759,752000.0,2026-08-19,0.947,746000.0,2026-08-20,-2.842,718000.0,2026-08-21,,,,,,,,,,,,,,,,,,,,,,,,,,,,,,,,,,,,,,,,2026-08-21,8.66,-2.842,11.231,-4.195,,,,,,,
267260,HD현대일렉트릭,2026-08-12,2026-08-12,REJECTED,0,NO_RISING_CHANNEL,,영상 방식의 상승 평행채널을 안정적으로 구성하지 못함,,,,,,,,,,,,,,,,,,,,,,,,,,2026-08-01,2026-08-21,782000.0,6,0,0.384,785000.0,2026-08-13,2.685,803000.0,2026-08-14,0.384,785000.0,2026-08-18,-3.836,752000.0,2026-08-19,-4.604,746000.0,2026-08-20,-8.184,718000.0,2026-08-21,,,,,,,,,,,,,,,,,,,,,,,,,,,,,,,,,,,,,,,,,,,2026-08-21,2.685,-8.184,5.115,-9.463,,,,,,,
267260,HD현대일렉트릭,2026-08-13,2026-08-13,REJECTED,0,NO_RISING_CHANNEL,,영상 방식의 상승 평행채널을 안정적으로 구성하지 못함,,,,,,,,,,,,,,,,,,,,,,,,,,2026-08-01,2026-08-21,785000.0,5,0,2.293,803000.0,2026-08-14,0.0,785000.0,2026-08-18,-4.204,752000.0,2026-08-19,-4.968,746000.0,2026-08-20,-8.535,718000.0,2026-08-21,,,,,,,,,,,,,,,,,,,,,,,,,,,,,,,,,,,,,,,,,,,,,,2026-08-21,2.293,-8.535,4.713,-9.809,,,,,,,
267260,HD현대일렉트릭,2026-08-14,2026-08-14,REJECTED,0,NO_RISING_CHANNEL,,영상 방식의 상승 평행채널을 안정적으로 구성하지 못함,,,,,,,,,,,,,,,,,,,,,,,,,,2026-08-01,2026-08-21,803000.0,4,0,-2.242,785000.0,2026-08-18,-6.351,752000.0,2026-08-19,-7.098,746000.0,2026-08-20,-10.585,718000.0,2026-08-21,,,,,,,,,,,,,,,,,,,,,,,,,,,,,,,,,,,,,,,,,,,,,,,,,2026-08-21,-2.242,-10.585,2.366,-11.831,,,,,,,
267260,HD현대일렉트릭,2026-08-18,2026-08-18,REJECTED,0,NO_RISING_CHANNEL,,영상 방식의 상승 평행채널을 안정적으로 구성하지 못함,,,,,,,,,,,,,,,,,,,,,,,,,,2026-08-01,2026-08-21,785000.0,3,0,-4.204,752000.0,2026-08-19,-4.968,746000.0,2026-08-20,-8.535,718000.0,2026-08-21,,,,,,,,,,,,,,,,,,,,,,,,,,,,,,,,,,,,,,,,,,,,,,,,,,,,2026-08-21,-4.204,-8.535,-2.42,-9.809,,,,,,,
267260,HD현대일렉트릭,2026-08-19,2026-08-19,REJECTED,0,NO_RISING_CHANNEL,,영상 방식의 상승 평행채널을 안정적으로 구성하지 못함,,,,,,,,,,,,,,,,,,,,,,,,,,2026-08-01,2026-08-21,752000.0,2,0,-0.798,746000.0,2026-08-20,-4.521,718000.0,2026-08-21,,,,,,,,,,,,,,,,,,,,,,,,,,,,,,,,,,,,,,,,,,,,,,,,,,,,,,,2026-08-21,-0.798,-4.521,1.729,-5.851,,,,,,,
267260,HD현대일렉트릭,2026-08-20,2026-08-20,REJECTED,0,NO_RISING_CHANNEL,,영상 방식의 상승 평행채널을 안정적으로 구성하지 못함,,,,,,,,,,,,,,,,,,,,,,,,,,2026-08-01,2026-08-21,746000.0,1,0,-3.753,718000.0,2026-08-21,,,,,,,,,,,,,,,,,,,,,,,,,,,,,,,,,,,,,,,,,,,,,,,,,,,,,,,,,,2026-08-21,-3.753,-3.753,0.0,-5.094,,,,,,,
267260,HD현대일렉트릭,2026-08-21,2026-08-21,REJECTED,0,NO_RISING_CHANNEL,,영상 방식의 상승 평행채널을 안정적으로 구성하지 못함,,,,,,,,,,,,,,,,,,,,,,,,,,2026-08-01,2026-08-21,718000.0,0,0,,,,,,,,,,,,,,,,,,,,,,,,,,,,,,,,,,,,,,,,,,,,,,,,,,,,,,,,,,,,,,,,,,,,,,,,
010120,LS ELECTRIC,2026-08-03,2026-08-03,REJECTED,0,NO_RISING_CHANNEL,,영상 방식의 상승 평행채널을 안정적으로 구성하지 못함,,,,,,,,,,,,,,,,,,,,,,,,,,2026-08-01,2026-08-21,188400.0,13,0,4.565,197000.0,2026-08-04,12.527,212000.0,2026-08-05,7.484,202500.0,2026-08-06,6.688,201000.0,2026-08-07,10.669,208500.0,2026-08-10,7.749,203000.0,2026-08-11,10.669,208500.0,2026-08-12,13.588,214000.0,2026-08-13,9.607,206500.0,2026-08-14,10.934,209000.0,2026-08-18,7.219,202000.0,2026-08-19,5.732,199200.0,2026-08-20,-0.743,187000.0,2026-08-21,,,,,,,,,,,,,,,,,,,,,,2026-08-21,13.588,-0.743,17.304,-1.008,,,,,,,
010120,LS ELECTRIC,2026-08-04,2026-08-04,REJECTED,0,NO_RISING_CHANNEL,,영상 방식의 상승 평행채널을 안정적으로 구성하지 못함,,,,,,,,,,,,,,,,,,,,,,,,,,2026-08-01,2026-08-21,197000.0,12,0,7.614,212000.0,2026-08-05,2.792,202500.0,2026-08-06,2.03,201000.0,2026-08-07,5.838,208500.0,2026-08-10,3.046,203000.0,2026-08-11,5.838,208500.0,2026-08-12,8.629,214000.0,2026-08-13,4.822,206500.0,2026-08-14,6.091,209000.0,2026-08-18,2.538,202000.0,2026-08-19,1.117,199200.0,2026-08-20,-5.076,187000.0,2026-08-21,,,,,,,,,,,,,,,,,,,,,,,,,2026-08-21,8.629,-5.076,12.183,-5.33,,,,,,,
010120,LS ELECTRIC,2026-08-05,2026-08-05,REJECTED,0,NO_RISING_CHANNEL,,영상 방식의 상승 평행채널을 안정적으로 구성하지 못함,,,,,,,,,,,,,,,,,,,,,,,,,,2026-08-01,2026-08-21,212000.0,11,0,-4.481,202500.0,2026-08-06,-5.189,201000.0,2026-08-07,-1.651,208500.0,2026-08-10,-4.245,203000.0,2026-08-11,-1.651,208500.0,2026-08-12,0.943,214000.0,2026-08-13,-2.594,206500.0,2026-08-14,-1.415,209000.0,2026-08-18,-4.717,202000.0,2026-08-19,-6.038,199200.0,2026-08-20,-11.792,187000.0,2026-08-21,,,,,,,,,,,,,,,,,,,,,,,,,,,,2026-08-21,0.943,-11.792,4.245,-12.028,,,,,,,
010120,LS ELECTRIC,2026-08-06,2026-08-06,REJECTED,35,TREND_BROKEN_OR_NOT_UPTREND,상승추세 안의 단기 조정 + 전저점 유지 | 상승 평행채널 유효(커버리지 72%) | 최근 추세 하단(싼 구간) 접촉 | 현재도 채널 하단권,중기 상승 구조 미확인,202500.0,False,10.4,True,0.7222,0.0036,True,202350.0,223456.25,226000.0,244562.5,196279.5,10.35,20.77,False,False,False,17.22,False,True,False,,False,False,,2026-08-01,2026-08-21,202500.0,10,0,-0.741,201000.0,2026-08-07,2.963,208500.0,2026-08-10,0.247,203000.0,2026-08-11,2.963,208500.0,2026-08-12,5.679,214000.0,2026-08-13,1.975,206500.0,2026-08-14,3.21,209000.0,2026-08-18,-0.247,202000.0,2026-08-19,-1.63,199200.0,2026-08-20,-7.654,187000.0,2026-08-21,,,,,,,,,,,,,,,,,,,,,,,,,,,,,,,2026-08-21,5.679,-7.654,9.136,-7.901,,,,,,,
010120,LS ELECTRIC,2026-08-07,2026-08-07,REJECTED,0,NO_RISING_CHANNEL,,영상 방식의 상승 평행채널을 안정적으로 구성하지 못함,,,,,,,,,,,,,,,,,,,,,,,,,,2026-08-01,2026-08-21,201000.0,9,0,3.731,208500.0,2026-08-10,0.995,203000.0,2026-08-11,3.731,208500.0,2026-08-12,6.468,214000.0,2026-08-13,2.736,206500.0,2026-08-14,3.98,209000.0,2026-08-18,0.498,202000.0,2026-08-19,-0.896,199200.0,2026-08-20,-6.965,187000.0,2026-08-21,,,,,,,,,,,,,,,,,,,,,,,,,,,,,,,,,,2026-08-21,6.468,-6.965,9.95,-7.214,,,,,,,
010120,LS ELECTRIC,2026-08-10,2026-08-10,REJECTED,30,TREND_BROKEN_OR_NOT_UPTREND,상승추세 안의 단기 조정 + 전저점 유지 | 상승 평행채널 유효(커버리지 95%) | 최근 추세 하단(싼 구간) 접촉,중기 상승 구조 미확인,208500.0,False,7.74,True,0.95,0.8937,True,150187.5,182812.5,214500.0,215437.5,145681.875,-12.32,3.33,False,False,False,14.98,False,True,False,,False,False,,2026-08-01,2026-08-21,208500.0,8,0,-2.638,203000.0,2026-08-11,0.0,208500.0,2026-08-12,2.638,214000.0,2026-08-13,-0.959,206500.0,2026-08-14,0.24,209000.0,2026-08-18,-3.118,202000.0,2026-08-19,-4.46,199200.0,2026-08-20,-10.312,187000.0,2026-08-21,,,,,,,,,,,,,,,,,,,,,,,,,,,,,,,,,,,,,2026-08-21,2.638,-10.312,5.995,-10.552,,,,,,,
010120,LS ELECTRIC,2026-08-11,2026-08-11,REJECTED,30,TREND_BROKEN_OR_NOT_UPTREND,상승추세 안의 단기 조정 + 전저점 유지 | 상승 평행채널 유효(커버리지 95%) | 최근 추세 하단(싼 구간) 접촉,중기 상승 구조 미확인,203000.0,False,10.18,True,0.9524,0.8046,True,150500.0,183125.0,214500.0,215750.0,145985.0,-9.79,6.28,False,False,False,14.3,False,False,False,,False,False,,2026-08-01,2026-08-21,203000.0,7,0,2.709,208500.0,2026-08-12,5.419,214000.0,2026-08-13,1.724,206500.0,2026-08-14,2.956,209000.0,2026-08-18,-0.493,202000.0,2026-08-19,-1.872,199200.0,2026-08-20,-7.882,187000.0,2026-08-21,,,,,,,,,,,,,,,,,,,,,,,,,,,,,,,,,,,,,,,,2026-08-21,5.419,-7.882,8.867,-8.128,,,,,,,
010120,LS ELECTRIC,2026-08-12,2026-08-12,REJECTED,30,TREND_BROKEN_OR_NOT_UPTREND,상승추세 안의 단기 조정 + 전저점 유지 | 상승 평행채널 유효(커버리지 95%) | 최근 추세 하단(싼 구간) 접촉,중기 상승 구조 미확인,208500.0,False,7.74,True,0.9545,0.8841,True,150812.5,183437.5,214500.0,216062.5,146288.125,-12.02,3.63,False,False,False,13.02,False,True,False,,False,False,,2026-08-01,2026-08-21,208500.0,6,0,2.638,214000.0,2026-08-13,-0.959,206500.0,2026-08-14,0.24,209000.0,2026-08-18,-3.118,202000.0,2026-08-19,-4.46,199200.0,2026-08-20,-10.312,187000.0,2026-08-21,,,,,,,,,,,,,,,,,,,,,,,,,,,,,,,,,,,,,,,,,,,2026-08-21,2.638,-10.312,5.995,-10.552,,,,,,,
010120,LS ELECTRIC,2026-08-13,2026-08-13,REJECTED,30,TREND_BROKEN_OR_NOT_UPTREND,상승추세 안의 단기 조정 + 전저점 유지 | 상승 평행채널 유효(커버리지 96%) | 최근 추세 하단(싼 구간) 접촉,중기 상승 구조 미확인,214000.0,False,5.31,True,0.9565,0.9636,True,151125.0,183750.0,214500.0,216375.0,146591.25,-14.14,1.11,False,False,False,12.09,False,True,False,,False,False,,2026-08-01,2026-08-21,214000.0,5,0,-3.505,206500.0,2026-08-14,-2.336,209000.0,2026-08-18,-5.607,202000.0,2026-08-19,-6.916,199200.0,2026-08-20,-12.617,187000.0,2026-08-21,,,,,,,,,,,,,,,,,,,,,,,,,,,,,,,,,,,,,,,,,,,,,,2026-08-21,-2.336,-12.617,1.636,-12.85,,,,,,,
010120,LS ELECTRIC,2026-08-14,2026-08-14,REJECTED,30,TREND_BROKEN_OR_NOT_UPTREND,상승추세 안의 단기 조정 + 전저점 유지 | 상승 평행채널 유효(커버리지 96%) | 최근 추세 하단(싼 구간) 접촉,중기 상승 구조 미확인,206500.0,False,8.63,True,0.9583,0.8439,True,151437.5,184062.5,214500.0,216687.5,146894.375,-10.87,4.93,False,False,False,11.83,False,False,False,,False,False,,2026-08-01,2026-08-21,206500.0,4,0,1.211,209000.0,2026-08-18,-2.179,202000.0,2026-08-19,-3.535,199200.0,2026-08-20,-9.443,187000.0,2026-08-21,,,,,,,,,,,,,,,,,,,,,,,,,,,,,,,,,,,,,,,,,,,,,,,,,2026-08-21,1.211,-9.443,5.327,-9.685,,,,,,,
010120,LS ELECTRIC,2026-08-18,2026-08-18,REJECTED,30,TREND_BROKEN_OR_NOT_UPTREND,상승추세 안의 단기 조정 + 전저점 유지 | 상승 평행채널 유효(커버리지 96%) | 최근 추세 하단(싼 구간) 접촉,중기 상승 구조 미확인,209000.0,False,7.52,True,0.96,0.8774,True,151750.0,184375.0,214500.0,217000.0,147197.5,-11.78,3.83,False,False,False,10.74,False,True,False,,False,False,,2026-08-01,2026-08-21,209000.0,3,0,-3.349,202000.0,2026-08-19,-4.689,199200.0,2026-08-20,-10.526,187000.0,2026-08-21,,,,,,,,,,,,,,,,,,,,,,,,,,,,,,,,,,,,,,,,,,,,,,,,,,,,2026-08-21,-3.349,-10.526,-0.239,-10.766,,,,,,,
010120,LS ELECTRIC,2026-08-19,2026-08-19,REJECTED,30,TREND_BROKEN_OR_NOT_UPTREND,상승추세 안의 단기 조정 + 전저점 유지 | 상승 평행채널 유효(커버리지 96%) | 최근 추세 하단(싼 구간) 접촉,중기 상승 구조 미확인,202000.0,False,10.62,True,0.9615,0.6965,True,154795.4545,188681.8182,221000.0,222568.1818,150151.5909,-6.59,10.18,False,False,False,10.22,False,False,False,,False,False,,2026-08-01,2026-08-21,202000.0,2,0,-1.386,199200.0,2026-08-20,-7.426,187000.0,2026-08-21,,,,,,,,,,,,,,,,,,,,,,,,,,,,,,,,,,,,,,,,,,,,,,,,,,,,,,,2026-08-21,-1.386,-7.426,0.495,-7.673,,,,,,,
010120,LS ELECTRIC,2026-08-20,2026-08-20,REJECTED,35,TREND_BROKEN_OR_NOT_UPTREND,상승추세 안의 단기 조정 + 전저점 유지 | 상승 평행채널 유효(커버리지 85%) | 최근 추세 하단(싼 구간) 접촉 | 현재도 채널 하단권,중기 상승 구조 미확인,199200.0,False,11.86,True,0.8519,0.2873,True,189568.1818,206329.5455,221000.0,223090.9091,183881.1364,3.58,11.99,False,False,False,9.46,False,False,False,,False,False,,2026-08-01,2026-08-21,199200.0,1,0,-6.124,187000.0,2026-08-21,,,,,,,,,,,,,,,,,,,,,,,,,,,,,,,,,,,,,,,,,,,,,,,,,,,,,,,,,,2026-08-21,-6.124,-6.124,-0.954,-6.376,,,,,,,
010120,LS ELECTRIC,2026-08-21,2026-08-21,REJECTED,35,TREND_BROKEN_OR_NOT_UPTREND,상승추세 안의 단기 조정 + 전저점 유지 | 상승 평행채널 유효(커버리지 86%) | 최근 추세 하단(싼 구간) 접촉 | 현재도 채널 하단권,중기 상승 구조 미확인,187000.0,False,17.26,True,0.8571,-0.0608,True,189100.0,206356.8182,221000.0,223613.6364,183427.0,10.35,19.58,False,False,False,10.18,False,False,False,,False,False,,2026-08-01,2026-08-21,187000.0,0,0,,,,,,,,,,,,,,,,,,,,,,,,,,,,,,,,,,,,,,,,,,,,,,,,,,,,,,,,,,,,,,,,,,,,,,,,
068270,셀트리온,2026-08-03,2026-08-03,REJECTED,67,TREND_BROKEN_OR_NOT_UPTREND,상승추세 안의 단기 조정 + 전저점 유지 | 상승 평행채널 유효(커버리지 100%) | 최근 추세 하단(싼 구간) 접촉 | 현재도 채널 하단권 | 추세 하단 부근 쌍바닥/Higher-Low 형태 | 쌍바닥 넥라인 돌파 확인 | 이동평균선 밀집 | 추세 바닥권 거래량 급증 양봉 | 거래량 기준봉 저가 지지,중기 상승 구조 미확인,182200.0,False,4.96,True,1.0,0.1237,True,174212.0,206489.5,188000.0,238767.0,168985.64,13.33,31.05,True,True,True,3.61,False,True,True,2026-07-30,True,False,2.59,2026-08-01,2026-08-21,182200.0,13,0,1.976,185800.0,2026-08-04,4.446,190300.0,2026-08-05,7.025,195000.0,2026-08-06,9.385,199300.0,2026-08-07,10.318,201000.0,2026-08-10,15.532,210500.0,2026-08-11,10.867,202000.0,2026-08-12,10.867,202000.0,2026-08-13,10.318,201000.0,2026-08-14,7.3,195500.0,2026-08-18,6.531,194100.0,2026-08-19,6.531,194100.0,2026-08-20,5.543,192300.0,2026-08-21,,,,,,,,,,,,,,,,,,,,,,2026-08-21,15.532,1.976,16.356,-1.043,,,,,,,
068270,셀트리온,2026-08-04,2026-08-04,REJECTED,56,TREND_BROKEN_OR_NOT_UPTREND,상승추세 안의 단기 조정 + 전저점 유지 | 상승 평행채널 유효(커버리지 100%) | 최근 추세 하단(싼 구간) 접촉 | 추세 하단 부근 쌍바닥/Higher-Low 형태 | 쌍바닥 넥라인 돌파 확인 | 이동평균선 밀집 | 이동평균선 재돌파,중기 상승 구조 미확인,185800.0,False,3.08,True,1.0,0.6515,True,172173.3333,182631.6667,191700.0,193090.0,167008.1333,-1.71,3.92,True,True,True,4.51,True,False,False,,False,False,,2026-08-01,2026-08-21,185800.0,12,0,2.422,190300.0,2026-08-05,4.952,195000.0,2026-08-06,7.266,199300.0,2026-08-07,8.181,201000.0,2026-08-10,13.294,210500.0,2026-08-11,8.719,202000.0,2026-08-12,8.719,202000.0,2026-08-13,8.181,201000.0,2026-08-14,5.221,195500.0,2026-08-18,4.467,194100.0,2026-08-19,4.467,194100.0,2026-08-20,3.498,192300.0,2026-08-21,,,,,,,,,,,,,,,,,,,,,,,,,2026-08-21,13.294,2.422,14.101,-0.161,,,,,,,
068270,셀트리온,2026-08-05,2026-08-05,REJECTED,48,TREND_BROKEN_OR_NOT_UPTREND,상승 평행채널 유효(커버리지 100%) | 최근 추세 하단(싼 구간) 접촉 | 추세 하단 부근 쌍바닥/Higher-Low 형태 | 쌍바닥 넥라인 돌파 확인 | 이동평균선 밀집 | 이동평균선 재돌파 | 재상승 후 5일선 지지,중기 상승 구조 미확인,190300.0,False,1.4,True,1.0,0.8445,True,172636.6667,183095.0,191700.0,193553.3333,167457.5667,-3.79,1.71,True,True,True,5.47,True,True,False,,False,False,,2026-08-01,2026-08-21,190300.0,11,0,2.47,195000.0,2026-08-06,4.729,199300.0,2026-08-07,5.623,201000.0,2026-08-10,10.615,210500.0,2026-08-11,6.148,202000.0,2026-08-12,6.148,202000.0,2026-08-13,5.623,201000.0,2026-08-14,2.733,195500.0,2026-08-18,1.997,194100.0,2026-08-19,1.997,194100.0,2026-08-20,1.051,192300.0,2026-08-21,,,,,,,,,,,,,,,,,,,,,,,,,,,,2026-08-21,10.615,1.051,11.403,-1.419,,,,,,,
068270,셀트리온,2026-08-06,2026-08-06,REJECTED,48,TREND_BROKEN_OR_NOT_UPTREND,상승 평행채널 유효(커버리지 100%) | 최근 추세 하단(싼 구간) 접촉 | 추세 하단 부근 쌍바닥/Higher-Low 형태 | 쌍바닥 넥라인 돌파 확인 | 이동평균선 밀집 | 이동평균선 재돌파 | 재상승 후 5일선 지지,중기 상승 구조 미확인,195000.0,False,0.66,True,1.0,1.047,True,173100.0,183558.3333,191700.0,194016.6667,167907.0,-5.87,-0.5,True,True,True,5.74,True,True,False,,False,False,,2026-08-01,2026-08-21,195000.0,10,0,2.205,199300.0,2026-08-07,3.077,201000.0,2026-08-10,7.949,210500.0,2026-08-11,3.59,202000.0,2026-08-12,3.59,202000.0,2026-08-13,3.077,201000.0,2026-08-14,0.256,195500.0,2026-08-18,-0.462,194100.0,2026-08-19,-0.462,194100.0,2026-08-20,-1.385,192300.0,2026-08-21,,,,,,,,,,,,,,,,,,,,,,,,,,,,,,,2026-08-21,7.949,-1.385,8.718,-3.795,,,,,,,
068270,셀트리온,2026-08-07,2026-08-07,REJECTED,40,TREND_BROKEN_OR_NOT_UPTREND,상승 평행채널 유효(커버리지 97%) | 최근 추세 하단(싼 구간) 접촉 | 추세 하단 부근 쌍바닥/Higher-Low 형태 | 쌍바닥 넥라인 돌파 확인 | 이동평균선 재돌파 | 재상승 후 5일선 지지,중기 상승 구조 미확인,199300.0,False,0.0,True,0.973,1.2304,True,173563.3333,184021.6667,191700.0,194480.0,168356.4333,-7.67,-2.42,True,True,False,6.76,True,True,False,,False,False,,2026-08-01,2026-08-21,199300.0,9,0,0.853,201000.0,2026-08-10,5.62,210500.0,2026-08-11,1.355,202000.0,2026-08-12,1.355,202000.0,2026-08-13,0.853,201000.0,2026-08-14,-1.907,195500.0,2026-08-18,-2.609,194100.0,2026-08-19,-2.609,194100.0,2026-08-20,-3.512,192300.0,2026-08-21,,,,,,,,,,,,,,,,,,,,,,,,,,,,,,,,,,2026-08-21,5.62,-3.512,6.372,-5.871,,,,,,,
068270,셀트리온,2026-08-10,2026-08-10,REJECTED,40,TREND_BROKEN_OR_NOT_UPTREND,상승 평행채널 유효(커버리지 95%) | 최근 추세 하단(싼 구간) 접촉 | 추세 하단 부근 쌍바닥/Higher-Low 형태 | 쌍바닥 넥라인 돌파 확인 | 이동평균선 재돌파 | 재상승 후 5일선 지지,중기 상승 구조 미확인,201000.0,False,0.5,True,0.9474,1.2896,True,174026.6667,184485.0,191700.0,194943.3333,168805.8667,-8.22,-3.01,True,True,False,8.41,True,True,False,,False,False,,2026-08-01,2026-08-21,201000.0,8,0,4.726,210500.0,2026-08-11,0.498,202000.0,2026-08-12,0.498,202000.0,2026-08-13,0.0,201000.0,2026-08-14,-2.736,195500.0,2026-08-18,-3.433,194100.0,2026-08-19,-3.433,194100.0,2026-08-20,-4.328,192300.0,2026-08-21,,,,,,,,,,,,,,,,,,,,,,,,,,,,,,,,,,,,,2026-08-21,4.726,-4.328,5.473,-6.667,,,,,,,
068270,셀트리온,2026-08-11,2026-08-11,REJECTED,40,TREND_BROKEN_OR_NOT_UPTREND,상승 평행채널 유효(커버리지 92%) | 최근 추세 하단(싼 구간) 접촉 | 추세 하단 부근 쌍바닥/Higher-Low 형태 | 쌍바닥 넥라인 돌파 확인 | 이동평균선 재돌파 | 재상승 후 5일선 지지,중기 상승 구조 미확인,210500.0,False,0.71,True,0.9231,1.7216,True,174490.0,184948.3333,191700.0,195406.6667,169255.3,-12.14,-7.17,True,True,False,10.18,True,True,False,,False,False,,2026-08-01,2026-08-21,210500.0,7,0,-4.038,202000.0,2026-08-12,-4.038,202000.0,2026-08-13,-4.513,201000.0,2026-08-14,-7.126,195500.0,2026-08-18,-7.791,194100.0,2026-08-19,-7.791,194100.0,2026-08-20,-8.646,192300.0,2026-08-21,,,,,,,,,,,,,,,,,,,,,,,,,,,,,,,,,,,,,,,,2026-08-21,-4.038,-8.646,0.713,-10.879,,,,,,,
068270,셀트리온,2026-08-12,2026-08-12,REJECTED,40,TREND_BROKEN_OR_NOT_UPTREND,상승추세 안의 단기 조정 + 전저점 유지 | 상승 평행채널 유효(커버리지 92%) | 최근 추세 하단(싼 구간) 접촉 | 이동평균선 재돌파 | 재상승 후 5일선 지지,중기 상승 구조 미확인,202000.0,False,4.72,True,0.925,0.6083,True,188100.0,199525.0,191700.0,210950.0,182457.0,-1.23,4.43,False,False,False,11.59,True,True,False,,False,False,,2026-08-01,2026-08-21,202000.0,6,0,0.0,202000.0,2026-08-13,-0.495,201000.0,2026-08-14,-3.218,195500.0,2026-08-18,-3.911,194100.0,2026-08-19,-3.911,194100.0,2026-08-20,-4.802,192300.0,2026-08-21,,,,,,,,,,,,,,,,,,,,,,,,,,,,,,,,,,,,,,,,,,,2026-08-21,0.0,-4.802,0.743,-7.129,,,,,,,
068270,셀트리온,2026-08-13,2026-08-13,REJECTED,30,TREND_BROKEN_OR_NOT_UPTREND,상승추세 안의 단기 조정 + 전저점 유지 | 상승 평행채널 유효(커버리지 93%) | 최근 추세 하단(싼 구간) 접촉,중기 상승 구조 미확인,202000.0,False,4.72,True,0.9268,0.5711,True,188950.0,200375.0,191700.0,211800.0,183281.5,-0.8,4.85,False,False,False,12.06,False,True,False,,False,False,,2026-08-01,2026-08-21,202000.0,5,0,-0.495,201000.0,2026-08-14,-3.218,195500.0,2026-08-18,-3.911,194100.0,2026-08-19,-3.911,194100.0,2026-08-20,-4.802,192300.0,2026-08-21,,,,,,,,,,,,,,,,,,,,,,,,,,,,,,,,,,,,,,,,,,,,,,2026-08-21,-0.495,-4.802,0.743,-7.129,,,,,,,
068270,셀트리온,2026-08-14,2026-08-14,REJECTED,30,TREND_BROKEN_OR_NOT_UPTREND,상승추세 안의 단기 조정 + 전저점 유지 | 상승 평행채널 유효(커버리지 93%) | 최근 추세 하단(싼 구간) 접촉,중기 상승 구조 미확인,201000.0,False,5.19,True,0.9286,0.4902,True,189800.0,201225.0,191700.0,212650.0,184106.0,0.11,5.8,False,False,False,12.06,False,True,False,,False,False,,2026-08-01,2026-08-21,201000.0,4,0,-2.736,195500.0,2026-08-18,-3.433,194100.0,2026-08-19,-3.433,194100.0,2026-08-20,-4.328,192300.0,2026-08-21,,,,,,,,,,,,,,,,,,,,,,,,,,,,,,,,,,,,,,,,,,,,,,,,,2026-08-21,-2.736,-4.328,0.498,-6.667,,,,,,,
068270,셀트리온,2026-08-18,2026-08-18,REJECTED,35,TREND_BROKEN_OR_NOT_UPTREND,상승추세 안의 단기 조정 + 전저점 유지 | 상승 평행채널 유효(커버리지 93%) | 최근 추세 하단(싼 구간) 접촉 | 현재도 채널 하단권,중기 상승 구조 미확인,195500.0,False,7.78,True,0.9302,0.2123,True,190650.0,202075.0,191700.0,213500.0,184930.5,3.36,9.21,False,False,False,11.63,False,False,False,,False,False,,2026-08-01,2026-08-21,195500.0,3,0,-0.716,194100.0,2026-08-19,-0.716,194100.0,2026-08-20,-1.637,192300.0,2026-08-21,,,,,,,,,,,,,,,,,,,,,,,,,,,,,,,,,,,,,,,,,,,,,,,,,,,,2026-08-21,-0.716,-1.637,3.325,-4.041,,,,,,,
068270,셀트리온,2026-08-19,2026-08-19,REJECTED,35,TREND_BROKEN_OR_NOT_UPTREND,상승추세 안의 단기 조정 + 전저점 유지 | 상승 평행채널 유효(커버리지 93%) | 최근 추세 하단(싼 구간) 접촉 | 현재도 채널 하단권,중기 상승 구조 미확인,194100.0,False,8.44,True,0.9318,0.1138,True,191500.0,202925.0,191700.0,214350.0,185755.0,4.55,10.43,False,False,False,9.91,False,False,False,,False,False,,2026-08-01,2026-08-21,194100.0,2,0,0.0,194100.0,2026-08-20,-0.927,192300.0,2026-08-21,,,,,,,,,,,,,,,,,,,,,,,,,,,,,,,,,,,,,,,,,,,,,,,,,,,,,,,2026-08-21,0.0,-0.927,4.07,-3.349,,,,,,,
068270,셀트리온,2026-08-20,2026-08-20,REJECTED,35,TREND_BROKEN_OR_NOT_UPTREND,상승추세 안의 단기 조정 + 전저점 유지 | 상승 평행채널 유효(커버리지 93%) | 최근 추세 하단(싼 구간) 접촉 | 현재도 채널 하단권,중기 상승 구조 미확인,194100.0,False,8.44,True,0.9333,0.0766,True,192350.0,203775.0,191700.0,215200.0,186579.5,4.98,10.87,False,False,False,9.05,False,True,False,,False,False,,2026-08-01,2026-08-21,194100.0,1,0,-0.927,192300.0,2026-08-21,,,,,,,,,,,,,,,,,,,,,,,,,,,,,,,,,,,,,,,,,,,,,,,,,,,,,,,,,,2026-08-21,-0.927,-0.927,-0.515,-3.349,,,,,,,
068270,셀트리온,2026-08-21,2026-08-21,REJECTED,35,TREND_BROKEN_OR_NOT_UPTREND,상승추세 안의 단기 조정 + 전저점 유지 | 상승 평행채널 유효(커버리지 93%) | 최근 추세 하단(싼 구간) 접촉 | 현재도 채널 하단권,중기 상승 구조 미확인,192300.0,False,9.29,True,0.9348,-0.0394,True,193200.0,204625.0,191700.0,216050.0,187404.0,6.41,12.35,False,False,False,8.07,False,False,False,,False,False,,2026-08-01,2026-08-21,192300.0,0,0,,,,,,,,,,,,,,,,,,,,,,,,,,,,,,,,,,,,,,,,,,,,,,,,,,,,,,,,,,,,,,,,,,,,,,,,
035420,NAVER,2026-08-03,2026-08-03,REJECTED,35,TREND_BROKEN_OR_NOT_UPTREND,상승추세 안의 단기 조정 + 전저점 유지 | 상승 평행채널 유효(커버리지 75%) | 최근 추세 하단(싼 구간) 접촉 | 현재도 채널 하단권,중기 상승 구조 미확인,207500.0,False,11.51,True,0.75,0.3394,True,193317.2414,214210.3448,234500.0,235103.4483,187517.7241,3.23,13.3,False,False,False,7.09,False,True,False,,False,False,,2026-08-01,2026-08-21,207500.0,13,0,9.157,226500.0,2026-08-04,10.361,229000.0,2026-08-05,8.916,226000.0,2026-08-06,1.205,210000.0,2026-08-07,1.928,211500.0,2026-08-10,3.133,214000.0,2026-08-11,3.855,215500.0,2026-08-12,9.157,226500.0,2026-08-13,9.88,228000.0,2026-08-14,4.578,217000.0,2026-08-18,0.241,208000.0,2026-08-19,5.783,219500.0,2026-08-20,6.988,222000.0,2026-08-21,,,,,,,,,,,,,,,,,,,,,,2026-08-21,10.361,0.241,12.771,-2.169,,,,,,,
035420,NAVER,2026-08-04,2026-08-04,REJECTED,53,TREND_BROKEN_OR_NOT_UPTREND,상승추세 안의 단기 조정 + 전저점 유지 | 상승 평행채널 유효(커버리지 75%) | 최근 추세 하단(싼 구간) 접촉 | 추세 하단 부근 쌍바닥/Higher-Low 형태 | 이동평균선 밀집 | 이동평균선 재돌파 | 재상승 후 5일선 지지,중기 상승 구조 미확인,226500.0,False,3.41,True,0.75,0.7637,True,194977.3585,215616.0377,234500.0,236254.717,189128.0377,-4.81,4.31,True,False,True,5.98,True,True,False,,False,False,,2026-08-01,2026-08-21,226500.0,12,0,1.104,229000.0,2026-08-05,-0.221,226000.0,2026-08-06,-7.285,210000.0,2026-08-07,-6.623,211500.0,2026-08-10,-5.519,214000.0,2026-08-11,-4.857,215500.0,2026-08-12,0.0,226500.0,2026-08-13,0.662,228000.0,2026-08-14,-4.194,217000.0,2026-08-18,-8.168,208000.0,2026-08-19,-3.091,219500.0,2026-08-20,-1.987,222000.0,2026-08-21,,,,,,,,,,,,,,,,,,,,,,,,,2026-08-21,1.104,-8.168,3.311,-10.375,,,,,,,
035420,NAVER,2026-08-05,2026-08-05,REJECTED,43,TREND_BROKEN_OR_NOT_UPTREND,상승 평행채널 유효(커버리지 75%) | 최근 추세 하단(싼 구간) 접촉 | 추세 하단 부근 쌍바닥/Higher-Low 형태 | 이동평균선 밀집 | 이동평균선 재돌파 | 재상승 후 5일선 지지,중기 상승 구조 미확인,229000.0,False,2.35,True,0.7541,0.8172,True,195269.8113,215908.4906,234500.0,236547.1698,189411.717,-5.72,3.3,True,False,True,5.32,True,True,False,,False,False,,2026-08-01,2026-08-21,229000.0,11,0,-1.31,226000.0,2026-08-06,-8.297,210000.0,2026-08-07,-7.642,211500.0,2026-08-10,-6.55,214000.0,2026-08-11,-5.895,215500.0,2026-08-12,-1.092,226500.0,2026-08-13,-0.437,228000.0,2026-08-14,-5.24,217000.0,2026-08-18,-9.17,208000.0,2026-08-19,-4.148,219500.0,2026-08-20,-3.057,222000.0,2026-08-21,,,,,,,,,,,,,,,,,,,,,,,,,,,,2026-08-21,-0.437,-9.17,1.528,-11.354,,,,,,,
035420,NAVER,2026-08-06,2026-08-06,REJECTED,45,TREND_BROKEN_OR_NOT_UPTREND,상승추세 안의 단기 조정 + 전저점 유지 | 상승 평행채널 유효(커버리지 76%) | 최근 추세 하단(싼 구간) 접촉 | 추세 하단 부근 쌍바닥/Higher-Low 형태 | 이동평균선 재돌파 | 재상승 후 5일선 지지,중기 상승 구조 미확인,226000.0,False,3.62,True,0.7581,0.7374,True,195562.2642,216200.9434,234500.0,236839.6226,189695.3962,-4.34,4.8,True,False,False,7.3,True,True,False,,False,False,,2026-08-01,2026-08-21,226000.0,10,0,-7.08,210000.0,2026-08-07,-6.416,211500.0,2026-08-10,-5.31,214000.0,2026-08-11,-4.646,215500.0,2026-08-12,0.221,226500.0,2026-08-13,0.885,228000.0,2026-08-14,-3.982,217000.0,2026-08-18,-7.965,208000.0,2026-08-19,-2.876,219500.0,2026-08-20,-1.77,222000.0,2026-08-21,,,,,,,,,,,,,,,,,,,,,,,,,,,,,,,2026-08-21,0.885,-7.965,2.876,-10.177,,,,,,,
035420,NAVER,2026-08-07,2026-08-07,REJECTED,40,TREND_BROKEN_OR_NOT_UPTREND,상승추세 안의 단기 조정 + 전저점 유지 | 상승 평행채널 유효(커버리지 76%) | 최근 추세 하단(싼 구간) 접촉 | 현재도 채널 하단권 | 추세 하단 부근 쌍바닥/Higher-Low 형태,중기 상승 구조 미확인,210000.0,False,10.45,True,0.7619,0.3427,True,195854.717,216493.3962,234500.0,237132.0755,189979.0755,3.09,12.92,True,False,False,7.44,False,False,False,,False,False,,2026-08-01,2026-08-21,210000.0,9,0,0.714,211500.0,2026-08-10,1.905,214000.0,2026-08-11,2.619,215500.0,2026-08-12,7.857,226500.0,2026-08-13,8.571,228000.0,2026-08-14,3.333,217000.0,2026-08-18,-0.952,208000.0,2026-08-19,4.524,219500.0,2026-08-20,5.714,222000.0,2026-08-21,,,,,,,,,,,,,,,,,,,,,,,,,,,,,,,,,,2026-08-21,8.571,-0.952,10.714,-3.333,,,,,,,
035420,NAVER,2026-08-10,2026-08-10,REJECTED,35,TREND_BROKEN_OR_NOT_UPTREND,상승추세 안의 단기 조정 + 전저점 유지 | 상승 평행채널 유효(커버리지 77%) | 최근 추세 하단(싼 구간) 접촉 | 추세 하단 부근 쌍바닥/Higher-Low 형태,중기 상승 구조 미확인,211500.0,False,9.81,True,0.7656,0.3719,True,196147.1698,216785.8491,234000.0,237424.5283,190262.7547,2.5,12.26,True,False,False,7.29,False,False,False,,False,False,,2026-08-01,2026-08-21,211500.0,8,0,1.182,214000.0,2026-08-11,1.891,215500.0,2026-08-12,7.092,226500.0,2026-08-13,7.801,228000.0,2026-08-14,2.6,217000.0,2026-08-18,-1.655,208000.0,2026-08-19,3.783,219500.0,2026-08-20,4.965,222000.0,2026-08-21,,,,,,,,,,,,,,,,,,,,,,,,,,,,,,,,,,,,,2026-08-21,7.801,-1.655,9.929,-4.019,,,,,,,
035420,NAVER,2026-08-11,2026-08-11,REJECTED,43,TREND_BROKEN_OR_NOT_UPTREND,상승추세 안의 단기 조정 + 전저점 유지 | 상승 평행채널 유효(커버리지 77%) | 최근 추세 하단(싼 구간) 접촉 | 추세 하단 부근 쌍바닥/Higher-Low 형태 | 이동평균선 밀집,중기 상승 구조 미확인,214000.0,False,8.74,True,0.7692,0.4254,True,196439.6226,217078.3019,234000.0,237716.9811,190546.434,1.44,11.08,True,False,True,5.43,False,False,False,,False,False,,2026-08-01,2026-08-21,214000.0,7,0,0.701,215500.0,2026-08-12,5.841,226500.0,2026-08-13,6.542,228000.0,2026-08-14,1.402,217000.0,2026-08-18,-2.804,208000.0,2026-08-19,2.57,219500.0,2026-08-20,3.738,222000.0,2026-08-21,,,,,,,,,,,,,,,,,,,,,,,,,,,,,,,,,,,,,,,,2026-08-21,6.542,-2.804,8.645,-5.14,,,,,,,
035420,NAVER,2026-08-12,2026-08-12,REJECTED,53,TREND_BROKEN_OR_NOT_UPTREND,상승추세 안의 단기 조정 + 전저점 유지 | 상승 평행채널 유효(커버리지 77%) | 최근 추세 하단(싼 구간) 접촉 | 추세 하단 부근 쌍바닥/Higher-Low 형태 | 이동평균선 밀집 | 이동평균선 재돌파 | 재상승 후 5일선 지지,중기 상승 구조 미확인,215500.0,False,8.1,True,0.7727,0.4547,True,196732.0755,217370.7547,234000.0,238009.434,190830.1132,0.87,10.45,True,False,True,3.39,True,True,False,,False,False,,2026-08-01,2026-08-21,215500.0,6,0,5.104,226500.0,2026-08-13,5.8,228000.0,2026-08-14,0.696,217000.0,2026-08-18,-3.48,208000.0,2026-08-19,1.856,219500.0,2026-08-20,3.016,222000.0,2026-08-21,,,,,,,,,,,,,,,,,,,,,,,,,,,,,,,,,,,,,,,,,,,2026-08-21,5.8,-3.48,7.889,-5.8,,,,,,,
035420,NAVER,2026-08-13,2026-08-13,REJECTED,53,TREND_BROKEN_OR_NOT_UPTREND,상승추세 안의 단기 조정 + 전저점 유지 | 상승 평행채널 유효(커버리지 78%) | 최근 추세 하단(싼 구간) 접촉 | 추세 하단 부근 쌍바닥/Higher-Low 형태 | 이동평균선 밀집 | 이동평균선 재돌파 | 재상승 후 5일선 지지,중기 상승 구조 미확인,226500.0,False,3.41,True,0.7761,0.7141,True,197024.5283,217663.2075,234000.0,238301.8868,200305.0,-3.9,5.21,True,False,True,2.45,True,True,False,,False,False,,2026-08-01,2026-08-21,226500.0,5,0,0.662,228000.0,2026-08-14,-4.194,217000.0,2026-08-18,-8.168,208000.0,2026-08-19,-3.091,219500.0,2026-08-20,-1.987,222000.0,2026-08-21,,,,,,,,,,,,,,,,,,,,,,,,,,,,,,,,,,,,,,,,,,,,,,2026-08-21,0.662,-8.168,2.649,-10.375,,,,,,,
035420,NAVER,2026-08-14,2026-08-14,REJECTED,43,TREND_BROKEN_OR_NOT_UPTREND,상승 평행채널 유효(커버리지 78%) | 최근 추세 하단(싼 구간) 접촉 | 추세 하단 부근 쌍바닥/Higher-Low 형태 | 이동평균선 밀집 | 이동평균선 재돌파 | 재상승 후 5일선 지지,중기 상승 구조 미확인,228000.0,False,2.77,True,0.7794,0.7433,True,197316.9811,217955.6604,234000.0,238594.3396,200305.0,-4.41,4.65,True,False,True,3.18,True,True,False,,False,False,,2026-08-01,2026-08-21,228000.0,4,0,-4.825,217000.0,2026-08-18,-8.772,208000.0,2026-08-19,-3.728,219500.0,2026-08-20,-2.632,222000.0,2026-08-21,,,,,,,,,,,,,,,,,,,,,,,,,,,,,,,,,,,,,,,,,,,,,,,,,2026-08-21,-2.632,-8.772,-0.877,-10.965,,,,,,,
035420,NAVER,2026-08-18,2026-08-18,REJECTED,43,TREND_BROKEN_OR_NOT_UPTREND,상승추세 안의 단기 조정 + 전저점 유지 | 상승 평행채널 유효(커버리지 78%) | 최근 추세 하단(싼 구간) 접촉 | 추세 하단 부근 쌍바닥/Higher-Low 형태 | 이동평균선 밀집,중기 상승 구조 미확인,217000.0,False,7.46,True,0.7826,0.4698,True,197609.434,218248.1132,234000.0,238886.7925,200305.0,0.58,10.09,True,False,True,3.13,False,False,False,,False,False,,2026-08-01,2026-08-21,217000.0,3,0,-4.147,208000.0,2026-08-19,1.152,219500.0,2026-08-20,2.304,222000.0,2026-08-21,,,,,,,,,,,,,,,,,,,,,,,,,,,,,,,,,,,,,,,,,,,,,,,,,,,,2026-08-21,2.304,-4.147,3.687,-6.452,,,,,,,
035420,NAVER,2026-08-19,2026-08-19,REJECTED,48,TREND_BROKEN_OR_NOT_UPTREND,상승추세 안의 단기 조정 + 전저점 유지 | 상승 평행채널 유효(커버리지 79%) | 최근 추세 하단(싼 구간) 접촉 | 현재도 채널 하단권 | 추세 하단 부근 쌍바닥/Higher-Low 형태 | 이동평균선 밀집,중기 상승 구조 미확인,208000.0,False,11.3,True,0.7857,0.2446,True,197901.8868,218540.566,234000.0,239179.2453,200305.0,5.07,14.99,True,False,True,2.33,False,False,False,,False,False,,2026-08-01,2026-08-21,208000.0,2,0,5.529,219500.0,2026-08-20,6.731,222000.0,2026-08-21,,,,,,,,,,,,,,,,,,,,,,,,,,,,,,,,,,,,,,,,,,,,,,,,,,,,,,,2026-08-21,6.731,5.529,8.173,0.721,,,,,,,
035420,NAVER,2026-08-20,2026-08-20,REJECTED,43,TREND_BROKEN_OR_NOT_UPTREND,상승추세 안의 단기 조정 + 전저점 유지 | 상승 평행채널 유효(커버리지 74%) | 최근 추세 하단(싼 구간) 접촉 | 추세 하단 부근 쌍바닥/Higher-Low 형태 | 이동평균선 밀집,중기 상승 구조 미확인,219500.0,False,6.4,True,0.7424,0.5422,True,198554.5455,217868.1818,232500.0,237181.8182,200305.0,-0.74,8.06,True,False,True,2.06,False,False,False,,False,False,,2026-08-01,2026-08-21,219500.0,1,0,1.139,222000.0,2026-08-21,,,,,,,,,,,,,,,,,,,,,,,,,,,,,,,,,,,,,,,,,,,,,,,,,,,,,,,,,,2026-08-21,1.139,1.139,2.506,-2.506,,,,,,,
035420,NAVER,2026-08-21,2026-08-21,REJECTED,53,TREND_BROKEN_OR_NOT_UPTREND,상승추세 안의 단기 조정 + 전저점 유지 | 상승 평행채널 유효(커버리지 75%) | 최근 추세 하단(싼 구간) 접촉 | 추세 하단 부근 쌍바닥/Higher-Low 형태 | 이동평균선 밀집 | 이동평균선 재돌파 | 재상승 후 5일선 지지,중기 상승 구조 미확인,222000.0,False,5.33,True,0.7463,0.5987,True,198872.7273,218186.3636,232500.0,237500.0,200305.0,-1.72,6.98,True,False,True,1.58,True,True,False,,False,False,,2026-08-01,2026-08-21,222000.0,0,0,,,,,,,,,,,,,,,,,,,,,,,,,,,,,,,,,,,,,,,,,,,,,,,,,,,,,,,,,,,,,,,,,,,,,,,,
298040,효성중공업,2026-08-03,2026-08-03,REJECTED,0,NO_RISING_CHANNEL,,영상 방식의 상승 평행채널을 안정적으로 구성하지 못함,,,,,,,,,,,,,,,,,,,,,,,,,,2026-08-01,2026-08-21,2495000.0,13,0,6.413,2655000.0,2026-08-04,19.639,2985000.0,2026-08-05,8.537,2708000.0,2026-08-06,13.507,2832000.0,2026-08-07,17.595,2934000.0,2026-08-10,13.467,2831000.0,2026-08-11,15.912,2892000.0,2026-08-12,20.922,3017000.0,2026-08-13,18.397,2954000.0,2026-08-14,19.599,2984000.0,2026-08-18,16.553,2908000.0,2026-08-19,14.509,2857000.0,2026-08-20,9.058,2721000.0,2026-08-21,,,,,,,,,,,,,,,,,,,,,,2026-08-21,20.922,6.413,22.565,1.403,,,,,,,
298040,효성중공업,2026-08-04,2026-08-04,REJECTED,0,NO_RISING_CHANNEL,,영상 방식의 상승 평행채널을 안정적으로 구성하지 못함,,,,,,,,,,,,,,,,,,,,,,,,,,2026-08-01,2026-08-21,2655000.0,12,0,12.429,2985000.0,2026-08-05,1.996,2708000.0,2026-08-06,6.667,2832000.0,2026-08-07,10.508,2934000.0,2026-08-10,6.629,2831000.0,2026-08-11,8.927,2892000.0,2026-08-12,13.635,3017000.0,2026-08-13,11.262,2954000.0,2026-08-14,12.392,2984000.0,2026-08-18,9.529,2908000.0,2026-08-19,7.608,2857000.0,2026-08-20,2.486,2721000.0,2026-08-21,,,,,,,,,,,,,,,,,,,,,,,,,2026-08-21,13.635,1.996,15.179,1.657,,,,,,,
298040,효성중공업,2026-08-05,2026-08-05,REJECTED,0,NO_RISING_CHANNEL,,영상 방식의 상승 평행채널을 안정적으로 구성하지 못함,,,,,,,,,,,,,,,,,,,,,,,,,,2026-08-01,2026-08-21,2985000.0,11,0,-9.28,2708000.0,2026-08-06,-5.126,2832000.0,2026-08-07,-1.709,2934000.0,2026-08-10,-5.159,2831000.0,2026-08-11,-3.116,2892000.0,2026-08-12,1.072,3017000.0,2026-08-13,-1.039,2954000.0,2026-08-14,-0.034,2984000.0,2026-08-18,-2.58,2908000.0,2026-08-19,-4.288,2857000.0,2026-08-20,-8.844,2721000.0,2026-08-21,,,,,,,,,,,,,,,,,,,,,,,,,,,,2026-08-21,1.072,-9.28,2.446,-9.581,,,,,,,
298040,효성중공업,2026-08-06,2026-08-06,REJECTED,0,NO_RISING_CHANNEL,,영상 방식의 상승 평행채널을 안정적으로 구성하지 못함,,,,,,,,,,,,,,,,,,,,,,,,,,2026-08-01,2026-08-21,2708000.0,10,0,4.579,2832000.0,2026-08-07,8.346,2934000.0,2026-08-10,4.542,2831000.0,2026-08-11,6.795,2892000.0,2026-08-12,11.411,3017000.0,2026-08-13,9.084,2954000.0,2026-08-14,10.192,2984000.0,2026-08-18,7.386,2908000.0,2026-08-19,5.502,2857000.0,2026-08-20,0.48,2721000.0,2026-08-21,,,,,,,,,,,,,,,,,,,,,,,,,,,,,,,2026-08-21,11.411,0.48,12.925,-0.332,,,,,,,
298040,효성중공업,2026-08-07,2026-08-07,REJECTED,0,NO_RISING_CHANNEL,,영상 방식의 상승 평행채널을 안정적으로 구성하지 못함,,,,,,,,,,,,,,,,,,,,,,,,,,2026-08-01,2026-08-21,2832000.0,9,0,3.602,2934000.0,2026-08-10,-0.035,2831000.0,2026-08-11,2.119,2892000.0,2026-08-12,6.532,3017000.0,2026-08-13,4.308,2954000.0,2026-08-14,5.367,2984000.0,2026-08-18,2.684,2908000.0,2026-08-19,0.883,2857000.0,2026-08-20,-3.919,2721000.0,2026-08-21,,,,,,,,,,,,,,,,,,,,,,,,,,,,,,,,,,2026-08-21,6.532,-3.919,7.98,-4.696,,,,,,,
298040,효성중공업,2026-08-10,2026-08-10,REJECTED,0,NO_RISING_CHANNEL,,영상 방식의 상승 평행채널을 안정적으로 구성하지 못함,,,,,,,,,,,,,,,,,,,,,,,,,,2026-08-01,2026-08-21,2934000.0,8,0,-3.511,2831000.0,2026-08-11,-1.431,2892000.0,2026-08-12,2.829,3017000.0,2026-08-13,0.682,2954000.0,2026-08-14,1.704,2984000.0,2026-08-18,-0.886,2908000.0,2026-08-19,-2.624,2857000.0,2026-08-20,-7.26,2721000.0,2026-08-21,,,,,,,,,,,,,,,,,,,,,,,,,,,,,,,,,,,,,2026-08-21,2.829,-7.26,4.226,-8.01,,,,,,,
298040,효성중공업,2026-08-11,2026-08-11,REJECTED,0,NO_RISING_CHANNEL,,영상 방식의 상승 평행채널을 안정적으로 구성하지 못함,,,,,,,,,,,,,,,,,,,,,,,,,,2026-08-01,2026-08-21,2831000.0,7,0,2.155,2892000.0,2026-08-12,6.57,3017000.0,2026-08-13,4.345,2954000.0,2026-08-14,5.404,2984000.0,2026-08-18,2.72,2908000.0,2026-08-19,0.918,2857000.0,2026-08-20,-3.886,2721000.0,2026-08-21,,,,,,,,,,,,,,,,,,,,,,,,,,,,,,,,,,,,,,,,2026-08-21,6.57,-3.886,8.018,-4.663,,,,,,,
298040,효성중공업,2026-08-12,2026-08-12,REJECTED,0,NO_RISING_CHANNEL,,영상 방식의 상승 평행채널을 안정적으로 구성하지 못함,,,,,,,,,,,,,,,,,,,,,,,,,,2026-08-01,2026-08-21,2892000.0,6,0,4.322,3017000.0,2026-08-13,2.144,2954000.0,2026-08-14,3.181,2984000.0,2026-08-18,0.553,2908000.0,2026-08-19,-1.21,2857000.0,2026-08-20,-5.913,2721000.0,2026-08-21,,,,,,,,,,,,,,,,,,,,,,,,,,,,,,,,,,,,,,,,,,,2026-08-21,4.322,-5.913,5.74,-6.674,,,,,,,
298040,효성중공업,2026-08-13,2026-08-13,REJECTED,0,NO_RISING_CHANNEL,,영상 방식의 상승 평행채널을 안정적으로 구성하지 못함,,,,,,,,,,,,,,,,,,,,,,,,,,2026-08-01,2026-08-21,3017000.0,5,0,-2.088,2954000.0,2026-08-14,-1.094,2984000.0,2026-08-18,-3.613,2908000.0,2026-08-19,-5.303,2857000.0,2026-08-20,-9.811,2721000.0,2026-08-21,,,,,,,,,,,,,,,,,,,,,,,,,,,,,,,,,,,,,,,,,,,,,,2026-08-21,-1.094,-9.811,1.226,-10.54,,,,,,,
298040,효성중공업,2026-08-14,2026-08-14,REJECTED,0,NO_RISING_CHANNEL,,영상 방식의 상승 평행채널을 안정적으로 구성하지 못함,,,,,,,,,,,,,,,,,,,,,,,,,,2026-08-01,2026-08-21,2954000.0,4,0,1.016,2984000.0,2026-08-18,-1.557,2908000.0,2026-08-19,-3.284,2857000.0,2026-08-20,-7.888,2721000.0,2026-08-21,,,,,,,,,,,,,,,,,,,,,,,,,,,,,,,,,,,,,,,,,,,,,,,,,2026-08-21,1.016,-7.888,3.385,-8.632,,,,,,,
298040,효성중공업,2026-08-18,2026-08-18,REJECTED,0,NO_RISING_CHANNEL,,영상 방식의 상승 평행채널을 안정적으로 구성하지 못함,,,,,,,,,,,,,,,,,,,,,,,,,,2026-08-01,2026-08-21,2984000.0,3,0,-2.547,2908000.0,2026-08-19,-4.256,2857000.0,2026-08-20,-8.814,2721000.0,2026-08-21,,,,,,,,,,,,,,,,,,,,,,,,,,,,,,,,,,,,,,,,,,,,,,,,,,,,2026-08-21,-2.547,-8.814,0.335,-9.551,,,,,,,
298040,효성중공업,2026-08-19,2026-08-19,REJECTED,0,NO_RISING_CHANNEL,,영상 방식의 상승 평행채널을 안정적으로 구성하지 못함,,,,,,,,,,,,,,,,,,,,,,,,,,2026-08-01,2026-08-21,2908000.0,2,0,-1.754,2857000.0,2026-08-20,-6.431,2721000.0,2026-08-21,,,,,,,,,,,,,,,,,,,,,,,,,,,,,,,,,,,,,,,,,,,,,,,,,,,,,,,2026-08-21,-1.754,-6.431,0.997,-7.187,,,,,,,
298040,효성중공업,2026-08-20,2026-08-20,REJECTED,0,NO_RISING_CHANNEL,,영상 방식의 상승 평행채널을 안정적으로 구성하지 못함,,,,,,,,,,,,,,,,,,,,,,,,,,2026-08-01,2026-08-21,2857000.0,1,0,-4.76,2721000.0,2026-08-21,,,,,,,,,,,,,,,,,,,,,,,,,,,,,,,,,,,,,,,,,,,,,,,,,,,,,,,,,,2026-08-21,-4.76,-4.76,-1.505,-5.53,,,,,,,
298040,효성중공업,2026-08-21,2026-08-21,REJECTED,0,NO_RISING_CHANNEL,,영상 방식의 상승 평행채널을 안정적으로 구성하지 못함,,,,,,,,,,,,,,,,,,,,,,,,,,2026-08-01,2026-08-21,2721000.0,0,0,,,,,,,,,,,,,,,,,,,,,,,,,,,,,,,,,,,,,,,,,,,,,,,,,,,,,,,,,,,,,,,,,,,,,,,,
066570,LG전자,2026-08-03,2026-08-03,REJECTED,0,NO_RISING_CHANNEL,,영상 방식의 상승 평행채널을 안정적으로 구성하지 못함,,,,,,,,,,,,,,,,,,,,,,,,,,2026-08-01,2026-08-21,158800.0,13,0,4.219,165500.0,2026-08-04,13.035,179500.0,2026-08-05,10.327,175200.0,2026-08-06,16.499,185000.0,2026-08-07,19.647,190000.0,2026-08-10,14.421,181700.0,2026-08-11,29.093,205000.0,2026-08-12,30.038,206500.0,2026-08-13,35.39,215000.0,2026-08-14,30.982,208000.0,2026-08-18,26.889,201500.0,2026-08-19,27.519,202500.0,2026-08-20,22.481,194500.0,2026-08-21,,,,,,,,,,,,,,,,,,,,,,2026-08-21,35.39,4.219,45.781,-1.196,,,,,,,
066570,LG전자,2026-08-04,2026-08-04,REJECTED,0,NO_RISING_CHANNEL,,영상 방식의 상승 평행채널을 안정적으로 구성하지 못함,,,,,,,,,,,,,,,,,,,,,,,,,,2026-08-01,2026-08-21,165500.0,12,0,8.459,179500.0,2026-08-05,5.861,175200.0,2026-08-06,11.782,185000.0,2026-08-07,14.804,190000.0,2026-08-10,9.789,181700.0,2026-08-11,23.867,205000.0,2026-08-12,24.773,206500.0,2026-08-13,29.909,215000.0,2026-08-14,25.68,208000.0,2026-08-18,21.752,201500.0,2026-08-19,22.356,202500.0,2026-08-20,17.523,194500.0,2026-08-21,,,,,,,,,,,,,,,,,,,,,,,,,2026-08-21,29.909,5.861,39.879,2.115,,,,,,,
066570,LG전자,2026-08-05,2026-08-05,REJECTED,0,NO_RISING_CHANNEL,,영상 방식의 상승 평행채널을 안정적으로 구성하지 못함,,,,,,,,,,,,,,,,,,,,,,,,,,2026-08-01,2026-08-21,179500.0,11,0,-2.396,175200.0,2026-08-06,3.064,185000.0,2026-08-07,5.85,190000.0,2026-08-10,1.226,181700.0,2026-08-11,14.206,205000.0,2026-08-12,15.042,206500.0,2026-08-13,19.777,215000.0,2026-08-14,15.877,208000.0,2026-08-18,12.256,201500.0,2026-08-19,12.813,202500.0,2026-08-20,8.357,194500.0,2026-08-21,,,,,,,,,,,,,,,,,,,,,,,,,,,,2026-08-21,19.777,-2.396,28.969,-4.401,,,,,,,
066570,LG전자,2026-08-06,2026-08-06,REJECTED,0,NO_RISING_CHANNEL,,영상 방식의 상승 평행채널을 안정적으로 구성하지 못함,,,,,,,,,,,,,,,,,,,,,,,,,,2026-08-01,2026-08-21,175200.0,10,0,5.594,185000.0,2026-08-07,8.447,190000.0,2026-08-10,3.71,181700.0,2026-08-11,17.009,205000.0,2026-08-12,17.865,206500.0,2026-08-13,22.717,215000.0,2026-08-14,18.721,208000.0,2026-08-18,15.011,201500.0,2026-08-19,15.582,202500.0,2026-08-20,11.016,194500.0,2026-08-21,,,,,,,,,,,,,,,,,,,,,,,,,,,,,,,2026-08-21,22.717,3.71,32.135,1.655,,,,,,,
066570,LG전자,2026-08-07,2026-08-07,REJECTED,0,NO_RISING_CHANNEL,,영상 방식의 상승 평행채널을 안정적으로 구성하지 못함,,,,,,,,,,,,,,,,,,,,,,,,,,2026-08-01,2026-08-21,185000.0,9,0,2.703,190000.0,2026-08-10,-1.784,181700.0,2026-08-11,10.811,205000.0,2026-08-12,11.622,206500.0,2026-08-13,16.216,215000.0,2026-08-14,12.432,208000.0,2026-08-18,8.919,201500.0,2026-08-19,9.459,202500.0,2026-08-20,5.135,194500.0,2026-08-21,,,,,,,,,,,,,,,,,,,,,,,,,,,,,,,,,,2026-08-21,16.216,-1.784,25.135,-2.216,,,,,,,
066570,LG전자,2026-08-10,2026-08-10,REJECTED,0,NO_RISING_CHANNEL,,영상 방식의 상승 평행채널을 안정적으로 구성하지 못함,,,,,,,,,,,,,,,,,,,,,,,,,,2026-08-01,2026-08-21,190000.0,8,0,-4.368,181700.0,2026-08-11,7.895,205000.0,2026-08-12,8.684,206500.0,2026-08-13,13.158,215000.0,2026-08-14,9.474,208000.0,2026-08-18,6.053,201500.0,2026-08-19,6.579,202500.0,2026-08-20,2.368,194500.0,2026-08-21,,,,,,,,,,,,,,,,,,,,,,,,,,,,,,,,,,,,,2026-08-21,13.158,-4.368,21.842,-4.368,,,,,,,
066570,LG전자,2026-08-11,2026-08-11,REJECTED,0,NO_RISING_CHANNEL,,영상 방식의 상승 평행채널을 안정적으로 구성하지 못함,,,,,,,,,,,,,,,,,,,,,,,,,,2026-08-01,2026-08-21,181700.0,7,0,12.823,205000.0,2026-08-12,13.649,206500.0,2026-08-13,18.327,215000.0,2026-08-14,14.474,208000.0,2026-08-18,10.897,201500.0,2026-08-19,11.447,202500.0,2026-08-20,7.045,194500.0,2026-08-21,,,,,,,,,,,,,,,,,,,,,,,,,,,,,,,,,,,,,,,,2026-08-21,18.327,7.045,27.408,1.376,,,,,,,
066570,LG전자,2026-08-12,2026-08-12,REJECTED,0,NO_RISING_CHANNEL,,영상 방식의 상승 평행채널을 안정적으로 구성하지 못함,,,,,,,,,,,,,,,,,,,,,,,,,,2026-08-01,2026-08-21,205000.0,6,0,0.732,206500.0,2026-08-13,4.878,215000.0,2026-08-14,1.463,208000.0,2026-08-18,-1.707,201500.0,2026-08-19,-1.22,202500.0,2026-08-20,-5.122,194500.0,2026-08-21,,,,,,,,,,,,,,,,,,,,,,,,,,,,,,,,,,,,,,,,,,,2026-08-21,4.878,-5.122,12.927,-6.683,,,,,,,
066570,LG전자,2026-08-13,2026-08-13,REJECTED,0,NO_RISING_CHANNEL,,영상 방식의 상승 평행채널을 안정적으로 구성하지 못함,,,,,,,,,,,,,,,,,,,,,,,,,,2026-08-01,2026-08-21,206500.0,5,0,4.116,215000.0,2026-08-14,0.726,208000.0,2026-08-18,-2.421,201500.0,2026-08-19,-1.937,202500.0,2026-08-20,-5.811,194500.0,2026-08-21,,,,,,,,,,,,,,,,,,,,,,,,,,,,,,,,,,,,,,,,,,,,,,2026-08-21,4.116,-5.811,12.107,-7.361,,,,,,,
066570,LG전자,2026-08-14,2026-08-14,REJECTED,0,NO_RISING_CHANNEL,,영상 방식의 상승 평행채널을 안정적으로 구성하지 못함,,,,,,,,,,,,,,,,,,,,,,,,,,2026-08-01,2026-08-21,215000.0,4,0,-3.256,208000.0,2026-08-18,-6.279,201500.0,2026-08-19,-5.814,202500.0,2026-08-20,-9.535,194500.0,2026-08-21,,,,,,,,,,,,,,,,,,,,,,,,,,,,,,,,,,,,,,,,,,,,,,,,,2026-08-21,-3.256,-9.535,7.674,-11.023,,,,,,,
066570,LG전자,2026-08-18,2026-08-18,REJECTED,0,NO_RISING_CHANNEL,,영상 방식의 상승 평행채널을 안정적으로 구성하지 못함,,,,,,,,,,,,,,,,,,,,,,,,,,2026-08-01,2026-08-21,208000.0,3,0,-3.125,201500.0,2026-08-19,-2.644,202500.0,2026-08-20,-6.49,194500.0,2026-08-21,,,,,,,,,,,,,,,,,,,,,,,,,,,,,,,,,,,,,,,,,,,,,,,,,,,,2026-08-21,-2.644,-6.49,1.202,-8.029,,,,,,,
066570,LG전자,2026-08-19,2026-08-19,REJECTED,0,NO_RISING_CHANNEL,,영상 방식의 상승 평행채널을 안정적으로 구성하지 못함,,,,,,,,,,,,,,,,,,,,,,,,,,2026-08-01,2026-08-21,201500.0,2,0,0.496,202500.0,2026-08-20,-3.474,194500.0,2026-08-21,,,,,,,,,,,,,,,,,,,,,,,,,,,,,,,,,,,,,,,,,,,,,,,,,,,,,,,2026-08-21,0.496,-3.474,1.985,-5.062,,,,,,,
066570,LG전자,2026-08-20,2026-08-20,REJECTED,0,NO_RISING_CHANNEL,,영상 방식의 상승 평행채널을 안정적으로 구성하지 못함,,,,,,,,,,,,,,,,,,,,,,,,,,2026-08-01,2026-08-21,202500.0,1,0,-3.951,194500.0,2026-08-21,,,,,,,,,,,,,,,,,,,,,,,,,,,,,,,,,,,,,,,,,,,,,,,,,,,,,,,,,,2026-08-21,-3.951,-3.951,-2.074,-5.531,,,,,,,
066570,LG전자,2026-08-21,2026-08-21,REJECTED,35,TREND_BROKEN_OR_NOT_UPTREND,상승추세 안의 단기 조정 + 전저점 유지 | 상승 평행채널 유효(커버리지 100%) | 최근 추세 하단(싼 구간) 접촉 | 현재도 채널 하단권,중기 상승 구조 미확인,194500.0,False,15.98,True,1.0,0.3114,True,174966.6667,206333.3333,231500.0,237700.0,169717.6667,6.08,22.21,False,False,False,14.05,False,False,False,,False,False,,2026-08-01,2026-08-21,194500.0,0,0,,,,,,,,,,,,,,,,,,,,,,,,,,,,,,,,,,,,,,,,,,,,,,,,,,,,,,,,,,,,,,,,,,,,,,,,
086790,하나금융지주,2026-08-03,2026-08-03,REJECTED,48,TREND_BROKEN_OR_NOT_UPTREND,상승추세 안의 단기 조정 + 전저점 유지 | 상승 평행채널 유효(커버리지 99%) | 최근 추세 하단(싼 구간) 접촉 | 현재도 채널 하단권 | 추세 하단 부근 쌍바닥/Higher-Low 형태 | 이동평균선 밀집,중기 상승 구조 미확인,126900.0,False,10.95,True,0.9857,0.2374,True,121153.4483,133258.6207,142500.0,145363.7931,117518.8448,5.01,14.55,True,False,True,4.75,False,True,False,,False,False,,2026-08-01,2026-08-21,126900.0,13,0,0.552,127600.0,2026-08-04,1.34,128600.0,2026-08-05,5.043,133300.0,2026-08-06,6.147,134700.0,2026-08-07,2.758,130400.0,2026-08-10,0.63,127700.0,2026-08-11,0.788,127900.0,2026-08-12,3.231,131000.0,2026-08-13,4.807,133000.0,2026-08-14,2.994,130700.0,2026-08-18,0.473,127500.0,2026-08-19,-2.758,123400.0,2026-08-20,1.497,128800.0,2026-08-21,,,,,,,,,,,,,,,,,,,,,,2026-08-21,6.147,-2.758,6.225,-3.783,,,,,,,
086790,하나금융지주,2026-08-04,2026-08-04,REJECTED,48,TREND_BROKEN_OR_NOT_UPTREND,상승추세 안의 단기 조정 + 전저점 유지 | 상승 평행채널 유효(커버리지 99%) | 최근 추세 하단(싼 구간) 접촉 | 현재도 채널 하단권 | 추세 하단 부근 쌍바닥/Higher-Low 형태 | 이동평균선 밀집,중기 상승 구조 미확인,127600.0,False,10.46,True,0.9859,0.2555,True,121413.7931,133518.9655,142500.0,145624.1379,117771.3793,4.64,14.13,True,False,True,4.85,False,True,False,,False,False,,2026-08-01,2026-08-21,127600.0,12,0,0.784,128600.0,2026-08-05,4.467,133300.0,2026-08-06,5.564,134700.0,2026-08-07,2.194,130400.0,2026-08-10,0.078,127700.0,2026-08-11,0.235,127900.0,2026-08-12,2.665,131000.0,2026-08-13,4.232,133000.0,2026-08-14,2.429,130700.0,2026-08-18,-0.078,127500.0,2026-08-19,-3.292,123400.0,2026-08-20,0.94,128800.0,2026-08-21,,,,,,,,,,,,,,,,,,,,,,,,,2026-08-21,5.564,-3.292,5.643,-4.31,,,,,,,
086790,하나금융지주,2026-08-05,2026-08-05,REJECTED,48,TREND_BROKEN_OR_NOT_UPTREND,상승추세 안의 단기 조정 + 전저점 유지 | 상승 평행채널 유효(커버리지 99%) | 최근 추세 하단(싼 구간) 접촉 | 현재도 채널 하단권 | 추세 하단 부근 쌍바닥/Higher-Low 형태 | 이동평균선 밀집,중기 상승 구조 미확인,128600.0,False,9.75,True,0.9861,0.2861,True,121674.1379,133779.3103,142500.0,145884.4828,118023.9138,4.03,13.44,True,False,True,4.85,False,True,False,,False,False,,2026-08-01,2026-08-21,128600.0,11,0,3.655,133300.0,2026-08-06,4.743,134700.0,2026-08-07,1.4,130400.0,2026-08-10,-0.7,127700.0,2026-08-11,-0.544,127900.0,2026-08-12,1.866,131000.0,2026-08-13,3.421,133000.0,2026-08-14,1.633,130700.0,2026-08-18,-0.855,127500.0,2026-08-19,-4.044,123400.0,2026-08-20,0.156,128800.0,2026-08-21,,,,,,,,,,,,,,,,,,,,,,,,,,,,2026-08-21,4.743,-4.044,4.821,-5.054,,,,,,,
086790,하나금융지주,2026-08-06,2026-08-06,REJECTED,53,TREND_BROKEN_OR_NOT_UPTREND,상승추세 안의 단기 조정 + 전저점 유지 | 상승 평행채널 유효(커버리지 99%) | 최근 추세 하단(싼 구간) 접촉 | 추세 하단 부근 쌍바닥/Higher-Low 형태 | 이동평균선 밀집 | 이동평균선 재돌파 | 재상승 후 5일선 지지,중기 상승 구조 미확인,133300.0,False,6.46,True,0.9863,0.4694,True,121934.4828,134039.6552,142500.0,146144.8276,118276.4483,0.55,9.64,True,False,True,5.01,True,True,False,,False,False,,2026-08-01,2026-08-21,133300.0,10,0,1.05,134700.0,2026-08-07,-2.176,130400.0,2026-08-10,-4.201,127700.0,2026-08-11,-4.051,127900.0,2026-08-12,-1.725,131000.0,2026-08-13,-0.225,133000.0,2026-08-14,-1.95,130700.0,2026-08-18,-4.351,127500.0,2026-08-19,-7.427,123400.0,2026-08-20,-3.376,128800.0,2026-08-21,,,,,,,,,,,,,,,,,,,,,,,,,,,,,,,2026-08-21,1.05,-7.427,1.125,-8.402,,,,,,,
086790,하나금융지주,2026-08-07,2026-08-07,REJECTED,53,TREND_BROKEN_OR_NOT_UPTREND,상승추세 안의 단기 조정 + 전저점 유지 | 상승 평행채널 유효(커버리지 99%) | 최근 추세 하단(싼 구간) 접촉 | 추세 하단 부근 쌍바닥/Higher-Low 형태 | 이동평균선 밀집 | 이동평균선 재돌파 | 재상승 후 5일선 지지,중기 상승 구조 미확인,134700.0,False,5.47,True,0.9865,0.5165,True,122194.8276,134300.0,142500.0,146405.1724,118528.9828,-0.3,8.69,True,False,True,5.27,True,True,False,,False,False,,2026-08-01,2026-08-21,134700.0,9,0,-3.192,130400.0,2026-08-10,-5.197,127700.0,2026-08-11,-5.048,127900.0,2026-08-12,-2.747,131000.0,2026-08-13,-1.262,133000.0,2026-08-14,-2.97,130700.0,2026-08-18,-5.345,127500.0,2026-08-19,-8.389,123400.0,2026-08-20,-4.38,128800.0,2026-08-21,,,,,,,,,,,,,,,,,,,,,,,,,,,,,,,,,,2026-08-21,-1.262,-8.389,-0.148,-9.354,,,,,,,
086790,하나금융지주,2026-08-10,2026-08-10,REJECTED,48,TREND_BROKEN_OR_NOT_UPTREND,상승추세 안의 단기 조정 + 전저점 유지 | 상승 평행채널 유효(커버리지 99%) | 최근 추세 하단(싼 구간) 접촉 | 현재도 채널 하단권 | 추세 하단 부근 쌍바닥/Higher-Low 형태 | 이동평균선 밀집,중기 상승 구조 미확인,130400.0,False,8.49,True,0.9867,0.3282,True,122455.1724,134560.3448,142500.0,146665.5172,118781.5172,3.19,12.47,True,False,True,5.88,False,True,False,,False,False,,2026-08-01,2026-08-21,130400.0,8,0,-2.071,127700.0,2026-08-11,-1.917,127900.0,2026-08-12,0.46,131000.0,2026-08-13,1.994,133000.0,2026-08-14,0.23,130700.0,2026-08-18,-2.224,127500.0,2026-08-19,-5.368,123400.0,2026-08-20,-1.227,128800.0,2026-08-21,,,,,,,,,,,,,,,,,,,,,,,,,,,,,,,,,,,,,2026-08-21,1.994,-5.368,3.144,-6.365,,,,,,,
086790,하나금융지주,2026-08-11,2026-08-11,REJECTED,48,TREND_BROKEN_OR_NOT_UPTREND,상승추세 안의 단기 조정 + 전저점 유지 | 상승 평행채널 유효(커버리지 99%) | 최근 추세 하단(싼 구간) 접촉 | 현재도 채널 하단권 | 추세 하단 부근 쌍바닥/Higher-Low 형태 | 이동평균선 밀집,중기 상승 구조 미확인,127700.0,False,10.39,True,0.9868,0.2059,True,122715.5172,134820.6897,142500.0,146925.8621,119034.0517,5.58,15.06,True,False,True,6.0,False,True,False,,False,False,,2026-08-01,2026-08-21,127700.0,7,0,0.157,127900.0,2026-08-12,2.584,131000.0,2026-08-13,4.15,133000.0,2026-08-14,2.349,130700.0,2026-08-18,-0.157,127500.0,2026-08-19,-3.367,123400.0,2026-08-20,0.861,128800.0,2026-08-21,,,,,,,,,,,,,,,,,,,,,,,,,,,,,,,,,,,,,,,,2026-08-21,4.15,-3.367,5.325,-4.385,,,,,,,
086790,하나금융지주,2026-08-12,2026-08-12,REJECTED,48,TREND_BROKEN_OR_NOT_UPTREND,상승추세 안의 단기 조정 + 전저점 유지 | 상승 평행채널 유효(커버리지 99%) | 최근 추세 하단(싼 구간) 접촉 | 현재도 채널 하단권 | 추세 하단 부근 쌍바닥/Higher-Low 형태 | 이동평균선 밀집,중기 상승 구조 미확인,127900.0,False,10.25,True,0.987,0.2034,True,122975.8621,135081.0345,134800.0,147186.2069,119286.5862,5.61,15.08,True,False,True,5.77,False,True,False,,False,False,,2026-08-01,2026-08-21,127900.0,6,0,2.424,131000.0,2026-08-13,3.987,133000.0,2026-08-14,2.189,130700.0,2026-08-18,-0.313,127500.0,2026-08-19,-3.518,123400.0,2026-08-20,0.704,128800.0,2026-08-21,,,,,,,,,,,,,,,,,,,,,,,,,,,,,,,,,,,,,,,,,,,2026-08-21,3.987,-3.518,5.16,-4.535,,,,,,,
086790,하나금융지주,2026-08-13,2026-08-13,REJECTED,58,TREND_BROKEN_OR_NOT_UPTREND,상승추세 안의 단기 조정 + 전저점 유지 | 상승 평행채널 유효(커버리지 99%) | 최근 추세 하단(싼 구간) 접촉 | 현재도 채널 하단권 | 추세 하단 부근 쌍바닥/Higher-Low 형태 | 이동평균선 밀집 | 이동평균선 재돌파 | 재상승 후 5일선 지지,중기 상승 구조 미확인,131000.0,False,8.07,True,0.9872,0.3207,True,123236.2069,135341.3793,134800.0,147446.5517,119539.1207,3.31,12.55,True,False,True,5.06,True,True,False,,False,False,,2026-08-01,2026-08-21,131000.0,5,0,1.527,133000.0,2026-08-14,-0.229,130700.0,2026-08-18,-2.672,127500.0,2026-08-19,-5.802,123400.0,2026-08-20,-1.679,128800.0,2026-08-21,,,,,,,,,,,,,,,,,,,,,,,,,,,,,,,,,,,,,,,,,,,,,,2026-08-21,1.527,-5.802,2.672,-6.794,,,,,,,
086790,하나금융지주,2026-08-14,2026-08-14,REJECTED,53,TREND_BROKEN_OR_NOT_UPTREND,상승추세 안의 단기 조정 + 전저점 유지 | 상승 평행채널 유효(커버리지 99%) | 최근 추세 하단(싼 구간) 접촉 | 추세 하단 부근 쌍바닥/Higher-Low 형태 | 이동평균선 밀집 | 이동평균선 재돌파 | 재상승 후 5일선 지지,중기 상승 구조 미확인,133000.0,False,5.54,True,0.9873,0.3925,True,123496.5517,135601.7241,134800.0,147706.8966,119791.6552,1.96,11.06,True,False,True,4.51,True,True,False,,False,False,,2026-08-01,2026-08-21,133000.0,4,0,-1.729,130700.0,2026-08-18,-4.135,127500.0,2026-08-19,-7.218,123400.0,2026-08-20,-3.158,128800.0,2026-08-21,,,,,,,,,,,,,,,,,,,,,,,,,,,,,,,,,,,,,,,,,,,,,,,,,2026-08-21,-1.729,-7.218,0.075,-8.195,,,,,,,
086790,하나금융지주,2026-08-18,2026-08-18,REJECTED,58,TREND_BROKEN_OR_NOT_UPTREND,상승추세 안의 단기 조정 + 전저점 유지 | 상승 평행채널 유효(커버리지 99%) | 최근 추세 하단(싼 구간) 접촉 | 현재도 채널 하단권 | 추세 하단 부근 쌍바닥/Higher-Low 형태 | 이동평균선 밀집 | 이동평균선 재돌파 | 재상승 후 5일선 지지,중기 상승 구조 미확인,130700.0,False,3.76,True,0.9875,0.2868,True,123756.8966,135862.069,134800.0,147967.2414,120044.1897,3.95,13.21,True,False,True,4.44,True,True,False,,False,False,,2026-08-01,2026-08-21,130700.0,3,0,-2.448,127500.0,2026-08-19,-5.585,123400.0,2026-08-20,-1.454,128800.0,2026-08-21,,,,,,,,,,,,,,,,,,,,,,,,,,,,,,,,,,,,,,,,,,,,,,,,,,,,2026-08-21,-1.454,-5.585,-0.689,-6.58,,,,,,,
086790,하나금융지주,2026-08-19,2026-08-19,REJECTED,48,TREND_BROKEN_OR_NOT_UPTREND,상승추세 안의 단기 조정 + 전저점 유지 | 상승 평행채널 유효(커버리지 99%) | 최근 추세 하단(싼 구간) 접촉 | 현재도 채널 하단권 | 추세 하단 부근 쌍바닥/Higher-Low 형태 | 이동평균선 밀집,중기 상승 구조 미확인,127500.0,False,6.11,True,0.9877,0.1439,True,124017.2414,136122.4138,134800.0,148227.5862,120296.7241,6.76,16.26,True,False,True,4.42,False,False,False,,False,False,,2026-08-01,2026-08-21,127500.0,2,0,-3.216,123400.0,2026-08-20,1.02,128800.0,2026-08-21,,,,,,,,,,,,,,,,,,,,,,,,,,,,,,,,,,,,,,,,,,,,,,,,,,,,,,,2026-08-21,1.02,-3.216,1.804,-3.529,,,,,,,
086790,하나금융지주,2026-08-20,2026-08-20,REJECTED,48,TREND_BROKEN_OR_NOT_UPTREND,상승추세 안의 단기 조정 + 전저점 유지 | 상승 평행채널 유효(커버리지 99%) | 최근 추세 하단(싼 구간) 접촉 | 현재도 채널 하단권 | 추세 하단 부근 쌍바닥/Higher-Low 형태 | 이동평균선 밀집,중기 상승 구조 미확인,123400.0,False,8.52,True,0.9865,0.0267,True,122730.0,135260.0,134500.0,147790.0,119048.1,9.61,19.76,True,False,True,3.82,False,False,False,,False,False,,2026-08-01,2026-08-21,123400.0,1,0,4.376,128800.0,2026-08-21,,,,,,,,,,,,,,,,,,,,,,,,,,,,,,,,,,,,,,,,,,,,,,,,,,,,,,,,,,2026-08-21,4.376,4.376,5.186,-0.324,,,,,,,
086790,하나금융지주,2026-08-21,2026-08-21,REJECTED,56,TREND_BROKEN_OR_NOT_UPTREND,상승추세 안의 단기 조정 + 전저점 유지 | 상승 평행채널 유효(커버리지 99%) | 최근 추세 하단(싼 구간) 접촉 | 현재도 채널 하단권 | 추세 하단 부근 쌍바닥/Higher-Low 형태 | 이동평균선 밀집 | 이동평균선 재돌파,중기 상승 구조 미확인,128800.0,False,4.52,True,0.9867,0.233,True,122960.0,135490.0,134500.0,148020.0,119271.2,5.19,14.92,True,False,True,3.2,True,False,False,,False,False,,2026-08-01,2026-08-21,128800.0,0,0,,,,,,,,,,,,,,,,,,,,,,,,,,,,,,,,,,,,,,,,,,,,,,,,,,,,,,,,,,,,,,,,,,,,,,,,
000810,삼성화재,2026-08-03,2026-08-03,REJECTED,48,TREND_BROKEN_OR_NOT_UPTREND,상승추세 안의 단기 조정 + 전저점 유지 | 상승 평행채널 유효(커버리지 90%) | 최근 추세 하단(싼 구간) 접촉 | 현재도 채널 하단권 | 추세 하단 부근 쌍바닥/Higher-Low 형태 | 이동평균선 밀집,중기 상승 구조 미확인,616000.0,False,12.13,True,0.8987,-0.3291,True,686666.6667,794020.8333,701000.0,901375.0,666066.6667,28.9,46.33,True,False,True,4.2,False,True,False,,False,False,,2026-08-01,2026-08-21,616000.0,13,0,0.649,620000.0,2026-08-04,3.409,637000.0,2026-08-05,5.195,648000.0,2026-08-06,4.708,645000.0,2026-08-07,2.273,630000.0,2026-08-10,4.058,641000.0,2026-08-11,1.948,628000.0,2026-08-12,-0.812,611000.0,2026-08-13,-0.162,615000.0,2026-08-14,1.623,626000.0,2026-08-18,-0.487,613000.0,2026-08-19,0.974,622000.0,2026-08-20,7.305,661000.0,2026-08-21,,,,,,,,,,,,,,,,,,,,,,2026-08-21,7.305,-0.812,8.117,-2.597,,,,,,,
000810,삼성화재,2026-08-04,2026-08-04,REJECTED,48,TREND_BROKEN_OR_NOT_UPTREND,상승추세 안의 단기 조정 + 전저점 유지 | 상승 평행채널 유효(커버리지 89%) | 최근 추세 하단(싼 구간) 접촉 | 현재도 채널 하단권 | 추세 하단 부근 쌍바닥/Higher-Low 형태 | 이동평균선 밀집,중기 상승 구조 미확인,620000.0,False,11.55,True,0.8875,-0.336,True,692145.8333,799500.0,701000.0,906854.1667,671381.4583,28.95,46.27,True,False,True,3.38,False,True,False,,False,False,,2026-08-01,2026-08-21,620000.0,12,0,2.742,637000.0,2026-08-05,4.516,648000.0,2026-08-06,4.032,645000.0,2026-08-07,1.613,630000.0,2026-08-10,3.387,641000.0,2026-08-11,1.29,628000.0,2026-08-12,-1.452,611000.0,2026-08-13,-0.806,615000.0,2026-08-14,0.968,626000.0,2026-08-18,-1.129,613000.0,2026-08-19,0.323,622000.0,2026-08-20,6.613,661000.0,2026-08-21,,,,,,,,,,,,,,,,,,,,,,,,,2026-08-21,6.613,-1.452,7.419,-3.065,,,,,,,
000810,삼성화재,2026-08-05,2026-08-05,REJECTED,58,TREND_BROKEN_OR_NOT_UPTREND,상승추세 안의 단기 조정 + 전저점 유지 | 상승 평행채널 유효(커버리지 88%) | 최근 추세 하단(싼 구간) 접촉 | 현재도 채널 하단권 | 추세 하단 부근 쌍바닥/Higher-Low 형태 | 이동평균선 밀집 | 이동평균선 재돌파 | 재상승 후 5일선 지지,중기 상승 구조 미확인,637000.0,False,9.13,True,0.8765,-0.2824,True,697625.0,804979.1667,701000.0,912333.3333,676696.25,26.37,43.22,True,False,True,1.52,True,True,False,,False,False,,2026-08-01,2026-08-21,637000.0,11,0,1.727,648000.0,2026-08-06,1.256,645000.0,2026-08-07,-1.099,630000.0,2026-08-10,0.628,641000.0,2026-08-11,-1.413,628000.0,2026-08-12,-4.082,611000.0,2026-08-13,-3.454,615000.0,2026-08-14,-1.727,626000.0,2026-08-18,-3.768,613000.0,2026-08-19,-2.355,622000.0,2026-08-20,3.768,661000.0,2026-08-21,,,,,,,,,,,,,,,,,,,,,,,,,,,,2026-08-21,3.768,-4.082,4.553,-5.651,,,,,,,
000810,삼성화재,2026-08-06,2026-08-06,REJECTED,58,TREND_BROKEN_OR_NOT_UPTREND,상승추세 안의 단기 조정 + 전저점 유지 | 상승 평행채널 유효(커버리지 87%) | 최근 추세 하단(싼 구간) 접촉 | 현재도 채널 하단권 | 추세 하단 부근 쌍바닥/Higher-Low 형태 | 이동평균선 밀집 | 이동평균선 재돌파 | 재상승 후 5일선 지지,중기 상승 구조 미확인,648000.0,False,7.56,True,0.8659,-0.2566,True,703104.1667,810458.3333,701000.0,917812.5,682011.0417,25.07,41.64,True,False,True,0.95,True,True,False,,False,False,,2026-08-01,2026-08-21,648000.0,10,0,-0.463,645000.0,2026-08-07,-2.778,630000.0,2026-08-10,-1.08,641000.0,2026-08-11,-3.086,628000.0,2026-08-12,-5.71,611000.0,2026-08-13,-5.093,615000.0,2026-08-14,-3.395,626000.0,2026-08-18,-5.401,613000.0,2026-08-19,-4.012,622000.0,2026-08-20,2.006,661000.0,2026-08-21,,,,,,,,,,,,,,,,,,,,,,,,,,,,,,,2026-08-21,2.006,-5.71,2.778,-7.253,,,,,,,
000810,삼성화재,2026-08-07,2026-08-07,REJECTED,58,TREND_BROKEN_OR_NOT_UPTREND,상승추세 안의 단기 조정 + 전저점 유지 | 상승 평행채널 유효(커버리지 98%) | 최근 추세 하단(싼 구간) 접촉 | 현재도 채널 하단권 | 추세 하단 부근 쌍바닥/Higher-Low 형태 | 이동평균선 밀집 | 이동평균선 재돌파 | 재상승 후 5일선 지지,중기 상승 구조 미확인,645000.0,False,7.99,True,0.9759,-0.0382,True,655229.1667,789260.4167,701000.0,923291.6667,635572.2917,22.37,43.15,True,False,True,0.77,True,True,False,,False,False,,2026-08-01,2026-08-21,645000.0,9,0,-2.326,630000.0,2026-08-10,-0.62,641000.0,2026-08-11,-2.636,628000.0,2026-08-12,-5.271,611000.0,2026-08-13,-4.651,615000.0,2026-08-14,-2.946,626000.0,2026-08-18,-4.961,613000.0,2026-08-19,-3.566,622000.0,2026-08-20,2.481,661000.0,2026-08-21,,,,,,,,,,,,,,,,,,,,,,,,,,,,,,,,,,2026-08-21,2.481,-5.271,3.256,-6.822,,,,,,,
000810,삼성화재,2026-08-10,2026-08-10,REJECTED,48,TREND_BROKEN_OR_NOT_UPTREND,상승추세 안의 단기 조정 + 전저점 유지 | 상승 평행채널 유효(커버리지 96%) | 최근 추세 하단(싼 구간) 접촉 | 현재도 채널 하단권 | 추세 하단 부근 쌍바닥/Higher-Low 형태 | 이동평균선 밀집,중기 상승 구조 미확인,630000.0,False,10.13,True,0.9643,-0.1146,True,660708.3333,794739.5833,701000.0,928770.8333,640887.0833,26.15,47.42,True,False,True,0.87,False,True,False,,False,False,,2026-08-01,2026-08-21,630000.0,8,0,1.746,641000.0,2026-08-11,-0.317,628000.0,2026-08-12,-3.016,611000.0,2026-08-13,-2.381,615000.0,2026-08-14,-0.635,626000.0,2026-08-18,-2.698,613000.0,2026-08-19,-1.27,622000.0,2026-08-20,4.921,661000.0,2026-08-21,,,,,,,,,,,,,,,,,,,,,,,,,,,,,,,,,,,,,2026-08-21,4.921,-3.016,5.714,-4.603,,,,,,,
000810,삼성화재,2026-08-11,2026-08-11,REJECTED,58,TREND_BROKEN_OR_NOT_UPTREND,상승추세 안의 단기 조정 + 전저점 유지 | 상승 평행채널 유효(커버리지 95%) | 최근 추세 하단(싼 구간) 접촉 | 현재도 채널 하단권 | 추세 하단 부근 쌍바닥/Higher-Low 형태 | 이동평균선 밀집 | 이동평균선 재돌파 | 재상승 후 5일선 지지,중기 상승 구조 미확인,641000.0,False,8.56,True,0.9529,-0.094,True,666187.5,800218.75,701000.0,934250.0,646201.875,24.84,45.75,True,False,True,1.24,True,True,False,,False,False,,2026-08-01,2026-08-21,641000.0,7,0,-2.028,628000.0,2026-08-12,-4.68,611000.0,2026-08-13,-4.056,615000.0,2026-08-14,-2.34,626000.0,2026-08-18,-4.368,613000.0,2026-08-19,-2.964,622000.0,2026-08-20,3.12,661000.0,2026-08-21,,,,,,,,,,,,,,,,,,,,,,,,,,,,,,,,,,,,,,,,2026-08-21,3.12,-4.68,3.9,-6.24,,,,,,,
000810,삼성화재,2026-08-12,2026-08-12,REJECTED,48,TREND_BROKEN_OR_NOT_UPTREND,상승추세 안의 단기 조정 + 전저점 유지 | 상승 평행채널 유효(커버리지 94%) | 최근 추세 하단(싼 구간) 접촉 | 현재도 채널 하단권 | 추세 하단 부근 쌍바닥/Higher-Low 형태 | 이동평균선 밀집,중기 상승 구조 미확인,628000.0,False,10.41,True,0.9419,-0.1629,True,671666.6667,805697.9167,701000.0,939729.1667,651516.6667,28.3,49.64,True,False,True,0.94,False,True,False,,False,False,,2026-08-01,2026-08-21,628000.0,6,0,-2.707,611000.0,2026-08-13,-2.07,615000.0,2026-08-14,-0.318,626000.0,2026-08-18,-2.389,613000.0,2026-08-19,-0.955,622000.0,2026-08-20,5.255,661000.0,2026-08-21,,,,,,,,,,,,,,,,,,,,,,,,,,,,,,,,,,,,,,,,,,,2026-08-21,5.255,-2.707,6.051,-4.299,,,,,,,
000810,삼성화재,2026-08-13,2026-08-13,REJECTED,48,TREND_BROKEN_OR_NOT_UPTREND,상승추세 안의 단기 조정 + 전저점 유지 | 상승 평행채널 유효(커버리지 93%) | 최근 추세 하단(싼 구간) 접촉 | 현재도 채널 하단권 | 추세 하단 부근 쌍바닥/Higher-Low 형태 | 이동평균선 밀집,중기 상승 구조 미확인,611000.0,False,12.84,True,0.931,-0.2468,True,677145.8333,811177.0833,701000.0,945208.3333,656831.4583,32.76,54.7,True,False,True,0.73,False,False,False,,False,False,,2026-08-01,2026-08-21,611000.0,5,0,0.655,615000.0,2026-08-14,2.455,626000.0,2026-08-18,0.327,613000.0,2026-08-19,1.8,622000.0,2026-08-20,8.183,661000.0,2026-08-21,,,,,,,,,,,,,,,,,,,,,,,,,,,,,,,,,,,,,,,,,,,,,,2026-08-21,8.183,0.327,9.002,-1.637,,,,,,,
000810,삼성화재,2026-08-14,2026-08-14,REJECTED,48,TREND_BROKEN_OR_NOT_UPTREND,상승추세 안의 단기 조정 + 전저점 유지 | 상승 평행채널 유효(커버리지 92%) | 최근 추세 하단(싼 구간) 접촉 | 현재도 채널 하단권 | 추세 하단 부근 쌍바닥/Higher-Low 형태 | 이동평균선 밀집,중기 상승 구조 미확인,615000.0,False,9.43,True,0.9205,-0.2523,True,682625.0,816656.25,701000.0,950687.5,662146.25,32.79,54.58,True,False,True,1.71,False,False,False,,False,False,,2026-08-01,2026-08-21,615000.0,4,0,1.789,626000.0,2026-08-18,-0.325,613000.0,2026-08-19,1.138,622000.0,2026-08-20,7.48,661000.0,2026-08-21,,,,,,,,,,,,,,,,,,,,,,,,,,,,,,,,,,,,,,,,,,,,,,,,,2026-08-21,7.48,-0.325,8.293,-2.276,,,,,,,
000810,삼성화재,2026-08-18,2026-08-18,REJECTED,48,TREND_BROKEN_OR_NOT_UPTREND,상승추세 안의 단기 조정 + 전저점 유지 | 상승 평행채널 유효(커버리지 85%) | 최근 추세 하단(싼 구간) 접촉 | 현재도 채널 하단권 | 추세 하단 부근 쌍바닥/Higher-Low 형태 | 이동평균선 밀집,중기 상승 구조 미확인,626000.0,False,5.01,True,0.8452,0.1039,True,610000.0,687000.0,659000.0,764000.0,591700.0,9.74,22.04,True,False,True,2.03,False,False,False,,False,False,,2026-08-01,2026-08-21,626000.0,3,0,-2.077,613000.0,2026-08-19,-0.639,622000.0,2026-08-20,5.591,661000.0,2026-08-21,,,,,,,,,,,,,,,,,,,,,,,,,,,,,,,,,,,,,,,,,,,,,,,,,,,,2026-08-21,5.591,-2.077,6.39,-3.994,,,,,,,
000810,삼성화재,2026-08-19,2026-08-19,REJECTED,48,TREND_BROKEN_OR_NOT_UPTREND,상승추세 안의 단기 조정 + 전저점 유지 | 상승 평행채널 유효(커버리지 85%) | 최근 추세 하단(싼 구간) 접촉 | 현재도 채널 하단권 | 추세 하단 부근 쌍바닥/Higher-Low 형태 | 이동평균선 밀집,중기 상승 구조 미확인,613000.0,False,6.98,True,0.8471,0.0,True,613000.0,690000.0,659000.0,767000.0,594610.0,12.56,25.12,True,False,True,3.11,False,False,False,,False,False,,2026-08-01,2026-08-21,613000.0,2,0,1.468,622000.0,2026-08-20,7.83,661000.0,2026-08-21,,,,,,,,,,,,,,,,,,,,,,,,,,,,,,,,,,,,,,,,,,,,,,,,,,,,,,,2026-08-21,7.83,1.468,8.646,-1.631,,,,,,,
000810,삼성화재,2026-08-20,2026-08-20,REJECTED,48,TREND_BROKEN_OR_NOT_UPTREND,상승추세 안의 단기 조정 + 전저점 유지 | 상승 평행채널 유효(커버리지 85%) | 최근 추세 하단(싼 구간) 접촉 | 현재도 채널 하단권 | 추세 하단 부근 쌍바닥/Higher-Low 형태 | 이동평균선 밀집,중기 상승 구조 미확인,622000.0,False,5.61,True,0.8488,0.039,True,616000.0,693000.0,659000.0,770000.0,597520.0,11.41,23.79,True,False,True,3.4,False,True,False,,False,False,,2026-08-01,2026-08-21,622000.0,1,0,6.27,661000.0,2026-08-21,,,,,,,,,,,,,,,,,,,,,,,,,,,,,,,,,,,,,,,,,,,,,,,,,,,,,,,,,,2026-08-21,6.27,6.27,7.074,-1.768,,,,,,,
000810,삼성화재,2026-08-21,2026-08-21,REJECTED,51,TREND_BROKEN_OR_NOT_UPTREND,상승 평행채널 유효(커버리지 85%) | 최근 추세 하단(싼 구간) 접촉 | 현재도 채널 하단권 | 추세 하단 부근 쌍바닥/Higher-Low 형태 | 쌍바닥 넥라인 돌파 확인 | 이동평균선 밀집 | 이동평균선 재돌파,중기 상승 구조 미확인,661000.0,False,0.75,True,0.8506,0.2727,True,619000.0,696000.0,659000.0,773000.0,600430.0,5.3,16.94,True,True,True,1.89,True,False,False,,False,False,,2026-08-01,2026-08-21,661000.0,0,0,,,,,,,,,,,,,,,,,,,,,,,,,,,,,,,,,,,,,,,,,,,,,,,,,,,,,,,,,,,,,,,,,,,,,,,,
009540,HD한국조선해양,2026-08-03,2026-08-03,REJECTED,54,TREND_BROKEN_OR_NOT_UPTREND,상승추세 안의 단기 조정 + 전저점 유지 | 상승 평행채널 유효(커버리지 87%) | 최근 추세 하단(싼 구간) 접촉 | 현재도 채널 하단권 | 추세 하단 부근 쌍바닥/Higher-Low 형태 | 추세 바닥권 거래량 급증 양봉 | 거래량 기준봉 저가 지지,중기 상승 구조 미확인,368500.0,False,5.27,True,0.8723,0.3117,True,326683.3333,393766.6667,389000.0,460850.0,316882.8333,6.86,25.06,True,False,False,9.08,False,True,True,2026-07-30,True,False,1.89,2026-08-01,2026-08-21,368500.0,13,0,1.493,374000.0,2026-08-04,7.463,396000.0,2026-08-05,8.548,400000.0,2026-08-06,8.141,398500.0,2026-08-07,9.634,404000.0,2026-08-10,8.005,398000.0,2026-08-11,3.256,380500.0,2026-08-12,0.814,371500.0,2026-08-13,4.749,386000.0,2026-08-14,1.628,374500.0,2026-08-18,-0.407,367000.0,2026-08-19,-2.171,360500.0,2026-08-20,-5.427,348500.0,2026-08-21,,,,,,,,,,,,,,,,,,,,,,2026-08-21,9.634,-5.427,11.94,-6.377,,,,,,,
009540,HD한국조선해양,2026-08-04,2026-08-04,REJECTED,52,TREND_BROKEN_OR_NOT_UPTREND,상승추세 안의 단기 조정 + 전저점 유지 | 상승 평행채널 유효(커버리지 87%) | 최근 추세 하단(싼 구간) 접촉 | 추세 하단 부근 쌍바닥/Higher-Low 형태 | 추세 바닥권 거래량 급증 양봉 | 거래량 기준봉 저가 지지 | 기준봉 지지 후 재상승 전환,중기 상승 구조 미확인,374000.0,False,3.86,True,0.8737,0.3506,True,326966.6667,394050.0,389000.0,461133.3333,317157.6667,5.36,23.3,True,False,False,8.41,False,True,True,2026-07-30,True,False,1.89,2026-08-01,2026-08-21,374000.0,12,0,5.882,396000.0,2026-08-05,6.952,400000.0,2026-08-06,6.551,398500.0,2026-08-07,8.021,404000.0,2026-08-10,6.417,398000.0,2026-08-11,1.738,380500.0,2026-08-12,-0.668,371500.0,2026-08-13,3.209,386000.0,2026-08-14,0.134,374500.0,2026-08-18,-1.872,367000.0,2026-08-19,-3.61,360500.0,2026-08-20,-6.818,348500.0,2026-08-21,,,,,,,,,,,,,,,,,,,,,,,,,2026-08-21,8.021,-6.818,10.294,-7.754,,,,,,,
009540,HD한국조선해양,2026-08-05,2026-08-05,REJECTED,59,TREND_BROKEN_OR_NOT_UPTREND,상승 평행채널 유효(커버리지 88%) | 최근 추세 하단(싼 구간) 접촉 | 추세 하단 부근 쌍바닥/Higher-Low 형태 | 쌍바닥 넥라인 돌파 확인 | 이동평균선 재돌파 | 추세 바닥권 거래량 급증 양봉 | 거래량 기준봉 저가 지지 | 거래량 기준봉 고가 돌파 | 재상승 후 5일선 지지,중기 상승 구조 미확인,396000.0,False,1.43,True,0.875,0.5124,True,327250.0,394333.3333,389000.0,461416.6667,317432.5,-0.42,16.52,True,True,False,7.26,True,True,True,2026-07-30,True,True,1.89,2026-08-01,2026-08-21,396000.0,11,0,1.01,400000.0,2026-08-06,0.631,398500.0,2026-08-07,2.02,404000.0,2026-08-10,0.505,398000.0,2026-08-11,-3.914,380500.0,2026-08-12,-6.187,371500.0,2026-08-13,-2.525,386000.0,2026-08-14,-5.429,374500.0,2026-08-18,-7.323,367000.0,2026-08-19,-8.965,360500.0,2026-08-20,-11.995,348500.0,2026-08-21,,,,,,,,,,,,,,,,,,,,,,,,,,,,2026-08-21,2.02,-11.995,4.167,-12.879,,,,,,,
009540,HD한국조선해양,2026-08-06,2026-08-06,REJECTED,59,TREND_BROKEN_OR_NOT_UPTREND,상승 평행채널 유효(커버리지 88%) | 최근 추세 하단(싼 구간) 접촉 | 추세 하단 부근 쌍바닥/Higher-Low 형태 | 쌍바닥 넥라인 돌파 확인 | 이동평균선 재돌파 | 추세 바닥권 거래량 급증 양봉 | 거래량 기준봉 저가 지지 | 거래량 기준봉 고가 돌파 | 재상승 후 5일선 지지,중기 상승 구조 미확인,400000.0,False,0.74,True,0.8763,0.5401,True,327533.3333,394616.6667,389000.0,461700.0,317707.3333,-1.35,15.43,True,True,False,6.54,True,True,True,2026-07-30,True,True,1.89,2026-08-01,2026-08-21,400000.0,10,0,-0.375,398500.0,2026-08-07,1.0,404000.0,2026-08-10,-0.5,398000.0,2026-08-11,-4.875,380500.0,2026-08-12,-7.125,371500.0,2026-08-13,-3.5,386000.0,2026-08-14,-6.375,374500.0,2026-08-18,-8.25,367000.0,2026-08-19,-9.875,360500.0,2026-08-20,-12.875,348500.0,2026-08-21,,,,,,,,,,,,,,,,,,,,,,,,,,,,,,,2026-08-21,1.0,-12.875,3.125,-13.75,,,,,,,
009540,HD한국조선해양,2026-08-07,2026-08-07,REJECTED,67,TREND_BROKEN_OR_NOT_UPTREND,상승 평행채널 유효(커버리지 88%) | 최근 추세 하단(싼 구간) 접촉 | 추세 하단 부근 쌍바닥/Higher-Low 형태 | 쌍바닥 넥라인 돌파 확인 | 이동평균선 밀집 | 이동평균선 재돌파 | 추세 바닥권 거래량 급증 양봉 | 거래량 기준봉 저가 지지 | 거래량 기준봉 고가 돌파 | 재상승 후 5일선 지지,중기 상승 구조 미확인,398500.0,False,1.12,True,0.8776,0.5268,True,327816.6667,394900.0,389000.0,461983.3333,317982.1667,-0.9,15.93,True,True,True,6.37,True,True,True,2026-07-30,True,True,1.89,2026-08-01,2026-08-21,398500.0,9,0,1.38,404000.0,2026-08-10,-0.125,398000.0,2026-08-11,-4.517,380500.0,2026-08-12,-6.775,371500.0,2026-08-13,-3.137,386000.0,2026-08-14,-6.023,374500.0,2026-08-18,-7.905,367000.0,2026-08-19,-9.536,360500.0,2026-08-20,-12.547,348500.0,2026-08-21,,,,,,,,,,,,,,,,,,,,,,,,,,,,,,,,,,2026-08-21,1.38,-12.547,3.513,-13.425,,,,,,,
009540,HD한국조선해양,2026-08-10,2026-08-10,REJECTED,59,TREND_BROKEN_OR_NOT_UPTREND,상승 평행채널 유효(커버리지 88%) | 최근 추세 하단(싼 구간) 접촉 | 추세 하단 부근 쌍바닥/Higher-Low 형태 | 쌍바닥 넥라인 돌파 확인 | 이동평균선 재돌파 | 추세 바닥권 거래량 급증 양봉 | 거래량 기준봉 저가 지지 | 거래량 기준봉 고가 돌파 | 재상승 후 5일선 지지,중기 상승 구조 미확인,404000.0,False,1.7,True,0.8788,0.5657,True,328100.0,395183.3333,389000.0,462266.6667,318257.0,-2.18,14.42,True,True,False,7.26,True,True,True,2026-07-30,True,True,1.89,2026-08-01,2026-08-21,404000.0,8,0,-1.485,398000.0,2026-08-11,-5.817,380500.0,2026-08-12,-8.045,371500.0,2026-08-13,-4.455,386000.0,2026-08-14,-7.302,374500.0,2026-08-18,-9.158,367000.0,2026-08-19,-10.767,360500.0,2026-08-20,-13.738,348500.0,2026-08-21,,,,,,,,,,,,,,,,,,,,,,,,,,,,,,,,,,,,,2026-08-21,-1.485,-13.738,2.104,-14.604,,,,,,,
009540,HD한국조선해양,2026-08-11,2026-08-11,REJECTED,59,TREND_BROKEN_OR_NOT_UPTREND,상승추세 안의 단기 조정 + 전저점 유지 | 상승 평행채널 유효(커버리지 88%) | 최근 추세 하단(싼 구간) 접촉 | 추세 하단 부근 쌍바닥/Higher-Low 형태 | 쌍바닥 넥라인 돌파 확인 | 추세 바닥권 거래량 급증 양봉 | 거래량 기준봉 저가 지지 | 거래량 기준봉 고가 돌파,중기 상승 구조 미확인,398000.0,False,3.52,True,0.88,0.5189,True,328383.3333,395466.6667,389000.0,462550.0,318531.8333,-0.64,16.22,True,True,False,7.86,False,True,True,2026-07-30,True,True,1.89,2026-08-01,2026-08-21,398000.0,7,0,-4.397,380500.0,2026-08-12,-6.658,371500.0,2026-08-13,-3.015,386000.0,2026-08-14,-5.905,374500.0,2026-08-18,-7.789,367000.0,2026-08-19,-9.422,360500.0,2026-08-20,-12.437,348500.0,2026-08-21,,,,,,,,,,,,,,,,,,,,,,,,,,,,,,,,,,,,,,,,2026-08-21,-3.015,-12.437,-1.005,-13.317,,,,,,,
009540,HD한국조선해양,2026-08-12,2026-08-12,REJECTED,54,TREND_BROKEN_OR_NOT_UPTREND,상승추세 안의 단기 조정 + 전저점 유지 | 상승 평행채널 유효(커버리지 88%) | 최근 추세 하단(싼 구간) 접촉 | 추세 하단 부근 쌍바닥/Higher-Low 형태 | 추세 바닥권 거래량 급증 양봉 | 거래량 기준봉 저가 지지 | 거래량 기준봉 고가 돌파,중기 상승 구조 미확인,380500.0,False,7.76,True,0.8812,0.3863,True,328666.6667,395750.0,389000.0,462833.3333,318806.6667,4.01,21.64,True,False,False,6.71,False,False,True,2026-07-30,True,True,1.89,2026-08-01,2026-08-21,380500.0,6,0,-2.365,371500.0,2026-08-13,1.445,386000.0,2026-08-14,-1.577,374500.0,2026-08-18,-3.548,367000.0,2026-08-19,-5.256,360500.0,2026-08-20,-8.41,348500.0,2026-08-21,,,,,,,,,,,,,,,,,,,,,,,,,,,,,,,,,,,,,,,,,,,2026-08-21,1.445,-8.41,3.154,-9.33,,,,,,,
009540,HD한국조선해양,2026-08-13,2026-08-13,REJECTED,62,TREND_BROKEN_OR_NOT_UPTREND,상승추세 안의 단기 조정 + 전저점 유지 | 상승 평행채널 유효(커버리지 88%) | 최근 추세 하단(싼 구간) 접촉 | 현재도 채널 하단권 | 추세 하단 부근 쌍바닥/Higher-Low 형태 | 이동평균선 밀집 | 추세 바닥권 거래량 급증 양봉 | 거래량 기준봉 저가 지지,중기 상승 구조 미확인,371500.0,False,9.94,True,0.8824,0.3171,True,328950.0,396033.3333,389000.0,463116.6667,319081.5,6.6,24.66,True,False,True,4.85,False,False,True,2026-07-30,True,False,1.89,2026-08-01,2026-08-21,371500.0,5,0,3.903,386000.0,2026-08-14,0.808,374500.0,2026-08-18,-1.211,367000.0,2026-08-19,-2.961,360500.0,2026-08-20,-6.191,348500.0,2026-08-21,,,,,,,,,,,,,,,,,,,,,,,,,,,,,,,,,,,,,,,,,,,,,,2026-08-21,3.903,-6.191,4.172,-7.133,,,,,,,
009540,HD한국조선해양,2026-08-14,2026-08-14,REJECTED,38,TREND_BROKEN_OR_NOT_UPTREND,상승추세 안의 단기 조정 + 전저점 유지 | 상승 평행채널 유효(커버리지 100%) | 최근 추세 하단(싼 구간) 접촉 | 이동평균선 밀집,중기 상승 구조 미확인,386000.0,False,6.42,True,1.0,0.4876,True,356440.0,386750.0,412500.0,417060.0,345746.8,0.19,8.05,False,False,True,3.6,False,False,False,,False,False,,2026-08-01,2026-08-21,386000.0,4,0,-2.979,374500.0,2026-08-18,-4.922,367000.0,2026-08-19,-6.606,360500.0,2026-08-20,-9.715,348500.0,2026-08-21,,,,,,,,,,,,,,,,,,,,,,,,,,,,,,,,,,,,,,,,,,,,,,,,,2026-08-21,-2.979,-9.715,-0.648,-10.622,,,,,,,
009540,HD한국조선해양,2026-08-18,2026-08-18,REJECTED,43,TREND_BROKEN_OR_NOT_UPTREND,상승추세 안의 단기 조정 + 전저점 유지 | 상승 평행채널 유효(커버리지 100%) | 최근 추세 하단(싼 구간) 접촉 | 현재도 채널 하단권 | 이동평균선 밀집,중기 상승 구조 미확인,374500.0,False,9.21,True,1.0,0.2728,True,357960.0,388270.0,412500.0,418580.0,347221.2,3.68,11.77,False,False,True,1.68,False,False,False,,False,False,,2026-08-01,2026-08-21,374500.0,3,0,-2.003,367000.0,2026-08-19,-3.738,360500.0,2026-08-20,-6.943,348500.0,2026-08-21,,,,,,,,,,,,,,,,,,,,,,,,,,,,,,,,,,,,,,,,,,,,,,,,,,,,2026-08-21,-2.003,-6.943,-0.935,-7.877,,,,,,,
009540,HD한국조선해양,2026-08-19,2026-08-19,REJECTED,43,TREND_BROKEN_OR_NOT_UPTREND,상승추세 안의 단기 조정 + 전저점 유지 | 상승 평행채널 유효(커버리지 100%) | 최근 추세 하단(싼 구간) 접촉 | 현재도 채널 하단권 | 이동평균선 밀집,중기 상승 구조 미확인,367000.0,False,11.03,True,1.0,0.1241,True,359480.0,389790.0,412500.0,420100.0,348695.6,6.21,14.47,False,False,True,0.46,False,False,False,,False,False,,2026-08-01,2026-08-21,367000.0,2,0,-1.771,360500.0,2026-08-20,-5.041,348500.0,2026-08-21,,,,,,,,,,,,,,,,,,,,,,,,,,,,,,,,,,,,,,,,,,,,,,,,,,,,,,,2026-08-21,-1.771,-5.041,1.09,-5.995,,,,,,,
009540,HD한국조선해양,2026-08-20,2026-08-20,REJECTED,43,TREND_BROKEN_OR_NOT_UPTREND,상승추세 안의 단기 조정 + 전저점 유지 | 상승 평행채널 유효(커버리지 100%) | 최근 추세 하단(싼 구간) 접촉 | 현재도 채널 하단권 | 이동평균선 밀집,중기 상승 구조 미확인,360500.0,False,12.61,True,1.0,-0.0082,True,361000.0,391310.0,412500.0,421620.0,350170.0,8.55,16.95,False,False,True,1.59,False,False,False,,False,False,,2026-08-01,2026-08-21,360500.0,1,0,-3.329,348500.0,2026-08-21,,,,,,,,,,,,,,,,,,,,,,,,,,,,,,,,,,,,,,,,,,,,,,,,,,,,,,,,,,2026-08-21,-3.329,-3.329,-1.526,-4.3,,,,,,,
009540,HD한국조선해양,2026-08-21,2026-08-21,REJECTED,48,TREND_BROKEN_OR_NOT_UPTREND,상승추세 안의 단기 조정 + 전저점 유지 | 상승 평행채널 유효(커버리지 100%) | 최근 추세 하단(싼 구간) 접촉 | 현재도 채널 하단권 | 추세 하단 부근 쌍바닥/Higher-Low 형태 | 이동평균선 밀집,중기 상승 구조 미확인,348500.0,False,15.52,True,1.0,0.12,True,338320.0,380730.0,412500.0,423140.0,328170.4,9.25,21.42,True,False,True,2.5,False,False,False,,False,False,,2026-08-01,2026-08-21,348500.0,0,0,,,,,,,,,,,,,,,,,,,,,,,,,,,,,,,,,,,,,,,,,,,,,,,,,,,,,,,,,,,,,,,,,,,,,,,,
005490,POSCO홀딩스,2026-08-03,2026-08-03,REJECTED,0,NO_RISING_CHANNEL,,영상 방식의 상승 평행채널을 안정적으로 구성하지 못함,,,,,,,,,,,,,,,,,,,,,,,,,,2026-08-01,2026-08-21,303500.0,13,0,3.13,313000.0,2026-08-04,4.448,317000.0,2026-08-05,5.107,319000.0,2026-08-06,9.061,331000.0,2026-08-07,10.708,336000.0,2026-08-10,7.578,326500.0,2026-08-11,7.084,325000.0,2026-08-12,7.249,325500.0,2026-08-13,10.049,334000.0,2026-08-14,6.919,324500.0,2026-08-18,5.437,320000.0,2026-08-19,5.931,321500.0,2026-08-20,2.142,310000.0,2026-08-21,,,,,,,,,,,,,,,,,,,,,,2026-08-21,10.708,2.142,11.038,-0.165,,,,,,,
005490,POSCO홀딩스,2026-08-04,2026-08-04,REJECTED,0,NO_RISING_CHANNEL,,영상 방식의 상승 평행채널을 안정적으로 구성하지 못함,,,,,,,,,,,,,,,,,,,,,,,,,,2026-08-01,2026-08-21,313000.0,12,0,1.278,317000.0,2026-08-05,1.917,319000.0,2026-08-06,5.751,331000.0,2026-08-07,7.348,336000.0,2026-08-10,4.313,326500.0,2026-08-11,3.834,325000.0,2026-08-12,3.994,325500.0,2026-08-13,6.709,334000.0,2026-08-14,3.674,324500.0,2026-08-18,2.236,320000.0,2026-08-19,2.716,321500.0,2026-08-20,-0.958,310000.0,2026-08-21,,,,,,,,,,,,,,,,,,,,,,,,,2026-08-21,7.348,-0.958,7.668,-2.077,,,,,,,
005490,POSCO홀딩스,2026-08-05,2026-08-05,REJECTED,0,NO_RISING_CHANNEL,,영상 방식의 상승 평행채널을 안정적으로 구성하지 못함,,,,,,,,,,,,,,,,,,,,,,,,,,2026-08-01,2026-08-21,317000.0,11,0,0.631,319000.0,2026-08-06,4.416,331000.0,2026-08-07,5.994,336000.0,2026-08-10,2.997,326500.0,2026-08-11,2.524,325000.0,2026-08-12,2.681,325500.0,2026-08-13,5.363,334000.0,2026-08-14,2.366,324500.0,2026-08-18,0.946,320000.0,2026-08-19,1.42,321500.0,2026-08-20,-2.208,310000.0,2026-08-21,,,,,,,,,,,,,,,,,,,,,,,,,,,,2026-08-21,5.994,-2.208,6.309,-3.312,,,,,,,
005490,POSCO홀딩스,2026-08-06,2026-08-06,REJECTED,0,NO_RISING_CHANNEL,,영상 방식의 상승 평행채널을 안정적으로 구성하지 못함,,,,,,,,,,,,,,,,,,,,,,,,,,2026-08-01,2026-08-21,319000.0,10,0,3.762,331000.0,2026-08-07,5.329,336000.0,2026-08-10,2.351,326500.0,2026-08-11,1.881,325000.0,2026-08-12,2.038,325500.0,2026-08-13,4.702,334000.0,2026-08-14,1.724,324500.0,2026-08-18,0.313,320000.0,2026-08-19,0.784,321500.0,2026-08-20,-2.821,310000.0,2026-08-21,,,,,,,,,,,,,,,,,,,,,,,,,,,,,,,2026-08-21,5.329,-2.821,5.643,-3.918,,,,,,,
005490,POSCO홀딩스,2026-08-07,2026-08-07,REJECTED,0,NO_RISING_CHANNEL,,영상 방식의 상승 평행채널을 안정적으로 구성하지 못함,,,,,,,,,,,,,,,,,,,,,,,,,,2026-08-01,2026-08-21,331000.0,9,0,1.511,336000.0,2026-08-10,-1.36,326500.0,2026-08-11,-1.813,325000.0,2026-08-12,-1.662,325500.0,2026-08-13,0.906,334000.0,2026-08-14,-1.964,324500.0,2026-08-18,-3.323,320000.0,2026-08-19,-2.87,321500.0,2026-08-20,-6.344,310000.0,2026-08-21,,,,,,,,,,,,,,,,,,,,,,,,,,,,,,,,,,2026-08-21,1.511,-6.344,1.813,-7.402,,,,,,,
005490,POSCO홀딩스,2026-08-10,2026-08-10,REJECTED,0,NO_RISING_CHANNEL,,영상 방식의 상승 평행채널을 안정적으로 구성하지 못함,,,,,,,,,,,,,,,,,,,,,,,,,,2026-08-01,2026-08-21,336000.0,8,0,-2.827,326500.0,2026-08-11,-3.274,325000.0,2026-08-12,-3.125,325500.0,2026-08-13,-0.595,334000.0,2026-08-14,-3.423,324500.0,2026-08-18,-4.762,320000.0,2026-08-19,-4.315,321500.0,2026-08-20,-7.738,310000.0,2026-08-21,,,,,,,,,,,,,,,,,,,,,,,,,,,,,,,,,,,,,2026-08-21,-0.595,-7.738,-0.298,-8.78,,,,,,,
005490,POSCO홀딩스,2026-08-11,2026-08-11,REJECTED,0,NO_RISING_CHANNEL,,영상 방식의 상승 평행채널을 안정적으로 구성하지 못함,,,,,,,,,,,,,,,,,,,,,,,,,,2026-08-01,2026-08-21,326500.0,7,0,-0.459,325000.0,2026-08-12,-0.306,325500.0,2026-08-13,2.297,334000.0,2026-08-14,-0.613,324500.0,2026-08-18,-1.991,320000.0,2026-08-19,-1.531,321500.0,2026-08-20,-5.054,310000.0,2026-08-21,,,,,,,,,,,,,,,,,,,,,,,,,,,,,,,,,,,,,,,,2026-08-21,2.297,-5.054,2.603,-6.126,,,,,,,
005490,POSCO홀딩스,2026-08-12,2026-08-12,REJECTED,0,NO_RISING_CHANNEL,,영상 방식의 상승 평행채널을 안정적으로 구성하지 못함,,,,,,,,,,,,,,,,,,,,,,,,,,2026-08-01,2026-08-21,325000.0,6,0,0.154,325500.0,2026-08-13,2.769,334000.0,2026-08-14,-0.154,324500.0,2026-08-18,-1.538,320000.0,2026-08-19,-1.077,321500.0,2026-08-20,-4.615,310000.0,2026-08-21,,,,,,,,,,,,,,,,,,,,,,,,,,,,,,,,,,,,,,,,,,,2026-08-21,2.769,-4.615,3.077,-5.692,,,,,,,
005490,POSCO홀딩스,2026-08-13,2026-08-13,REJECTED,30,TREND_BROKEN_OR_NOT_UPTREND,상승추세 안의 단기 조정 + 전저점 유지 | 상승 평행채널 유효(커버리지 100%) | 최근 추세 하단(싼 구간) 접촉,중기 상승 구조 미확인,325500.0,False,3.41,True,1.0,0.7602,True,282526.3158,310789.4737,337000.0,339052.6316,274050.5263,-4.52,4.16,False,False,False,9.96,False,False,False,,False,False,,2026-08-01,2026-08-21,325500.0,5,0,2.611,334000.0,2026-08-14,-0.307,324500.0,2026-08-18,-1.69,320000.0,2026-08-19,-1.229,321500.0,2026-08-20,-4.762,310000.0,2026-08-21,,,,,,,,,,,,,,,,,,,,,,,,,,,,,,,,,,,,,,,,,,,,,,2026-08-21,2.611,-4.762,2.919,-5.837,,,,,,,
005490,POSCO홀딩스,2026-08-14,2026-08-14,REJECTED,20,TREND_BROKEN_OR_NOT_UPTREND,상승 평행채널 유효(커버리지 100%) | 최근 추세 하단(싼 구간) 접촉,중기 상승 구조 미확인,334000.0,False,0.89,True,1.0,0.8985,True,283210.5263,311473.6842,337000.0,339736.8421,274714.2105,-6.74,1.72,False,False,False,8.84,False,True,False,,False,False,,2026-08-01,2026-08-21,334000.0,4,0,-2.844,324500.0,2026-08-18,-4.192,320000.0,2026-08-19,-3.743,321500.0,2026-08-20,-7.186,310000.0,2026-08-21,,,,,,,,,,,,,,,,,,,,,,,,,,,,,,,,,,,,,,,,,,,,,,,,,2026-08-21,-2.844,-7.186,-0.15,-8.234,,,,,,,
005490,POSCO홀딩스,2026-08-18,2026-08-18,REJECTED,30,TREND_BROKEN_OR_NOT_UPTREND,상승추세 안의 단기 조정 + 전저점 유지 | 상승 평행채널 유효(커버리지 100%) | 최근 추세 하단(싼 구간) 접촉,중기 상승 구조 미확인,324500.0,False,3.71,True,1.0,0.7183,True,283894.7368,312157.8947,337000.0,340421.0526,275377.8947,-3.8,4.91,False,False,False,8.28,False,True,False,,False,False,,2026-08-01,2026-08-21,324500.0,3,0,-1.387,320000.0,2026-08-19,-0.924,321500.0,2026-08-20,-4.468,310000.0,2026-08-21,,,,,,,,,,,,,,,,,,,,,,,,,,,,,,,,,,,,,,,,,,,,,,,,,,,,2026-08-21,-0.924,-4.468,1.695,-5.547,,,,,,,
005490,POSCO홀딩스,2026-08-19,2026-08-19,REJECTED,30,TREND_BROKEN_OR_NOT_UPTREND,상승추세 안의 단기 조정 + 전저점 유지 | 상승 평행채널 유효(커버리지 100%) | 최근 추세 하단(싼 구간) 접촉,중기 상승 구조 미확인,320000.0,False,5.04,True,1.0,0.6266,True,284578.9474,312842.1053,337000.0,341105.2632,276041.5789,-2.24,6.6,False,False,False,7.49,False,False,False,,False,False,,2026-08-01,2026-08-21,320000.0,2,0,0.469,321500.0,2026-08-20,-3.125,310000.0,2026-08-21,,,,,,,,,,,,,,,,,,,,,,,,,,,,,,,,,,,,,,,,,,,,,,,,,,,,,,,2026-08-21,0.469,-3.125,3.125,-4.219,,,,,,,
005490,POSCO홀딩스,2026-08-20,2026-08-20,REJECTED,30,TREND_BROKEN_OR_NOT_UPTREND,상승추세 안의 단기 조정 + 전저점 유지 | 상승 평행채널 유효(커버리지 100%) | 최근 추세 하단(싼 구간) 접촉,중기 상승 구조 미확인,321500.0,False,4.6,True,1.0,0.7248,True,282173.913,309304.3478,335000.0,336434.7826,273708.6957,-3.79,4.65,False,False,False,6.51,False,True,False,,False,False,,2026-08-01,2026-08-21,321500.0,1,0,-3.577,310000.0,2026-08-21,,,,,,,,,,,,,,,,,,,,,,,,,,,,,,,,,,,,,,,,,,,,,,,,,,,,,,,,,,2026-08-21,-3.577,-3.577,-1.711,-4.666,,,,,,,
005490,POSCO홀딩스,2026-08-21,2026-08-21,REJECTED,28,TREND_BROKEN_OR_NOT_UPTREND,상승추세 안의 단기 조정 + 전저점 유지 | 상승 평행채널 유효(커버리지 100%) | 이동평균선 밀집,중기 상승 구조 미확인,310000.0,False,8.01,True,1.0,0.504,False,282652.1739,309782.6087,335000.0,336913.0435,274172.6087,-0.07,8.68,False,False,True,6.26,False,False,False,,False,False,,2026-08-01,2026-08-21,310000.0,0,0,,,,,,,,,,,,,,,,,,,,,,,,,,,,,,,,,,,,,,,,,,,,,,,,,,,,,,,,,,,,,,,,,,,,,,,,
042700,한미반도체,2026-08-03,2026-08-03,REJECTED,0,NO_RISING_CHANNEL,,영상 방식의 상승 평행채널을 안정적으로 구성하지 못함,,,,,,,,,,,,,,,,,,,,,,,,,,2026-08-01,2026-08-21,202500.0,13,0,0.247,203000.0,2026-08-04,3.21,209000.0,2026-08-05,-0.988,200500.0,2026-08-06,-5.037,192300.0,2026-08-07,1.481,205500.0,2026-08-10,5.185,213000.0,2026-08-11,7.407,217500.0,2026-08-12,11.605,226000.0,2026-08-13,13.086,229000.0,2026-08-14,13.086,229000.0,2026-08-18,9.136,221000.0,2026-08-19,11.358,225500.0,2026-08-20,5.432,213500.0,2026-08-21,,,,,,,,,,,,,,,,,,,,,,2026-08-21,13.086,-5.037,19.506,-6.519,,,,,,,
042700,한미반도체,2026-08-04,2026-08-04,REJECTED,0,NO_RISING_CHANNEL,,영상 방식의 상승 평행채널을 안정적으로 구성하지 못함,,,,,,,,,,,,,,,,,,,,,,,,,,2026-08-01,2026-08-21,203000.0,12,0,2.956,209000.0,2026-08-05,-1.232,200500.0,2026-08-06,-5.271,192300.0,2026-08-07,1.232,205500.0,2026-08-10,4.926,213000.0,2026-08-11,7.143,217500.0,2026-08-12,11.33,226000.0,2026-08-13,12.808,229000.0,2026-08-14,12.808,229000.0,2026-08-18,8.867,221000.0,2026-08-19,11.084,225500.0,2026-08-20,5.172,213500.0,2026-08-21,,,,,,,,,,,,,,,,,,,,,,,,,2026-08-21,12.808,-5.271,19.212,-6.749,,,,,,,
042700,한미반도체,2026-08-05,2026-08-05,REJECTED,0,NO_RISING_CHANNEL,,영상 방식의 상승 평행채널을 안정적으로 구성하지 못함,,,,,,,,,,,,,,,,,,,,,,,,,,2026-08-01,2026-08-21,209000.0,11,0,-4.067,200500.0,2026-08-06,-7.99,192300.0,2026-08-07,-1.675,205500.0,2026-08-10,1.914,213000.0,2026-08-11,4.067,217500.0,2026-08-12,8.134,226000.0,2026-08-13,9.569,229000.0,2026-08-14,9.569,229000.0,2026-08-18,5.742,221000.0,2026-08-19,7.895,225500.0,2026-08-20,2.153,213500.0,2026-08-21,,,,,,,,,,,,,,,,,,,,,,,,,,,,2026-08-21,9.569,-7.99,15.789,-9.426,,,,,,,
042700,한미반도체,2026-08-06,2026-08-06,REJECTED,0,NO_RISING_CHANNEL,,영상 방식의 상승 평행채널을 안정적으로 구성하지 못함,,,,,,,,,,,,,,,,,,,,,,,,,,2026-08-01,2026-08-21,200500.0,10,0,-4.09,192300.0,2026-08-07,2.494,205500.0,2026-08-10,6.234,213000.0,2026-08-11,8.479,217500.0,2026-08-12,12.718,226000.0,2026-08-13,14.214,229000.0,2026-08-14,14.214,229000.0,2026-08-18,10.224,221000.0,2026-08-19,12.469,225500.0,2026-08-20,6.484,213500.0,2026-08-21,,,,,,,,,,,,,,,,,,,,,,,,,,,,,,,2026-08-21,14.214,-4.09,20.698,-5.586,,,,,,,
042700,한미반도체,2026-08-07,2026-08-07,REJECTED,0,NO_RISING_CHANNEL,,영상 방식의 상승 평행채널을 안정적으로 구성하지 못함,,,,,,,,,,,,,,,,,,,,,,,,,,2026-08-01,2026-08-21,192300.0,9,0,6.864,205500.0,2026-08-10,10.764,213000.0,2026-08-11,13.105,217500.0,2026-08-12,17.525,226000.0,2026-08-13,19.085,229000.0,2026-08-14,19.085,229000.0,2026-08-18,14.925,221000.0,2026-08-19,17.265,225500.0,2026-08-20,11.024,213500.0,2026-08-21,,,,,,,,,,,,,,,,,,,,,,,,,,,,,,,,,,2026-08-21,19.085,6.864,25.845,0.208,,,,,,,
042700,한미반도체,2026-08-10,2026-08-10,REJECTED,0,NO_RISING_CHANNEL,,영상 방식의 상승 평행채널을 안정적으로 구성하지 못함,,,,,,,,,,,,,,,,,,,,,,,,,,2026-08-01,2026-08-21,205500.0,8,0,3.65,213000.0,2026-08-11,5.839,217500.0,2026-08-12,9.976,226000.0,2026-08-13,11.436,229000.0,2026-08-14,11.436,229000.0,2026-08-18,7.543,221000.0,2026-08-19,9.732,225500.0,2026-08-20,3.893,213500.0,2026-08-21,,,,,,,,,,,,,,,,,,,,,,,,,,,,,,,,,,,,,2026-08-21,11.436,3.65,17.762,-2.676,,,,,,,
042700,한미반도체,2026-08-11,2026-08-11,REJECTED,0,NO_RISING_CHANNEL,,영상 방식의 상승 평행채널을 안정적으로 구성하지 못함,,,,,,,,,,,,,,,,,,,,,,,,,,2026-08-01,2026-08-21,213000.0,7,0,2.113,217500.0,2026-08-12,6.103,226000.0,2026-08-13,7.512,229000.0,2026-08-14,7.512,229000.0,2026-08-18,3.756,221000.0,2026-08-19,5.869,225500.0,2026-08-20,0.235,213500.0,2026-08-21,,,,,,,,,,,,,,,,,,,,,,,,,,,,,,,,,,,,,,,,2026-08-21,7.512,0.235,13.615,-1.878,,,,,,,
042700,한미반도체,2026-08-12,2026-08-12,REJECTED,0,NO_RISING_CHANNEL,,영상 방식의 상승 평행채널을 안정적으로 구성하지 못함,,,,,,,,,,,,,,,,,,,,,,,,,,2026-08-01,2026-08-21,217500.0,6,0,3.908,226000.0,2026-08-13,5.287,229000.0,2026-08-14,5.287,229000.0,2026-08-18,1.609,221000.0,2026-08-19,3.678,225500.0,2026-08-20,-1.839,213500.0,2026-08-21,,,,,,,,,,,,,,,,,,,,,,,,,,,,,,,,,,,,,,,,,,,2026-08-21,5.287,-1.839,11.264,-3.908,,,,,,,
042700,한미반도체,2026-08-13,2026-08-13,REJECTED,0,NO_RISING_CHANNEL,,영상 방식의 상승 평행채널을 안정적으로 구성하지 못함,,,,,,,,,,,,,,,,,,,,,,,,,,2026-08-01,2026-08-21,226000.0,5,0,1.327,229000.0,2026-08-14,1.327,229000.0,2026-08-18,-2.212,221000.0,2026-08-19,-0.221,225500.0,2026-08-20,-5.531,213500.0,2026-08-21,,,,,,,,,,,,,,,,,,,,,,,,,,,,,,,,,,,,,,,,,,,,,,2026-08-21,1.327,-5.531,7.08,-7.522,,,,,,,
042700,한미반도체,2026-08-14,2026-08-14,REJECTED,0,NO_RISING_CHANNEL,,영상 방식의 상승 평행채널을 안정적으로 구성하지 못함,,,,,,,,,,,,,,,,,,,,,,,,,,2026-08-01,2026-08-21,229000.0,4,0,0.0,229000.0,2026-08-18,-3.493,221000.0,2026-08-19,-1.528,225500.0,2026-08-20,-6.769,213500.0,2026-08-21,,,,,,,,,,,,,,,,,,,,,,,,,,,,,,,,,,,,,,,,,,,,,,,,,2026-08-21,0.0,-6.769,5.677,-8.734,,,,,,,
042700,한미반도체,2026-08-18,2026-08-18,REJECTED,0,NO_RISING_CHANNEL,,영상 방식의 상승 평행채널을 안정적으로 구성하지 못함,,,,,,,,,,,,,,,,,,,,,,,,,,2026-08-01,2026-08-21,229000.0,3,0,-3.493,221000.0,2026-08-19,-1.528,225500.0,2026-08-20,-6.769,213500.0,2026-08-21,,,,,,,,,,,,,,,,,,,,,,,,,,,,,,,,,,,,,,,,,,,,,,,,,,,,2026-08-21,-1.528,-6.769,0.0,-8.734,,,,,,,
042700,한미반도체,2026-08-19,2026-08-19,REJECTED,0,NO_RISING_CHANNEL,,영상 방식의 상승 평행채널을 안정적으로 구성하지 못함,,,,,,,,,,,,,,,,,,,,,,,,,,2026-08-01,2026-08-21,221000.0,2,0,2.036,225500.0,2026-08-20,-3.394,213500.0,2026-08-21,,,,,,,,,,,,,,,,,,,,,,,,,,,,,,,,,,,,,,,,,,,,,,,,,,,,,,,2026-08-21,2.036,-3.394,2.715,-4.072,,,,,,,
042700,한미반도체,2026-08-20,2026-08-20,REJECTED,0,NO_RISING_CHANNEL,,영상 방식의 상승 평행채널을 안정적으로 구성하지 못함,,,,,,,,,,,,,,,,,,,,,,,,,,2026-08-01,2026-08-21,225500.0,1,0,-5.322,213500.0,2026-08-21,,,,,,,,,,,,,,,,,,,,,,,,,,,,,,,,,,,,,,,,,,,,,,,,,,,,,,,,,,2026-08-21,-5.322,-5.322,-2.217,-5.987,,,,,,,
042700,한미반도체,2026-08-21,2026-08-21,REJECTED,0,NO_RISING_CHANNEL,,영상 방식의 상승 평행채널을 안정적으로 구성하지 못함,,,,,,,,,,,,,,,,,,,,,,,,,,2026-08-01,2026-08-21,213500.0,0,0,,,,,,,,,,,,,,,,,,,,,,,,,,,,,,,,,,,,,,,,,,,,,,,,,,,,,,,,,,,,,,,,,,,,,,,,
006800,미래에셋증권,2026-08-03,2026-08-03,REJECTED,0,NO_RISING_CHANNEL,,영상 방식의 상승 평행채널을 안정적으로 구성하지 못함,,,,,,,,,,,,,,,,,,,,,,,,,,2026-08-01,2026-08-21,33250.0,13,0,2.406,34050.0,2026-08-04,5.865,35200.0,2026-08-05,3.91,34550.0,2026-08-06,1.955,33900.0,2026-08-07,9.474,36400.0,2026-08-10,6.767,35500.0,2026-08-11,9.774,36500.0,2026-08-12,14.436,38050.0,2026-08-13,13.233,37650.0,2026-08-14,9.323,36350.0,2026-08-18,4.361,34700.0,2026-08-19,8.571,36100.0,2026-08-20,3.759,34500.0,2026-08-21,,,,,,,,,,,,,,,,,,,,,,2026-08-21,14.436,1.955,21.504,-2.256,,,,,,,
006800,미래에셋증권,2026-08-04,2026-08-04,REJECTED,0,NO_RISING_CHANNEL,,영상 방식의 상승 평행채널을 안정적으로 구성하지 못함,,,,,,,,,,,,,,,,,,,,,,,,,,2026-08-01,2026-08-21,34050.0,12,0,3.377,35200.0,2026-08-05,1.468,34550.0,2026-08-06,-0.441,33900.0,2026-08-07,6.902,36400.0,2026-08-10,4.258,35500.0,2026-08-11,7.195,36500.0,2026-08-12,11.747,38050.0,2026-08-13,10.573,37650.0,2026-08-14,6.755,36350.0,2026-08-18,1.909,34700.0,2026-08-19,6.021,36100.0,2026-08-20,1.322,34500.0,2026-08-21,,,,,,,,,,,,,,,,,,,,,,,,,2026-08-21,11.747,-0.441,18.649,-2.643,,,,,,,
006800,미래에셋증권,2026-08-05,2026-08-05,REJECTED,0,NO_RISING_CHANNEL,,영상 방식의 상승 평행채널을 안정적으로 구성하지 못함,,,,,,,,,,,,,,,,,,,,,,,,,,2026-08-01,2026-08-21,35200.0,11,0,-1.847,34550.0,2026-08-06,-3.693,33900.0,2026-08-07,3.409,36400.0,2026-08-10,0.852,35500.0,2026-08-11,3.693,36500.0,2026-08-12,8.097,38050.0,2026-08-13,6.96,37650.0,2026-08-14,3.267,36350.0,2026-08-18,-1.42,34700.0,2026-08-19,2.557,36100.0,2026-08-20,-1.989,34500.0,2026-08-21,,,,,,,,,,,,,,,,,,,,,,,,,,,,2026-08-21,8.097,-3.693,14.773,-5.824,,,,,,,
006800,미래에셋증권,2026-08-06,2026-08-06,REJECTED,0,NO_RISING_CHANNEL,,영상 방식의 상승 평행채널을 안정적으로 구성하지 못함,,,,,,,,,,,,,,,,,,,,,,,,,,2026-08-01,2026-08-21,34550.0,10,0,-1.881,33900.0,2026-08-07,5.355,36400.0,2026-08-10,2.75,35500.0,2026-08-11,5.644,36500.0,2026-08-12,10.13,38050.0,2026-08-13,8.973,37650.0,2026-08-14,5.21,36350.0,2026-08-18,0.434,34700.0,2026-08-19,4.486,36100.0,2026-08-20,-0.145,34500.0,2026-08-21,,,,,,,,,,,,,,,,,,,,,,,,,,,,,,,2026-08-21,10.13,-1.881,16.932,-4.052,,,,,,,
006800,미래에셋증권,2026-08-07,2026-08-07,REJECTED,0,NO_RISING_CHANNEL,,영상 방식의 상승 평행채널을 안정적으로 구성하지 못함,,,,,,,,,,,,,,,,,,,,,,,,,,2026-08-01,2026-08-21,33900.0,9,0,7.375,36400.0,2026-08-10,4.72,35500.0,2026-08-11,7.67,36500.0,2026-08-12,12.242,38050.0,2026-08-13,11.062,37650.0,2026-08-14,7.227,36350.0,2026-08-18,2.36,34700.0,2026-08-19,6.49,36100.0,2026-08-20,1.77,34500.0,2026-08-21,,,,,,,,,,,,,,,,,,,,,,,,,,,,,,,,,,2026-08-21,12.242,1.77,19.174,-1.032,,,,,,,
006800,미래에셋증권,2026-08-10,2026-08-10,REJECTED,0,NO_RISING_CHANNEL,,영상 방식의 상승 평행채널을 안정적으로 구성하지 못함,,,,,,,,,,,,,,,,,,,,,,,,,,2026-08-01,2026-08-21,36400.0,8,0,-2.473,35500.0,2026-08-11,0.275,36500.0,2026-08-12,4.533,38050.0,2026-08-13,3.434,37650.0,2026-08-14,-0.137,36350.0,2026-08-18,-4.67,34700.0,2026-08-19,-0.824,36100.0,2026-08-20,-5.22,34500.0,2026-08-21,,,,,,,,,,,,,,,,,,,,,,,,,,,,,,,,,,,,,2026-08-21,4.533,-5.22,10.989,-7.83,,,,,,,
006800,미래에셋증권,2026-08-11,2026-08-11,REJECTED,0,NO_RISING_CHANNEL,,영상 방식의 상승 평행채널을 안정적으로 구성하지 못함,,,,,,,,,,,,,,,,,,,,,,,,,,2026-08-01,2026-08-21,35500.0,7,0,2.817,36500.0,2026-08-12,7.183,38050.0,2026-08-13,6.056,37650.0,2026-08-14,2.394,36350.0,2026-08-18,-2.254,34700.0,2026-08-19,1.69,36100.0,2026-08-20,-2.817,34500.0,2026-08-21,,,,,,,,,,,,,,,,,,,,,,,,,,,,,,,,,,,,,,,,2026-08-21,7.183,-2.817,13.803,-5.493,,,,,,,
006800,미래에셋증권,2026-08-12,2026-08-12,REJECTED,0,NO_RISING_CHANNEL,,영상 방식의 상승 평행채널을 안정적으로 구성하지 못함,,,,,,,,,,,,,,,,,,,,,,,,,,2026-08-01,2026-08-21,36500.0,6,0,4.247,38050.0,2026-08-13,3.151,37650.0,2026-08-14,-0.411,36350.0,2026-08-18,-4.932,34700.0,2026-08-19,-1.096,36100.0,2026-08-20,-5.479,34500.0,2026-08-21,,,,,,,,,,,,,,,,,,,,,,,,,,,,,,,,,,,,,,,,,,,2026-08-21,4.247,-5.479,10.685,-8.082,,,,,,,
006800,미래에셋증권,2026-08-13,2026-08-13,REJECTED,0,NO_RISING_CHANNEL,,영상 방식의 상승 평행채널을 안정적으로 구성하지 못함,,,,,,,,,,,,,,,,,,,,,,,,,,2026-08-01,2026-08-21,38050.0,5,0,-1.051,37650.0,2026-08-14,-4.468,36350.0,2026-08-18,-8.804,34700.0,2026-08-19,-5.125,36100.0,2026-08-20,-9.33,34500.0,2026-08-21,,,,,,,,,,,,,,,,,,,,,,,,,,,,,,,,,,,,,,,,,,,,,,2026-08-21,-1.051,-9.33,0.0,-11.827,,,,,,,
006800,미래에셋증권,2026-08-14,2026-08-14,REJECTED,0,NO_RISING_CHANNEL,,영상 방식의 상승 평행채널을 안정적으로 구성하지 못함,,,,,,,,,,,,,,,,,,,,,,,,,,2026-08-01,2026-08-21,37650.0,4,0,-3.453,36350.0,2026-08-18,-7.835,34700.0,2026-08-19,-4.117,36100.0,2026-08-20,-8.367,34500.0,2026-08-21,,,,,,,,,,,,,,,,,,,,,,,,,,,,,,,,,,,,,,,,,,,,,,,,,2026-08-21,-3.453,-8.367,0.664,-10.89,,,,,,,
006800,미래에셋증권,2026-08-18,2026-08-18,REJECTED,0,NO_RISING_CHANNEL,,영상 방식의 상승 평행채널을 안정적으로 구성하지 못함,,,,,,,,,,,,,,,,,,,,,,,,,,2026-08-01,2026-08-21,36350.0,3,0,-4.539,34700.0,2026-08-19,-0.688,36100.0,2026-08-20,-5.089,34500.0,2026-08-21,,,,,,,,,,,,,,,,,,,,,,,,,,,,,,,,,,,,,,,,,,,,,,,,,,,,2026-08-21,-0.688,-5.089,0.963,-7.703,,,,,,,
006800,미래에셋증권,2026-08-19,2026-08-19,REJECTED,0,NO_RISING_CHANNEL,,영상 방식의 상승 평행채널을 안정적으로 구성하지 못함,,,,,,,,,,,,,,,,,,,,,,,,,,2026-08-01,2026-08-21,34700.0,2,0,4.035,36100.0,2026-08-20,-0.576,34500.0,2026-08-21,,,,,,,,,,,,,,,,,,,,,,,,,,,,,,,,,,,,,,,,,,,,,,,,,,,,,,,2026-08-21,4.035,-0.576,5.764,-1.585,,,,,,,
006800,미래에셋증권,2026-08-20,2026-08-20,REJECTED,0,NO_RISING_CHANNEL,,영상 방식의 상승 평행채널을 안정적으로 구성하지 못함,,,,,,,,,,,,,,,,,,,,,,,,,,2026-08-01,2026-08-21,36100.0,1,0,-4.432,34500.0,2026-08-21,,,,,,,,,,,,,,,,,,,,,,,,,,,,,,,,,,,,,,,,,,,,,,,,,,,,,,,,,,2026-08-21,-4.432,-4.432,-1.939,-5.402,,,,,,,
006800,미래에셋증권,2026-08-21,2026-08-21,REJECTED,0,NO_RISING_CHANNEL,,영상 방식의 상승 평행채널을 안정적으로 구성하지 못함,,,,,,,,,,,,,,,,,,,,,,,,,,2026-08-01,2026-08-21,34500.0,0,0,,,,,,,,,,,,,,,,,,,,,,,,,,,,,,,,,,,,,,,,,,,,,,,,,,,,,,,,,,,,,,,,,,,,,,,,
011070,LG이노텍,2026-08-03,2026-08-03,REJECTED,0,NO_RISING_CHANNEL,,영상 방식의 상승 평행채널을 안정적으로 구성하지 못함,,,,,,,,,,,,,,,,,,,,,,,,,,2026-08-01,2026-08-21,513000.0,13,0,2.339,525000.0,2026-08-04,17.154,601000.0,2026-08-05,7.992,554000.0,2026-08-06,7.602,552000.0,2026-08-07,8.187,555000.0,2026-08-10,7.018,549000.0,2026-08-11,17.739,604000.0,2026-08-12,19.883,615000.0,2026-08-13,27.485,654000.0,2026-08-14,23.392,633000.0,2026-08-18,17.544,603000.0,2026-08-19,14.425,587000.0,2026-08-20,7.212,550000.0,2026-08-21,,,,,,,,,,,,,,,,,,,,,,2026-08-21,27.485,2.339,38.402,-4.776,,,,,,,
011070,LG이노텍,2026-08-04,2026-08-04,REJECTED,0,NO_RISING_CHANNEL,,영상 방식의 상승 평행채널을 안정적으로 구성하지 못함,,,,,,,,,,,,,,,,,,,,,,,,,,2026-08-01,2026-08-21,525000.0,12,0,14.476,601000.0,2026-08-05,5.524,554000.0,2026-08-06,5.143,552000.0,2026-08-07,5.714,555000.0,2026-08-10,4.571,549000.0,2026-08-11,15.048,604000.0,2026-08-12,17.143,615000.0,2026-08-13,24.571,654000.0,2026-08-14,20.571,633000.0,2026-08-18,14.857,603000.0,2026-08-19,11.81,587000.0,2026-08-20,4.762,550000.0,2026-08-21,,,,,,,,,,,,,,,,,,,,,,,,,2026-08-21,24.571,4.571,35.238,1.143,,,,,,,
011070,LG이노텍,2026-08-05,2026-08-05,REJECTED,0,NO_RISING_CHANNEL,,영상 방식의 상승 평행채널을 안정적으로 구성하지 못함,,,,,,,,,,,,,,,,,,,,,,,,,,2026-08-01,2026-08-21,601000.0,11,0,-7.82,554000.0,2026-08-06,-8.153,552000.0,2026-08-07,-7.654,555000.0,2026-08-10,-8.652,549000.0,2026-08-11,0.499,604000.0,2026-08-12,2.329,615000.0,2026-08-13,8.819,654000.0,2026-08-14,5.324,633000.0,2026-08-18,0.333,603000.0,2026-08-19,-2.329,587000.0,2026-08-20,-8.486,550000.0,2026-08-21,,,,,,,,,,,,,,,,,,,,,,,,,,,,2026-08-21,8.819,-8.652,18.136,-11.647,,,,,,,
011070,LG이노텍,2026-08-06,2026-08-06,REJECTED,0,NO_RISING_CHANNEL,,영상 방식의 상승 평행채널을 안정적으로 구성하지 못함,,,,,,,,,,,,,,,,,,,,,,,,,,2026-08-01,2026-08-21,554000.0,10,0,-0.361,552000.0,2026-08-07,0.181,555000.0,2026-08-10,-0.903,549000.0,2026-08-11,9.025,604000.0,2026-08-12,11.011,615000.0,2026-08-13,18.051,654000.0,2026-08-14,14.26,633000.0,2026-08-18,8.845,603000.0,2026-08-19,5.957,587000.0,2026-08-20,-0.722,550000.0,2026-08-21,,,,,,,,,,,,,,,,,,,,,,,,,,,,,,,2026-08-21,18.051,-0.903,28.159,-4.152,,,,,,,
011070,LG이노텍,2026-08-07,2026-08-07,REJECTED,0,NO_RISING_CHANNEL,,영상 방식의 상승 평행채널을 안정적으로 구성하지 못함,,,,,,,,,,,,,,,,,,,,,,,,,,2026-08-01,2026-08-21,552000.0,9,0,0.543,555000.0,2026-08-10,-0.543,549000.0,2026-08-11,9.42,604000.0,2026-08-12,11.413,615000.0,2026-08-13,18.478,654000.0,2026-08-14,14.674,633000.0,2026-08-18,9.239,603000.0,2026-08-19,6.341,587000.0,2026-08-20,-0.362,550000.0,2026-08-21,,,,,,,,,,,,,,,,,,,,,,,,,,,,,,,,,,2026-08-21,18.478,-0.543,28.623,-3.804,,,,,,,
011070,LG이노텍,2026-08-10,2026-08-10,REJECTED,0,NO_RISING_CHANNEL,,영상 방식의 상승 평행채널을 안정적으로 구성하지 못함,,,,,,,,,,,,,,,,,,,,,,,,,,2026-08-01,2026-08-21,555000.0,8,0,-1.081,549000.0,2026-08-11,8.829,604000.0,2026-08-12,10.811,615000.0,2026-08-13,17.838,654000.0,2026-08-14,14.054,633000.0,2026-08-18,8.649,603000.0,2026-08-19,5.766,587000.0,2026-08-20,-0.901,550000.0,2026-08-21,,,,,,,,,,,,,,,,,,,,,,,,,,,,,,,,,,,,,2026-08-21,17.838,-1.081,27.928,-4.324,,,,,,,
011070,LG이노텍,2026-08-11,2026-08-11,REJECTED,0,NO_RISING_CHANNEL,,영상 방식의 상승 평행채널을 안정적으로 구성하지 못함,,,,,,,,,,,,,,,,,,,,,,,,,,2026-08-01,2026-08-21,549000.0,7,0,10.018,604000.0,2026-08-12,12.022,615000.0,2026-08-13,19.126,654000.0,2026-08-14,15.301,633000.0,2026-08-18,9.836,603000.0,2026-08-19,6.922,587000.0,2026-08-20,0.182,550000.0,2026-08-21,,,,,,,,,,,,,,,,,,,,,,,,,,,,,,,,,,,,,,,,2026-08-21,19.126,0.182,29.326,-0.911,,,,,,,
011070,LG이노텍,2026-08-12,2026-08-12,REJECTED,0,NO_RISING_CHANNEL,,영상 방식의 상승 평행채널을 안정적으로 구성하지 못함,,,,,,,,,,,,,,,,,,,,,,,,,,2026-08-01,2026-08-21,604000.0,6,0,1.821,615000.0,2026-08-13,8.278,654000.0,2026-08-14,4.801,633000.0,2026-08-18,-0.166,603000.0,2026-08-19,-2.815,587000.0,2026-08-20,-8.94,550000.0,2026-08-21,,,,,,,,,,,,,,,,,,,,,,,,,,,,,,,,,,,,,,,,,,,2026-08-21,8.278,-8.94,17.55,-9.934,,,,,,,
011070,LG이노텍,2026-08-13,2026-08-13,REJECTED,0,NO_RISING_CHANNEL,,영상 방식의 상승 평행채널을 안정적으로 구성하지 못함,,,,,,,,,,,,,,,,,,,,,,,,,,2026-08-01,2026-08-21,615000.0,5,0,6.341,654000.0,2026-08-14,2.927,633000.0,2026-08-18,-1.951,603000.0,2026-08-19,-4.553,587000.0,2026-08-20,-10.569,550000.0,2026-08-21,,,,,,,,,,,,,,,,,,,,,,,,,,,,,,,,,,,,,,,,,,,,,,2026-08-21,6.341,-10.569,15.447,-11.545,,,,,,,
011070,LG이노텍,2026-08-14,2026-08-14,REJECTED,0,NO_RISING_CHANNEL,,영상 방식의 상승 평행채널을 안정적으로 구성하지 못함,,,,,,,,,,,,,,,,,,,,,,,,,,2026-08-01,2026-08-21,654000.0,4,0,-3.211,633000.0,2026-08-18,-7.798,603000.0,2026-08-19,-10.245,587000.0,2026-08-20,-15.902,550000.0,2026-08-21,,,,,,,,,,,,,,,,,,,,,,,,,,,,,,,,,,,,,,,,,,,,,,,,,2026-08-21,-3.211,-15.902,8.563,-16.82,,,,,,,
011070,LG이노텍,2026-08-18,2026-08-18,REJECTED,0,NO_RISING_CHANNEL,,영상 방식의 상승 평행채널을 안정적으로 구성하지 못함,,,,,,,,,,,,,,,,,,,,,,,,,,2026-08-01,2026-08-21,633000.0,3,0,-4.739,603000.0,2026-08-19,-7.267,587000.0,2026-08-20,-13.112,550000.0,2026-08-21,,,,,,,,,,,,,,,,,,,,,,,,,,,,,,,,,,,,,,,,,,,,,,,,,,,,2026-08-21,-4.739,-13.112,-0.948,-14.06,,,,,,,
011070,LG이노텍,2026-08-19,2026-08-19,REJECTED,0,NO_RISING_CHANNEL,,영상 방식의 상승 평행채널을 안정적으로 구성하지 못함,,,,,,,,,,,,,,,,,,,,,,,,,,2026-08-01,2026-08-21,603000.0,2,0,-2.653,587000.0,2026-08-20,-8.789,550000.0,2026-08-21,,,,,,,,,,,,,,,,,,,,,,,,,,,,,,,,,,,,,,,,,,,,,,,,,,,,,,,2026-08-21,-2.653,-8.789,2.653,-9.784,,,,,,,
011070,LG이노텍,2026-08-20,2026-08-20,REJECTED,0,NO_RISING_CHANNEL,,영상 방식의 상승 평행채널을 안정적으로 구성하지 못함,,,,,,,,,,,,,,,,,,,,,,,,,,2026-08-01,2026-08-21,587000.0,1,0,-6.303,550000.0,2026-08-21,,,,,,,,,,,,,,,,,,,,,,,,,,,,,,,,,,,,,,,,,,,,,,,,,,,,,,,,,,2026-08-21,-6.303,-6.303,-2.896,-7.325,,,,,,,
011070,LG이노텍,2026-08-21,2026-08-21,REJECTED,55,TREND_BROKEN_OR_NOT_UPTREND,중기 Higher High + Higher Low | 상승추세 안의 단기 조정 + 전저점 유지 | 상승 평행채널 유효(커버리지 92%) | 최근 추세 하단(싼 구간) 접촉 | 현재도 채널 하단권,,550000.0,True,22.54,True,0.9167,-0.4296,True,608000.0,675500.0,710000.0,743000.0,589760.0,22.82,35.09,False,False,False,49.86,False,False,False,,False,False,,2026-08-01,2026-08-21,550000.0,0,0,,,,,,,,,,,,,,,,,,,,,,,,,,,,,,,,,,,,,,,,,,,,,,,,,,,,,,,,,,,,,,,,,,,,,,,,
000150,두산,2026-08-03,2026-08-03,REJECTED,0,NO_RISING_CHANNEL,,영상 방식의 상승 평행채널을 안정적으로 구성하지 못함,,,,,,,,,,,,,,,,,,,,,,,,,,2026-08-01,2026-08-21,1238000.0,13,0,2.908,1274000.0,2026-08-04,1.777,1260000.0,2026-08-05,-4.039,1188000.0,2026-08-06,-3.796,1191000.0,2026-08-07,-0.404,1233000.0,2026-08-10,-4.927,1177000.0,2026-08-11,1.292,1254000.0,2026-08-12,1.939,1262000.0,2026-08-13,3.069,1276000.0,2026-08-14,0.969,1250000.0,2026-08-18,-3.635,1193000.0,2026-08-19,-4.847,1178000.0,2026-08-20,-12.924,1078000.0,2026-08-21,,,,,,,,,,,,,,,,,,,,,,2026-08-21,3.069,-12.924,9.693,-13.57,,,,,,,
000150,두산,2026-08-04,2026-08-04,REJECTED,0,NO_RISING_CHANNEL,,영상 방식의 상승 평행채널을 안정적으로 구성하지 못함,,,,,,,,,,,,,,,,,,,,,,,,,,2026-08-01,2026-08-21,1274000.0,12,0,-1.099,1260000.0,2026-08-05,-6.75,1188000.0,2026-08-06,-6.515,1191000.0,2026-08-07,-3.218,1233000.0,2026-08-10,-7.614,1177000.0,2026-08-11,-1.57,1254000.0,2026-08-12,-0.942,1262000.0,2026-08-13,0.157,1276000.0,2026-08-14,-1.884,1250000.0,2026-08-18,-6.358,1193000.0,2026-08-19,-7.535,1178000.0,2026-08-20,-15.385,1078000.0,2026-08-21,,,,,,,,,,,,,,,,,,,,,,,,,2026-08-21,0.157,-15.385,6.593,-16.013,,,,,,,
000150,두산,2026-08-05,2026-08-05,REJECTED,0,NO_RISING_CHANNEL,,영상 방식의 상승 평행채널을 안정적으로 구성하지 못함,,,,,,,,,,,,,,,,,,,,,,,,,,2026-08-01,2026-08-21,1260000.0,11,0,-5.714,1188000.0,2026-08-06,-5.476,1191000.0,2026-08-07,-2.143,1233000.0,2026-08-10,-6.587,1177000.0,2026-08-11,-0.476,1254000.0,2026-08-12,0.159,1262000.0,2026-08-13,1.27,1276000.0,2026-08-14,-0.794,1250000.0,2026-08-18,-5.317,1193000.0,2026-08-19,-6.508,1178000.0,2026-08-20,-14.444,1078000.0,2026-08-21,,,,,,,,,,,,,,,,,,,,,,,,,,,,2026-08-21,1.27,-14.444,5.0,-15.079,,,,,,,
000150,두산,2026-08-06,2026-08-06,REJECTED,0,NO_RISING_CHANNEL,,영상 방식의 상승 평행채널을 안정적으로 구성하지 못함,,,,,,,,,,,,,,,,,,,,,,,,,,2026-08-01,2026-08-21,1188000.0,10,0,0.253,1191000.0,2026-08-07,3.788,1233000.0,2026-08-10,-0.926,1177000.0,2026-08-11,5.556,1254000.0,2026-08-12,6.229,1262000.0,2026-08-13,7.407,1276000.0,2026-08-14,5.219,1250000.0,2026-08-18,0.421,1193000.0,2026-08-19,-0.842,1178000.0,2026-08-20,-9.259,1078000.0,2026-08-21,,,,,,,,,,,,,,,,,,,,,,,,,,,,,,,2026-08-21,7.407,-9.259,11.364,-9.933,,,,,,,
000150,두산,2026-08-07,2026-08-07,REJECTED,0,NO_RISING_CHANNEL,,영상 방식의 상승 평행채널을 안정적으로 구성하지 못함,,,,,,,,,,,,,,,,,,,,,,,,,,2026-08-01,2026-08-21,1191000.0,9,0,3.526,1233000.0,2026-08-10,-1.175,1177000.0,2026-08-11,5.29,1254000.0,2026-08-12,5.961,1262000.0,2026-08-13,7.137,1276000.0,2026-08-14,4.954,1250000.0,2026-08-18,0.168,1193000.0,2026-08-19,-1.092,1178000.0,2026-08-20,-9.488,1078000.0,2026-08-21,,,,,,,,,,,,,,,,,,,,,,,,,,,,,,,,,,2026-08-21,7.137,-9.488,11.083,-10.16,,,,,,,
000150,두산,2026-08-10,2026-08-10,REJECTED,0,NO_RISING_CHANNEL,,영상 방식의 상승 평행채널을 안정적으로 구성하지 못함,,,,,,,,,,,,,,,,,,,,,,,,,,2026-08-01,2026-08-21,1233000.0,8,0,-4.542,1177000.0,2026-08-11,1.703,1254000.0,2026-08-12,2.352,1262000.0,2026-08-13,3.487,1276000.0,2026-08-14,1.379,1250000.0,2026-08-18,-3.244,1193000.0,2026-08-19,-4.461,1178000.0,2026-08-20,-12.571,1078000.0,2026-08-21,,,,,,,,,,,,,,,,,,,,,,,,,,,,,,,,,,,,,2026-08-21,3.487,-12.571,7.299,-13.22,,,,,,,
000150,두산,2026-08-11,2026-08-11,REJECTED,0,NO_RISING_CHANNEL,,영상 방식의 상승 평행채널을 안정적으로 구성하지 못함,,,,,,,,,,,,,,,,,,,,,,,,,,2026-08-01,2026-08-21,1177000.0,7,0,6.542,1254000.0,2026-08-12,7.222,1262000.0,2026-08-13,8.411,1276000.0,2026-08-14,6.202,1250000.0,2026-08-18,1.359,1193000.0,2026-08-19,0.085,1178000.0,2026-08-20,-8.411,1078000.0,2026-08-21,,,,,,,,,,,,,,,,,,,,,,,,,,,,,,,,,,,,,,,,2026-08-21,8.411,-8.411,12.404,-9.091,,,,,,,
000150,두산,2026-08-12,2026-08-12,REJECTED,0,NO_RISING_CHANNEL,,영상 방식의 상승 평행채널을 안정적으로 구성하지 못함,,,,,,,,,,,,,,,,,,,,,,,,,,2026-08-01,2026-08-21,1254000.0,6,0,0.638,1262000.0,2026-08-13,1.754,1276000.0,2026-08-14,-0.319,1250000.0,2026-08-18,-4.864,1193000.0,2026-08-19,-6.061,1178000.0,2026-08-20,-14.035,1078000.0,2026-08-21,,,,,,,,,,,,,,,,,,,,,,,,,,,,,,,,,,,,,,,,,,,2026-08-21,1.754,-14.035,5.502,-14.673,,,,,,,
000150,두산,2026-08-13,2026-08-13,REJECTED,0,NO_RISING_CHANNEL,,영상 방식의 상승 평행채널을 안정적으로 구성하지 못함,,,,,,,,,,,,,,,,,,,,,,,,,,2026-08-01,2026-08-21,1262000.0,5,0,1.109,1276000.0,2026-08-14,-0.951,1250000.0,2026-08-18,-5.468,1193000.0,2026-08-19,-6.656,1178000.0,2026-08-20,-14.58,1078000.0,2026-08-21,,,,,,,,,,,,,,,,,,,,,,,,,,,,,,,,,,,,,,,,,,,,,,2026-08-21,1.109,-14.58,4.834,-15.214,,,,,,,
000150,두산,2026-08-14,2026-08-14,REJECTED,50,CONDITIONS_INCOMPLETE,중기 Higher High + Higher Low | 상승추세 안의 단기 조정 + 전저점 유지 | 상승 평행채널 유효(커버리지 83%) | 최근 추세 하단(싼 구간) 접촉,,1276000.0,True,6.04,True,0.8333,0.5343,True,1151400.0,1268000.0,1358000.0,1384600.0,1116858.0,-0.63,8.51,False,False,False,20.17,False,True,False,,False,False,,2026-08-01,2026-08-21,1276000.0,4,0,-2.038,1250000.0,2026-08-18,-6.505,1193000.0,2026-08-19,-7.68,1178000.0,2026-08-20,-15.517,1078000.0,2026-08-21,,,,,,,,,,,,,,,,,,,,,,,,,,,,,,,,,,,,,,,,,,,,,,,,,2026-08-21,-2.038,-15.517,3.683,-16.144,,,,,,,
000150,두산,2026-08-18,2026-08-18,REJECTED,50,CONDITIONS_INCOMPLETE,중기 Higher High + Higher Low | 상승추세 안의 단기 조정 + 전저점 유지 | 상승 평행채널 유효(커버리지 84%) | 최근 추세 하단(싼 구간) 접촉,,1250000.0,True,7.95,True,0.8421,0.4065,True,1155200.0,1271800.0,1358000.0,1388400.0,1120544.0,1.74,11.07,False,False,False,19.77,False,True,False,,False,False,,2026-08-01,2026-08-21,1250000.0,3,0,-4.56,1193000.0,2026-08-19,-5.76,1178000.0,2026-08-20,-13.76,1078000.0,2026-08-21,,,,,,,,,,,,,,,,,,,,,,,,,,,,,,,,,,,,,,,,,,,,,,,,,,,,2026-08-21,-4.56,-13.76,-2.24,-14.4,,,,,,,
000150,두산,2026-08-19,2026-08-19,REJECTED,55,CONDITIONS_INCOMPLETE,중기 Higher High + Higher Low | 상승추세 안의 단기 조정 + 전저점 유지 | 상승 평행채널 유효(커버리지 85%) | 최근 추세 하단(싼 구간) 접촉 | 현재도 채널 하단권,,1193000.0,True,12.15,True,0.85,0.1458,True,1159000.0,1275600.0,1358000.0,1392200.0,1124230.0,6.92,16.7,False,False,False,19.85,False,False,False,,False,False,,2026-08-01,2026-08-21,1193000.0,2,0,-1.257,1178000.0,2026-08-20,-9.64,1078000.0,2026-08-21,,,,,,,,,,,,,,,,,,,,,,,,,,,,,,,,,,,,,,,,,,,,,,,,,,,,,,,2026-08-21,-1.257,-9.64,1.844,-10.31,,,,,,,
000150,두산,2026-08-20,2026-08-20,REJECTED,55,CONDITIONS_INCOMPLETE,중기 Higher High + Higher Low | 상승추세 안의 단기 조정 + 전저점 유지 | 상승 평행채널 유효(커버리지 86%) | 최근 추세 하단(싼 구간) 접촉 | 현재도 채널 하단권,,1178000.0,True,13.25,True,0.8571,0.0652,True,1162800.0,1279400.0,1358000.0,1396000.0,1127916.0,8.61,18.51,False,False,False,19.67,False,False,False,,False,False,,2026-08-01,2026-08-21,1178000.0,1,0,-8.489,1078000.0,2026-08-21,,,,,,,,,,,,,,,,,,,,,,,,,,,,,,,,,,,,,,,,,,,,,,,,,,,,,,,,,,2026-08-21,-8.489,-8.489,-2.547,-9.168,,,,,,,
000150,두산,2026-08-21,2026-08-21,REJECTED,25,TREND_BROKEN_OR_NOT_UPTREND,상승 평행채널 유효(커버리지 82%) | 최근 추세 하단(싼 구간) 접촉 | 현재도 채널 하단권,중기 상승 구조 미확인 | 최근 스윙 저점 이탈 위험,1078000.0,False,20.62,False,0.8182,-0.3464,True,1141166.6667,1232333.3333,1323000.0,1323500.0,1106931.6667,14.32,22.77,False,False,False,21.33,False,False,False,,False,False,,2026-08-01,2026-08-21,1078000.0,0,0,,,,,,,,,,,,,,,,,,,,,,,,,,,,,,,,,,,,,,,,,,,,,,,,,,,,,,,,,,,,,,,,,,,,,,,,
010130,고려아연,2026-08-03,2026-08-03,REJECTED,0,NO_RISING_CHANNEL,,영상 방식의 상승 평행채널을 안정적으로 구성하지 못함,,,,,,,,,,,,,,,,,,,,,,,,,,2026-08-01,2026-08-21,1020000.0,13,0,2.353,1044000.0,2026-08-04,7.353,1095000.0,2026-08-05,20.98,1234000.0,2026-08-06,8.431,1106000.0,2026-08-07,21.078,1235000.0,2026-08-10,20.49,1229000.0,2026-08-11,19.118,1215000.0,2026-08-12,20.882,1233000.0,2026-08-13,17.255,1196000.0,2026-08-14,19.51,1219000.0,2026-08-18,12.255,1145000.0,2026-08-19,21.373,1238000.0,2026-08-20,21.275,1237000.0,2026-08-21,,,,,,,,,,,,,,,,,,,,,,2026-08-21,21.373,2.353,30.882,-1.863,,,,,,,
010130,고려아연,2026-08-04,2026-08-04,REJECTED,0,NO_RISING_CHANNEL,,영상 방식의 상승 평행채널을 안정적으로 구성하지 못함,,,,,,,,,,,,,,,,,,,,,,,,,,2026-08-01,2026-08-21,1044000.0,12,0,4.885,1095000.0,2026-08-05,18.199,1234000.0,2026-08-06,5.939,1106000.0,2026-08-07,18.295,1235000.0,2026-08-10,17.72,1229000.0,2026-08-11,16.379,1215000.0,2026-08-12,18.103,1233000.0,2026-08-13,14.559,1196000.0,2026-08-14,16.762,1219000.0,2026-08-18,9.674,1145000.0,2026-08-19,18.582,1238000.0,2026-08-20,18.487,1237000.0,2026-08-21,,,,,,,,,,,,,,,,,,,,,,,,,2026-08-21,18.582,4.885,27.874,0.766,,,,,,,
010130,고려아연,2026-08-05,2026-08-05,REJECTED,0,NO_RISING_CHANNEL,,영상 방식의 상승 평행채널을 안정적으로 구성하지 못함,,,,,,,,,,,,,,,,,,,,,,,,,,2026-08-01,2026-08-21,1095000.0,11,0,12.694,1234000.0,2026-08-06,1.005,1106000.0,2026-08-07,12.785,1235000.0,2026-08-10,12.237,1229000.0,2026-08-11,10.959,1215000.0,2026-08-12,12.603,1233000.0,2026-08-13,9.224,1196000.0,2026-08-14,11.324,1219000.0,2026-08-18,4.566,1145000.0,2026-08-19,13.059,1238000.0,2026-08-20,12.968,1237000.0,2026-08-21,,,,,,,,,,,,,,,,,,,,,,,,,,,,2026-08-21,13.059,1.005,21.918,-0.822,,,,,,,
010130,고려아연,2026-08-06,2026-08-06,REJECTED,0,NO_RISING_CHANNEL,,영상 방식의 상승 평행채널을 안정적으로 구성하지 못함,,,,,,,,,,,,,,,,,,,,,,,,,,2026-08-01,2026-08-21,1234000.0,10,0,-10.373,1106000.0,2026-08-07,0.081,1235000.0,2026-08-10,-0.405,1229000.0,2026-08-11,-1.54,1215000.0,2026-08-12,-0.081,1233000.0,2026-08-13,-3.079,1196000.0,2026-08-14,-1.216,1219000.0,2026-08-18,-7.212,1145000.0,2026-08-19,0.324,1238000.0,2026-08-20,0.243,1237000.0,2026-08-21,,,,,,,,,,,,,,,,,,,,,,,,,,,,,,,2026-08-21,0.324,-10.373,8.185,-11.994,,,,,,,
010130,고려아연,2026-08-07,2026-08-07,REJECTED,0,NO_RISING_CHANNEL,,영상 방식의 상승 평행채널을 안정적으로 구성하지 못함,,,,,,,,,,,,,,,,,,,,,,,,,,2026-08-01,2026-08-21,1106000.0,9,0,11.664,1235000.0,2026-08-10,11.121,1229000.0,2026-08-11,9.855,1215000.0,2026-08-12,11.483,1233000.0,2026-08-13,8.137,1196000.0,2026-08-14,10.217,1219000.0,2026-08-18,3.526,1145000.0,2026-08-19,11.935,1238000.0,2026-08-20,11.844,1237000.0,2026-08-21,,,,,,,,,,,,,,,,,,,,,,,,,,,,,,,,,,2026-08-21,11.935,3.526,20.705,1.718,,,,,,,
010130,고려아연,2026-08-10,2026-08-10,REJECTED,0,NO_RISING_CHANNEL,,영상 방식의 상승 평행채널을 안정적으로 구성하지 못함,,,,,,,,,,,,,,,,,,,,,,,,,,2026-08-01,2026-08-21,1235000.0,8,0,-0.486,1229000.0,2026-08-11,-1.619,1215000.0,2026-08-12,-0.162,1233000.0,2026-08-13,-3.158,1196000.0,2026-08-14,-1.296,1219000.0,2026-08-18,-7.287,1145000.0,2026-08-19,0.243,1238000.0,2026-08-20,0.162,1237000.0,2026-08-21,,,,,,,,,,,,,,,,,,,,,,,,,,,,,,,,,,,,,2026-08-21,0.243,-7.287,8.097,-8.907,,,,,,,
010130,고려아연,2026-08-11,2026-08-11,REJECTED,0,NO_RISING_CHANNEL,,영상 방식의 상승 평행채널을 안정적으로 구성하지 못함,,,,,,,,,,,,,,,,,,,,,,,,,,2026-08-01,2026-08-21,1229000.0,7,0,-1.139,1215000.0,2026-08-12,0.325,1233000.0,2026-08-13,-2.685,1196000.0,2026-08-14,-0.814,1219000.0,2026-08-18,-6.835,1145000.0,2026-08-19,0.732,1238000.0,2026-08-20,0.651,1237000.0,2026-08-21,,,,,,,,,,,,,,,,,,,,,,,,,,,,,,,,,,,,,,,,2026-08-21,0.732,-6.835,6.509,-8.462,,,,,,,
010130,고려아연,2026-08-12,2026-08-12,REJECTED,0,NO_RISING_CHANNEL,,영상 방식의 상승 평행채널을 안정적으로 구성하지 못함,,,,,,,,,,,,,,,,,,,,,,,,,,2026-08-01,2026-08-21,1215000.0,6,0,1.481,1233000.0,2026-08-13,-1.564,1196000.0,2026-08-14,0.329,1219000.0,2026-08-18,-5.761,1145000.0,2026-08-19,1.893,1238000.0,2026-08-20,1.811,1237000.0,2026-08-21,,,,,,,,,,,,,,,,,,,,,,,,,,,,,,,,,,,,,,,,,,,2026-08-21,1.893,-5.761,7.737,-7.407,,,,,,,
010130,고려아연,2026-08-13,2026-08-13,REJECTED,0,NO_RISING_CHANNEL,,영상 방식의 상승 평행채널을 안정적으로 구성하지 못함,,,,,,,,,,,,,,,,,,,,,,,,,,2026-08-01,2026-08-21,1233000.0,5,0,-3.001,1196000.0,2026-08-14,-1.135,1219000.0,2026-08-18,-7.137,1145000.0,2026-08-19,0.406,1238000.0,2026-08-20,0.324,1237000.0,2026-08-21,,,,,,,,,,,,,,,,,,,,,,,,,,,,,,,,,,,,,,,,,,,,,,2026-08-21,0.406,-7.137,6.164,-8.759,,,,,,,
010130,고려아연,2026-08-14,2026-08-14,REJECTED,40,TREND_BROKEN_OR_NOT_UPTREND,상승추세 안의 단기 조정 + 전저점 유지 | 상승 평행채널 유효(커버리지 100%) | 최근 추세 하단(싼 구간) 접촉 | 추세 하단 부근 쌍바닥/Higher-Low 형태 | 쌍바닥 넥라인 돌파 확인,중기 상승 구조 미확인,1196000.0,False,10.41,True,1.0,0.6625,True,922368.4211,1128881.5789,1335000.0,1335394.7368,894697.3684,-5.61,11.66,True,True,False,12.44,False,False,False,,False,False,,2026-08-01,2026-08-21,1196000.0,4,0,1.923,1219000.0,2026-08-18,-4.264,1145000.0,2026-08-19,3.512,1238000.0,2026-08-20,3.428,1237000.0,2026-08-21,,,,,,,,,,,,,,,,,,,,,,,,,,,,,,,,,,,,,,,,,,,,,,,,,2026-08-21,3.512,-4.264,9.448,-5.936,,,,,,,
010130,고려아연,2026-08-18,2026-08-18,REJECTED,50,TREND_BROKEN_OR_NOT_UPTREND,상승추세 안의 단기 조정 + 전저점 유지 | 상승 평행채널 유효(커버리지 100%) | 최근 추세 하단(싼 구간) 접촉 | 추세 하단 부근 쌍바닥/Higher-Low 형태 | 쌍바닥 넥라인 돌파 확인 | 이동평균선 재돌파 | 재상승 후 5일선 지지,중기 상승 구조 미확인,1219000.0,False,8.69,True,1.0,0.7179,True,922500.0,1129013.1579,1335000.0,1335526.3158,894825.0,-7.38,9.56,True,True,False,10.87,True,True,False,,False,False,,2026-08-01,2026-08-21,1219000.0,3,0,-6.071,1145000.0,2026-08-19,1.559,1238000.0,2026-08-20,1.477,1237000.0,2026-08-21,,,,,,,,,,,,,,,,,,,,,,,,,,,,,,,,,,,,,,,,,,,,,,,,,,,,2026-08-21,1.559,-6.071,7.383,-7.711,,,,,,,
010130,고려아연,2026-08-19,2026-08-19,REJECTED,35,TREND_BROKEN_OR_NOT_UPTREND,상승추세 안의 단기 조정 + 전저점 유지 | 상승 평행채널 유효(커버리지 100%) | 최근 추세 하단(싼 구간) 접촉 | 추세 하단 부근 쌍바닥/Higher-Low 형태,중기 상승 구조 미확인,1145000.0,False,14.23,True,1.0,0.5384,True,922631.5789,1129144.7368,1335000.0,1335657.8947,894952.6316,-1.38,16.65,True,False,False,9.27,False,False,False,,False,False,,2026-08-01,2026-08-21,1145000.0,2,0,8.122,1238000.0,2026-08-20,8.035,1237000.0,2026-08-21,,,,,,,,,,,,,,,,,,,,,,,,,,,,,,,,,,,,,,,,,,,,,,,,,,,,,,,2026-08-21,8.122,8.035,14.323,4.105,,,,,,,
010130,고려아연,2026-08-20,2026-08-20,REJECTED,50,TREND_BROKEN_OR_NOT_UPTREND,상승추세 안의 단기 조정 + 전저점 유지 | 상승 평행채널 유효(커버리지 100%) | 최근 추세 하단(싼 구간) 접촉 | 추세 하단 부근 쌍바닥/Higher-Low 형태 | 쌍바닥 넥라인 돌파 확인 | 이동평균선 재돌파 | 재상승 후 5일선 지지,중기 상승 구조 미확인,1238000.0,False,7.27,True,1.0,0.7632,True,922763.1579,1129276.3158,1335000.0,1335789.4737,895080.2632,-8.78,7.9,True,True,False,7.96,True,True,False,,False,False,,2026-08-01,2026-08-21,1238000.0,1,0,-0.081,1237000.0,2026-08-21,,,,,,,,,,,,,,,,,,,,,,,,,,,,,,,,,,,,,,,,,,,,,,,,,,,,,,,,,,2026-08-21,-0.081,-0.081,5.735,-0.646,,,,,,,
010130,고려아연,2026-08-21,2026-08-21,REJECTED,50,TREND_BROKEN_OR_NOT_UPTREND,상승추세 안의 단기 조정 + 전저점 유지 | 상승 평행채널 유효(커버리지 100%) | 최근 추세 하단(싼 구간) 접촉 | 추세 하단 부근 쌍바닥/Higher-Low 형태 | 쌍바닥 넥라인 돌파 확인 | 이동평균선 재돌파 | 재상승 후 5일선 지지,중기 상승 구조 미확인,1237000.0,False,7.34,True,1.0,0.7605,True,922894.7368,1129407.8947,1335000.0,1335921.0526,895207.8947,-8.7,8.0,True,True,False,7.25,True,True,False,,False,False,,2026-08-01,2026-08-21,1237000.0,0,0,,,,,,,,,,,,,,,,,,,,,,,,,,,,,,,,,,,,,,,,,,,,,,,,,,,,,,,,,,,,,,,,,,,,,,,,
015760,한국전력,2026-08-03,2026-08-03,WATCH,60,LOWER_CHANNEL_WATCH,중기 Higher High + Higher Low | 상승추세 안의 단기 조정 + 전저점 유지 | 상승 평행채널 유효(커버리지 100%) | 최근 추세 하단(싼 구간) 접촉 | 현재도 채널 하단권 | 추세 하단 부근 쌍바닥/Higher-Low 형태,,34500.0,True,12.66,True,1.0,0.1283,True,32810.0,39395.0,39500.0,45980.0,31825.7,14.19,33.28,True,False,False,10.76,False,True,False,,False,False,,2026-08-01,2026-08-21,34500.0,13,0,1.884,35150.0,2026-08-04,3.478,35700.0,2026-08-05,4.203,35950.0,2026-08-06,3.188,35600.0,2026-08-07,3.478,35700.0,2026-08-10,2.029,35200.0,2026-08-11,2.754,35450.0,2026-08-12,-4.058,33100.0,2026-08-13,-3.623,33250.0,2026-08-14,-5.507,32600.0,2026-08-18,-10.58,30850.0,2026-08-19,-7.826,31800.0,2026-08-20,-7.971,31750.0,2026-08-21,,,,,,,,,,,,,,,,,,,,,,2026-08-21,4.203,-10.58,5.797,-11.884,,0.0,0.0,0.0,1.0,STOP,2026-08-18
015760,한국전력,2026-08-04,2026-08-04,WATCH,60,LOWER_CHANNEL_WATCH,중기 Higher High + Higher Low | 상승추세 안의 단기 조정 + 전저점 유지 | 상승 평행채널 유효(커버리지 100%) | 최근 추세 하단(싼 구간) 접촉 | 현재도 채널 하단권 | 추세 하단 부근 쌍바닥/Higher-Low 형태,,35150.0,True,8.94,True,1.0,0.1708,True,32900.0,39485.0,39500.0,46070.0,31913.0,12.33,31.07,True,False,False,9.26,False,True,False,,False,False,,2026-08-01,2026-08-21,35150.0,12,0,1.565,35700.0,2026-08-05,2.276,35950.0,2026-08-06,1.28,35600.0,2026-08-07,1.565,35700.0,2026-08-10,0.142,35200.0,2026-08-11,0.853,35450.0,2026-08-12,-5.832,33100.0,2026-08-13,-5.405,33250.0,2026-08-14,-7.255,32600.0,2026-08-18,-12.233,30850.0,2026-08-19,-9.531,31800.0,2026-08-20,-9.673,31750.0,2026-08-21,,,,,,,,,,,,,,,,,,,,,,,,,2026-08-21,2.276,-12.233,3.841,-13.514,,0.0,0.0,0.0,1.0,STOP,2026-08-18
015760,한국전력,2026-08-05,2026-08-05,WATCH,60,LOWER_CHANNEL_WATCH,중기 Higher High + Higher Low | 상승추세 안의 단기 조정 + 전저점 유지 | 상승 평행채널 유효(커버리지 100%) | 최근 추세 하단(싼 구간) 접촉 | 현재도 채널 하단권 | 추세 하단 부근 쌍바닥/Higher-Low 형태,,35700.0,True,5.8,True,1.0,0.2058,True,32990.0,39575.0,39500.0,46160.0,32000.3,10.85,29.3,True,False,False,7.37,False,True,False,,False,False,,2026-08-01,2026-08-21,35700.0,11,0,0.7,35950.0,2026-08-06,-0.28,35600.0,2026-08-07,0.0,35700.0,2026-08-10,-1.401,35200.0,2026-08-11,-0.7,35450.0,2026-08-12,-7.283,33100.0,2026-08-13,-6.863,33250.0,2026-08-14,-8.683,32600.0,2026-08-18,-13.585,30850.0,2026-08-19,-10.924,31800.0,2026-08-20,-11.064,31750.0,2026-08-21,,,,,,,,,,,,,,,,,,,,,,,,,,,,2026-08-21,0.7,-13.585,1.401,-14.846,,0.0,0.0,0.0,1.0,STOP,2026-08-18
015760,한국전력,2026-08-06,2026-08-06,WATCH,60,LOWER_CHANNEL_WATCH,중기 Higher High + Higher Low | 상승추세 안의 단기 조정 + 전저점 유지 | 상승 평행채널 유효(커버리지 100%) | 최근 추세 하단(싼 구간) 접촉 | 현재도 채널 하단권 | 추세 하단 부근 쌍바닥/Higher-Low 형태,,35950.0,True,3.36,True,1.0,0.2179,True,33080.0,39665.0,39500.0,46250.0,32087.6,10.33,28.65,True,False,False,7.1,False,True,False,,False,False,,2026-08-01,2026-08-21,35950.0,10,0,-0.974,35600.0,2026-08-07,-0.695,35700.0,2026-08-10,-2.086,35200.0,2026-08-11,-1.391,35450.0,2026-08-12,-7.928,33100.0,2026-08-13,-7.51,33250.0,2026-08-14,-9.318,32600.0,2026-08-18,-14.186,30850.0,2026-08-19,-11.544,31800.0,2026-08-20,-11.683,31750.0,2026-08-21,,,,,,,,,,,,,,,,,,,,,,,,,,,,,,,2026-08-21,-0.695,-14.186,0.695,-15.438,,0.0,0.0,0.0,1.0,STOP,2026-08-18
015760,한국전력,2026-08-07,2026-08-07,WATCH,60,LOWER_CHANNEL_WATCH,중기 Higher High + Higher Low | 상승추세 안의 단기 조정 + 전저점 유지 | 상승 평행채널 유효(커버리지 100%) | 최근 추세 하단(싼 구간) 접촉 | 현재도 채널 하단권 | 추세 하단 부근 쌍바닥/Higher-Low 형태,,35600.0,True,4.3,True,1.0,0.1845,True,33170.0,39755.0,39500.0,46340.0,32174.9,11.67,30.17,True,False,False,6.84,False,True,False,,False,False,,2026-08-01,2026-08-21,35600.0,9,0,0.281,35700.0,2026-08-10,-1.124,35200.0,2026-08-11,-0.421,35450.0,2026-08-12,-7.022,33100.0,2026-08-13,-6.601,33250.0,2026-08-14,-8.427,32600.0,2026-08-18,-13.343,30850.0,2026-08-19,-10.674,31800.0,2026-08-20,-10.815,31750.0,2026-08-21,,,,,,,,,,,,,,,,,,,,,,,,,,,,,,,,,,2026-08-21,0.281,-13.343,1.685,-14.607,,0.0,0.0,0.0,1.0,STOP,2026-08-18
015760,한국전력,2026-08-10,2026-08-10,REJECTED,30,TREND_BROKEN_OR_NOT_UPTREND,상승 평행채널 유효(커버리지 100%) | 최근 추세 하단(싼 구간) 접촉 | 현재도 채널 하단권 | 추세 하단 부근 쌍바닥/Higher-Low 형태,중기 상승 구조 미확인,35700.0,False,2.19,True,1.0,0.1853,True,33260.0,39845.0,36500.0,46430.0,32262.2,11.61,30.06,True,False,False,6.66,False,True,False,,False,False,,2026-08-01,2026-08-21,35700.0,8,0,-1.401,35200.0,2026-08-11,-0.7,35450.0,2026-08-12,-7.283,33100.0,2026-08-13,-6.863,33250.0,2026-08-14,-8.683,32600.0,2026-08-18,-13.585,30850.0,2026-08-19,-10.924,31800.0,2026-08-20,-11.064,31750.0,2026-08-21,,,,,,,,,,,,,,,,,,,,,,,,,,,,,,,,,,,,,2026-08-21,-0.7,-13.585,1.401,-14.846,,,,,,,
015760,한국전력,2026-08-11,2026-08-11,REJECTED,48,TREND_BROKEN_OR_NOT_UPTREND,상승추세 안의 단기 조정 + 전저점 유지 | 상승 평행채널 유효(커버리지 100%) | 최근 추세 하단(싼 구간) 접촉 | 현재도 채널 하단권 | 추세 하단 부근 쌍바닥/Higher-Low 형태 | 이동평균선 밀집,중기 상승 구조 미확인,35200.0,False,3.56,True,1.0,0.1405,True,33350.0,39935.0,36500.0,46520.0,32349.5,13.45,32.16,True,False,True,6.41,False,True,False,,False,False,,2026-08-01,2026-08-21,35200.0,7,0,0.71,35450.0,2026-08-12,-5.966,33100.0,2026-08-13,-5.54,33250.0,2026-08-14,-7.386,32600.0,2026-08-18,-12.358,30850.0,2026-08-19,-9.659,31800.0,2026-08-20,-9.801,31750.0,2026-08-21,,,,,,,,,,,,,,,,,,,,,,,,,,,,,,,,,,,,,,,,2026-08-21,0.71,-12.358,2.841,-13.636,,,,,,,
015760,한국전력,2026-08-12,2026-08-12,REJECTED,38,TREND_BROKEN_OR_NOT_UPTREND,상승 평행채널 유효(커버리지 100%) | 최근 추세 하단(싼 구간) 접촉 | 현재도 채널 하단권 | 추세 하단 부근 쌍바닥/Higher-Low 형태 | 이동평균선 밀집,중기 상승 구조 미확인,35450.0,False,2.88,True,1.0,0.1526,True,33440.0,40025.0,36500.0,46610.0,32436.8,12.91,31.48,True,False,True,6.0,False,True,False,,False,False,,2026-08-01,2026-08-21,35450.0,6,0,-6.629,33100.0,2026-08-13,-6.206,33250.0,2026-08-14,-8.039,32600.0,2026-08-18,-12.976,30850.0,2026-08-19,-10.296,31800.0,2026-08-20,-10.437,31750.0,2026-08-21,,,,,,,,,,,,,,,,,,,,,,,,,,,,,,,,,,,,,,,,,,,2026-08-21,-6.206,-12.976,-2.257,-14.245,,,,,,,
015760,한국전력,2026-08-13,2026-08-13,REJECTED,48,TREND_BROKEN_OR_NOT_UPTREND,상승추세 안의 단기 조정 + 전저점 유지 | 상승 평행채널 유효(커버리지 100%) | 최근 추세 하단(싼 구간) 접촉 | 현재도 채널 하단권 | 추세 하단 부근 쌍바닥/Higher-Low 형태 | 이동평균선 밀집,중기 상승 구조 미확인,33100.0,False,9.32,True,1.0,-0.0326,True,33530.0,40115.0,36500.0,46700.0,32524.1,21.19,41.09,True,False,True,6.31,False,False,False,,False,False,,2026-08-01,2026-08-21,33100.0,5,0,0.453,33250.0,2026-08-14,-1.511,32600.0,2026-08-18,-6.798,30850.0,2026-08-19,-3.927,31800.0,2026-08-20,-4.079,31750.0,2026-08-21,,,,,,,,,,,,,,,,,,,,,,,,,,,,,,,,,,,,,,,,,,,,,,2026-08-21,0.453,-6.798,0.755,-8.157,,,,,,,
015760,한국전력,2026-08-14,2026-08-14,REJECTED,48,TREND_BROKEN_OR_NOT_UPTREND,상승추세 안의 단기 조정 + 전저점 유지 | 상승 평행채널 유효(커버리지 100%) | 최근 추세 하단(싼 구간) 접촉 | 현재도 채널 하단권 | 추세 하단 부근 쌍바닥/Higher-Low 형태 | 이동평균선 밀집,중기 상승 구조 미확인,33250.0,False,8.9,True,1.0,-0.0281,True,33620.0,40205.0,36500.0,46790.0,32611.4,20.92,40.72,True,False,True,6.29,False,False,False,,False,False,,2026-08-01,2026-08-21,33250.0,4,0,-1.955,32600.0,2026-08-18,-7.218,30850.0,2026-08-19,-4.361,31800.0,2026-08-20,-4.511,31750.0,2026-08-21,,,,,,,,,,,,,,,,,,,,,,,,,,,,,,,,,,,,,,,,,,,,,,,,,2026-08-21,-1.955,-7.218,-0.15,-8.571,,,,,,,
015760,한국전력,2026-08-18,2026-08-18,REJECTED,40,TREND_BROKEN_OR_NOT_UPTREND,상승추세 안의 단기 조정 + 전저점 유지 | 상승 평행채널 유효(커버리지 100%) | 최근 추세 하단(싼 구간) 접촉 | 현재도 채널 하단권 | 추세 하단 부근 쌍바닥/Higher-Low 형태,중기 상승 구조 미확인,32600.0,False,10.68,True,1.0,-0.0531,True,33320.0,40100.0,36200.0,46880.0,32320.4,23.01,43.8,True,False,False,8.1,False,False,False,,False,False,,2026-08-01,2026-08-21,32600.0,3,0,-5.368,30850.0,2026-08-19,-2.454,31800.0,2026-08-20,-2.607,31750.0,2026-08-21,,,,,,,,,,,,,,,,,,,,,,,,,,,,,,,,,,,,,,,,,,,,,,,,,,,,2026-08-21,-2.454,-5.368,-1.227,-6.748,,,,,,,
015760,한국전력,2026-08-19,2026-08-19,REJECTED,30,TREND_BROKEN_OR_NOT_UPTREND,상승 평행채널 유효(커버리지 98%) | 최근 추세 하단(싼 구간) 접촉 | 현재도 채널 하단권 | 추세 하단 부근 쌍바닥/Higher-Low 형태,중기 상승 구조 미확인 | 최근 스윙 저점 이탈 위험,30850.0,False,15.48,False,0.9831,-0.1888,True,33410.0,40190.0,36200.0,46970.0,32407.7,30.28,52.25,True,False,False,10.92,False,False,False,,False,False,,2026-08-01,2026-08-21,30850.0,2,0,3.079,31800.0,2026-08-20,2.917,31750.0,2026-08-21,,,,,,,,,,,,,,,,,,,,,,,,,,,,,,,,,,,,,,,,,,,,,,,,,,,,,,,2026-08-21,3.079,2.917,4.376,0.486,,,,,,,
015760,한국전력,2026-08-20,2026-08-20,REJECTED,30,TREND_BROKEN_OR_NOT_UPTREND,상승 평행채널 유효(커버리지 97%) | 최근 추세 하단(싼 구간) 접촉 | 현재도 채널 하단권 | 추세 하단 부근 쌍바닥/Higher-Low 형태,중기 상승 구조 미확인 | 최근 스윙 저점 이탈 위험,31800.0,False,12.88,False,0.9667,-0.1254,True,33500.0,40280.0,36200.0,47060.0,32495.0,26.67,47.99,True,False,False,12.47,False,False,False,,False,False,,2026-08-01,2026-08-21,31800.0,1,0,-0.157,31750.0,2026-08-21,,,,,,,,,,,,,,,,,,,,,,,,,,,,,,,,,,,,,,,,,,,,,,,,,,,,,,,,,,2026-08-21,-0.157,-0.157,0.0,-2.516,,,,,,,
015760,한국전력,2026-08-21,2026-08-21,REJECTED,30,TREND_BROKEN_OR_NOT_UPTREND,상승 평행채널 유효(커버리지 95%) | 최근 추세 하단(싼 구간) 접촉 | 현재도 채널 하단권 | 추세 하단 부근 쌍바닥/Higher-Low 형태,중기 상승 구조 미확인 | 최근 스윙 저점 이탈 위험,31750.0,False,13.01,False,0.9508,-0.1357,True,33590.0,40370.0,36200.0,47150.0,32582.3,27.15,48.5,True,False,False,12.88,False,False,False,,False,False,,2026-08-01,2026-08-21,31750.0,0,0,,,,,,,,,,,,,,,,,,,,,,,,,,,,,,,,,,,,,,,,,,,,,,,,,,,,,,,,,,,,,,,,,,,,,,,,
010140,삼성중공업,2026-08-03,2026-08-03,REJECTED,0,NO_RISING_CHANNEL,,영상 방식의 상승 평행채널을 안정적으로 구성하지 못함,,,,,,,,,,,,,,,,,,,,,,,,,,2026-08-01,2026-08-21,20900.0,13,0,3.589,21650.0,2026-08-04,6.22,22200.0,2026-08-05,5.742,22100.0,2026-08-06,5.502,22050.0,2026-08-07,7.895,22550.0,2026-08-10,4.306,21800.0,2026-08-11,4.067,21750.0,2026-08-12,5.263,22000.0,2026-08-13,6.699,22300.0,2026-08-14,1.675,21250.0,2026-08-18,-1.435,20600.0,2026-08-19,-0.478,20800.0,2026-08-20,-3.349,20200.0,2026-08-21,,,,,,,,,,,,,,,,,,,,,,2026-08-21,7.895,-3.349,8.852,-4.45,,,,,,,
010140,삼성중공업,2026-08-04,2026-08-04,REJECTED,0,NO_RISING_CHANNEL,,영상 방식의 상승 평행채널을 안정적으로 구성하지 못함,,,,,,,,,,,,,,,,,,,,,,,,,,2026-08-01,2026-08-21,21650.0,12,0,2.54,22200.0,2026-08-05,2.079,22100.0,2026-08-06,1.848,22050.0,2026-08-07,4.157,22550.0,2026-08-10,0.693,21800.0,2026-08-11,0.462,21750.0,2026-08-12,1.617,22000.0,2026-08-13,3.002,22300.0,2026-08-14,-1.848,21250.0,2026-08-18,-4.85,20600.0,2026-08-19,-3.926,20800.0,2026-08-20,-6.697,20200.0,2026-08-21,,,,,,,,,,,,,,,,,,,,,,,,,2026-08-21,4.157,-6.697,5.081,-7.76,,,,,,,
010140,삼성중공업,2026-08-05,2026-08-05,REJECTED,0,NO_RISING_CHANNEL,,영상 방식의 상승 평행채널을 안정적으로 구성하지 못함,,,,,,,,,,,,,,,,,,,,,,,,,,2026-08-01,2026-08-21,22200.0,11,0,-0.45,22100.0,2026-08-06,-0.676,22050.0,2026-08-07,1.577,22550.0,2026-08-10,-1.802,21800.0,2026-08-11,-2.027,21750.0,2026-08-12,-0.901,22000.0,2026-08-13,0.45,22300.0,2026-08-14,-4.279,21250.0,2026-08-18,-7.207,20600.0,2026-08-19,-6.306,20800.0,2026-08-20,-9.009,20200.0,2026-08-21,,,,,,,,,,,,,,,,,,,,,,,,,,,,2026-08-21,1.577,-9.009,2.477,-10.045,,,,,,,
010140,삼성중공업,2026-08-06,2026-08-06,REJECTED,0,NO_RISING_CHANNEL,,영상 방식의 상승 평행채널을 안정적으로 구성하지 못함,,,,,,,,,,,,,,,,,,,,,,,,,,2026-08-01,2026-08-21,22100.0,10,0,-0.226,22050.0,2026-08-07,2.036,22550.0,2026-08-10,-1.357,21800.0,2026-08-11,-1.584,21750.0,2026-08-12,-0.452,22000.0,2026-08-13,0.905,22300.0,2026-08-14,-3.846,21250.0,2026-08-18,-6.787,20600.0,2026-08-19,-5.882,20800.0,2026-08-20,-8.597,20200.0,2026-08-21,,,,,,,,,,,,,,,,,,,,,,,,,,,,,,,2026-08-21,2.036,-8.597,2.941,-9.638,,,,,,,
010140,삼성중공업,2026-08-07,2026-08-07,REJECTED,0,NO_RISING_CHANNEL,,영상 방식의 상승 평행채널을 안정적으로 구성하지 못함,,,,,,,,,,,,,,,,,,,,,,,,,,2026-08-01,2026-08-21,22050.0,9,0,2.268,22550.0,2026-08-10,-1.134,21800.0,2026-08-11,-1.361,21750.0,2026-08-12,-0.227,22000.0,2026-08-13,1.134,22300.0,2026-08-14,-3.628,21250.0,2026-08-18,-6.576,20600.0,2026-08-19,-5.669,20800.0,2026-08-20,-8.39,20200.0,2026-08-21,,,,,,,,,,,,,,,,,,,,,,,,,,,,,,,,,,2026-08-21,2.268,-8.39,3.175,-9.433,,,,,,,
010140,삼성중공업,2026-08-10,2026-08-10,REJECTED,0,NO_RISING_CHANNEL,,영상 방식의 상승 평행채널을 안정적으로 구성하지 못함,,,,,,,,,,,,,,,,,,,,,,,,,,2026-08-01,2026-08-21,22550.0,8,0,-3.326,21800.0,2026-08-11,-3.548,21750.0,2026-08-12,-2.439,22000.0,2026-08-13,-1.109,22300.0,2026-08-14,-5.765,21250.0,2026-08-18,-8.647,20600.0,2026-08-19,-7.761,20800.0,2026-08-20,-10.421,20200.0,2026-08-21,,,,,,,,,,,,,,,,,,,,,,,,,,,,,,,,,,,,,2026-08-21,-1.109,-10.421,0.887,-11.441,,,,,,,
010140,삼성중공업,2026-08-11,2026-08-11,REJECTED,0,NO_RISING_CHANNEL,,영상 방식의 상승 평행채널을 안정적으로 구성하지 못함,,,,,,,,,,,,,,,,,,,,,,,,,,2026-08-01,2026-08-21,21800.0,7,0,-0.229,21750.0,2026-08-12,0.917,22000.0,2026-08-13,2.294,22300.0,2026-08-14,-2.523,21250.0,2026-08-18,-5.505,20600.0,2026-08-19,-4.587,20800.0,2026-08-20,-7.339,20200.0,2026-08-21,,,,,,,,,,,,,,,,,,,,,,,,,,,,,,,,,,,,,,,,2026-08-21,2.294,-7.339,4.358,-8.394,,,,,,,
010140,삼성중공업,2026-08-12,2026-08-12,REJECTED,0,NO_RISING_CHANNEL,,영상 방식의 상승 평행채널을 안정적으로 구성하지 못함,,,,,,,,,,,,,,,,,,,,,,,,,,2026-08-01,2026-08-21,21750.0,6,0,1.149,22000.0,2026-08-13,2.529,22300.0,2026-08-14,-2.299,21250.0,2026-08-18,-5.287,20600.0,2026-08-19,-4.368,20800.0,2026-08-20,-7.126,20200.0,2026-08-21,,,,,,,,,,,,,,,,,,,,,,,,,,,,,,,,,,,,,,,,,,,2026-08-21,2.529,-7.126,4.598,-8.184,,,,,,,
010140,삼성중공업,2026-08-13,2026-08-13,REJECTED,0,NO_RISING_CHANNEL,,영상 방식의 상승 평행채널을 안정적으로 구성하지 못함,,,,,,,,,,,,,,,,,,,,,,,,,,2026-08-01,2026-08-21,22000.0,5,0,1.364,22300.0,2026-08-14,-3.409,21250.0,2026-08-18,-6.364,20600.0,2026-08-19,-5.455,20800.0,2026-08-20,-8.182,20200.0,2026-08-21,,,,,,,,,,,,,,,,,,,,,,,,,,,,,,,,,,,,,,,,,,,,,,2026-08-21,1.364,-8.182,3.409,-9.227,,,,,,,
010140,삼성중공업,2026-08-14,2026-08-14,REJECTED,0,NO_RISING_CHANNEL,,영상 방식의 상승 평행채널을 안정적으로 구성하지 못함,,,,,,,,,,,,,,,,,,,,,,,,,,2026-08-01,2026-08-21,22300.0,4,0,-4.709,21250.0,2026-08-18,-7.623,20600.0,2026-08-19,-6.726,20800.0,2026-08-20,-9.417,20200.0,2026-08-21,,,,,,,,,,,,,,,,,,,,,,,,,,,,,,,,,,,,,,,,,,,,,,,,,2026-08-21,-4.709,-9.417,-1.121,-10.448,,,,,,,
010140,삼성중공업,2026-08-18,2026-08-18,REJECTED,0,NO_RISING_CHANNEL,,영상 방식의 상승 평행채널을 안정적으로 구성하지 못함,,,,,,,,,,,,,,,,,,,,,,,,,,2026-08-01,2026-08-21,21250.0,3,0,-3.059,20600.0,2026-08-19,-2.118,20800.0,2026-08-20,-4.941,20200.0,2026-08-21,,,,,,,,,,,,,,,,,,,,,,,,,,,,,,,,,,,,,,,,,,,,,,,,,,,,2026-08-21,-2.118,-4.941,-0.706,-6.024,,,,,,,
010140,삼성중공업,2026-08-19,2026-08-19,REJECTED,0,NO_RISING_CHANNEL,,영상 방식의 상승 평행채널을 안정적으로 구성하지 못함,,,,,,,,,,,,,,,,,,,,,,,,,,2026-08-01,2026-08-21,20600.0,2,0,0.971,20800.0,2026-08-20,-1.942,20200.0,2026-08-21,,,,,,,,,,,,,,,,,,,,,,,,,,,,,,,,,,,,,,,,,,,,,,,,,,,,,,,2026-08-21,0.971,-1.942,2.427,-2.913,,,,,,,
010140,삼성중공업,2026-08-20,2026-08-20,REJECTED,0,NO_RISING_CHANNEL,,영상 방식의 상승 평행채널을 안정적으로 구성하지 못함,,,,,,,,,,,,,,,,,,,,,,,,,,2026-08-01,2026-08-21,20800.0,1,0,-2.885,20200.0,2026-08-21,,,,,,,,,,,,,,,,,,,,,,,,,,,,,,,,,,,,,,,,,,,,,,,,,,,,,,,,,,2026-08-21,-2.885,-2.885,-1.202,-3.846,,,,,,,
010140,삼성중공업,2026-08-21,2026-08-21,REJECTED,0,NO_RISING_CHANNEL,,영상 방식의 상승 평행채널을 안정적으로 구성하지 못함,,,,,,,,,,,,,,,,,,,,,,,,,,2026-08-01,2026-08-21,20200.0,0,0,,,,,,,,,,,,,,,,,,,,,,,,,,,,,,,,,,,,,,,,,,,,,,,,,,,,,,,,,,,,,,,,,,,,,,,,
051910,LG화학,2026-08-03,2026-08-03,REJECTED,0,NO_RISING_CHANNEL,,영상 방식의 상승 평행채널을 안정적으로 구성하지 못함,,,,,,,,,,,,,,,,,,,,,,,,,,2026-08-01,2026-08-21,247000.0,13,0,3.846,256500.0,2026-08-04,3.441,255500.0,2026-08-05,5.668,261000.0,2026-08-06,11.741,276000.0,2026-08-07,12.551,278000.0,2026-08-10,10.931,274000.0,2026-08-11,11.538,275500.0,2026-08-12,11.538,275500.0,2026-08-13,13.563,280500.0,2026-08-14,9.514,270500.0,2026-08-18,7.692,266000.0,2026-08-19,6.883,264000.0,2026-08-20,2.227,252500.0,2026-08-21,,,,,,,,,,,,,,,,,,,,,,2026-08-21,13.563,2.227,14.372,-1.012,,,,,,,
051910,LG화학,2026-08-04,2026-08-04,REJECTED,0,NO_RISING_CHANNEL,,영상 방식의 상승 평행채널을 안정적으로 구성하지 못함,,,,,,,,,,,,,,,,,,,,,,,,,,2026-08-01,2026-08-21,256500.0,12,0,-0.39,255500.0,2026-08-05,1.754,261000.0,2026-08-06,7.602,276000.0,2026-08-07,8.382,278000.0,2026-08-10,6.823,274000.0,2026-08-11,7.407,275500.0,2026-08-12,7.407,275500.0,2026-08-13,9.357,280500.0,2026-08-14,5.458,270500.0,2026-08-18,3.704,266000.0,2026-08-19,2.924,264000.0,2026-08-20,-1.559,252500.0,2026-08-21,,,,,,,,,,,,,,,,,,,,,,,,,2026-08-21,9.357,-1.559,10.136,-1.949,,,,,,,
051910,LG화학,2026-08-05,2026-08-05,REJECTED,0,NO_RISING_CHANNEL,,영상 방식의 상승 평행채널을 안정적으로 구성하지 못함,,,,,,,,,,,,,,,,,,,,,,,,,,2026-08-01,2026-08-21,255500.0,11,0,2.153,261000.0,2026-08-06,8.023,276000.0,2026-08-07,8.806,278000.0,2026-08-10,7.241,274000.0,2026-08-11,7.828,275500.0,2026-08-12,7.828,275500.0,2026-08-13,9.785,280500.0,2026-08-14,5.871,270500.0,2026-08-18,4.11,266000.0,2026-08-19,3.327,264000.0,2026-08-20,-1.174,252500.0,2026-08-21,,,,,,,,,,,,,,,,,,,,,,,,,,,,2026-08-21,9.785,-1.174,10.568,-1.566,,,,,,,
051910,LG화학,2026-08-06,2026-08-06,REJECTED,0,NO_RISING_CHANNEL,,영상 방식의 상승 평행채널을 안정적으로 구성하지 못함,,,,,,,,,,,,,,,,,,,,,,,,,,2026-08-01,2026-08-21,261000.0,10,0,5.747,276000.0,2026-08-07,6.513,278000.0,2026-08-10,4.981,274000.0,2026-08-11,5.556,275500.0,2026-08-12,5.556,275500.0,2026-08-13,7.471,280500.0,2026-08-14,3.64,270500.0,2026-08-18,1.916,266000.0,2026-08-19,1.149,264000.0,2026-08-20,-3.257,252500.0,2026-08-21,,,,,,,,,,,,,,,,,,,,,,,,,,,,,,,2026-08-21,7.471,-3.257,8.238,-3.64,,,,,,,
051910,LG화학,2026-08-07,2026-08-07,REJECTED,0,NO_RISING_CHANNEL,,영상 방식의 상승 평행채널을 안정적으로 구성하지 못함,,,,,,,,,,,,,,,,,,,,,,,,,,2026-08-01,2026-08-21,276000.0,9,0,0.725,278000.0,2026-08-10,-0.725,274000.0,2026-08-11,-0.181,275500.0,2026-08-12,-0.181,275500.0,2026-08-13,1.63,280500.0,2026-08-14,-1.993,270500.0,2026-08-18,-3.623,266000.0,2026-08-19,-4.348,264000.0,2026-08-20,-8.514,252500.0,2026-08-21,,,,,,,,,,,,,,,,,,,,,,,,,,,,,,,,,,2026-08-21,1.63,-8.514,2.355,-8.877,,,,,,,
051910,LG화학,2026-08-10,2026-08-10,REJECTED,0,NO_RISING_CHANNEL,,영상 방식의 상승 평행채널을 안정적으로 구성하지 못함,,,,,,,,,,,,,,,,,,,,,,,,,,2026-08-01,2026-08-21,278000.0,8,0,-1.439,274000.0,2026-08-11,-0.899,275500.0,2026-08-12,-0.899,275500.0,2026-08-13,0.899,280500.0,2026-08-14,-2.698,270500.0,2026-08-18,-4.317,266000.0,2026-08-19,-5.036,264000.0,2026-08-20,-9.173,252500.0,2026-08-21,,,,,,,,,,,,,,,,,,,,,,,,,,,,,,,,,,,,,2026-08-21,0.899,-9.173,1.619,-9.532,,,,,,,
051910,LG화학,2026-08-11,2026-08-11,REJECTED,0,NO_RISING_CHANNEL,,영상 방식의 상승 평행채널을 안정적으로 구성하지 못함,,,,,,,,,,,,,,,,,,,,,,,,,,2026-08-01,2026-08-21,274000.0,7,0,0.547,275500.0,2026-08-12,0.547,275500.0,2026-08-13,2.372,280500.0,2026-08-14,-1.277,270500.0,2026-08-18,-2.92,266000.0,2026-08-19,-3.65,264000.0,2026-08-20,-7.847,252500.0,2026-08-21,,,,,,,,,,,,,,,,,,,,,,,,,,,,,,,,,,,,,,,,2026-08-21,2.372,-7.847,3.102,-8.212,,,,,,,
051910,LG화학,2026-08-12,2026-08-12,REJECTED,0,NO_RISING_CHANNEL,,영상 방식의 상승 평행채널을 안정적으로 구성하지 못함,,,,,,,,,,,,,,,,,,,,,,,,,,2026-08-01,2026-08-21,275500.0,6,0,0.0,275500.0,2026-08-13,1.815,280500.0,2026-08-14,-1.815,270500.0,2026-08-18,-3.448,266000.0,2026-08-19,-4.174,264000.0,2026-08-20,-8.348,252500.0,2026-08-21,,,,,,,,,,,,,,,,,,,,,,,,,,,,,,,,,,,,,,,,,,,2026-08-21,1.815,-8.348,2.541,-8.711,,,,,,,
051910,LG화학,2026-08-13,2026-08-13,REJECTED,0,NO_RISING_CHANNEL,,영상 방식의 상승 평행채널을 안정적으로 구성하지 못함,,,,,,,,,,,,,,,,,,,,,,,,,,2026-08-01,2026-08-21,275500.0,5,0,1.815,280500.0,2026-08-14,-1.815,270500.0,2026-08-18,-3.448,266000.0,2026-08-19,-4.174,264000.0,2026-08-20,-8.348,252500.0,2026-08-21,,,,,,,,,,,,,,,,,,,,,,,,,,,,,,,,,,,,,,,,,,,,,,2026-08-21,1.815,-8.348,2.541,-8.711,,,,,,,
051910,LG화학,2026-08-14,2026-08-14,REJECTED,0,NO_RISING_CHANNEL,,영상 방식의 상승 평행채널을 안정적으로 구성하지 못함,,,,,,,,,,,,,,,,,,,,,,,,,,2026-08-01,2026-08-21,280500.0,4,0,-3.565,270500.0,2026-08-18,-5.169,266000.0,2026-08-19,-5.882,264000.0,2026-08-20,-9.982,252500.0,2026-08-21,,,,,,,,,,,,,,,,,,,,,,,,,,,,,,,,,,,,,,,,,,,,,,,,,2026-08-21,-3.565,-9.982,0.178,-10.339,,,,,,,
051910,LG화학,2026-08-18,2026-08-18,REJECTED,0,NO_RISING_CHANNEL,,영상 방식의 상승 평행채널을 안정적으로 구성하지 못함,,,,,,,,,,,,,,,,,,,,,,,,,,2026-08-01,2026-08-21,270500.0,3,0,-1.664,266000.0,2026-08-19,-2.403,264000.0,2026-08-20,-6.654,252500.0,2026-08-21,,,,,,,,,,,,,,,,,,,,,,,,,,,,,,,,,,,,,,,,,,,,,,,,,,,,2026-08-21,-1.664,-6.654,1.848,-7.024,,,,,,,
051910,LG화학,2026-08-19,2026-08-19,REJECTED,0,NO_RISING_CHANNEL,,영상 방식의 상승 평행채널을 안정적으로 구성하지 못함,,,,,,,,,,,,,,,,,,,,,,,,,,2026-08-01,2026-08-21,266000.0,2,0,-0.752,264000.0,2026-08-20,-5.075,252500.0,2026-08-21,,,,,,,,,,,,,,,,,,,,,,,,,,,,,,,,,,,,,,,,,,,,,,,,,,,,,,,2026-08-21,-0.752,-5.075,3.571,-5.451,,,,,,,
051910,LG화학,2026-08-20,2026-08-20,REJECTED,30,TREND_BROKEN_OR_NOT_UPTREND,상승추세 안의 단기 조정 + 전저점 유지 | 상승 평행채널 유효(커버리지 100%) | 최근 추세 하단(싼 구간) 접촉,중기 상승 구조 미확인,264000.0,False,6.55,True,1.0,0.6682,True,225956.5217,254423.913,282500.0,282891.3043,219177.8261,-3.63,7.16,False,False,False,10.93,False,False,False,,False,False,,2026-08-01,2026-08-21,264000.0,1,0,-4.356,252500.0,2026-08-21,,,,,,,,,,,,,,,,,,,,,,,,,,,,,,,,,,,,,,,,,,,,,,,,,,,,,,,,,,2026-08-21,-4.356,-4.356,-0.758,-4.735,,,,,,,
051910,LG화학,2026-08-21,2026-08-21,REJECTED,30,TREND_BROKEN_OR_NOT_UPTREND,상승추세 안의 단기 조정 + 전저점 유지 | 상승 평행채널 유효(커버리지 100%) | 최근 추세 하단(싼 구간) 접촉,중기 상승 구조 미확인,252500.0,False,10.62,True,1.0,0.4639,True,226086.9565,254554.3478,282500.0,283021.7391,219304.3478,0.81,12.09,False,False,False,11.15,False,False,False,,False,False,,2026-08-01,2026-08-21,252500.0,0,0,,,,,,,,,,,,,,,,,,,,,,,,,,,,,,,,,,,,,,,,,,,,,,,,,,,,,,,,,,,,,,,,,,,,,,,,
316140,우리금융지주,2026-08-03,2026-08-03,REJECTED,67,TREND_BROKEN_OR_NOT_UPTREND,상승 평행채널 유효(커버리지 100%) | 최근 추세 하단(싼 구간) 접촉 | 현재도 채널 하단권 | 추세 하단 부근 쌍바닥/Higher-Low 형태 | 쌍바닥 넥라인 돌파 확인 | 이동평균선 밀집 | 이동평균선 재돌파 | 추세 바닥권 거래량 급증 양봉 | 거래량 기준봉 저가 지지 | 재상승 후 5일선 지지,중기 상승 구조 미확인,33350.0,False,1.77,True,1.0,0.1547,True,32187.5,35943.75,33700.0,39700.0,31221.875,7.78,19.04,True,True,True,5.36,True,True,True,2026-07-27,True,False,2.12,2026-08-01,2026-08-21,33350.0,13,0,-0.45,33200.0,2026-08-04,0.0,33350.0,2026-08-05,0.45,33500.0,2026-08-06,4.348,34800.0,2026-08-07,0.0,33350.0,2026-08-10,1.349,33800.0,2026-08-11,-1.049,33000.0,2026-08-12,-0.15,33300.0,2026-08-13,1.049,33700.0,2026-08-14,1.199,33750.0,2026-08-18,0.45,33500.0,2026-08-19,-5.397,31550.0,2026-08-20,-4.798,31750.0,2026-08-21,,,,,,,,,,,,,,,,,,,,,,2026-08-21,4.348,-5.397,4.498,-7.046,,,,,,,
316140,우리금융지주,2026-08-04,2026-08-04,REJECTED,67,TREND_BROKEN_OR_NOT_UPTREND,상승 평행채널 유효(커버리지 100%) | 최근 추세 하단(싼 구간) 접촉 | 현재도 채널 하단권 | 추세 하단 부근 쌍바닥/Higher-Low 형태 | 쌍바닥 넥라인 돌파 확인 | 이동평균선 밀집 | 이동평균선 재돌파 | 추세 바닥권 거래량 급증 양봉 | 거래량 기준봉 저가 지지 | 재상승 후 5일선 지지,중기 상승 구조 미확인,33200.0,False,2.21,True,1.0,0.1098,True,32375.0,36131.25,33700.0,39887.5,31403.75,8.83,20.14,True,True,True,6.26,True,True,True,2026-07-27,True,False,2.12,2026-08-01,2026-08-21,33200.0,12,0,0.452,33350.0,2026-08-05,0.904,33500.0,2026-08-06,4.819,34800.0,2026-08-07,0.452,33350.0,2026-08-10,1.807,33800.0,2026-08-11,-0.602,33000.0,2026-08-12,0.301,33300.0,2026-08-13,1.506,33700.0,2026-08-14,1.657,33750.0,2026-08-18,0.904,33500.0,2026-08-19,-4.97,31550.0,2026-08-20,-4.367,31750.0,2026-08-21,,,,,,,,,,,,,,,,,,,,,,,,,2026-08-21,4.819,-4.97,4.97,-6.627,,,,,,,
316140,우리금융지주,2026-08-05,2026-08-05,REJECTED,52,TREND_BROKEN_OR_NOT_UPTREND,상승 평행채널 유효(커버리지 100%) | 최근 추세 하단(싼 구간) 접촉 | 현재도 채널 하단권 | 추세 하단 부근 쌍바닥/Higher-Low 형태 | 쌍바닥 넥라인 돌파 확인 | 추세 바닥권 거래량 급증 양봉 | 거래량 기준봉 저가 지지 | 기준봉 지지 후 재상승 전환,중기 상승 구조 미확인,33350.0,False,2.77,True,1.0,0.1048,True,32562.5,36318.75,33700.0,40075.0,31585.625,8.9,20.16,True,True,False,6.99,False,True,True,2026-07-27,True,False,2.12,2026-08-01,2026-08-21,33350.0,11,0,0.45,33500.0,2026-08-06,4.348,34800.0,2026-08-07,0.0,33350.0,2026-08-10,1.349,33800.0,2026-08-11,-1.049,33000.0,2026-08-12,-0.15,33300.0,2026-08-13,1.049,33700.0,2026-08-14,1.199,33750.0,2026-08-18,0.45,33500.0,2026-08-19,-5.397,31550.0,2026-08-20,-4.798,31750.0,2026-08-21,,,,,,,,,,,,,,,,,,,,,,,,,,,,2026-08-21,4.348,-5.397,4.498,-7.046,,,,,,,
316140,우리금융지주,2026-08-06,2026-08-06,REJECTED,52,TREND_BROKEN_OR_NOT_UPTREND,상승 평행채널 유효(커버리지 100%) | 최근 추세 하단(싼 구간) 접촉 | 현재도 채널 하단권 | 추세 하단 부근 쌍바닥/Higher-Low 형태 | 쌍바닥 넥라인 돌파 확인 | 추세 바닥권 거래량 급증 양봉 | 거래량 기준봉 저가 지지 | 기준봉 지지 후 재상승 전환,중기 상승 구조 미확인,33500.0,False,2.33,True,1.0,0.0998,True,32750.0,36506.25,33700.0,40262.5,31767.5,8.97,20.19,True,True,False,7.39,False,True,True,2026-07-27,True,False,2.12,2026-08-01,2026-08-21,33500.0,10,0,3.881,34800.0,2026-08-07,-0.448,33350.0,2026-08-10,0.896,33800.0,2026-08-11,-1.493,33000.0,2026-08-12,-0.597,33300.0,2026-08-13,0.597,33700.0,2026-08-14,0.746,33750.0,2026-08-18,0.0,33500.0,2026-08-19,-5.821,31550.0,2026-08-20,-5.224,31750.0,2026-08-21,,,,,,,,,,,,,,,,,,,,,,,,,,,,,,,2026-08-21,3.881,-5.821,4.03,-7.463,,,,,,,
316140,우리금융지주,2026-08-07,2026-08-07,REJECTED,54,TREND_BROKEN_OR_NOT_UPTREND,상승 평행채널 유효(커버리지 100%) | 최근 추세 하단(싼 구간) 접촉 | 현재도 채널 하단권 | 추세 하단 부근 쌍바닥/Higher-Low 형태 | 쌍바닥 넥라인 돌파 확인 | 추세 바닥권 거래량 급증 양봉 | 거래량 기준봉 저가 지지 | 거래량 기준봉 고가 돌파,중기 상승 구조 미확인,34800.0,False,0.14,True,1.0,0.2479,True,32937.5,36693.75,33700.0,40450.0,31949.375,5.44,16.24,True,True,False,7.66,False,True,True,2026-07-27,True,True,2.12,2026-08-01,2026-08-21,34800.0,9,0,-4.167,33350.0,2026-08-10,-2.874,33800.0,2026-08-11,-5.172,33000.0,2026-08-12,-4.31,33300.0,2026-08-13,-3.161,33700.0,2026-08-14,-3.017,33750.0,2026-08-18,-3.736,33500.0,2026-08-19,-9.339,31550.0,2026-08-20,-8.764,31750.0,2026-08-21,,,,,,,,,,,,,,,,,,,,,,,,,,,,,,,,,,2026-08-21,-2.874,-9.339,-0.287,-10.92,,,,,,,
316140,우리금융지주,2026-08-10,2026-08-10,REJECTED,59,TREND_BROKEN_OR_NOT_UPTREND,상승추세 안의 단기 조정 + 전저점 유지 | 상승 평행채널 유효(커버리지 100%) | 최근 추세 하단(싼 구간) 접촉 | 현재도 채널 하단권 | 추세 하단 부근 쌍바닥/Higher-Low 형태 | 쌍바닥 넥라인 돌파 확인 | 추세 바닥권 거래량 급증 양봉 | 거래량 기준봉 저가 지지,중기 상승 구조 미확인,33350.0,False,4.3,True,1.0,0.03,True,33125.0,36881.25,33700.0,40637.5,32131.25,10.59,21.85,True,True,False,7.88,False,True,True,2026-07-27,True,False,2.12,2026-08-01,2026-08-21,33350.0,8,0,1.349,33800.0,2026-08-11,-1.049,33000.0,2026-08-12,-0.15,33300.0,2026-08-13,1.049,33700.0,2026-08-14,1.199,33750.0,2026-08-18,0.45,33500.0,2026-08-19,-5.397,31550.0,2026-08-20,-4.798,31750.0,2026-08-21,,,,,,,,,,,,,,,,,,,,,,,,,,,,,,,,,,,,,2026-08-21,1.349,-5.397,3.748,-7.046,,,,,,,
316140,우리금융지주,2026-08-11,2026-08-11,REJECTED,74,TREND_BROKEN_OR_NOT_UPTREND,상승추세 안의 단기 조정 + 전저점 유지 | 상승 평행채널 유효(커버리지 100%) | 최근 추세 하단(싼 구간) 접촉 | 현재도 채널 하단권 | 추세 하단 부근 쌍바닥/Higher-Low 형태 | 쌍바닥 넥라인 돌파 확인 | 이동평균선 재돌파 | 추세 바닥권 거래량 급증 양봉 | 거래량 기준봉 저가 지지 | 거래량 기준봉 고가 돌파 | 재상승 후 5일선 지지,중기 상승 구조 미확인,33800.0,False,3.01,True,1.0,0.0649,True,33312.5,37068.75,33700.0,40825.0,32313.125,9.67,20.78,True,True,False,8.03,True,True,True,2026-07-27,True,True,2.12,2026-08-01,2026-08-21,33800.0,7,0,-2.367,33000.0,2026-08-12,-1.479,33300.0,2026-08-13,-0.296,33700.0,2026-08-14,-0.148,33750.0,2026-08-18,-0.888,33500.0,2026-08-19,-6.657,31550.0,2026-08-20,-6.065,31750.0,2026-08-21,,,,,,,,,,,,,,,,,,,,,,,,,,,,,,,,,,,,,,,,2026-08-21,-0.148,-6.657,1.627,-8.284,,,,,,,
316140,우리금융지주,2026-08-12,2026-08-12,REJECTED,40,TREND_BROKEN_OR_NOT_UPTREND,상승추세 안의 단기 조정 + 전저점 유지 | 상승 평행채널 유효(커버리지 98%) | 최근 추세 하단(싼 구간) 접촉 | 추세 하단 부근 쌍바닥/Higher-Low 형태 | 쌍바닥 넥라인 돌파 확인,중기 상승 구조 미확인,33000.0,False,5.31,True,0.9818,0.5017,True,30965.6863,32993.1373,34850.0,35020.5882,30036.7157,-0.02,6.12,True,True,False,7.92,False,True,False,,False,False,,2026-08-01,2026-08-21,33000.0,6,0,0.909,33300.0,2026-08-13,2.121,33700.0,2026-08-14,2.273,33750.0,2026-08-18,1.515,33500.0,2026-08-19,-4.394,31550.0,2026-08-20,-3.788,31750.0,2026-08-21,,,,,,,,,,,,,,,,,,,,,,,,,,,,,,,,,,,,,,,,,,,2026-08-21,2.273,-4.394,2.727,-6.061,,,,,,,
316140,우리금융지주,2026-08-13,2026-08-13,REJECTED,40,TREND_BROKEN_OR_NOT_UPTREND,상승추세 안의 단기 조정 + 전저점 유지 | 상승 평행채널 유효(커버리지 98%) | 최근 추세 하단(싼 구간) 접촉 | 추세 하단 부근 쌍바닥/Higher-Low 형태 | 쌍바닥 넥라인 돌파 확인,중기 상승 구조 미확인,33300.0,False,4.45,True,0.9821,0.5617,True,31022.549,33050.0,34850.0,35077.451,30091.8725,-0.75,5.34,True,True,False,7.6,False,True,False,,False,False,,2026-08-01,2026-08-21,33300.0,5,0,1.201,33700.0,2026-08-14,1.351,33750.0,2026-08-18,0.601,33500.0,2026-08-19,-5.255,31550.0,2026-08-20,-4.655,31750.0,2026-08-21,,,,,,,,,,,,,,,,,,,,,,,,,,,,,,,,,,,,,,,,,,,,,,2026-08-21,1.351,-5.255,1.351,-6.907,,,,,,,
316140,우리금융지주,2026-08-14,2026-08-14,REJECTED,50,TREND_BROKEN_OR_NOT_UPTREND,상승추세 안의 단기 조정 + 전저점 유지 | 상승 평행채널 유효(커버리지 98%) | 최근 추세 하단(싼 구간) 접촉 | 추세 하단 부근 쌍바닥/Higher-Low 형태 | 쌍바닥 넥라인 돌파 확인 | 이동평균선 재돌파 | 재상승 후 5일선 지지,중기 상승 구조 미확인,33700.0,False,3.3,True,0.9825,0.6463,True,31079.4118,33106.8627,34850.0,35134.3137,30147.0294,-1.76,4.26,True,True,False,6.69,True,True,False,,False,False,,2026-08-01,2026-08-21,33700.0,4,0,0.148,33750.0,2026-08-18,-0.593,33500.0,2026-08-19,-6.38,31550.0,2026-08-20,-5.786,31750.0,2026-08-21,,,,,,,,,,,,,,,,,,,,,,,,,,,,,,,,,,,,,,,,,,,,,,,,,2026-08-21,0.148,-6.38,0.148,-8.012,,,,,,,
316140,우리금융지주,2026-08-18,2026-08-18,WATCH,70,LOWER_CHANNEL_WATCH,중기 Higher High + Higher Low | 상승추세 안의 단기 조정 + 전저점 유지 | 상승 평행채널 유효(커버리지 98%) | 최근 추세 하단(싼 구간) 접촉 | 추세 하단 부근 쌍바닥/Higher-Low 형태 | 쌍바닥 넥라인 돌파 확인 | 이동평균선 재돌파 | 재상승 후 5일선 지지,,33750.0,True,3.16,True,0.9828,0.6446,True,31136.2745,33163.7255,34850.0,35191.1765,31913.0,-1.74,4.27,True,True,False,6.74,True,True,False,,False,False,,2026-08-01,2026-08-21,33750.0,3,0,-0.741,33500.0,2026-08-19,-6.519,31550.0,2026-08-20,-5.926,31750.0,2026-08-21,,,,,,,,,,,,,,,,,,,,,,,,,,,,,,,,,,,,,,,,,,,,,,,,,,,,2026-08-21,-0.741,-6.519,0.0,-8.148,,,0.0,0.0,1.0,STOP,2026-08-20
316140,우리금융지주,2026-08-19,2026-08-19,CONFIRMED,76,LOWER_CHANNEL_CONFIRMED_REVERSAL,중기 Higher High + Higher Low | 상승추세 안의 단기 조정 + 전저점 유지 | 상승 평행채널 유효(커버리지 98%) | 최근 추세 하단(싼 구간) 접촉 | 추세 하단 부근 쌍바닥/Higher-Low 형태 | 쌍바닥 넥라인 돌파 확인 | 이동평균선 밀집 | 이동평균선 재돌파,,33500.0,True,3.87,True,0.9831,0.5689,True,31193.1373,33220.5882,34850.0,35248.0392,31913.0,-0.83,5.22,True,True,True,6.45,True,False,False,,False,False,,2026-08-01,2026-08-21,33500.0,2,0,-5.821,31550.0,2026-08-20,-5.224,31750.0,2026-08-21,,,,,,,,,,,,,,,,,,,,,,,,,,,,,,,,,,,,,,,,,,,,,,,,,,,,,,,2026-08-21,-5.224,-5.821,-0.448,-7.463,,,0.0,0.0,1.0,STOP,2026-08-20
316140,우리금융지주,2026-08-20,2026-08-20,REJECTED,58,TREND_BROKEN_OR_NOT_UPTREND,중기 Higher High + Higher Low | 상승 평행채널 유효(커버리지 98%) | 최근 추세 하단(싼 구간) 접촉 | 현재도 채널 하단권 | 추세 하단 부근 쌍바닥/Higher-Low 형태 | 이동평균선 밀집,최근 스윙 저점 이탈 위험,31550.0,True,9.47,False,0.9833,0.074,True,31250.0,33277.451,34850.0,35304.902,31913.0,5.48,11.9,True,False,True,5.93,False,False,False,,False,False,,2026-08-01,2026-08-21,31550.0,1,0,0.634,31750.0,2026-08-21,,,,,,,,,,,,,,,,,,,,,,,,,,,,,,,,,,,,,,,,,,,,,,,,,,,,,,,,,,2026-08-21,0.634,0.634,1.585,-1.743,,,,,,,
316140,우리금융지주,2026-08-21,2026-08-21,REJECTED,58,TREND_BROKEN_OR_NOT_UPTREND,중기 Higher High + Higher Low | 상승 평행채널 유효(커버리지 98%) | 최근 추세 하단(싼 구간) 접촉 | 현재도 채널 하단권 | 추세 하단 부근 쌍바닥/Higher-Low 형태 | 이동평균선 밀집,최근 스윙 저점 이탈 위험,31750.0,True,8.9,False,0.9836,0.1093,True,31306.8627,33334.3137,34850.0,35361.7647,31913.0,4.99,11.38,True,False,True,5.34,False,False,False,,False,False,,2026-08-01,2026-08-21,31750.0,0,0,,,,,,,,,,,,,,,,,,,,,,,,,,,,,,,,,,,,,,,,,,,,,,,,,,,,,,,,,,,,,,,,,,,,,,,,
064350,현대로템,2026-08-03,2026-08-03,REJECTED,30,TREND_BROKEN_OR_NOT_UPTREND,상승 평행채널 유효(커버리지 78%) | 최근 추세 하단(싼 구간) 접촉 | 현재도 채널 하단권 | 추세 하단 부근 쌍바닥/Higher-Low 형태,중기 상승 구조 미확인,129700.0,False,37.94,True,0.775,-0.4492,True,161488.8889,196876.3889,173000.0,232263.8889,156644.2222,51.79,79.08,True,False,False,46.54,False,True,False,,False,False,,2026-08-01,2026-08-21,129700.0,13,0,7.864,139900.0,2026-08-04,13.878,147700.0,2026-08-05,11.18,144200.0,2026-08-06,13.261,146900.0,2026-08-07,15.806,150200.0,2026-08-10,9.021,141400.0,2026-08-11,12.953,146500.0,2026-08-12,13.801,147600.0,2026-08-13,13.261,146900.0,2026-08-14,10.409,143200.0,2026-08-18,5.089,136300.0,2026-08-19,5.783,137200.0,2026-08-20,0.308,130100.0,2026-08-21,,,,,,,,,,,,,,,,,,,,,,2026-08-21,15.806,0.308,17.502,-1.002,,,,,,,
064350,현대로템,2026-08-04,2026-08-04,REJECTED,40,TREND_BROKEN_OR_NOT_UPTREND,상승추세 안의 단기 조정 + 전저점 유지 | 상승 평행채널 유효(커버리지 77%) | 최근 추세 하단(싼 구간) 접촉 | 현재도 채널 하단권 | 추세 하단 부근 쌍바닥/Higher-Low 형태,중기 상승 구조 미확인,139900.0,False,28.11,True,0.7654,-0.3076,True,161669.4444,197056.9444,173000.0,232444.4444,156819.3611,40.86,66.15,True,False,False,39.54,False,True,False,,False,False,,2026-08-01,2026-08-21,139900.0,12,0,5.575,147700.0,2026-08-05,3.074,144200.0,2026-08-06,5.004,146900.0,2026-08-07,7.362,150200.0,2026-08-10,1.072,141400.0,2026-08-11,4.718,146500.0,2026-08-12,5.504,147600.0,2026-08-13,5.004,146900.0,2026-08-14,2.359,143200.0,2026-08-18,-2.573,136300.0,2026-08-19,-1.93,137200.0,2026-08-20,-7.005,130100.0,2026-08-21,,,,,,,,,,,,,,,,,,,,,,,,,2026-08-21,7.362,-7.005,8.935,-7.791,,,,,,,
064350,현대로템,2026-08-05,2026-08-05,REJECTED,40,TREND_BROKEN_OR_NOT_UPTREND,상승추세 안의 단기 조정 + 전저점 유지 | 상승 평행채널 유효(커버리지 76%) | 최근 추세 하단(싼 구간) 접촉 | 현재도 채널 하단권 | 추세 하단 부근 쌍바닥/Higher-Low 형태,중기 상승 구조 미확인,147700.0,False,21.23,True,0.7561,-0.1999,True,161850.0,197237.5,173000.0,232625.0,156994.5,33.54,57.5,True,False,False,32.86,False,True,False,,False,False,,2026-08-01,2026-08-21,147700.0,11,0,-2.37,144200.0,2026-08-06,-0.542,146900.0,2026-08-07,1.693,150200.0,2026-08-10,-4.265,141400.0,2026-08-11,-0.812,146500.0,2026-08-12,-0.068,147600.0,2026-08-13,-0.542,146900.0,2026-08-14,-3.047,143200.0,2026-08-18,-7.718,136300.0,2026-08-19,-7.109,137200.0,2026-08-20,-11.916,130100.0,2026-08-21,,,,,,,,,,,,,,,,,,,,,,,,,,,,2026-08-21,1.693,-11.916,3.182,-12.661,,,,,,,
064350,현대로템,2026-08-06,2026-08-06,REJECTED,40,TREND_BROKEN_OR_NOT_UPTREND,상승추세 안의 단기 조정 + 전저점 유지 | 상승 평행채널 유효(커버리지 75%) | 최근 추세 하단(싼 구간) 접촉 | 현재도 채널 하단권 | 추세 하단 부근 쌍바닥/Higher-Low 형태,중기 상승 구조 미확인,144200.0,False,21.89,True,0.747,-0.2519,True,162030.5556,197418.0556,173000.0,232805.5556,157169.6389,36.91,61.45,True,False,False,29.5,False,True,False,,False,False,,2026-08-01,2026-08-21,144200.0,10,0,1.872,146900.0,2026-08-07,4.161,150200.0,2026-08-10,-1.942,141400.0,2026-08-11,1.595,146500.0,2026-08-12,2.358,147600.0,2026-08-13,1.872,146900.0,2026-08-14,-0.693,143200.0,2026-08-18,-5.479,136300.0,2026-08-19,-4.854,137200.0,2026-08-20,-9.778,130100.0,2026-08-21,,,,,,,,,,,,,,,,,,,,,,,,,,,,,,,2026-08-21,4.161,-9.778,5.687,-10.541,,,,,,,
064350,현대로템,2026-08-07,2026-08-07,REJECTED,40,TREND_BROKEN_OR_NOT_UPTREND,상승추세 안의 단기 조정 + 전저점 유지 | 상승 평행채널 유효(커버리지 74%) | 최근 추세 하단(싼 구간) 접촉 | 현재도 채널 하단권 | 추세 하단 부근 쌍바닥/Higher-Low 형태,중기 상승 구조 미확인,146900.0,False,20.42,True,0.7381,-0.2163,True,162211.1111,197598.6111,173000.0,232986.1111,157344.7778,34.51,58.6,True,False,False,26.39,False,True,False,,False,False,,2026-08-01,2026-08-21,146900.0,9,0,2.246,150200.0,2026-08-10,-3.744,141400.0,2026-08-11,-0.272,146500.0,2026-08-12,0.477,147600.0,2026-08-13,0.0,146900.0,2026-08-14,-2.519,143200.0,2026-08-18,-7.216,136300.0,2026-08-19,-6.603,137200.0,2026-08-20,-11.436,130100.0,2026-08-21,,,,,,,,,,,,,,,,,,,,,,,,,,,,,,,,,,2026-08-21,2.246,-11.436,3.744,-12.185,,,,,,,
064350,현대로템,2026-08-10,2026-08-10,REJECTED,40,TREND_BROKEN_OR_NOT_UPTREND,상승추세 안의 단기 조정 + 전저점 유지 | 상승 평행채널 유효(커버리지 73%) | 최근 추세 하단(싼 구간) 접촉 | 현재도 채널 하단권 | 추세 하단 부근 쌍바닥/Higher-Low 형태,중기 상승 구조 미확인,150200.0,False,18.15,True,0.7294,-0.1723,True,162391.6667,197779.1667,173000.0,233166.6667,157519.9167,31.68,55.24,True,False,False,22.36,False,True,False,,False,False,,2026-08-01,2026-08-21,150200.0,8,0,-5.859,141400.0,2026-08-11,-2.463,146500.0,2026-08-12,-1.731,147600.0,2026-08-13,-2.197,146900.0,2026-08-14,-4.66,143200.0,2026-08-18,-9.254,136300.0,2026-08-19,-8.655,137200.0,2026-08-20,-13.382,130100.0,2026-08-21,,,,,,,,,,,,,,,,,,,,,,,,,,,,,,,,,,,,,2026-08-21,-1.731,-13.382,0.999,-14.115,,,,,,,
064350,현대로템,2026-08-11,2026-08-11,REJECTED,40,TREND_BROKEN_OR_NOT_UPTREND,상승추세 안의 단기 조정 + 전저점 유지 | 상승 평행채널 유효(커버리지 72%) | 최근 추세 하단(싼 구간) 접촉 | 현재도 채널 하단권 | 추세 하단 부근 쌍바닥/Higher-Low 형태,중기 상승 구조 미확인,141400.0,False,18.45,True,0.7209,-0.2991,True,162572.2222,197959.7222,173000.0,233347.2222,157695.0556,40.0,65.03,True,False,False,23.38,False,False,False,,False,False,,2026-08-01,2026-08-21,141400.0,7,0,3.607,146500.0,2026-08-12,4.385,147600.0,2026-08-13,3.89,146900.0,2026-08-14,1.273,143200.0,2026-08-18,-3.607,136300.0,2026-08-19,-2.97,137200.0,2026-08-20,-7.992,130100.0,2026-08-21,,,,,,,,,,,,,,,,,,,,,,,,,,,,,,,,,,,,,,,,2026-08-21,4.385,-7.992,7.284,-8.769,,,,,,,
064350,현대로템,2026-08-12,2026-08-12,REJECTED,0,NO_RISING_CHANNEL,,영상 방식의 상승 평행채널을 안정적으로 구성하지 못함,,,,,,,,,,,,,,,,,,,,,,,,,,2026-08-01,2026-08-21,146500.0,6,0,0.751,147600.0,2026-08-13,0.273,146900.0,2026-08-14,-2.253,143200.0,2026-08-18,-6.962,136300.0,2026-08-19,-6.348,137200.0,2026-08-20,-11.195,130100.0,2026-08-21,,,,,,,,,,,,,,,,,,,,,,,,,,,,,,,,,,,,,,,,,,,2026-08-21,0.751,-11.195,3.549,-11.945,,,,,,,
064350,현대로템,2026-08-13,2026-08-13,REJECTED,0,NO_RISING_CHANNEL,,영상 방식의 상승 평행채널을 안정적으로 구성하지 못함,,,,,,,,,,,,,,,,,,,,,,,,,,2026-08-01,2026-08-21,147600.0,5,0,-0.474,146900.0,2026-08-14,-2.981,143200.0,2026-08-18,-7.656,136300.0,2026-08-19,-7.046,137200.0,2026-08-20,-11.856,130100.0,2026-08-21,,,,,,,,,,,,,,,,,,,,,,,,,,,,,,,,,,,,,,,,,,,,,,2026-08-21,-0.474,-11.856,1.423,-12.602,,,,,,,
064350,현대로템,2026-08-14,2026-08-14,REJECTED,0,NO_RISING_CHANNEL,,영상 방식의 상승 평행채널을 안정적으로 구성하지 못함,,,,,,,,,,,,,,,,,,,,,,,,,,2026-08-01,2026-08-21,146900.0,4,0,-2.519,143200.0,2026-08-18,-7.216,136300.0,2026-08-19,-6.603,137200.0,2026-08-20,-11.436,130100.0,2026-08-21,,,,,,,,,,,,,,,,,,,,,,,,,,,,,,,,,,,,,,,,,,,,,,,,,2026-08-21,-2.519,-11.436,1.906,-12.185,,,,,,,
064350,현대로템,2026-08-18,2026-08-18,REJECTED,0,NO_RISING_CHANNEL,,영상 방식의 상승 평행채널을 안정적으로 구성하지 못함,,,,,,,,,,,,,,,,,,,,,,,,,,2026-08-01,2026-08-21,143200.0,3,0,-4.818,136300.0,2026-08-19,-4.19,137200.0,2026-08-20,-9.148,130100.0,2026-08-21,,,,,,,,,,,,,,,,,,,,,,,,,,,,,,,,,,,,,,,,,,,,,,,,,,,,2026-08-21,-4.19,-9.148,0.349,-9.916,,,,,,,
064350,현대로템,2026-08-19,2026-08-19,REJECTED,0,NO_RISING_CHANNEL,,영상 방식의 상승 평행채널을 안정적으로 구성하지 못함,,,,,,,,,,,,,,,,,,,,,,,,,,2026-08-01,2026-08-21,136300.0,2,0,0.66,137200.0,2026-08-20,-4.549,130100.0,2026-08-21,,,,,,,,,,,,,,,,,,,,,,,,,,,,,,,,,,,,,,,,,,,,,,,,,,,,,,,2026-08-21,0.66,-4.549,2.641,-5.356,,,,,,,
064350,현대로템,2026-08-20,2026-08-20,REJECTED,0,NO_RISING_CHANNEL,,영상 방식의 상승 평행채널을 안정적으로 구성하지 못함,,,,,,,,,,,,,,,,,,,,,,,,,,2026-08-01,2026-08-21,137200.0,1,0,-5.175,130100.0,2026-08-21,,,,,,,,,,,,,,,,,,,,,,,,,,,,,,,,,,,,,,,,,,,,,,,,,,,,,,,,,,2026-08-21,-5.175,-5.175,-2.405,-5.977,,,,,,,
064350,현대로템,2026-08-21,2026-08-21,REJECTED,0,NO_RISING_CHANNEL,,영상 방식의 상승 평행채널을 안정적으로 구성하지 못함,,,,,,,,,,,,,,,,,,,,,,,,,,2026-08-01,2026-08-21,130100.0,0,0,,,,,,,,,,,,,,,,,,,,,,,,,,,,,,,,,,,,,,,,,,,,,,,,,,,,,,,,,,,,,,,,,,,,,,,,
017670,SK텔레콤,2026-08-03,2026-08-03,REJECTED,35,TREND_BROKEN_OR_NOT_UPTREND,상승추세 안의 단기 조정 + 전저점 유지 | 상승 평행채널 유효(커버리지 100%) | 최근 추세 하단(싼 구간) 접촉 | 현재도 채널 하단권,중기 상승 구조 미확인,82000.0,False,22.35,True,1.0,0.1408,True,77673.6842,93031.5789,105600.0,108389.4737,75343.4737,13.45,32.18,False,False,False,17.88,False,True,False,,False,False,,2026-08-01,2026-08-21,82000.0,13,0,11.463,91400.0,2026-08-04,13.415,93000.0,2026-08-05,11.098,91100.0,2026-08-06,7.561,88200.0,2026-08-07,3.659,85000.0,2026-08-10,4.878,86000.0,2026-08-11,7.073,87800.0,2026-08-12,11.098,91100.0,2026-08-13,22.561,100500.0,2026-08-14,21.707,99800.0,2026-08-18,19.512,98000.0,2026-08-19,17.805,96600.0,2026-08-20,24.634,102200.0,2026-08-21,,,,,,,,,,,,,,,,,,,,,,2026-08-21,24.634,3.659,27.195,1.951,,,,,,,
017670,SK텔레콤,2026-08-04,2026-08-04,REJECTED,30,TREND_BROKEN_OR_NOT_UPTREND,상승추세 안의 단기 조정 + 전저점 유지 | 상승 평행채널 유효(커버리지 100%) | 최근 추세 하단(싼 구간) 접촉,중기 상승 구조 미확인,91400.0,False,13.45,True,1.0,0.4287,True,78231.5789,93589.4737,105600.0,108947.3684,75884.6316,2.4,19.2,False,False,False,13.99,False,True,False,,False,False,,2026-08-01,2026-08-21,91400.0,12,0,1.751,93000.0,2026-08-05,-0.328,91100.0,2026-08-06,-3.501,88200.0,2026-08-07,-7.002,85000.0,2026-08-10,-5.908,86000.0,2026-08-11,-3.939,87800.0,2026-08-12,-0.328,91100.0,2026-08-13,9.956,100500.0,2026-08-14,9.19,99800.0,2026-08-18,7.221,98000.0,2026-08-19,5.689,96600.0,2026-08-20,11.816,102200.0,2026-08-21,,,,,,,,,,,,,,,,,,,,,,,,,2026-08-21,11.816,-7.002,14.114,-8.534,,,,,,,
017670,SK텔레콤,2026-08-05,2026-08-05,REJECTED,30,TREND_BROKEN_OR_NOT_UPTREND,상승추세 안의 단기 조정 + 전저점 유지 | 상승 평행채널 유효(커버리지 100%) | 최근 추세 하단(싼 구간) 접촉,중기 상승 구조 미확인,93000.0,False,11.93,True,1.0,0.4626,True,78789.4737,94147.3684,105600.0,109505.2632,76425.7895,1.23,17.75,False,False,False,10.65,False,True,False,,False,False,,2026-08-01,2026-08-21,93000.0,11,0,-2.043,91100.0,2026-08-06,-5.161,88200.0,2026-08-07,-8.602,85000.0,2026-08-10,-7.527,86000.0,2026-08-11,-5.591,87800.0,2026-08-12,-2.043,91100.0,2026-08-13,8.065,100500.0,2026-08-14,7.312,99800.0,2026-08-18,5.376,98000.0,2026-08-19,3.871,96600.0,2026-08-20,9.892,102200.0,2026-08-21,,,,,,,,,,,,,,,,,,,,,,,,,,,,2026-08-21,9.892,-8.602,12.151,-10.108,,,,,,,
017670,SK텔레콤,2026-08-06,2026-08-06,REJECTED,30,TREND_BROKEN_OR_NOT_UPTREND,상승추세 안의 단기 조정 + 전저점 유지 | 상승 평행채널 유효(커버리지 100%) | 최근 추세 하단(싼 구간) 접촉,중기 상승 구조 미확인,91100.0,False,13.73,True,1.0,0.3826,True,79347.3684,94705.2632,105600.0,110063.1579,76966.9474,3.96,20.82,False,False,False,7.91,False,True,False,,False,False,,2026-08-01,2026-08-21,91100.0,10,0,-3.183,88200.0,2026-08-07,-6.696,85000.0,2026-08-10,-5.598,86000.0,2026-08-11,-3.622,87800.0,2026-08-12,0.0,91100.0,2026-08-13,10.318,100500.0,2026-08-14,9.55,99800.0,2026-08-18,7.574,98000.0,2026-08-19,6.037,96600.0,2026-08-20,12.184,102200.0,2026-08-21,,,,,,,,,,,,,,,,,,,,,,,,,,,,,,,2026-08-21,12.184,-6.696,14.49,-8.233,,,,,,,
017670,SK텔레콤,2026-08-07,2026-08-07,REJECTED,35,TREND_BROKEN_OR_NOT_UPTREND,상승추세 안의 단기 조정 + 전저점 유지 | 상승 평행채널 유효(커버리지 100%) | 최근 추세 하단(싼 구간) 접촉 | 현재도 채널 하단권,중기 상승 구조 미확인,88200.0,False,16.48,True,1.0,0.27,True,79905.2632,95263.1579,105600.0,110621.0526,77508.1053,8.01,25.42,False,False,False,7.61,False,False,False,,False,False,,2026-08-01,2026-08-21,88200.0,9,0,-3.628,85000.0,2026-08-10,-2.494,86000.0,2026-08-11,-0.454,87800.0,2026-08-12,3.288,91100.0,2026-08-13,13.946,100500.0,2026-08-14,13.152,99800.0,2026-08-18,11.111,98000.0,2026-08-19,9.524,96600.0,2026-08-20,15.873,102200.0,2026-08-21,,,,,,,,,,,,,,,,,,,,,,,,,,,,,,,,,,2026-08-21,15.873,-3.628,18.254,-5.215,,,,,,,
017670,SK텔레콤,2026-08-10,2026-08-10,REJECTED,35,TREND_BROKEN_OR_NOT_UPTREND,상승추세 안의 단기 조정 + 전저점 유지 | 상승 평행채널 유효(커버리지 100%) | 최근 추세 하단(싼 구간) 접촉 | 현재도 채널 하단권,중기 상승 구조 미확인,85000.0,False,19.51,True,1.0,0.1477,True,80463.1579,95821.0526,98300.0,111178.9474,78049.2632,12.73,30.8,False,False,False,7.7,False,False,False,,False,False,,2026-08-01,2026-08-21,85000.0,8,0,1.176,86000.0,2026-08-11,3.294,87800.0,2026-08-12,7.176,91100.0,2026-08-13,18.235,100500.0,2026-08-14,17.412,99800.0,2026-08-18,15.294,98000.0,2026-08-19,13.647,96600.0,2026-08-20,20.235,102200.0,2026-08-21,,,,,,,,,,,,,,,,,,,,,,,,,,,,,,,,,,,,,2026-08-21,20.235,1.176,22.706,-1.647,,,,,,,
017670,SK텔레콤,2026-08-11,2026-08-11,REJECTED,35,TREND_BROKEN_OR_NOT_UPTREND,상승추세 안의 단기 조정 + 전저점 유지 | 상승 평행채널 유효(커버리지 100%) | 최근 추세 하단(싼 구간) 접촉 | 현재도 채널 하단권,중기 상승 구조 미확인,86000.0,False,18.56,True,1.0,0.1621,True,81021.0526,96378.9474,98300.0,111736.8421,78590.4211,12.07,29.93,False,False,False,7.27,False,False,False,,False,False,,2026-08-01,2026-08-21,86000.0,7,0,2.093,87800.0,2026-08-12,5.93,91100.0,2026-08-13,16.86,100500.0,2026-08-14,16.047,99800.0,2026-08-18,13.953,98000.0,2026-08-19,12.326,96600.0,2026-08-20,18.837,102200.0,2026-08-21,,,,,,,,,,,,,,,,,,,,,,,,,,,,,,,,,,,,,,,,2026-08-21,18.837,2.093,21.279,0.581,,,,,,,
017670,SK텔레콤,2026-08-12,2026-08-12,REJECTED,35,TREND_BROKEN_OR_NOT_UPTREND,상승추세 안의 단기 조정 + 전저점 유지 | 상승 평행채널 유효(커버리지 100%) | 최근 추세 하단(싼 구간) 접촉 | 현재도 채널 하단권,중기 상승 구조 미확인,87800.0,False,16.86,True,1.0,0.2025,True,81578.9474,96936.8421,98300.0,112294.7368,79131.5789,10.41,27.9,False,False,False,7.13,False,True,False,,False,False,,2026-08-01,2026-08-21,87800.0,6,0,3.759,91100.0,2026-08-13,14.465,100500.0,2026-08-14,13.667,99800.0,2026-08-18,11.617,98000.0,2026-08-19,10.023,96600.0,2026-08-20,16.401,102200.0,2026-08-21,,,,,,,,,,,,,,,,,,,,,,,,,,,,,,,,,,,,,,,,,,,2026-08-21,16.401,3.759,18.793,2.278,,,,,,,
017670,SK텔레콤,2026-08-13,2026-08-13,REJECTED,35,TREND_BROKEN_OR_NOT_UPTREND,상승추세 안의 단기 조정 + 전저점 유지 | 상승 평행채널 유효(커버리지 100%) | 최근 추세 하단(싼 구간) 접촉 | 현재도 채널 하단권,중기 상승 구조 미확인,91100.0,False,13.73,True,1.0,0.2918,True,82136.8421,97494.7368,98300.0,112852.6316,79672.7368,7.02,23.88,False,False,False,6.7,False,True,False,,False,False,,2026-08-01,2026-08-21,91100.0,5,0,10.318,100500.0,2026-08-14,9.55,99800.0,2026-08-18,7.574,98000.0,2026-08-19,6.037,96600.0,2026-08-20,12.184,102200.0,2026-08-21,,,,,,,,,,,,,,,,,,,,,,,,,,,,,,,,,,,,,,,,,,,,,,2026-08-21,12.184,6.037,14.49,0.988,,,,,,,
017670,SK텔레콤,2026-08-14,2026-08-14,REJECTED,53,TREND_BROKEN_OR_NOT_UPTREND,상승추세 안의 단기 조정 + 전저점 유지 | 상승 평행채널 유효(커버리지 100%) | 최근 추세 하단(싼 구간) 접촉 | 추세 하단 부근 쌍바닥/Higher-Low 형태 | 이동평균선 밀집 | 이동평균선 재돌파 | 재상승 후 5일선 지지,중기 상승 구조 미확인,100500.0,False,4.83,True,1.0,0.5797,True,82694.7368,98052.6316,98300.0,113410.5263,81092.0,-2.44,12.85,True,False,True,4.86,True,True,False,,False,False,,2026-08-01,2026-08-21,100500.0,4,0,-0.697,99800.0,2026-08-18,-2.488,98000.0,2026-08-19,-3.881,96600.0,2026-08-20,1.692,102200.0,2026-08-21,,,,,,,,,,,,,,,,,,,,,,,,,,,,,,,,,,,,,,,,,,,,,,,,,2026-08-21,1.692,-3.881,3.781,-8.458,,,,,,,
017670,SK텔레콤,2026-08-18,2026-08-18,REJECTED,53,TREND_BROKEN_OR_NOT_UPTREND,상승추세 안의 단기 조정 + 전저점 유지 | 상승 평행채널 유효(커버리지 100%) | 최근 추세 하단(싼 구간) 접촉 | 추세 하단 부근 쌍바닥/Higher-Low 형태 | 이동평균선 밀집 | 이동평균선 재돌파 | 재상승 후 5일선 지지,중기 상승 구조 미확인,99800.0,False,5.49,True,1.0,0.5387,True,83252.6316,98610.5263,98300.0,113968.4211,81092.0,-1.19,14.2,True,False,True,4.16,True,True,False,,False,False,,2026-08-01,2026-08-21,99800.0,3,0,-1.804,98000.0,2026-08-19,-3.206,96600.0,2026-08-20,2.405,102200.0,2026-08-21,,,,,,,,,,,,,,,,,,,,,,,,,,,,,,,,,,,,,,,,,,,,,,,,,,,,2026-08-21,2.405,-3.206,4.008,-7.816,,,,,,,
017670,SK텔레콤,2026-08-19,2026-08-19,REJECTED,51,TREND_BROKEN_OR_NOT_UPTREND,상승추세 안의 단기 조정 + 전저점 유지 | 상승 평행채널 유효(커버리지 100%) | 최근 추세 하단(싼 구간) 접촉 | 추세 하단 부근 쌍바닥/Higher-Low 형태 | 이동평균선 밀집 | 이동평균선 재돌파,중기 상승 구조 미확인,98000.0,False,7.2,True,1.0,0.462,True,83810.5263,99168.4211,98300.0,114526.3158,81296.2105,1.19,16.86,True,False,True,5.26,True,False,False,,False,False,,2026-08-01,2026-08-21,98000.0,2,0,-1.429,96600.0,2026-08-20,4.286,102200.0,2026-08-21,,,,,,,,,,,,,,,,,,,,,,,,,,,,,,,,,,,,,,,,,,,,,,,,,,,,,,,2026-08-21,4.286,-1.429,5.918,-3.265,,,,,,,
017670,SK텔레콤,2026-08-20,2026-08-20,REJECTED,35,TREND_BROKEN_OR_NOT_UPTREND,상승추세 안의 단기 조정 + 전저점 유지 | 상승 평행채널 유효(커버리지 100%) | 최근 추세 하단(싼 구간) 접촉 | 추세 하단 부근 쌍바닥/Higher-Low 형태,중기 상승 구조 미확인,96600.0,False,8.52,True,1.0,0.3982,True,84368.4211,99726.3158,98300.0,115084.2105,81837.3684,3.24,19.13,True,False,False,7.02,False,True,False,,False,False,,2026-08-01,2026-08-21,96600.0,1,0,5.797,102200.0,2026-08-21,,,,,,,,,,,,,,,,,,,,,,,,,,,,,,,,,,,,,,,,,,,,,,,,,,,,,,,,,,2026-08-21,5.797,5.797,7.453,-1.863,,,,,,,
017670,SK텔레콤,2026-08-21,2026-08-21,WATCH,63,LOWER_CHANNEL_WATCH,중기 Higher High + Higher Low | 상승추세 안의 단기 조정 + 전저점 유지 | 상승 평행채널 유효(커버리지 100%) | 최근 추세 하단(싼 구간) 접촉 | 추세 하단 부근 쌍바닥/Higher-Low 형태 | 이동평균선 재돌파,,102200.0,True,3.22,True,1.0,0.5624,True,84926.3158,100284.2105,104300.0,115642.1053,82378.5263,-1.87,13.15,True,False,False,8.68,True,False,False,,False,False,,2026-08-01,2026-08-21,102200.0,0,0,,,,,,,,,,,,,,,,,,,,,,,,,,,,,,,,,,,,,,,,,,,,,,,,,,,,,,,,,,,,,,,,,,,,,,,,
011200,HMM,2026-08-03,2026-08-03,REJECTED,58,TREND_BROKEN_OR_NOT_UPTREND,상승추세 안의 단기 조정 + 전저점 유지 | 상승 평행채널 유효(커버리지 100%) | 최근 추세 하단(싼 구간) 접촉 | 현재도 채널 하단권 | 추세 하단 부근 쌍바닥/Higher-Low 형태 | 이동평균선 밀집 | 이동평균선 재돌파 | 재상승 후 5일선 지지,중기 상승 구조 미확인,20750.0,False,6.11,True,1.0,0.1483,True,20011.7647,22500.0,22100.0,24988.2353,19411.4118,8.43,20.43,True,False,True,3.08,True,True,False,,False,False,,2026-08-01,2026-08-21,20750.0,13,0,2.169,21200.0,2026-08-04,1.687,21100.0,2026-08-05,3.133,21400.0,2026-08-06,5.06,21800.0,2026-08-07,3.373,21450.0,2026-08-10,4.337,21650.0,2026-08-11,2.892,21350.0,2026-08-12,1.446,21050.0,2026-08-13,2.41,21250.0,2026-08-14,9.157,22650.0,2026-08-18,4.578,21700.0,2026-08-19,2.169,21200.0,2026-08-20,4.096,21600.0,2026-08-21,,,,,,,,,,,,,,,,,,,,,,2026-08-21,9.157,1.446,12.771,-1.446,,,,,,,
011200,HMM,2026-08-04,2026-08-04,REJECTED,58,TREND_BROKEN_OR_NOT_UPTREND,상승추세 안의 단기 조정 + 전저점 유지 | 상승 평행채널 유효(커버리지 100%) | 최근 추세 하단(싼 구간) 접촉 | 현재도 채널 하단권 | 추세 하단 부근 쌍바닥/Higher-Low 형태 | 이동평균선 밀집 | 이동평균선 재돌파 | 재상승 후 5일선 지지,중기 상승 구조 미확인,21200.0,False,4.07,True,1.0,0.2275,True,20067.6471,22555.8824,22100.0,25044.1176,19465.6176,6.4,18.13,True,False,True,4.13,True,True,False,,False,False,,2026-08-01,2026-08-21,21200.0,12,0,-0.472,21100.0,2026-08-05,0.943,21400.0,2026-08-06,2.83,21800.0,2026-08-07,1.179,21450.0,2026-08-10,2.123,21650.0,2026-08-11,0.708,21350.0,2026-08-12,-0.708,21050.0,2026-08-13,0.236,21250.0,2026-08-14,6.84,22650.0,2026-08-18,2.358,21700.0,2026-08-19,0.0,21200.0,2026-08-20,1.887,21600.0,2026-08-21,,,,,,,,,,,,,,,,,,,,,,,,,2026-08-21,6.84,-0.708,10.377,-2.594,,,,,,,
011200,HMM,2026-08-05,2026-08-05,REJECTED,58,TREND_BROKEN_OR_NOT_UPTREND,상승추세 안의 단기 조정 + 전저점 유지 | 상승 평행채널 유효(커버리지 100%) | 최근 추세 하단(싼 구간) 접촉 | 현재도 채널 하단권 | 추세 하단 부근 쌍바닥/Higher-Low 형태 | 이동평균선 밀집 | 이동평균선 재돌파 | 재상승 후 5일선 지지,중기 상승 구조 미확인,21100.0,False,4.52,True,1.0,0.1962,True,20123.5294,22611.7647,22100.0,25100.0,19519.8235,7.16,18.96,True,False,True,4.92,True,True,False,,False,False,,2026-08-01,2026-08-21,21100.0,11,0,1.422,21400.0,2026-08-06,3.318,21800.0,2026-08-07,1.659,21450.0,2026-08-10,2.607,21650.0,2026-08-11,1.185,21350.0,2026-08-12,-0.237,21050.0,2026-08-13,0.711,21250.0,2026-08-14,7.346,22650.0,2026-08-18,2.844,21700.0,2026-08-19,0.474,21200.0,2026-08-20,2.37,21600.0,2026-08-21,,,,,,,,,,,,,,,,,,,,,,,,,,,,2026-08-21,7.346,-0.237,10.9,-2.133,,,,,,,
011200,HMM,2026-08-06,2026-08-06,REJECTED,58,TREND_BROKEN_OR_NOT_UPTREND,상승추세 안의 단기 조정 + 전저점 유지 | 상승 평행채널 유효(커버리지 100%) | 최근 추세 하단(싼 구간) 접촉 | 현재도 채널 하단권 | 추세 하단 부근 쌍바닥/Higher-Low 형태 | 이동평균선 밀집 | 이동평균선 재돌파 | 재상승 후 5일선 지지,중기 상승 구조 미확인,21400.0,False,3.17,True,1.0,0.2453,True,20179.4118,22667.6471,22100.0,25155.8824,19574.0294,5.92,17.55,True,False,True,5.44,True,True,False,,False,False,,2026-08-01,2026-08-21,21400.0,10,0,1.869,21800.0,2026-08-07,0.234,21450.0,2026-08-10,1.168,21650.0,2026-08-11,-0.234,21350.0,2026-08-12,-1.636,21050.0,2026-08-13,-0.701,21250.0,2026-08-14,5.841,22650.0,2026-08-18,1.402,21700.0,2026-08-19,-0.935,21200.0,2026-08-20,0.935,21600.0,2026-08-21,,,,,,,,,,,,,,,,,,,,,,,,,,,,,,,2026-08-21,5.841,-1.636,9.346,-3.505,,,,,,,
011200,HMM,2026-08-07,2026-08-07,REJECTED,48,TREND_BROKEN_OR_NOT_UPTREND,상승 평행채널 유효(커버리지 100%) | 최근 추세 하단(싼 구간) 접촉 | 현재도 채널 하단권 | 추세 하단 부근 쌍바닥/Higher-Low 형태 | 이동평균선 밀집 | 이동평균선 재돌파 | 재상승 후 5일선 지지,중기 상승 구조 미확인,21800.0,False,1.36,True,1.0,0.3144,True,20235.2941,22723.5294,22100.0,25211.7647,19628.2353,4.24,15.65,True,False,True,5.97,True,True,False,,False,False,,2026-08-01,2026-08-21,21800.0,9,0,-1.606,21450.0,2026-08-10,-0.688,21650.0,2026-08-11,-2.064,21350.0,2026-08-12,-3.44,21050.0,2026-08-13,-2.523,21250.0,2026-08-14,3.899,22650.0,2026-08-18,-0.459,21700.0,2026-08-19,-2.752,21200.0,2026-08-20,-0.917,21600.0,2026-08-21,,,,,,,,,,,,,,,,,,,,,,,,,,,,,,,,,,2026-08-21,3.899,-3.44,7.339,-5.275,,,,,,,
011200,HMM,2026-08-10,2026-08-10,REJECTED,30,TREND_BROKEN_OR_NOT_UPTREND,상승 평행채널 유효(커버리지 100%) | 최근 추세 하단(싼 구간) 접촉 | 현재도 채널 하단권 | 추세 하단 부근 쌍바닥/Higher-Low 형태,중기 상승 구조 미확인,21450.0,False,2.94,True,1.0,0.2329,True,20291.1765,22779.4118,22100.0,25267.6471,19682.4412,6.2,17.8,True,False,False,6.6,False,True,False,,False,False,,2026-08-01,2026-08-21,21450.0,8,0,0.932,21650.0,2026-08-11,-0.466,21350.0,2026-08-12,-1.865,21050.0,2026-08-13,-0.932,21250.0,2026-08-14,5.594,22650.0,2026-08-18,1.166,21700.0,2026-08-19,-1.166,21200.0,2026-08-20,0.699,21600.0,2026-08-21,,,,,,,,,,,,,,,,,,,,,,,,,,,,,,,,,,,,,2026-08-21,5.594,-1.865,9.091,-3.73,,,,,,,
011200,HMM,2026-08-11,2026-08-11,REJECTED,30,TREND_BROKEN_OR_NOT_UPTREND,상승 평행채널 유효(커버리지 100%) | 최근 추세 하단(싼 구간) 접촉 | 현재도 채널 하단권 | 추세 하단 부근 쌍바닥/Higher-Low 형태,중기 상승 구조 미확인,21650.0,False,2.04,True,1.0,0.2618,True,20347.0588,22835.2941,22100.0,25323.5294,19736.6471,5.47,16.97,True,False,False,6.83,False,True,False,,False,False,,2026-08-01,2026-08-21,21650.0,7,0,-1.386,21350.0,2026-08-12,-2.771,21050.0,2026-08-13,-1.848,21250.0,2026-08-14,4.619,22650.0,2026-08-18,0.231,21700.0,2026-08-19,-2.079,21200.0,2026-08-20,-0.231,21600.0,2026-08-21,,,,,,,,,,,,,,,,,,,,,,,,,,,,,,,,,,,,,,,,2026-08-21,4.619,-2.771,8.083,-4.619,,,,,,,
011200,HMM,2026-08-12,2026-08-12,REJECTED,40,TREND_BROKEN_OR_NOT_UPTREND,상승추세 안의 단기 조정 + 전저점 유지 | 상승 평행채널 유효(커버리지 100%) | 최근 추세 하단(싼 구간) 접촉 | 현재도 채널 하단권 | 추세 하단 부근 쌍바닥/Higher-Low 형태,중기 상승 구조 미확인,21350.0,False,3.39,True,1.0,0.1903,True,20402.9412,22891.1765,22100.0,25379.4118,19790.8529,7.22,18.87,True,False,False,7.05,False,True,False,,False,False,,2026-08-01,2026-08-21,21350.0,6,0,-1.405,21050.0,2026-08-13,-0.468,21250.0,2026-08-14,6.089,22650.0,2026-08-18,1.639,21700.0,2026-08-19,-0.703,21200.0,2026-08-20,1.171,21600.0,2026-08-21,,,,,,,,,,,,,,,,,,,,,,,,,,,,,,,,,,,,,,,,,,,2026-08-21,6.089,-1.405,9.602,-3.279,,,,,,,
011200,HMM,2026-08-13,2026-08-13,REJECTED,40,TREND_BROKEN_OR_NOT_UPTREND,상승추세 안의 단기 조정 + 전저점 유지 | 상승 평행채널 유효(커버리지 100%) | 최근 추세 하단(싼 구간) 접촉 | 현재도 채널 하단권 | 추세 하단 부근 쌍바닥/Higher-Low 형태,중기 상승 구조 미확인,21050.0,False,4.75,True,1.0,0.1188,True,20458.8235,22947.0588,22100.0,25435.2941,19845.0588,9.01,20.83,True,False,False,6.73,False,False,False,,False,False,,2026-08-01,2026-08-21,21050.0,5,0,0.95,21250.0,2026-08-14,7.601,22650.0,2026-08-18,3.088,21700.0,2026-08-19,0.713,21200.0,2026-08-20,2.613,21600.0,2026-08-21,,,,,,,,,,,,,,,,,,,,,,,,,,,,,,,,,,,,,,,,,,,,,,2026-08-21,7.601,0.713,11.164,-1.9,,,,,,,
011200,HMM,2026-08-14,2026-08-14,REJECTED,48,TREND_BROKEN_OR_NOT_UPTREND,상승추세 안의 단기 조정 + 전저점 유지 | 상승 평행채널 유효(커버리지 100%) | 최근 추세 하단(싼 구간) 접촉 | 현재도 채널 하단권 | 추세 하단 부근 쌍바닥/Higher-Low 형태 | 이동평균선 밀집,중기 상승 구조 미확인,21250.0,False,3.85,True,1.0,0.1478,True,20514.7059,23002.9412,22100.0,25491.1765,19899.2647,8.25,19.96,True,False,True,6.04,False,False,False,,False,False,,2026-08-01,2026-08-21,21250.0,4,0,6.588,22650.0,2026-08-18,2.118,21700.0,2026-08-19,-0.235,21200.0,2026-08-20,1.647,21600.0,2026-08-21,,,,,,,,,,,,,,,,,,,,,,,,,,,,,,,,,,,,,,,,,,,,,,,,,2026-08-21,6.588,-0.235,10.118,-1.882,,,,,,,
011200,HMM,2026-08-18,2026-08-18,REJECTED,50,TREND_BROKEN_OR_NOT_UPTREND,상승추세 안의 단기 조정 + 전저점 유지 | 상승 평행채널 유효(커버리지 100%) | 최근 추세 하단(싼 구간) 접촉 | 추세 하단 부근 쌍바닥/Higher-Low 형태 | 쌍바닥 넥라인 돌파 확인 | 이동평균선 재돌파 | 재상승 후 5일선 지지,중기 상승 구조 미확인,22650.0,False,3.21,True,1.0,0.4178,True,20570.5882,23058.8235,22100.0,25547.0588,19953.4706,1.8,12.79,True,True,False,6.5,True,True,False,,False,False,,2026-08-01,2026-08-21,22650.0,3,0,-4.194,21700.0,2026-08-19,-6.402,21200.0,2026-08-20,-4.636,21600.0,2026-08-21,,,,,,,,,,,,,,,,,,,,,,,,,,,,,,,,,,,,,,,,,,,,,,,,,,,,2026-08-21,-4.194,-6.402,-2.649,-7.947,,,,,,,
011200,HMM,2026-08-19,2026-08-19,REJECTED,50,TREND_BROKEN_OR_NOT_UPTREND,상승추세 안의 단기 조정 + 전저점 유지 | 상승 평행채널 유효(커버리지 100%) | 최근 추세 하단(싼 구간) 접촉 | 현재도 채널 하단권 | 추세 하단 부근 쌍바닥/Higher-Low 형태 | 이동평균선 재돌파 | 재상승 후 5일선 지지,중기 상승 구조 미확인,21700.0,False,7.26,True,1.0,0.2157,True,20626.4706,23114.7059,22100.0,25602.9412,20007.6765,6.52,17.99,True,False,False,6.72,True,True,False,,False,False,,2026-08-01,2026-08-21,21700.0,2,0,-2.304,21200.0,2026-08-20,-0.461,21600.0,2026-08-21,,,,,,,,,,,,,,,,,,,,,,,,,,,,,,,,,,,,,,,,,,,,,,,,,,,,,,,2026-08-21,-0.461,-2.304,1.152,-3.917,,,,,,,
011200,HMM,2026-08-20,2026-08-20,REJECTED,40,TREND_BROKEN_OR_NOT_UPTREND,상승추세 안의 단기 조정 + 전저점 유지 | 상승 평행채널 유효(커버리지 100%) | 최근 추세 하단(싼 구간) 접촉 | 현재도 채널 하단권 | 추세 하단 부근 쌍바닥/Higher-Low 형태,중기 상승 구조 미확인,21200.0,False,9.4,True,1.0,0.104,True,20682.3529,23170.5882,22100.0,25658.8235,20061.8824,9.3,21.03,True,False,False,6.68,False,True,False,,False,False,,2026-08-01,2026-08-21,21200.0,1,0,1.887,21600.0,2026-08-21,,,,,,,,,,,,,,,,,,,,,,,,,,,,,,,,,,,,,,,,,,,,,,,,,,,,,,,,,,2026-08-21,1.887,1.887,2.594,-1.651,,,,,,,
011200,HMM,2026-08-21,2026-08-21,REJECTED,77,TREND_BROKEN_OR_NOT_UPTREND,중기 Higher High + Higher Low | 상승추세 안의 단기 조정 + 전저점 유지 | 상승 평행채널 유효(커버리지 100%) | 최근 추세 하단(싼 구간) 접촉 | 현재도 채널 하단권 | 추세 하단 부근 쌍바닥/Higher-Low 형태 | 추세 바닥권 거래량 급증 양봉 | 거래량 기준봉 저가 지지 | 기준봉 지지 후 재상승 전환,,21600.0,True,7.69,True,1.0,-0.0416,True,21903.3333,25551.6667,23400.0,29200.0,21246.2333,18.29,35.19,True,False,False,6.96,False,False,True,2026-08-18,True,False,4.27,2026-08-01,2026-08-21,21600.0,0,0,,,,,,,,,,,,,,,,,,,,,,,,,,,,,,,,,,,,,,,,,,,,,,,,,,,,,,,,,,,,,,,,,,,,,,,,
079550,LIG디펜스앤에어로스페이스,2026-08-03,2026-08-03,REJECTED,0,NO_RISING_CHANNEL,,영상 방식의 상승 평행채널을 안정적으로 구성하지 못함,,,,,,,,,,,,,,,,,,,,,,,,,,2026-08-01,2026-08-21,699000.0,13,0,14.592,801000.0,2026-08-04,14.163,798000.0,2026-08-05,0.429,702000.0,2026-08-06,6.009,741000.0,2026-08-07,17.74,823000.0,2026-08-10,8.727,760000.0,2026-08-11,12.732,788000.0,2026-08-12,19.742,837000.0,2026-08-13,16.595,815000.0,2026-08-14,13.734,795000.0,2026-08-18,13.877,796000.0,2026-08-19,12.589,787000.0,2026-08-20,-0.572,695000.0,2026-08-21,,,,,,,,,,,,,,,,,,,,,,2026-08-21,19.742,-0.572,20.029,-5.866,,,,,,,
079550,LIG디펜스앤에어로스페이스,2026-08-04,2026-08-04,REJECTED,0,NO_RISING_CHANNEL,,영상 방식의 상승 평행채널을 안정적으로 구성하지 못함,,,,,,,,,,,,,,,,,,,,,,,,,,2026-08-01,2026-08-21,801000.0,12,0,-0.375,798000.0,2026-08-05,-12.36,702000.0,2026-08-06,-7.491,741000.0,2026-08-07,2.747,823000.0,2026-08-10,-5.119,760000.0,2026-08-11,-1.623,788000.0,2026-08-12,4.494,837000.0,2026-08-13,1.748,815000.0,2026-08-14,-0.749,795000.0,2026-08-18,-0.624,796000.0,2026-08-19,-1.748,787000.0,2026-08-20,-13.233,695000.0,2026-08-21,,,,,,,,,,,,,,,,,,,,,,,,,2026-08-21,4.494,-13.233,4.744,-17.853,,,,,,,
079550,LIG디펜스앤에어로스페이스,2026-08-05,2026-08-05,REJECTED,0,NO_RISING_CHANNEL,,영상 방식의 상승 평행채널을 안정적으로 구성하지 못함,,,,,,,,,,,,,,,,,,,,,,,,,,2026-08-01,2026-08-21,798000.0,11,0,-12.03,702000.0,2026-08-06,-7.143,741000.0,2026-08-07,3.133,823000.0,2026-08-10,-4.762,760000.0,2026-08-11,-1.253,788000.0,2026-08-12,4.887,837000.0,2026-08-13,2.13,815000.0,2026-08-14,-0.376,795000.0,2026-08-18,-0.251,796000.0,2026-08-19,-1.378,787000.0,2026-08-20,-12.907,695000.0,2026-08-21,,,,,,,,,,,,,,,,,,,,,,,,,,,,2026-08-21,4.887,-12.907,5.138,-17.544,,,,,,,
079550,LIG디펜스앤에어로스페이스,2026-08-06,2026-08-06,REJECTED,0,NO_RISING_CHANNEL,,영상 방식의 상승 평행채널을 안정적으로 구성하지 못함,,,,,,,,,,,,,,,,,,,,,,,,,,2026-08-01,2026-08-21,702000.0,10,0,5.556,741000.0,2026-08-07,17.236,823000.0,2026-08-10,8.262,760000.0,2026-08-11,12.251,788000.0,2026-08-12,19.231,837000.0,2026-08-13,16.097,815000.0,2026-08-14,13.248,795000.0,2026-08-18,13.39,796000.0,2026-08-19,12.108,787000.0,2026-08-20,-0.997,695000.0,2026-08-21,,,,,,,,,,,,,,,,,,,,,,,,,,,,,,,2026-08-21,19.231,-0.997,19.516,-3.276,,,,,,,
079550,LIG디펜스앤에어로스페이스,2026-08-07,2026-08-07,REJECTED,0,NO_RISING_CHANNEL,,영상 방식의 상승 평행채널을 안정적으로 구성하지 못함,,,,,,,,,,,,,,,,,,,,,,,,,,2026-08-01,2026-08-21,741000.0,9,0,11.066,823000.0,2026-08-10,2.564,760000.0,2026-08-11,6.343,788000.0,2026-08-12,12.955,837000.0,2026-08-13,9.987,815000.0,2026-08-14,7.287,795000.0,2026-08-18,7.422,796000.0,2026-08-19,6.208,787000.0,2026-08-20,-6.208,695000.0,2026-08-21,,,,,,,,,,,,,,,,,,,,,,,,,,,,,,,,,,2026-08-21,12.955,-6.208,13.225,-8.367,,,,,,,
079550,LIG디펜스앤에어로스페이스,2026-08-10,2026-08-10,REJECTED,0,NO_RISING_CHANNEL,,영상 방식의 상승 평행채널을 안정적으로 구성하지 못함,,,,,,,,,,,,,,,,,,,,,,,,,,2026-08-01,2026-08-21,823000.0,8,0,-7.655,760000.0,2026-08-11,-4.253,788000.0,2026-08-12,1.701,837000.0,2026-08-13,-0.972,815000.0,2026-08-14,-3.402,795000.0,2026-08-18,-3.281,796000.0,2026-08-19,-4.374,787000.0,2026-08-20,-15.553,695000.0,2026-08-21,,,,,,,,,,,,,,,,,,,,,,,,,,,,,,,,,,,,,2026-08-21,1.701,-15.553,1.701,-17.497,,,,,,,
079550,LIG디펜스앤에어로스페이스,2026-08-11,2026-08-11,REJECTED,0,NO_RISING_CHANNEL,,영상 방식의 상승 평행채널을 안정적으로 구성하지 못함,,,,,,,,,,,,,,,,,,,,,,,,,,2026-08-01,2026-08-21,760000.0,7,0,3.684,788000.0,2026-08-12,10.132,837000.0,2026-08-13,7.237,815000.0,2026-08-14,4.605,795000.0,2026-08-18,4.737,796000.0,2026-08-19,3.553,787000.0,2026-08-20,-8.553,695000.0,2026-08-21,,,,,,,,,,,,,,,,,,,,,,,,,,,,,,,,,,,,,,,,2026-08-21,10.132,-8.553,10.132,-10.658,,,,,,,
079550,LIG디펜스앤에어로스페이스,2026-08-12,2026-08-12,REJECTED,0,NO_RISING_CHANNEL,,영상 방식의 상승 평행채널을 안정적으로 구성하지 못함,,,,,,,,,,,,,,,,,,,,,,,,,,2026-08-01,2026-08-21,788000.0,6,0,6.218,837000.0,2026-08-13,3.426,815000.0,2026-08-14,0.888,795000.0,2026-08-18,1.015,796000.0,2026-08-19,-0.127,787000.0,2026-08-20,-11.802,695000.0,2026-08-21,,,,,,,,,,,,,,,,,,,,,,,,,,,,,,,,,,,,,,,,,,,2026-08-21,6.218,-11.802,6.218,-13.832,,,,,,,
079550,LIG디펜스앤에어로스페이스,2026-08-13,2026-08-13,REJECTED,30,TREND_BROKEN_OR_NOT_UPTREND,상승 평행채널 유효(커버리지 100%) | 최근 추세 하단(싼 구간) 접촉 | 이동평균선 재돌파 | 재상승 후 5일선 지지,중기 상승 구조 미확인,837000.0,False,0.24,True,1.0,0.9407,True,615000.0,733000.0,839000.0,851000.0,596550.0,-12.43,1.67,False,False,False,7.25,True,True,False,,False,False,,2026-08-01,2026-08-21,837000.0,5,0,-2.628,815000.0,2026-08-14,-5.018,795000.0,2026-08-18,-4.898,796000.0,2026-08-19,-5.974,787000.0,2026-08-20,-16.965,695000.0,2026-08-21,,,,,,,,,,,,,,,,,,,,,,,,,,,,,,,,,,,,,,,,,,,,,,2026-08-21,-2.628,-16.965,-1.075,-18.877,,,,,,,
079550,LIG디펜스앤에어로스페이스,2026-08-14,2026-08-14,REJECTED,30,TREND_BROKEN_OR_NOT_UPTREND,상승 평행채널 유효(커버리지 100%) | 최근 추세 하단(싼 구간) 접촉 | 이동평균선 재돌파 | 재상승 후 5일선 지지,중기 상승 구조 미확인,815000.0,False,2.86,True,1.0,0.8305,True,619000.0,737000.0,839000.0,855000.0,600430.0,-9.57,4.91,False,False,False,8.85,True,True,False,,False,False,,2026-08-01,2026-08-21,815000.0,4,0,-2.454,795000.0,2026-08-18,-2.331,796000.0,2026-08-19,-3.436,787000.0,2026-08-20,-14.724,695000.0,2026-08-21,,,,,,,,,,,,,,,,,,,,,,,,,,,,,,,,,,,,,,,,,,,,,,,,,2026-08-21,-2.331,-14.724,1.35,-16.687,,,,,,,
079550,LIG디펜스앤에어로스페이스,2026-08-18,2026-08-18,REJECTED,30,TREND_BROKEN_OR_NOT_UPTREND,상승추세 안의 단기 조정 + 전저점 유지 | 상승 평행채널 유효(커버리지 100%) | 최근 추세 하단(싼 구간) 접촉,중기 상승 구조 미확인,795000.0,False,5.24,True,1.0,0.7288,True,623000.0,741000.0,839000.0,859000.0,604310.0,-6.79,8.05,False,False,False,7.74,False,True,False,,False,False,,2026-08-01,2026-08-21,795000.0,3,0,0.126,796000.0,2026-08-19,-1.006,787000.0,2026-08-20,-12.579,695000.0,2026-08-21,,,,,,,,,,,,,,,,,,,,,,,,,,,,,,,,,,,,,,,,,,,,,,,,,,,,2026-08-21,0.126,-12.579,3.522,-14.591,,,,,,,
079550,LIG디펜스앤에어로스페이스,2026-08-19,2026-08-19,REJECTED,30,TREND_BROKEN_OR_NOT_UPTREND,상승추세 안의 단기 조정 + 전저점 유지 | 상승 평행채널 유효(커버리지 100%) | 최근 추세 하단(싼 구간) 접촉,중기 상승 구조 미확인,796000.0,False,5.13,True,1.0,0.7161,True,627000.0,745000.0,839000.0,863000.0,608190.0,-6.41,8.42,False,False,False,7.86,False,False,False,,False,False,,2026-08-01,2026-08-21,796000.0,2,0,-1.131,787000.0,2026-08-20,-12.688,695000.0,2026-08-21,,,,,,,,,,,,,,,,,,,,,,,,,,,,,,,,,,,,,,,,,,,,,,,,,,,,,,,2026-08-21,-1.131,-12.688,1.256,-14.698,,,,,,,
079550,LIG디펜스앤에어로스페이스,2026-08-20,2026-08-20,REJECTED,30,TREND_BROKEN_OR_NOT_UPTREND,상승추세 안의 단기 조정 + 전저점 유지 | 상승 평행채널 유효(커버리지 100%) | 최근 추세 하단(싼 구간) 접촉,중기 상승 구조 미확인,787000.0,False,6.2,True,1.0,0.661,True,631000.0,749000.0,839000.0,867000.0,612070.0,-4.83,10.17,False,False,False,7.16,False,False,False,,False,False,,2026-08-01,2026-08-21,787000.0,1,0,-11.69,695000.0,2026-08-21,,,,,,,,,,,,,,,,,,,,,,,,,,,,,,,,,,,,,,,,,,,,,,,,,,,,,,,,,,2026-08-21,-11.69,-11.69,-1.144,-13.723,,,,,,,
079550,LIG디펜스앤에어로스페이스,2026-08-21,2026-08-21,REJECTED,43,TREND_BROKEN_OR_NOT_UPTREND,상승추세 안의 단기 조정 + 전저점 유지 | 상승 평행채널 유효(커버리지 100%) | 최근 추세 하단(싼 구간) 접촉 | 현재도 채널 하단권 | 이동평균선 밀집,중기 상승 구조 미확인,695000.0,False,17.16,True,1.0,0.2542,True,635000.0,753000.0,839000.0,871000.0,615950.0,8.35,25.32,False,False,True,4.32,False,False,False,,False,False,,2026-08-01,2026-08-21,695000.0,0,0,,,,,,,,,,,,,,,,,,,,,,,,,,,,,,,,,,,,,,,,,,,,,,,,,,,,,,,,,,,,,,,,,,,,,,,,
033780,KT&G,2026-08-03,2026-08-03,WATCH,68,LOWER_CHANNEL_WATCH,중기 Higher High + Higher Low | 상승추세 안의 단기 조정 + 전저점 유지 | 상승 평행채널 유효(커버리지 100%) | 최근 추세 하단(싼 구간) 접촉 | 현재도 채널 하단권 | 추세 하단 부근 쌍바닥/Higher-Low 형태 | 이동평균선 밀집,,175600.0,True,8.3,True,1.0,0.1226,True,171812.5,187262.5,191500.0,202712.5,166658.125,6.64,15.44,True,False,True,1.35,False,False,False,,False,False,,2026-08-01,2026-08-21,175600.0,13,0,0.0,175600.0,2026-08-04,0.228,176000.0,2026-08-05,4.043,182700.0,2026-08-06,7.517,188800.0,2026-08-07,5.752,185700.0,2026-08-10,2.449,179900.0,2026-08-11,1.025,177400.0,2026-08-12,-1.025,173800.0,2026-08-13,0.228,176000.0,2026-08-14,0.569,176600.0,2026-08-18,-0.057,175500.0,2026-08-19,-2.107,171900.0,2026-08-20,-1.879,172300.0,2026-08-21,,,,,,,,,,,,,,,,,,,,,,2026-08-21,7.517,-2.107,7.631,-3.474,,1.0,0.0,0.0,1.0,STOP,2026-08-21
033780,KT&G,2026-08-04,2026-08-04,WATCH,68,LOWER_CHANNEL_WATCH,중기 Higher High + Higher Low | 상승추세 안의 단기 조정 + 전저점 유지 | 상승 평행채널 유효(커버리지 100%) | 최근 추세 하단(싼 구간) 접촉 | 현재도 채널 하단권 | 추세 하단 부근 쌍바닥/Higher-Low 형태 | 이동평균선 밀집,,175600.0,True,8.3,True,1.0,0.1125,True,172125.0,187575.0,191500.0,203025.0,166961.25,6.82,15.62,True,False,True,0.57,False,False,False,,False,False,,2026-08-01,2026-08-21,175600.0,12,0,0.228,176000.0,2026-08-05,4.043,182700.0,2026-08-06,7.517,188800.0,2026-08-07,5.752,185700.0,2026-08-10,2.449,179900.0,2026-08-11,1.025,177400.0,2026-08-12,-1.025,173800.0,2026-08-13,0.228,176000.0,2026-08-14,0.569,176600.0,2026-08-18,-0.057,175500.0,2026-08-19,-2.107,171900.0,2026-08-20,-1.879,172300.0,2026-08-21,,,,,,,,,,,,,,,,,,,,,,,,,2026-08-21,7.517,-2.107,7.631,-3.474,,1.0,0.0,0.0,1.0,STOP,2026-08-21
033780,KT&G,2026-08-05,2026-08-05,WATCH,68,LOWER_CHANNEL_WATCH,중기 Higher High + Higher Low | 상승추세 안의 단기 조정 + 전저점 유지 | 상승 평행채널 유효(커버리지 100%) | 최근 추세 하단(싼 구간) 접촉 | 현재도 채널 하단권 | 추세 하단 부근 쌍바닥/Higher-Low 형태 | 이동평균선 밀집,,176000.0,True,8.09,True,1.0,0.1153,True,172437.5,187887.5,191500.0,203337.5,167264.375,6.75,15.53,True,False,True,0.38,False,False,False,,False,False,,2026-08-01,2026-08-21,176000.0,11,0,3.807,182700.0,2026-08-06,7.273,188800.0,2026-08-07,5.511,185700.0,2026-08-10,2.216,179900.0,2026-08-11,0.795,177400.0,2026-08-12,-1.25,173800.0,2026-08-13,0.0,176000.0,2026-08-14,0.341,176600.0,2026-08-18,-0.284,175500.0,2026-08-19,-2.33,171900.0,2026-08-20,-2.102,172300.0,2026-08-21,,,,,,,,,,,,,,,,,,,,,,,,,,,,2026-08-21,7.273,-2.33,7.386,-3.693,,1.0,0.0,0.0,1.0,STOP,2026-08-21
033780,KT&G,2026-08-06,2026-08-06,CONFIRMED,78,LOWER_CHANNEL_CONFIRMED_REVERSAL,중기 Higher High + Higher Low | 상승추세 안의 단기 조정 + 전저점 유지 | 상승 평행채널 유효(커버리지 100%) | 최근 추세 하단(싼 구간) 접촉 | 현재도 채널 하단권 | 추세 하단 부근 쌍바닥/Higher-Low 형태 | 이동평균선 밀집 | 이동평균선 재돌파 | 재상승 후 5일선 지지,,182700.0,True,4.6,True,1.0,0.322,True,172750.0,188200.0,191500.0,203650.0,167567.5,3.01,11.47,True,False,True,0.7,True,True,False,,False,False,,2026-08-01,2026-08-21,182700.0,10,0,3.339,188800.0,2026-08-07,1.642,185700.0,2026-08-10,-1.533,179900.0,2026-08-11,-2.901,177400.0,2026-08-12,-4.871,173800.0,2026-08-13,-3.667,176000.0,2026-08-14,-3.339,176600.0,2026-08-18,-3.941,175500.0,2026-08-19,-5.911,171900.0,2026-08-20,-5.692,172300.0,2026-08-21,,,,,,,,,,,,,,,,,,,,,,,,,,,,,,,2026-08-21,3.339,-5.911,3.448,-7.225,,1.0,0.0,0.0,1.0,STOP,2026-08-21
033780,KT&G,2026-08-07,2026-08-07,WATCH,66,LOWER_CHANNEL_WATCH,중기 Higher High + Higher Low | 상승 평행채널 유효(커버리지 100%) | 최근 추세 하단(싼 구간) 접촉 | 추세 하단 부근 쌍바닥/Higher-Low 형태 | 쌍바닥 넥라인 돌파 확인 | 이동평균선 밀집 | 이동평균선 재돌파,,188800.0,True,1.41,True,1.0,0.5093,True,173062.5,188512.5,191500.0,203962.5,167870.625,-0.15,8.03,True,True,True,0.44,True,False,False,,False,False,,2026-08-01,2026-08-21,188800.0,9,0,-1.642,185700.0,2026-08-10,-4.714,179900.0,2026-08-11,-6.038,177400.0,2026-08-12,-7.945,173800.0,2026-08-13,-6.78,176000.0,2026-08-14,-6.462,176600.0,2026-08-18,-7.044,175500.0,2026-08-19,-8.951,171900.0,2026-08-20,-8.739,172300.0,2026-08-21,,,,,,,,,,,,,,,,,,,,,,,,,,,,,,,,,,2026-08-21,-1.642,-8.951,0.0,-10.222,,,0.0,0.0,1.0,STOP,2026-08-21
033780,KT&G,2026-08-10,2026-08-10,WATCH,73,LOWER_CHANNEL_WATCH,중기 Higher High + Higher Low | 상승추세 안의 단기 조정 + 전저점 유지 | 상승 평행채널 유효(커버리지 100%) | 최근 추세 하단(싼 구간) 접촉 | 추세 하단 부근 쌍바닥/Higher-Low 형태 | 이동평균선 밀집 | 이동평균선 재돌파 | 재상승 후 5일선 지지,,185700.0,True,3.03,True,1.0,0.3989,True,173375.0,188825.0,191500.0,204275.0,168173.75,1.68,10.0,True,False,True,1.31,True,True,False,,False,False,,2026-08-01,2026-08-21,185700.0,8,0,-3.123,179900.0,2026-08-11,-4.47,177400.0,2026-08-12,-6.408,173800.0,2026-08-13,-5.223,176000.0,2026-08-14,-4.9,176600.0,2026-08-18,-5.493,175500.0,2026-08-19,-7.431,171900.0,2026-08-20,-7.216,172300.0,2026-08-21,,,,,,,,,,,,,,,,,,,,,,,,,,,,,,,,,,,,,2026-08-21,-3.123,-7.431,0.054,-8.724,,0.0,0.0,0.0,1.0,STOP,2026-08-21
033780,KT&G,2026-08-11,2026-08-11,WATCH,68,LOWER_CHANNEL_WATCH,중기 Higher High + Higher Low | 상승추세 안의 단기 조정 + 전저점 유지 | 상승 평행채널 유효(커버리지 100%) | 최근 추세 하단(싼 구간) 접촉 | 현재도 채널 하단권 | 추세 하단 부근 쌍바닥/Higher-Low 형태 | 이동평균선 밀집,,179900.0,True,6.06,True,1.0,0.2011,True,173687.5,189137.5,191500.0,204587.5,168476.875,5.13,13.72,True,False,True,1.92,False,True,False,,False,False,,2026-08-01,2026-08-21,179900.0,7,0,-1.39,177400.0,2026-08-12,-3.391,173800.0,2026-08-13,-2.168,176000.0,2026-08-14,-1.834,176600.0,2026-08-18,-2.446,175500.0,2026-08-19,-4.447,171900.0,2026-08-20,-4.225,172300.0,2026-08-21,,,,,,,,,,,,,,,,,,,,,,,,,,,,,,,,,,,,,,,,2026-08-21,-1.39,-4.447,2.168,-5.781,,0.0,0.0,0.0,1.0,STOP,2026-08-21
033780,KT&G,2026-08-12,2026-08-12,REJECTED,48,TREND_BROKEN_OR_NOT_UPTREND,상승추세 안의 단기 조정 + 전저점 유지 | 상승 평행채널 유효(커버리지 92%) | 최근 추세 하단(싼 구간) 접촉 | 현재도 채널 하단권 | 추세 하단 부근 쌍바닥/Higher-Low 형태 | 이동평균선 밀집,중기 상승 구조 미확인,177400.0,False,7.36,True,0.9184,0.2233,True,173226.3158,182573.6842,189000.0,191921.0526,168029.5263,2.92,8.19,True,False,True,2.13,False,False,False,,False,False,,2026-08-01,2026-08-21,177400.0,6,0,-2.029,173800.0,2026-08-13,-0.789,176000.0,2026-08-14,-0.451,176600.0,2026-08-18,-1.071,175500.0,2026-08-19,-3.1,171900.0,2026-08-20,-2.875,172300.0,2026-08-21,,,,,,,,,,,,,,,,,,,,,,,,,,,,,,,,,,,,,,,,,,,2026-08-21,-0.451,-3.1,1.127,-4.453,,,,,,,
033780,KT&G,2026-08-13,2026-08-13,REJECTED,48,TREND_BROKEN_OR_NOT_UPTREND,상승추세 안의 단기 조정 + 전저점 유지 | 상승 평행채널 유효(커버리지 92%) | 최근 추세 하단(싼 구간) 접촉 | 현재도 채널 하단권 | 추세 하단 부근 쌍바닥/Higher-Low 형태 | 이동평균선 밀집,중기 상승 구조 미확인,173800.0,False,9.24,True,0.92,0.0284,True,173268.4211,182615.7895,189000.0,191963.1579,168070.3684,5.07,10.45,True,False,True,1.19,False,False,False,,False,False,,2026-08-01,2026-08-21,173800.0,5,0,1.266,176000.0,2026-08-14,1.611,176600.0,2026-08-18,0.978,175500.0,2026-08-19,-1.093,171900.0,2026-08-20,-0.863,172300.0,2026-08-21,,,,,,,,,,,,,,,,,,,,,,,,,,,,,,,,,,,,,,,,,,,,,,2026-08-21,1.611,-1.093,2.071,-2.474,,,,,,,
033780,KT&G,2026-08-14,2026-08-14,REJECTED,48,TREND_BROKEN_OR_NOT_UPTREND,상승추세 안의 단기 조정 + 전저점 유지 | 상승 평행채널 유효(커버리지 92%) | 최근 추세 하단(싼 구간) 접촉 | 현재도 채널 하단권 | 추세 하단 부근 쌍바닥/Higher-Low 형태 | 이동평균선 밀집,중기 상승 구조 미확인,176000.0,False,8.09,True,0.9216,0.1439,True,173310.5263,182657.8947,189000.0,192005.2632,168111.2105,3.78,9.09,True,False,True,0.81,False,False,False,,False,False,,2026-08-01,2026-08-21,176000.0,4,0,0.341,176600.0,2026-08-18,-0.284,175500.0,2026-08-19,-2.33,171900.0,2026-08-20,-2.102,172300.0,2026-08-21,,,,,,,,,,,,,,,,,,,,,,,,,,,,,,,,,,,,,,,,,,,,,,,,,2026-08-21,0.341,-2.33,0.341,-3.693,,,,,,,
033780,KT&G,2026-08-18,2026-08-18,REJECTED,48,TREND_BROKEN_OR_NOT_UPTREND,상승추세 안의 단기 조정 + 전저점 유지 | 상승 평행채널 유효(커버리지 92%) | 최근 추세 하단(싼 구간) 접촉 | 현재도 채널 하단권 | 추세 하단 부근 쌍바닥/Higher-Low 형태 | 이동평균선 밀집,중기 상승 구조 미확인,176600.0,False,7.78,True,0.9231,0.1737,True,173352.6316,182700.0,189000.0,192047.3684,168152.0526,3.45,8.75,True,False,True,1.76,False,False,False,,False,False,,2026-08-01,2026-08-21,176600.0,3,0,-0.623,175500.0,2026-08-19,-2.661,171900.0,2026-08-20,-2.435,172300.0,2026-08-21,,,,,,,,,,,,,,,,,,,,,,,,,,,,,,,,,,,,,,,,,,,,,,,,,,,,2026-08-21,-0.623,-2.661,-0.51,-4.02,,,,,,,
033780,KT&G,2026-08-19,2026-08-19,REJECTED,48,TREND_BROKEN_OR_NOT_UPTREND,상승추세 안의 단기 조정 + 전저점 유지 | 상승 평행채널 유효(커버리지 92%) | 최근 추세 하단(싼 구간) 접촉 | 현재도 채널 하단권 | 추세 하단 부근 쌍바닥/Higher-Low 형태 | 이동평균선 밀집,중기 상승 구조 미확인,175500.0,False,8.36,True,0.9245,0.1126,True,173394.7368,182742.1053,189000.0,192089.4737,168192.8947,4.13,9.45,True,False,True,2.19,False,True,False,,False,False,,2026-08-01,2026-08-21,175500.0,2,0,-2.051,171900.0,2026-08-20,-1.823,172300.0,2026-08-21,,,,,,,,,,,,,,,,,,,,,,,,,,,,,,,,,,,,,,,,,,,,,,,,,,,,,,,2026-08-21,-1.823,-2.051,-0.855,-3.419,,,,,,,
033780,KT&G,2026-08-20,2026-08-20,REJECTED,48,TREND_BROKEN_OR_NOT_UPTREND,상승추세 안의 단기 조정 + 전저점 유지 | 상승 평행채널 유효(커버리지 91%) | 최근 추세 하단(싼 구간) 접촉 | 현재도 채널 하단권 | 추세 하단 부근 쌍바닥/Higher-Low 형태 | 이동평균선 밀집,중기 상승 구조 미확인,171900.0,False,10.23,True,0.9074,-0.0822,True,173436.8421,182784.2105,189000.0,192131.5789,168233.7368,6.33,11.77,True,False,True,2.74,False,True,False,,False,False,,2026-08-01,2026-08-21,171900.0,1,0,0.233,172300.0,2026-08-21,,,,,,,,,,,,,,,,,,,,,,,,,,,,,,,,,,,,,,,,,,,,,,,,,,,,,,,,,,2026-08-21,0.233,0.233,0.64,-1.396,,,,,,,
033780,KT&G,2026-08-21,2026-08-21,REJECTED,48,TREND_BROKEN_OR_NOT_UPTREND,상승추세 안의 단기 조정 + 전저점 유지 | 상승 평행채널 유효(커버리지 91%) | 최근 추세 하단(싼 구간) 접촉 | 현재도 채널 하단권 | 추세 하단 부근 쌍바닥/Higher-Low 형태 | 이동평균선 밀집,중기 상승 구조 미확인,172300.0,False,10.03,True,0.9091,-0.0631,True,173478.9474,182826.3158,189000.0,192173.6842,168274.5789,6.11,11.53,True,False,True,2.7,False,False,False,,False,False,,2026-08-01,2026-08-21,172300.0,0,0,,,,,,,,,,,,,,,,,,,,,,,,,,,,,,,,,,,,,,,,,,,,,,,,,,,,,,,,,,,,,,,,,,,,,,,,
267250,HD현대,2026-08-03,2026-08-03,REJECTED,40,TREND_BROKEN_OR_NOT_UPTREND,상승추세 안의 단기 조정 + 전저점 유지 | 상승 평행채널 유효(커버리지 91%) | 최근 추세 하단(싼 구간) 접촉 | 현재도 채널 하단권 | 추세 하단 부근 쌍바닥/Higher-Low 형태,중기 상승 구조 미확인,198600.0,False,14.76,True,0.9091,-0.0756,True,201564.2857,221157.1429,233000.0,240750.0,195517.3571,11.36,21.22,True,False,False,21.0,False,True,False,,False,False,,2026-08-01,2026-08-21,198600.0,13,0,4.985,208500.0,2026-08-04,10.272,219000.0,2026-08-05,10.272,219000.0,2026-08-06,13.293,225000.0,2026-08-07,13.797,226000.0,2026-08-10,13.041,224500.0,2026-08-11,16.062,230500.0,2026-08-12,15.307,229000.0,2026-08-13,18.58,235500.0,2026-08-14,18.077,234500.0,2026-08-18,14.804,228000.0,2026-08-19,11.531,221500.0,2026-08-20,7.251,213000.0,2026-08-21,,,,,,,,,,,,,,,,,,,,,,2026-08-21,18.58,4.985,21.349,-1.511,,,,,,,
267250,HD현대,2026-08-04,2026-08-04,REJECTED,40,TREND_BROKEN_OR_NOT_UPTREND,상승추세 안의 단기 조정 + 전저점 유지 | 상승 평행채널 유효(커버리지 91%) | 최근 추세 하단(싼 구간) 접촉 | 현재도 채널 하단권 | 추세 하단 부근 쌍바닥/Higher-Low 형태,중기 상승 구조 미확인,208500.0,False,10.52,True,0.913,0.1487,True,202671.4286,222264.2857,233000.0,241857.1429,196591.2857,6.6,16.0,True,False,False,18.02,False,True,False,,False,False,,2026-08-01,2026-08-21,208500.0,12,0,5.036,219000.0,2026-08-05,5.036,219000.0,2026-08-06,7.914,225000.0,2026-08-07,8.393,226000.0,2026-08-10,7.674,224500.0,2026-08-11,10.552,230500.0,2026-08-12,9.832,229000.0,2026-08-13,12.95,235500.0,2026-08-14,12.47,234500.0,2026-08-18,9.353,228000.0,2026-08-19,6.235,221500.0,2026-08-20,2.158,213000.0,2026-08-21,,,,,,,,,,,,,,,,,,,,,,,,,2026-08-21,12.95,2.158,15.588,0.48,,,,,,,
267250,HD현대,2026-08-05,2026-08-05,REJECTED,40,TREND_BROKEN_OR_NOT_UPTREND,상승추세 안의 단기 조정 + 전저점 유지 | 상승 평행채널 유효(커버리지 92%) | 최근 추세 하단(싼 구간) 접촉 | 추세 하단 부근 쌍바닥/Higher-Low 형태 | 쌍바닥 넥라인 돌파 확인,중기 상승 구조 미확인,219000.0,False,6.01,True,0.9167,0.3884,True,203778.5714,223371.4286,233000.0,242964.2857,197665.2143,2.0,10.94,True,True,False,14.42,False,True,False,,False,False,,2026-08-01,2026-08-21,219000.0,11,0,0.0,219000.0,2026-08-06,2.74,225000.0,2026-08-07,3.196,226000.0,2026-08-10,2.511,224500.0,2026-08-11,5.251,230500.0,2026-08-12,4.566,229000.0,2026-08-13,7.534,235500.0,2026-08-14,7.078,234500.0,2026-08-18,4.11,228000.0,2026-08-19,1.142,221500.0,2026-08-20,-2.74,213000.0,2026-08-21,,,,,,,,,,,,,,,,,,,,,,,,,,,,2026-08-21,7.534,-2.74,10.046,-3.196,,,,,,,
267250,HD현대,2026-08-06,2026-08-06,REJECTED,40,TREND_BROKEN_OR_NOT_UPTREND,상승추세 안의 단기 조정 + 전저점 유지 | 상승 평행채널 유효(커버리지 92%) | 최근 추세 하단(싼 구간) 접촉 | 추세 하단 부근 쌍바닥/Higher-Low 형태 | 쌍바닥 넥라인 돌파 확인,중기 상승 구조 미확인,219000.0,False,6.01,True,0.92,0.3602,True,204885.7143,224478.5714,233000.0,244071.4286,198739.1429,2.5,11.45,True,True,False,13.28,False,True,False,,False,False,,2026-08-01,2026-08-21,219000.0,10,0,2.74,225000.0,2026-08-07,3.196,226000.0,2026-08-10,2.511,224500.0,2026-08-11,5.251,230500.0,2026-08-12,4.566,229000.0,2026-08-13,7.534,235500.0,2026-08-14,7.078,234500.0,2026-08-18,4.11,228000.0,2026-08-19,1.142,221500.0,2026-08-20,-2.74,213000.0,2026-08-21,,,,,,,,,,,,,,,,,,,,,,,,,,,,,,,2026-08-21,7.534,-2.74,10.046,-3.196,,,,,,,
267250,HD현대,2026-08-07,2026-08-07,REJECTED,40,TREND_BROKEN_OR_NOT_UPTREND,상승추세 안의 단기 조정 + 전저점 유지 | 상승 평행채널 유효(커버리지 92%) | 최근 추세 하단(싼 구간) 접촉 | 추세 하단 부근 쌍바닥/Higher-Low 형태 | 쌍바닥 넥라인 돌파 확인,중기 상승 구조 미확인,225000.0,False,3.43,True,0.9231,0.4851,True,205992.8571,225585.7143,233000.0,245178.5714,199813.0714,0.26,8.97,True,True,False,11.67,False,True,False,,False,False,,2026-08-01,2026-08-21,225000.0,9,0,0.444,226000.0,2026-08-10,-0.222,224500.0,2026-08-11,2.444,230500.0,2026-08-12,1.778,229000.0,2026-08-13,4.667,235500.0,2026-08-14,4.222,234500.0,2026-08-18,1.333,228000.0,2026-08-19,-1.556,221500.0,2026-08-20,-5.333,213000.0,2026-08-21,,,,,,,,,,,,,,,,,,,,,,,,,,,,,,,,,,2026-08-21,4.667,-5.333,7.111,-5.778,,,,,,,
267250,HD현대,2026-08-10,2026-08-10,REJECTED,40,TREND_BROKEN_OR_NOT_UPTREND,상승추세 안의 단기 조정 + 전저점 유지 | 상승 평행채널 유효(커버리지 93%) | 최근 추세 하단(싼 구간) 접촉 | 추세 하단 부근 쌍바닥/Higher-Low 형태 | 쌍바닥 넥라인 돌파 확인,중기 상승 구조 미확인,226000.0,False,3.0,True,0.9259,0.4823,True,207100.0,226692.8571,233000.0,246285.7143,200887.0,0.31,8.98,True,True,False,10.5,False,True,False,,False,False,,2026-08-01,2026-08-21,226000.0,8,0,-0.664,224500.0,2026-08-11,1.991,230500.0,2026-08-12,1.327,229000.0,2026-08-13,4.204,235500.0,2026-08-14,3.761,234500.0,2026-08-18,0.885,228000.0,2026-08-19,-1.991,221500.0,2026-08-20,-5.752,213000.0,2026-08-21,,,,,,,,,,,,,,,,,,,,,,,,,,,,,,,,,,,,,2026-08-21,4.204,-5.752,6.637,-6.195,,,,,,,
267250,HD현대,2026-08-11,2026-08-11,REJECTED,40,TREND_BROKEN_OR_NOT_UPTREND,상승추세 안의 단기 조정 + 전저점 유지 | 상승 평행채널 유효(커버리지 93%) | 최근 추세 하단(싼 구간) 접촉 | 추세 하단 부근 쌍바닥/Higher-Low 형태 | 쌍바닥 넥라인 돌파 확인,중기 상승 구조 미확인,224500.0,False,3.85,True,0.9286,0.4158,True,208207.1429,227800.0,233000.0,247392.8571,201960.9286,1.47,10.2,True,True,False,9.57,False,True,False,,False,False,,2026-08-01,2026-08-21,224500.0,7,0,2.673,230500.0,2026-08-12,2.004,229000.0,2026-08-13,4.9,235500.0,2026-08-14,4.454,234500.0,2026-08-18,1.559,228000.0,2026-08-19,-1.336,221500.0,2026-08-20,-5.122,213000.0,2026-08-21,,,,,,,,,,,,,,,,,,,,,,,,,,,,,,,,,,,,,,,,2026-08-21,4.9,-5.122,7.35,-5.568,,,,,,,
267250,HD현대,2026-08-12,2026-08-12,REJECTED,40,TREND_BROKEN_OR_NOT_UPTREND,상승 평행채널 유효(커버리지 93%) | 최근 추세 하단(싼 구간) 접촉 | 추세 하단 부근 쌍바닥/Higher-Low 형태 | 쌍바닥 넥라인 돌파 확인 | 이동평균선 재돌파 | 재상승 후 5일선 지지,중기 상승 구조 미확인,230500.0,False,1.28,True,0.931,0.5406,True,209314.2857,228907.1429,233000.0,248500.0,203034.8571,-0.69,7.81,True,True,False,8.17,True,True,False,,False,False,,2026-08-01,2026-08-21,230500.0,6,0,-0.651,229000.0,2026-08-13,2.169,235500.0,2026-08-14,1.735,234500.0,2026-08-18,-1.085,228000.0,2026-08-19,-3.905,221500.0,2026-08-20,-7.592,213000.0,2026-08-21,,,,,,,,,,,,,,,,,,,,,,,,,,,,,,,,,,,,,,,,,,,2026-08-21,2.169,-7.592,4.555,-8.026,,,,,,,
267250,HD현대,2026-08-13,2026-08-13,REJECTED,40,TREND_BROKEN_OR_NOT_UPTREND,상승 평행채널 유효(커버리지 93%) | 최근 추세 하단(싼 구간) 접촉 | 추세 하단 부근 쌍바닥/Higher-Low 형태 | 쌍바닥 넥라인 돌파 확인 | 이동평균선 재돌파 | 재상승 후 5일선 지지,중기 상승 구조 미확인,229000.0,False,2.35,True,0.9333,0.4741,True,210421.4286,230014.2857,233000.0,249607.1429,204108.7857,0.44,9.0,True,True,False,7.31,True,True,False,,False,False,,2026-08-01,2026-08-21,229000.0,5,0,2.838,235500.0,2026-08-14,2.402,234500.0,2026-08-18,-0.437,228000.0,2026-08-19,-3.275,221500.0,2026-08-20,-6.987,213000.0,2026-08-21,,,,,,,,,,,,,,,,,,,,,,,,,,,,,,,,,,,,,,,,,,,,,,2026-08-21,2.838,-6.987,5.24,-7.424,,,,,,,
267250,HD현대,2026-08-14,2026-08-14,REJECTED,40,TREND_BROKEN_OR_NOT_UPTREND,상승 평행채널 유효(커버리지 94%) | 최근 추세 하단(싼 구간) 접촉 | 추세 하단 부근 쌍바닥/Higher-Low 형태 | 쌍바닥 넥라인 돌파 확인 | 이동평균선 재돌파 | 재상승 후 5일선 지지,중기 상승 구조 미확인,235500.0,False,1.67,True,0.9355,0.6117,True,211528.5714,231121.4286,233000.0,250714.2857,205182.7143,-1.86,6.46,True,True,False,6.76,True,True,False,,False,False,,2026-08-01,2026-08-21,235500.0,4,0,-0.425,234500.0,2026-08-18,-3.185,228000.0,2026-08-19,-5.945,221500.0,2026-08-20,-9.554,213000.0,2026-08-21,,,,,,,,,,,,,,,,,,,,,,,,,,,,,,,,,,,,,,,,,,,,,,,,,2026-08-21,-0.425,-9.554,2.335,-9.979,,,,,,,
267250,HD현대,2026-08-18,2026-08-18,REJECTED,40,TREND_BROKEN_OR_NOT_UPTREND,상승 평행채널 유효(커버리지 94%) | 최근 추세 하단(싼 구간) 접촉 | 추세 하단 부근 쌍바닥/Higher-Low 형태 | 쌍바닥 넥라인 돌파 확인 | 이동평균선 재돌파 | 재상승 후 5일선 지지,중기 상승 구조 미확인,234500.0,False,2.7,True,0.9375,0.558,True,212635.7143,232228.5714,233000.0,251821.4286,206256.6429,-0.97,7.39,True,True,False,6.73,True,True,False,,False,False,,2026-08-01,2026-08-21,234500.0,3,0,-2.772,228000.0,2026-08-19,-5.544,221500.0,2026-08-20,-9.168,213000.0,2026-08-21,,,,,,,,,,,,,,,,,,,,,,,,,,,,,,,,,,,,,,,,,,,,,,,,,,,,2026-08-21,-2.772,-9.168,-0.746,-9.595,,,,,,,
267250,HD현대,2026-08-19,2026-08-19,REJECTED,40,TREND_BROKEN_OR_NOT_UPTREND,상승추세 안의 단기 조정 + 전저점 유지 | 상승 평행채널 유효(커버리지 94%) | 최근 추세 하단(싼 구간) 접촉 | 추세 하단 부근 쌍바닥/Higher-Low 형태 | 쌍바닥 넥라인 돌파 확인,중기 상승 구조 미확인,228000.0,False,5.39,True,0.9394,0.3638,True,213742.8571,233335.7143,233000.0,252928.5714,207330.5714,2.34,10.93,True,True,False,6.57,False,False,False,,False,False,,2026-08-01,2026-08-21,228000.0,2,0,-2.851,221500.0,2026-08-20,-6.579,213000.0,2026-08-21,,,,,,,,,,,,,,,,,,,,,,,,,,,,,,,,,,,,,,,,,,,,,,,,,,,,,,,2026-08-21,-2.851,-6.579,0.0,-7.018,,,,,,,
267250,HD현대,2026-08-20,2026-08-20,REJECTED,53,TREND_BROKEN_OR_NOT_UPTREND,상승추세 안의 단기 조정 + 전저점 유지 | 상승 평행채널 유효(커버리지 94%) | 최근 추세 하단(싼 구간) 접촉 | 현재도 채널 하단권 | 추세 하단 부근 쌍바닥/Higher-Low 형태 | 쌍바닥 넥라인 돌파 확인 | 이동평균선 밀집,중기 상승 구조 미확인,221500.0,False,8.09,True,0.9412,0.1697,True,214850.0,234442.8571,233000.0,254035.7143,208404.5,5.84,14.69,True,True,True,5.74,False,False,False,,False,False,,2026-08-01,2026-08-21,221500.0,1,0,-3.837,213000.0,2026-08-21,,,,,,,,,,,,,,,,,,,,,,,,,,,,,,,,,,,,,,,,,,,,,,,,,,,,,,,,,,2026-08-21,-3.837,-3.837,0.677,-4.289,,,,,,,
267250,HD현대,2026-08-21,2026-08-21,REJECTED,53,TREND_BROKEN_OR_NOT_UPTREND,상승추세 안의 단기 조정 + 전저점 유지 | 상승 평행채널 유효(커버리지 94%) | 최근 추세 하단(싼 구간) 접촉 | 현재도 채널 하단권 | 추세 하단 부근 쌍바닥/Higher-Low 형태 | 쌍바닥 넥라인 돌파 확인 | 이동평균선 밀집,중기 상승 구조 미확인,213000.0,False,11.62,True,0.9429,0.1658,True,206983.871,225129.0323,241000.0,243274.1935,200774.3548,5.69,14.21,True,True,True,4.9,False,False,False,,False,False,,2026-08-01,2026-08-21,213000.0,0,0,,,,,,,,,,,,,,,,,,,,,,,,,,,,,,,,,,,,,,,,,,,,,,,,,,,,,,,,,,,,,,,,,,,,,,,,
307950,현대오토에버,2026-08-03,2026-08-03,REJECTED,0,NO_RISING_CHANNEL,,영상 방식의 상승 평행채널을 안정적으로 구성하지 못함,,,,,,,,,,,,,,,,,,,,,,,,,,2026-08-01,2026-08-21,382500.0,13,0,3.007,394000.0,2026-08-04,8.366,414500.0,2026-08-05,9.02,417000.0,2026-08-06,7.712,412000.0,2026-08-07,12.81,431500.0,2026-08-10,13.072,432500.0,2026-08-11,13.203,433000.0,2026-08-12,17.386,449000.0,2026-08-13,27.974,489500.0,2026-08-14,17.908,451000.0,2026-08-18,14.118,436500.0,2026-08-19,20.131,459500.0,2026-08-20,17.124,448000.0,2026-08-21,,,,,,,,,,,,,,,,,,,,,,2026-08-21,27.974,3.007,32.81,-2.876,,,,,,,
307950,현대오토에버,2026-08-04,2026-08-04,REJECTED,0,NO_RISING_CHANNEL,,영상 방식의 상승 평행채널을 안정적으로 구성하지 못함,,,,,,,,,,,,,,,,,,,,,,,,,,2026-08-01,2026-08-21,394000.0,12,0,5.203,414500.0,2026-08-05,5.838,417000.0,2026-08-06,4.569,412000.0,2026-08-07,9.518,431500.0,2026-08-10,9.772,432500.0,2026-08-11,9.898,433000.0,2026-08-12,13.959,449000.0,2026-08-13,24.239,489500.0,2026-08-14,14.467,451000.0,2026-08-18,10.787,436500.0,2026-08-19,16.624,459500.0,2026-08-20,13.706,448000.0,2026-08-21,,,,,,,,,,,,,,,,,,,,,,,,,2026-08-21,24.239,4.569,28.934,0.635,,,,,,,
307950,현대오토에버,2026-08-05,2026-08-05,REJECTED,0,NO_RISING_CHANNEL,,영상 방식의 상승 평행채널을 안정적으로 구성하지 못함,,,,,,,,,,,,,,,,,,,,,,,,,,2026-08-01,2026-08-21,414500.0,11,0,0.603,417000.0,2026-08-06,-0.603,412000.0,2026-08-07,4.101,431500.0,2026-08-10,4.343,432500.0,2026-08-11,4.463,433000.0,2026-08-12,8.323,449000.0,2026-08-13,18.094,489500.0,2026-08-14,8.806,451000.0,2026-08-18,5.308,436500.0,2026-08-19,10.856,459500.0,2026-08-20,8.082,448000.0,2026-08-21,,,,,,,,,,,,,,,,,,,,,,,,,,,,2026-08-21,18.094,-0.603,22.557,-4.343,,,,,,,
307950,현대오토에버,2026-08-06,2026-08-06,REJECTED,0,NO_RISING_CHANNEL,,영상 방식의 상승 평행채널을 안정적으로 구성하지 못함,,,,,,,,,,,,,,,,,,,,,,,,,,2026-08-01,2026-08-21,417000.0,10,0,-1.199,412000.0,2026-08-07,3.477,431500.0,2026-08-10,3.717,432500.0,2026-08-11,3.837,433000.0,2026-08-12,7.674,449000.0,2026-08-13,17.386,489500.0,2026-08-14,8.153,451000.0,2026-08-18,4.676,436500.0,2026-08-19,10.192,459500.0,2026-08-20,7.434,448000.0,2026-08-21,,,,,,,,,,,,,,,,,,,,,,,,,,,,,,,2026-08-21,17.386,-1.199,21.823,-4.916,,,,,,,
307950,현대오토에버,2026-08-07,2026-08-07,REJECTED,0,NO_RISING_CHANNEL,,영상 방식의 상승 평행채널을 안정적으로 구성하지 못함,,,,,,,,,,,,,,,,,,,,,,,,,,2026-08-01,2026-08-21,412000.0,9,0,4.733,431500.0,2026-08-10,4.976,432500.0,2026-08-11,5.097,433000.0,2026-08-12,8.981,449000.0,2026-08-13,18.811,489500.0,2026-08-14,9.466,451000.0,2026-08-18,5.947,436500.0,2026-08-19,11.529,459500.0,2026-08-20,8.738,448000.0,2026-08-21,,,,,,,,,,,,,,,,,,,,,,,,,,,,,,,,,,2026-08-21,18.811,4.733,23.301,0.121,,,,,,,
307950,현대오토에버,2026-08-10,2026-08-10,REJECTED,0,NO_RISING_CHANNEL,,영상 방식의 상승 평행채널을 안정적으로 구성하지 못함,,,,,,,,,,,,,,,,,,,,,,,,,,2026-08-01,2026-08-21,431500.0,8,0,0.232,432500.0,2026-08-11,0.348,433000.0,2026-08-12,4.056,449000.0,2026-08-13,13.441,489500.0,2026-08-14,4.519,451000.0,2026-08-18,1.159,436500.0,2026-08-19,6.489,459500.0,2026-08-20,3.824,448000.0,2026-08-21,,,,,,,,,,,,,,,,,,,,,,,,,,,,,,,,,,,,,2026-08-21,13.441,0.232,17.729,-3.244,,,,,,,
307950,현대오토에버,2026-08-11,2026-08-11,REJECTED,0,NO_RISING_CHANNEL,,영상 방식의 상승 평행채널을 안정적으로 구성하지 못함,,,,,,,,,,,,,,,,,,,,,,,,,,2026-08-01,2026-08-21,432500.0,7,0,0.116,433000.0,2026-08-12,3.815,449000.0,2026-08-13,13.179,489500.0,2026-08-14,4.277,451000.0,2026-08-18,0.925,436500.0,2026-08-19,6.243,459500.0,2026-08-20,3.584,448000.0,2026-08-21,,,,,,,,,,,,,,,,,,,,,,,,,,,,,,,,,,,,,,,,2026-08-21,13.179,0.116,17.457,-3.468,,,,,,,
307950,현대오토에버,2026-08-12,2026-08-12,REJECTED,0,NO_RISING_CHANNEL,,영상 방식의 상승 평행채널을 안정적으로 구성하지 못함,,,,,,,,,,,,,,,,,,,,,,,,,,2026-08-01,2026-08-21,433000.0,6,0,3.695,449000.0,2026-08-13,13.048,489500.0,2026-08-14,4.157,451000.0,2026-08-18,0.808,436500.0,2026-08-19,6.12,459500.0,2026-08-20,3.464,448000.0,2026-08-21,,,,,,,,,,,,,,,,,,,,,,,,,,,,,,,,,,,,,,,,,,,2026-08-21,13.048,0.808,17.321,-1.501,,,,,,,
307950,현대오토에버,2026-08-13,2026-08-13,REJECTED,0,NO_RISING_CHANNEL,,영상 방식의 상승 평행채널을 안정적으로 구성하지 못함,,,,,,,,,,,,,,,,,,,,,,,,,,2026-08-01,2026-08-21,449000.0,5,0,9.02,489500.0,2026-08-14,0.445,451000.0,2026-08-18,-2.784,436500.0,2026-08-19,2.339,459500.0,2026-08-20,-0.223,448000.0,2026-08-21,,,,,,,,,,,,,,,,,,,,,,,,,,,,,,,,,,,,,,,,,,,,,,2026-08-21,9.02,-2.784,13.14,-5.011,,,,,,,
307950,현대오토에버,2026-08-14,2026-08-14,REJECTED,0,NO_RISING_CHANNEL,,영상 방식의 상승 평행채널을 안정적으로 구성하지 못함,,,,,,,,,,,,,,,,,,,,,,,,,,2026-08-01,2026-08-21,489500.0,4,0,-7.865,451000.0,2026-08-18,-10.827,436500.0,2026-08-19,-6.129,459500.0,2026-08-20,-8.478,448000.0,2026-08-21,,,,,,,,,,,,,,,,,,,,,,,,,,,,,,,,,,,,,,,,,,,,,,,,,2026-08-21,-6.129,-10.827,0.817,-12.87,,,,,,,
307950,현대오토에버,2026-08-18,2026-08-18,REJECTED,0,NO_RISING_CHANNEL,,영상 방식의 상승 평행채널을 안정적으로 구성하지 못함,,,,,,,,,,,,,,,,,,,,,,,,,,2026-08-01,2026-08-21,451000.0,3,0,-3.215,436500.0,2026-08-19,1.885,459500.0,2026-08-20,-0.665,448000.0,2026-08-21,,,,,,,,,,,,,,,,,,,,,,,,,,,,,,,,,,,,,,,,,,,,,,,,,,,,2026-08-21,1.885,-3.215,2.882,-5.432,,,,,,,
307950,현대오토에버,2026-08-19,2026-08-19,REJECTED,0,NO_RISING_CHANNEL,,영상 방식의 상승 평행채널을 안정적으로 구성하지 못함,,,,,,,,,,,,,,,,,,,,,,,,,,2026-08-01,2026-08-21,436500.0,2,0,5.269,459500.0,2026-08-20,2.635,448000.0,2026-08-21,,,,,,,,,,,,,,,,,,,,,,,,,,,,,,,,,,,,,,,,,,,,,,,,,,,,,,,2026-08-21,5.269,2.635,6.3,-2.291,,,,,,,
307950,현대오토에버,2026-08-20,2026-08-20,REJECTED,30,TREND_BROKEN_OR_NOT_UPTREND,상승추세 안의 단기 조정 + 전저점 유지 | 상승 평행채널 유효(커버리지 100%) | 최근 추세 하단(싼 구간) 접촉,중기 상승 구조 미확인,459500.0,False,9.55,True,1.0,0.5978,True,368529.4118,444617.6471,508000.0,520705.8824,357473.5294,-3.24,13.32,False,False,False,28.1,False,False,False,,False,False,,2026-08-01,2026-08-21,459500.0,1,0,-2.503,448000.0,2026-08-21,,,,,,,,,,,,,,,,,,,,,,,,,,,,,,,,,,,,,,,,,,,,,,,,,,,,,,,,,,2026-08-21,-2.503,-2.503,0.109,-4.788,,,,,,,
307950,현대오토에버,2026-08-21,2026-08-21,REJECTED,30,TREND_BROKEN_OR_NOT_UPTREND,상승추세 안의 단기 조정 + 전저점 유지 | 상승 평행채널 유효(커버리지 100%) | 최근 추세 하단(싼 구간) 접촉,중기 상승 구조 미확인,448000.0,False,11.81,True,1.0,0.4944,True,372764.7059,448852.9412,508000.0,524941.1765,361581.7647,0.19,17.17,False,False,False,27.91,False,False,False,,False,False,,2026-08-01,2026-08-21,448000.0,0,0,,,,,,,,,,,,,,,,,,,,,,,,,,,,,,,,,,,,,,,,,,,,,,,,,,,,,,,,,,,,,,,,,,,,,,,,
138040,메리츠금융지주,2026-08-03,2026-08-03,WATCH,60,LOWER_CHANNEL_WATCH,중기 Higher High + Higher Low | 상승추세 안의 단기 조정 + 전저점 유지 | 상승 평행채널 유효(커버리지 92%) | 최근 추세 하단(싼 구간) 접촉 | 추세 하단 부근 쌍바닥/Higher-Low 형태 | 쌍바닥 넥라인 돌파 확인,,120300.0,True,6.02,True,0.92,0.3547,True,115018.1818,122463.6364,128000.0,129909.0909,111567.6364,1.8,7.99,True,True,False,8.37,False,True,False,,False,False,,2026-08-01,2026-08-21,120300.0,13,0,-0.665,119500.0,2026-08-04,0.083,120400.0,2026-08-05,4.489,125700.0,2026-08-06,4.988,126300.0,2026-08-07,2.66,123500.0,2026-08-10,2.909,123800.0,2026-08-11,-1.081,119000.0,2026-08-12,-1.413,118600.0,2026-08-13,-2.993,116700.0,2026-08-14,-2.577,117200.0,2026-08-18,-4.239,115200.0,2026-08-19,-4.239,115200.0,2026-08-20,-4.073,115400.0,2026-08-21,,,,,,,,,,,,,,,,,,,,,,2026-08-21,4.988,-4.239,5.403,-5.902,,1.0,0.0,0.0,1.0,STOP,2026-08-14
138040,메리츠금융지주,2026-08-04,2026-08-04,WATCH,65,LOWER_CHANNEL_WATCH,중기 Higher High + Higher Low | 상승추세 안의 단기 조정 + 전저점 유지 | 상승 평행채널 유효(커버리지 92%) | 최근 추세 하단(싼 구간) 접촉 | 현재도 채널 하단권 | 추세 하단 부근 쌍바닥/Higher-Low 형태 | 쌍바닥 넥라인 돌파 확인,,119500.0,True,6.64,True,0.9216,0.2753,True,115400.0,122845.4545,128000.0,130290.9091,111938.0,2.8,9.03,True,True,False,8.57,False,False,False,,False,False,,2026-08-01,2026-08-21,119500.0,12,0,0.753,120400.0,2026-08-05,5.188,125700.0,2026-08-06,5.69,126300.0,2026-08-07,3.347,123500.0,2026-08-10,3.598,123800.0,2026-08-11,-0.418,119000.0,2026-08-12,-0.753,118600.0,2026-08-13,-2.343,116700.0,2026-08-14,-1.925,117200.0,2026-08-18,-3.598,115200.0,2026-08-19,-3.598,115200.0,2026-08-20,-3.431,115400.0,2026-08-21,,,,,,,,,,,,,,,,,,,,,,,,,2026-08-21,5.69,-3.598,6.109,-5.272,,1.0,0.0,0.0,1.0,STOP,2026-08-14
138040,메리츠금융지주,2026-08-05,2026-08-05,WATCH,65,LOWER_CHANNEL_WATCH,중기 Higher High + Higher Low | 상승추세 안의 단기 조정 + 전저점 유지 | 상승 평행채널 유효(커버리지 92%) | 최근 추세 하단(싼 구간) 접촉 | 현재도 채널 하단권 | 추세 하단 부근 쌍바닥/Higher-Low 형태 | 쌍바닥 넥라인 돌파 확인,,120400.0,True,5.94,True,0.9231,0.3101,True,115781.8182,123227.2727,128000.0,130672.7273,112308.3636,2.35,8.53,True,True,False,8.86,False,True,False,,False,False,,2026-08-01,2026-08-21,120400.0,11,0,4.402,125700.0,2026-08-06,4.9,126300.0,2026-08-07,2.575,123500.0,2026-08-10,2.824,123800.0,2026-08-11,-1.163,119000.0,2026-08-12,-1.495,118600.0,2026-08-13,-3.073,116700.0,2026-08-14,-2.658,117200.0,2026-08-18,-4.319,115200.0,2026-08-19,-4.319,115200.0,2026-08-20,-4.153,115400.0,2026-08-21,,,,,,,,,,,,,,,,,,,,,,,,,,,,2026-08-21,4.9,-4.319,5.316,-5.98,,1.0,0.0,0.0,1.0,STOP,2026-08-14
138040,메리츠금융지주,2026-08-06,2026-08-06,WATCH,60,LOWER_CHANNEL_WATCH,중기 Higher High + Higher Low | 상승 평행채널 유효(커버리지 92%) | 최근 추세 하단(싼 구간) 접촉 | 추세 하단 부근 쌍바닥/Higher-Low 형태 | 쌍바닥 넥라인 돌파 확인 | 이동평균선 재돌파 | 재상승 후 5일선 지지,,125700.0,True,1.8,True,0.9245,0.6404,True,116163.6364,123609.0909,128000.0,131054.5455,112678.7273,-1.66,4.26,True,True,False,8.56,True,True,False,,False,False,,2026-08-01,2026-08-21,125700.0,10,0,0.477,126300.0,2026-08-07,-1.75,123500.0,2026-08-10,-1.512,123800.0,2026-08-11,-5.33,119000.0,2026-08-12,-5.648,118600.0,2026-08-13,-7.16,116700.0,2026-08-14,-6.762,117200.0,2026-08-18,-8.353,115200.0,2026-08-19,-8.353,115200.0,2026-08-20,-8.194,115400.0,2026-08-21,,,,,,,,,,,,,,,,,,,,,,,,,,,,,,,2026-08-21,0.477,-8.353,0.875,-9.944,,,0.0,0.0,1.0,STOP,2026-08-14
138040,메리츠금융지주,2026-08-07,2026-08-07,REJECTED,55,CONDITIONS_INCOMPLETE,중기 Higher High + Higher Low | 상승 평행채널 유효(커버리지 93%) | 최근 추세 하단(싼 구간) 접촉 | 추세 하단 부근 쌍바닥/Higher-Low 형태 | 이동평균선 재돌파 | 재상승 후 5일선 지지,,126300.0,True,1.33,True,0.9259,0.6551,True,116545.4545,123990.9091,128000.0,131436.3636,113296.0,-1.83,4.07,True,False,False,8.64,True,True,False,,False,False,,2026-08-01,2026-08-21,126300.0,9,0,-2.217,123500.0,2026-08-10,-1.979,123800.0,2026-08-11,-5.78,119000.0,2026-08-12,-6.097,118600.0,2026-08-13,-7.601,116700.0,2026-08-14,-7.205,117200.0,2026-08-18,-8.789,115200.0,2026-08-19,-8.789,115200.0,2026-08-20,-8.63,115400.0,2026-08-21,,,,,,,,,,,,,,,,,,,,,,,,,,,,,,,,,,2026-08-21,-1.979,-8.789,0.396,-10.372,,,,,,,
138040,메리츠금융지주,2026-08-10,2026-08-10,WATCH,65,LOWER_CHANNEL_WATCH,중기 Higher High + Higher Low | 상승추세 안의 단기 조정 + 전저점 유지 | 상승 평행채널 유효(커버리지 93%) | 최근 추세 하단(싼 구간) 접촉 | 추세 하단 부근 쌍바닥/Higher-Low 형태 | 이동평균선 재돌파 | 재상승 후 5일선 지지,,123500.0,True,3.52,True,0.9273,0.4414,True,116927.2727,124372.7273,128000.0,131818.1818,113419.4545,0.71,6.74,True,False,False,9.12,True,True,False,,False,False,,2026-08-01,2026-08-21,123500.0,8,0,0.243,123800.0,2026-08-11,-3.644,119000.0,2026-08-12,-3.968,118600.0,2026-08-13,-5.506,116700.0,2026-08-14,-5.101,117200.0,2026-08-18,-6.721,115200.0,2026-08-19,-6.721,115200.0,2026-08-20,-6.559,115400.0,2026-08-21,,,,,,,,,,,,,,,,,,,,,,,,,,,,,,,,,,,,,2026-08-21,0.243,-6.721,2.672,-8.34,,1.0,0.0,0.0,1.0,STOP,2026-08-14
138040,메리츠금융지주,2026-08-11,2026-08-11,REJECTED,55,CONDITIONS_INCOMPLETE,중기 Higher High + Higher Low | 상승추세 안의 단기 조정 + 전저점 유지 | 상승 평행채널 유효(커버리지 93%) | 최근 추세 하단(싼 구간) 접촉 | 추세 하단 부근 쌍바닥/Higher-Low 형태,,123800.0,True,3.28,True,0.9286,0.4359,True,117309.0909,124754.5455,128000.0,132200.0,113789.8182,0.77,6.79,True,False,False,9.61,False,True,False,,False,False,,2026-08-01,2026-08-21,123800.0,7,0,-3.877,119000.0,2026-08-12,-4.2,118600.0,2026-08-13,-5.735,116700.0,2026-08-14,-5.331,117200.0,2026-08-18,-6.947,115200.0,2026-08-19,-6.947,115200.0,2026-08-20,-6.785,115400.0,2026-08-21,,,,,,,,,,,,,,,,,,,,,,,,,,,,,,,,,,,,,,,,2026-08-21,-3.877,-6.947,2.1,-8.562,,,,,,,
138040,메리츠금융지주,2026-08-12,2026-08-12,WATCH,60,LOWER_CHANNEL_WATCH,중기 Higher High + Higher Low | 상승추세 안의 단기 조정 + 전저점 유지 | 상승 평행채널 유효(커버리지 93%) | 최근 추세 하단(싼 구간) 접촉 | 현재도 채널 하단권 | 추세 하단 부근 쌍바닥/Higher-Low 형태,,119000.0,True,7.03,True,0.9298,0.0879,True,117690.9091,125136.3636,128000.0,132581.8182,114160.1818,5.16,11.41,True,False,False,9.58,False,False,False,,False,False,,2026-08-01,2026-08-21,119000.0,6,0,-0.336,118600.0,2026-08-13,-1.933,116700.0,2026-08-14,-1.513,117200.0,2026-08-18,-3.193,115200.0,2026-08-19,-3.193,115200.0,2026-08-20,-3.025,115400.0,2026-08-21,,,,,,,,,,,,,,,,,,,,,,,,,,,,,,,,,,,,,,,,,,,2026-08-21,-0.336,-3.193,4.454,-4.874,,0.0,0.0,0.0,1.0,STOP,2026-08-14
138040,메리츠금융지주,2026-08-13,2026-08-13,WATCH,60,LOWER_CHANNEL_WATCH,중기 Higher High + Higher Low | 상승추세 안의 단기 조정 + 전저점 유지 | 상승 평행채널 유효(커버리지 93%) | 최근 추세 하단(싼 구간) 접촉 | 현재도 채널 하단권 | 추세 하단 부근 쌍바닥/Higher-Low 형태,,118600.0,True,7.34,True,0.931,0.0354,True,118072.7273,125518.1818,128000.0,132963.6364,114530.5455,5.83,12.11,True,False,False,8.24,False,False,False,,False,False,,2026-08-01,2026-08-21,118600.0,5,0,-1.602,116700.0,2026-08-14,-1.18,117200.0,2026-08-18,-2.867,115200.0,2026-08-19,-2.867,115200.0,2026-08-20,-2.698,115400.0,2026-08-21,,,,,,,,,,,,,,,,,,,,,,,,,,,,,,,,,,,,,,,,,,,,,,2026-08-21,-1.18,-2.867,-0.169,-4.553,,0.0,0.0,0.0,1.0,STOP,2026-08-14
138040,메리츠금융지주,2026-08-14,2026-08-14,REJECTED,40,TREND_BROKEN_OR_NOT_UPTREND,상승추세 안의 단기 조정 + 전저점 유지 | 상승 평행채널 유효(커버리지 92%) | 최근 추세 하단(싼 구간) 접촉 | 현재도 채널 하단권 | 추세 하단 부근 쌍바닥/Higher-Low 형태,중기 상승 구조 미확인,116700.0,False,8.83,True,0.9153,0.1182,True,115232.7273,121441.8182,126800.0,127650.9091,113296.0,4.06,9.38,True,False,False,6.62,False,False,False,,False,False,,2026-08-01,2026-08-21,116700.0,4,0,0.428,117200.0,2026-08-18,-1.285,115200.0,2026-08-19,-1.285,115200.0,2026-08-20,-1.114,115400.0,2026-08-21,,,,,,,,,,,,,,,,,,,,,,,,,,,,,,,,,,,,,,,,,,,,,,,,,2026-08-21,0.428,-1.285,1.457,-2.999,,,,,,,
138040,메리츠금융지주,2026-08-18,2026-08-18,REJECTED,40,TREND_BROKEN_OR_NOT_UPTREND,상승추세 안의 단기 조정 + 전저점 유지 | 상승 평행채널 유효(커버리지 92%) | 최근 추세 하단(싼 구간) 접촉 | 현재도 채널 하단권 | 추세 하단 부근 쌍바닥/Higher-Low 형태,중기 상승 구조 미확인,117200.0,False,8.44,True,0.9167,0.1356,True,115516.3636,121725.4545,126800.0,127934.5455,113296.0,3.86,9.16,True,False,False,6.52,False,False,False,,False,False,,2026-08-01,2026-08-21,117200.0,3,0,-1.706,115200.0,2026-08-19,-1.706,115200.0,2026-08-20,-1.536,115400.0,2026-08-21,,,,,,,,,,,,,,,,,,,,,,,,,,,,,,,,,,,,,,,,,,,,,,,,,,,,2026-08-21,-1.536,-1.706,0.341,-3.413,,,,,,,
138040,메리츠금융지주,2026-08-19,2026-08-19,REJECTED,30,TREND_BROKEN_OR_NOT_UPTREND,상승 평행채널 유효(커버리지 92%) | 최근 추세 하단(싼 구간) 접촉 | 현재도 채널 하단권 | 추세 하단 부근 쌍바닥/Higher-Low 형태,중기 상승 구조 미확인 | 최근 스윙 저점 이탈 위험,115200.0,False,10.0,False,0.918,-0.0483,True,115800.0,122009.0909,126800.0,128218.1818,113296.0,5.91,11.3,True,False,False,6.63,False,False,False,,False,False,,2026-08-01,2026-08-21,115200.0,2,0,0.0,115200.0,2026-08-20,0.174,115400.0,2026-08-21,,,,,,,,,,,,,,,,,,,,,,,,,,,,,,,,,,,,,,,,,,,,,,,,,,,,,,,2026-08-21,0.174,0.0,2.083,-0.608,,,,,,,
138040,메리츠금융지주,2026-08-20,2026-08-20,REJECTED,40,TREND_BROKEN_OR_NOT_UPTREND,상승추세 안의 단기 조정 + 전저점 유지 | 상승 평행채널 유효(커버리지 92%) | 최근 추세 하단(싼 구간) 접촉 | 현재도 채널 하단권 | 추세 하단 부근 쌍바닥/Higher-Low 형태,중기 상승 구조 미확인,115200.0,False,10.0,True,0.9194,-0.0712,True,116083.6364,122292.7273,126800.0,128501.8182,113296.0,6.16,11.55,True,False,False,6.58,False,True,False,,False,False,,2026-08-01,2026-08-21,115200.0,1,0,0.174,115400.0,2026-08-21,,,,,,,,,,,,,,,,,,,,,,,,,,,,,,,,,,,,,,,,,,,,,,,,,,,,,,,,,,2026-08-21,0.174,0.174,1.042,-0.608,,,,,,,
138040,메리츠금융지주,2026-08-21,2026-08-21,REJECTED,48,TREND_BROKEN_OR_NOT_UPTREND,상승추세 안의 단기 조정 + 전저점 유지 | 상승 평행채널 유효(커버리지 92%) | 최근 추세 하단(싼 구간) 접촉 | 현재도 채널 하단권 | 추세 하단 부근 쌍바닥/Higher-Low 형태 | 이동평균선 밀집,중기 상승 구조 미확인,115400.0,False,9.84,True,0.9206,-0.0779,True,116367.2727,122576.3636,126800.0,128785.4545,113296.0,6.22,11.6,True,False,True,6.39,False,True,False,,False,False,,2026-08-01,2026-08-21,115400.0,0,0,,,,,,,,,,,,,,,,,,,,,,,,,,,,,,,,,,,,,,,,,,,,,,,,,,,,,,,,,,,,,,,,,,,,,,,,
003670,포스코퓨처엠,2026-08-03,2026-08-03,REJECTED,0,NO_RISING_CHANNEL,,영상 방식의 상승 평행채널을 안정적으로 구성하지 못함,,,,,,,,,,,,,,,,,,,,,,,,,,2026-08-01,2026-08-21,136800.0,13,0,4.386,142800.0,2026-08-04,6.871,146200.0,2026-08-05,7.822,147500.0,2026-08-06,13.889,155800.0,2026-08-07,20.98,165500.0,2026-08-10,14.693,156900.0,2026-08-11,16.959,160000.0,2026-08-12,21.272,165900.0,2026-08-13,24.635,170500.0,2026-08-14,17.251,160400.0,2026-08-18,17.178,160300.0,2026-08-19,19.371,163300.0,2026-08-20,13.231,154900.0,2026-08-21,,,,,,,,,,,,,,,,,,,,,,2026-08-21,24.635,4.386,25.292,-0.365,,,,,,,
003670,포스코퓨처엠,2026-08-04,2026-08-04,REJECTED,0,NO_RISING_CHANNEL,,영상 방식의 상승 평행채널을 안정적으로 구성하지 못함,,,,,,,,,,,,,,,,,,,,,,,,,,2026-08-01,2026-08-21,142800.0,12,0,2.381,146200.0,2026-08-05,3.291,147500.0,2026-08-06,9.104,155800.0,2026-08-07,15.896,165500.0,2026-08-10,9.874,156900.0,2026-08-11,12.045,160000.0,2026-08-12,16.176,165900.0,2026-08-13,19.398,170500.0,2026-08-14,12.325,160400.0,2026-08-18,12.255,160300.0,2026-08-19,14.356,163300.0,2026-08-20,8.473,154900.0,2026-08-21,,,,,,,,,,,,,,,,,,,,,,,,,2026-08-21,19.398,2.381,20.028,0.07,,,,,,,
003670,포스코퓨처엠,2026-08-05,2026-08-05,REJECTED,0,NO_RISING_CHANNEL,,영상 방식의 상승 평행채널을 안정적으로 구성하지 못함,,,,,,,,,,,,,,,,,,,,,,,,,,2026-08-01,2026-08-21,146200.0,11,0,0.889,147500.0,2026-08-06,6.566,155800.0,2026-08-07,13.201,165500.0,2026-08-10,7.319,156900.0,2026-08-11,9.439,160000.0,2026-08-12,13.475,165900.0,2026-08-13,16.621,170500.0,2026-08-14,9.713,160400.0,2026-08-18,9.644,160300.0,2026-08-19,11.696,163300.0,2026-08-20,5.951,154900.0,2026-08-21,,,,,,,,,,,,,,,,,,,,,,,,,,,,2026-08-21,16.621,0.889,17.237,-2.257,,,,,,,
003670,포스코퓨처엠,2026-08-06,2026-08-06,REJECTED,0,NO_RISING_CHANNEL,,영상 방식의 상승 평행채널을 안정적으로 구성하지 못함,,,,,,,,,,,,,,,,,,,,,,,,,,2026-08-01,2026-08-21,147500.0,10,0,5.627,155800.0,2026-08-07,12.203,165500.0,2026-08-10,6.373,156900.0,2026-08-11,8.475,160000.0,2026-08-12,12.475,165900.0,2026-08-13,15.593,170500.0,2026-08-14,8.746,160400.0,2026-08-18,8.678,160300.0,2026-08-19,10.712,163300.0,2026-08-20,5.017,154900.0,2026-08-21,,,,,,,,,,,,,,,,,,,,,,,,,,,,,,,2026-08-21,15.593,5.017,16.203,1.831,,,,,,,
003670,포스코퓨처엠,2026-08-07,2026-08-07,REJECTED,0,NO_RISING_CHANNEL,,영상 방식의 상승 평행채널을 안정적으로 구성하지 못함,,,,,,,,,,,,,,,,,,,,,,,,,,2026-08-01,2026-08-21,155800.0,9,0,6.226,165500.0,2026-08-10,0.706,156900.0,2026-08-11,2.696,160000.0,2026-08-12,6.483,165900.0,2026-08-13,9.435,170500.0,2026-08-14,2.953,160400.0,2026-08-18,2.888,160300.0,2026-08-19,4.814,163300.0,2026-08-20,-0.578,154900.0,2026-08-21,,,,,,,,,,,,,,,,,,,,,,,,,,,,,,,,,,2026-08-21,9.435,-0.578,10.013,-2.311,,,,,,,
003670,포스코퓨처엠,2026-08-10,2026-08-10,REJECTED,0,NO_RISING_CHANNEL,,영상 방식의 상승 평행채널을 안정적으로 구성하지 못함,,,,,,,,,,,,,,,,,,,,,,,,,,2026-08-01,2026-08-21,165500.0,8,0,-5.196,156900.0,2026-08-11,-3.323,160000.0,2026-08-12,0.242,165900.0,2026-08-13,3.021,170500.0,2026-08-14,-3.082,160400.0,2026-08-18,-3.142,160300.0,2026-08-19,-1.329,163300.0,2026-08-20,-6.405,154900.0,2026-08-21,,,,,,,,,,,,,,,,,,,,,,,,,,,,,,,,,,,,,2026-08-21,3.021,-6.405,3.565,-7.372,,,,,,,
003670,포스코퓨처엠,2026-08-11,2026-08-11,REJECTED,0,NO_RISING_CHANNEL,,영상 방식의 상승 평행채널을 안정적으로 구성하지 못함,,,,,,,,,,,,,,,,,,,,,,,,,,2026-08-01,2026-08-21,156900.0,7,0,1.976,160000.0,2026-08-12,5.736,165900.0,2026-08-13,8.668,170500.0,2026-08-14,2.231,160400.0,2026-08-18,2.167,160300.0,2026-08-19,4.079,163300.0,2026-08-20,-1.275,154900.0,2026-08-21,,,,,,,,,,,,,,,,,,,,,,,,,,,,,,,,,,,,,,,,2026-08-21,8.668,-1.275,9.242,-2.294,,,,,,,
003670,포스코퓨처엠,2026-08-12,2026-08-12,REJECTED,49,TREND_BROKEN_OR_NOT_UPTREND,상승추세 안의 단기 조정 + 전저점 유지 | 상승 평행채널 유효(커버리지 100%) | 최근 추세 하단(싼 구간) 접촉 | 추세 바닥권 거래량 급증 양봉 | 거래량 기준봉 저가 지지 | 거래량 기준봉 고가 돌파,중기 상승 구조 미확인,160000.0,False,5.21,True,1.0,0.798,True,119250.0,144783.3333,168800.0,170316.6667,115672.5,-9.51,6.45,False,False,False,20.6,False,True,True,2026-07-30,True,True,1.89,2026-08-01,2026-08-21,160000.0,6,0,3.687,165900.0,2026-08-13,6.563,170500.0,2026-08-14,0.25,160400.0,2026-08-18,0.188,160300.0,2026-08-19,2.062,163300.0,2026-08-20,-3.187,154900.0,2026-08-21,,,,,,,,,,,,,,,,,,,,,,,,,,,,,,,,,,,,,,,,,,,2026-08-21,6.563,-3.187,7.125,-4.188,,,,,,,
003670,포스코퓨처엠,2026-08-13,2026-08-13,REJECTED,39,TREND_BROKEN_OR_NOT_UPTREND,상승 평행채널 유효(커버리지 100%) | 최근 추세 하단(싼 구간) 접촉 | 추세 바닥권 거래량 급증 양봉 | 거래량 기준봉 저가 지지 | 거래량 기준봉 고가 돌파,중기 상승 구조 미확인,165900.0,False,1.72,True,1.0,0.9036,True,119755.5556,145288.8889,168800.0,170822.2222,116162.8889,-12.42,2.97,False,False,False,18.82,False,True,True,2026-07-30,True,True,1.89,2026-08-01,2026-08-21,165900.0,5,0,2.773,170500.0,2026-08-14,-3.315,160400.0,2026-08-18,-3.376,160300.0,2026-08-19,-1.567,163300.0,2026-08-20,-6.631,154900.0,2026-08-21,,,,,,,,,,,,,,,,,,,,,,,,,,,,,,,,,,,,,,,,,,,,,,2026-08-21,2.773,-6.631,3.315,-7.595,,,,,,,
003670,포스코퓨처엠,2026-08-14,2026-08-14,REJECTED,39,TREND_BROKEN_OR_NOT_UPTREND,상승 평행채널 유효(커버리지 100%) | 최근 추세 하단(싼 구간) 접촉 | 추세 바닥권 거래량 급증 양봉 | 거래량 기준봉 저가 지지 | 거래량 기준봉 고가 돌파,중기 상승 구조 미확인,170500.0,False,0.53,True,1.0,0.9838,True,120261.1111,145794.4444,168800.0,171327.7778,116653.2778,-14.49,0.49,False,False,False,17.12,False,True,True,2026-07-30,True,True,1.89,2026-08-01,2026-08-21,170500.0,4,0,-5.924,160400.0,2026-08-18,-5.982,160300.0,2026-08-19,-4.223,163300.0,2026-08-20,-9.15,154900.0,2026-08-21,,,,,,,,,,,,,,,,,,,,,,,,,,,,,,,,,,,,,,,,,,,,,,,,,2026-08-21,-4.223,-9.15,0.235,-10.088,,,,,,,
003670,포스코퓨처엠,2026-08-18,2026-08-18,REJECTED,49,TREND_BROKEN_OR_NOT_UPTREND,상승추세 안의 단기 조정 + 전저점 유지 | 상승 평행채널 유효(커버리지 100%) | 최근 추세 하단(싼 구간) 접촉 | 추세 바닥권 거래량 급증 양봉 | 거래량 기준봉 저가 지지 | 거래량 기준봉 고가 돌파,중기 상승 구조 미확인,160400.0,False,6.42,True,1.0,0.7761,True,120766.6667,146300.0,168800.0,171833.3333,117143.6667,-8.79,7.13,False,False,False,16.88,False,True,True,2026-07-30,True,True,1.89,2026-08-01,2026-08-21,160400.0,3,0,-0.062,160300.0,2026-08-19,1.808,163300.0,2026-08-20,-3.429,154900.0,2026-08-21,,,,,,,,,,,,,,,,,,,,,,,,,,,,,,,,,,,,,,,,,,,,,,,,,,,,2026-08-21,1.808,-3.429,5.175,-4.426,,,,,,,
003670,포스코퓨처엠,2026-08-19,2026-08-19,REJECTED,49,TREND_BROKEN_OR_NOT_UPTREND,상승추세 안의 단기 조정 + 전저점 유지 | 상승 평행채널 유효(커버리지 100%) | 최근 추세 하단(싼 구간) 접촉 | 추세 바닥권 거래량 급증 양봉 | 거래량 기준봉 저가 지지 | 거래량 기준봉 고가 돌파,중기 상승 구조 미확인,160300.0,False,6.48,True,1.0,0.7643,True,121272.2222,146805.5556,168800.0,172338.8889,117634.0556,-8.42,7.51,False,False,False,15.46,False,False,True,2026-07-30,True,True,1.89,2026-08-01,2026-08-21,160300.0,2,0,1.871,163300.0,2026-08-20,-3.369,154900.0,2026-08-21,,,,,,,,,,,,,,,,,,,,,,,,,,,,,,,,,,,,,,,,,,,,,,,,,,,,,,,2026-08-21,1.871,-3.369,5.24,-3.93,,,,,,,
003670,포스코퓨처엠,2026-08-20,2026-08-20,REJECTED,49,TREND_BROKEN_OR_NOT_UPTREND,상승추세 안의 단기 조정 + 전저점 유지 | 상승 평행채널 유효(커버리지 100%) | 최근 추세 하단(싼 구간) 접촉 | 추세 바닥권 거래량 급증 양봉 | 거래량 기준봉 저가 지지 | 거래량 기준봉 고가 돌파,중기 상승 구조 미확인,163300.0,False,4.73,True,1.0,0.8116,True,121821.7391,147373.913,171400.0,172926.087,118167.087,-9.75,5.89,False,False,False,13.69,False,True,True,2026-07-30,True,True,1.89,2026-08-01,2026-08-21,163300.0,1,0,-5.144,154900.0,2026-08-21,,,,,,,,,,,,,,,,,,,,,,,,,,,,,,,,,,,,,,,,,,,,,,,,,,,,,,,,,,2026-08-21,-5.144,-5.144,-2.572,-5.695,,,,,,,
003670,포스코퓨처엠,2026-08-21,2026-08-21,REJECTED,49,TREND_BROKEN_OR_NOT_UPTREND,상승추세 안의 단기 조정 + 전저점 유지 | 상승 평행채널 유효(커버리지 100%) | 최근 추세 하단(싼 구간) 접촉 | 추세 바닥권 거래량 급증 양봉 | 거래량 기준봉 저가 지지 | 거래량 기준봉 고가 돌파,중기 상승 구조 미확인,154900.0,False,9.63,True,1.0,0.6373,True,122330.4348,147882.6087,171400.0,173434.7826,118660.5217,-4.53,11.97,False,False,False,13.42,False,False,True,2026-07-30,True,True,1.89,2026-08-01,2026-08-21,154900.0,0,0,,,,,,,,,,,,,,,,,,,,,,,,,,,,,,,,,,,,,,,,,,,,,,,,,,,,,,,,,,,,,,,,,,,,,,,,
096770,SK이노베이션,2026-08-03,2026-08-03,CONFIRMED,92,LOWER_CHANNEL_CONFIRMED_REVERSAL,중기 Higher High + Higher Low | 상승추세 안의 단기 조정 + 전저점 유지 | 상승 평행채널 유효(커버리지 100%) | 최근 추세 하단(싼 구간) 접촉 | 현재도 채널 하단권 | 추세 하단 부근 쌍바닥/Higher-Low 형태 | 쌍바닥 넥라인 돌파 확인 | 이동평균선 밀집 | 추세 바닥권 거래량 급증 양봉 | 거래량 기준봉 저가 지지 | 거래량 기준봉 고가 돌파,,108000.0,True,20.47,True,1.0,0.0805,True,105200.0,122600.0,135800.0,140000.0,102044.0,13.52,29.63,True,True,True,0.66,False,False,True,2026-07-07,True,True,2.02,2026-08-01,2026-08-21,108000.0,13,0,3.056,111300.0,2026-08-04,1.111,109200.0,2026-08-05,0.556,108600.0,2026-08-06,11.389,120300.0,2026-08-07,15.278,124500.0,2026-08-10,14.907,124100.0,2026-08-11,13.333,122400.0,2026-08-12,12.685,121700.0,2026-08-13,19.167,128700.0,2026-08-14,21.759,131500.0,2026-08-18,19.352,128900.0,2026-08-19,16.574,125900.0,2026-08-20,15.556,124800.0,2026-08-21,,,,,,,,,,,,,,,,,,,,,,2026-08-21,21.759,0.556,23.981,-1.296,,1.0,0.0,0.0,0.0,TIMEOUT,2026-08-21
096770,SK이노베이션,2026-08-04,2026-08-04,CONFIRMED,92,LOWER_CHANNEL_CONFIRMED_REVERSAL,중기 Higher High + Higher Low | 상승추세 안의 단기 조정 + 전저점 유지 | 상승 평행채널 유효(커버리지 100%) | 최근 추세 하단(싼 구간) 접촉 | 현재도 채널 하단권 | 추세 하단 부근 쌍바닥/Higher-Low 형태 | 쌍바닥 넥라인 돌파 확인 | 이동평균선 밀집 | 추세 바닥권 거래량 급증 양봉 | 거래량 기준봉 저가 지지 | 거래량 기준봉 고가 돌파,,111300.0,True,18.04,True,1.0,0.1552,True,105900.0,123300.0,135800.0,140700.0,102723.0,10.78,26.42,True,True,True,1.55,False,False,True,2026-07-07,True,True,2.02,2026-08-01,2026-08-21,111300.0,12,0,-1.887,109200.0,2026-08-05,-2.426,108600.0,2026-08-06,8.086,120300.0,2026-08-07,11.86,124500.0,2026-08-10,11.5,124100.0,2026-08-11,9.973,122400.0,2026-08-12,9.344,121700.0,2026-08-13,15.633,128700.0,2026-08-14,18.149,131500.0,2026-08-18,15.813,128900.0,2026-08-19,13.118,125900.0,2026-08-20,12.129,124800.0,2026-08-21,,,,,,,,,,,,,,,,,,,,,,,,,2026-08-21,18.149,-2.426,20.305,-4.043,,1.0,0.0,0.0,0.0,TIMEOUT,2026-08-21
096770,SK이노베이션,2026-08-05,2026-08-05,REJECTED,53,TREND_BROKEN_OR_NOT_UPTREND,상승추세 안의 단기 조정 + 전저점 유지 | 상승 평행채널 유효(커버리지 100%) | 최근 추세 하단(싼 구간) 접촉 | 현재도 채널 하단권 | 추세 하단 부근 쌍바닥/Higher-Low 형태 | 쌍바닥 넥라인 돌파 확인 | 이동평균선 밀집,중기 상승 구조 미확인,109200.0,False,19.59,True,1.0,0.0747,True,106600.0,124000.0,120500.0,141400.0,103402.0,13.55,29.49,True,True,True,1.94,False,False,False,,False,False,,2026-08-01,2026-08-21,109200.0,11,0,-0.549,108600.0,2026-08-06,10.165,120300.0,2026-08-07,14.011,124500.0,2026-08-10,13.645,124100.0,2026-08-11,12.088,122400.0,2026-08-12,11.447,121700.0,2026-08-13,17.857,128700.0,2026-08-14,20.421,131500.0,2026-08-18,18.04,128900.0,2026-08-19,15.293,125900.0,2026-08-20,14.286,124800.0,2026-08-21,,,,,,,,,,,,,,,,,,,,,,,,,,,,2026-08-21,20.421,-0.549,22.619,-2.198,,,,,,,
096770,SK이노베이션,2026-08-06,2026-08-06,REJECTED,53,TREND_BROKEN_OR_NOT_UPTREND,상승추세 안의 단기 조정 + 전저점 유지 | 상승 평행채널 유효(커버리지 100%) | 최근 추세 하단(싼 구간) 접촉 | 현재도 채널 하단권 | 추세 하단 부근 쌍바닥/Higher-Low 형태 | 쌍바닥 넥라인 돌파 확인 | 이동평균선 밀집,중기 상승 구조 미확인,108600.0,False,20.03,True,1.0,0.0374,True,107300.0,124700.0,120500.0,142100.0,104081.0,14.83,30.85,True,True,True,3.78,False,True,False,,False,False,,2026-08-01,2026-08-21,108600.0,10,0,10.773,120300.0,2026-08-07,14.641,124500.0,2026-08-10,14.273,124100.0,2026-08-11,12.707,122400.0,2026-08-12,12.063,121700.0,2026-08-13,18.508,128700.0,2026-08-14,21.087,131500.0,2026-08-18,18.692,128900.0,2026-08-19,15.93,125900.0,2026-08-20,14.917,124800.0,2026-08-21,,,,,,,,,,,,,,,,,,,,,,,,,,,,,,,2026-08-21,21.087,10.773,23.297,0.921,,,,,,,
096770,SK이노베이션,2026-08-07,2026-08-07,REJECTED,58,TREND_BROKEN_OR_NOT_UPTREND,상승추세 안의 단기 조정 + 전저점 유지 | 상승 평행채널 유효(커버리지 100%) | 최근 추세 하단(싼 구간) 접촉 | 추세 하단 부근 쌍바닥/Higher-Low 형태 | 쌍바닥 넥라인 돌파 확인 | 이동평균선 밀집 | 이동평균선 재돌파 | 재상승 후 5일선 지지,중기 상승 구조 미확인,120300.0,False,11.41,True,1.0,0.3534,True,108000.0,125400.0,120500.0,142800.0,104760.0,4.24,18.7,True,True,True,3.46,True,True,False,,False,False,,2026-08-01,2026-08-21,120300.0,9,0,3.491,124500.0,2026-08-10,3.159,124100.0,2026-08-11,1.746,122400.0,2026-08-12,1.164,121700.0,2026-08-13,6.983,128700.0,2026-08-14,9.31,131500.0,2026-08-18,7.149,128900.0,2026-08-19,4.655,125900.0,2026-08-20,3.741,124800.0,2026-08-21,,,,,,,,,,,,,,,,,,,,,,,,,,,,,,,,,,2026-08-21,9.31,1.164,11.305,-4.073,,,,,,,
096770,SK이노베이션,2026-08-10,2026-08-10,REJECTED,58,TREND_BROKEN_OR_NOT_UPTREND,상승추세 안의 단기 조정 + 전저점 유지 | 상승 평행채널 유효(커버리지 100%) | 최근 추세 하단(싼 구간) 접촉 | 추세 하단 부근 쌍바닥/Higher-Low 형태 | 쌍바닥 넥라인 돌파 확인 | 이동평균선 밀집 | 이동평균선 재돌파 | 재상승 후 5일선 지지,중기 상승 구조 미확인,124500.0,False,8.32,True,1.0,0.454,True,108700.0,126100.0,120500.0,143500.0,105439.0,1.29,15.26,True,True,True,4.28,True,True,False,,False,False,,2026-08-01,2026-08-21,124500.0,8,0,-0.321,124100.0,2026-08-11,-1.687,122400.0,2026-08-12,-2.249,121700.0,2026-08-13,3.373,128700.0,2026-08-14,5.622,131500.0,2026-08-18,3.534,128900.0,2026-08-19,1.124,125900.0,2026-08-20,0.241,124800.0,2026-08-21,,,,,,,,,,,,,,,,,,,,,,,,,,,,,,,,,,,,,2026-08-21,5.622,-2.249,7.55,-3.213,,,,,,,
096770,SK이노베이션,2026-08-11,2026-08-11,REJECTED,58,TREND_BROKEN_OR_NOT_UPTREND,상승추세 안의 단기 조정 + 전저점 유지 | 상승 평행채널 유효(커버리지 100%) | 최근 추세 하단(싼 구간) 접촉 | 추세 하단 부근 쌍바닥/Higher-Low 형태 | 쌍바닥 넥라인 돌파 확인 | 이동평균선 밀집 | 이동평균선 재돌파 | 재상승 후 5일선 지지,중기 상승 구조 미확인,124100.0,False,8.62,True,1.0,0.4224,True,109400.0,126800.0,120500.0,144200.0,106118.0,2.18,16.2,True,True,True,5.6,True,True,False,,False,False,,2026-08-01,2026-08-21,124100.0,7,0,-1.37,122400.0,2026-08-12,-1.934,121700.0,2026-08-13,3.707,128700.0,2026-08-14,5.963,131500.0,2026-08-18,3.868,128900.0,2026-08-19,1.45,125900.0,2026-08-20,0.564,124800.0,2026-08-21,,,,,,,,,,,,,,,,,,,,,,,,,,,,,,,,,,,,,,,,2026-08-21,5.963,-1.934,7.897,-2.901,,,,,,,
096770,SK이노베이션,2026-08-12,2026-08-12,REJECTED,50,TREND_BROKEN_OR_NOT_UPTREND,상승추세 안의 단기 조정 + 전저점 유지 | 상승 평행채널 유효(커버리지 100%) | 최근 추세 하단(싼 구간) 접촉 | 추세 하단 부근 쌍바닥/Higher-Low 형태 | 쌍바닥 넥라인 돌파 확인 | 이동평균선 재돌파 | 재상승 후 5일선 지지,중기 상승 구조 미확인,122400.0,False,9.87,True,1.0,0.3534,True,110100.0,127500.0,120500.0,144900.0,106797.0,4.17,18.38,True,True,False,7.85,True,True,False,,False,False,,2026-08-01,2026-08-21,122400.0,6,0,-0.572,121700.0,2026-08-13,5.147,128700.0,2026-08-14,7.435,131500.0,2026-08-18,5.31,128900.0,2026-08-19,2.859,125900.0,2026-08-20,1.961,124800.0,2026-08-21,,,,,,,,,,,,,,,,,,,,,,,,,,,,,,,,,,,,,,,,,,,2026-08-21,7.435,-0.572,9.395,-1.552,,,,,,,
096770,SK이노베이션,2026-08-13,2026-08-13,REJECTED,45,TREND_BROKEN_OR_NOT_UPTREND,상승추세 안의 단기 조정 + 전저점 유지 | 상승 평행채널 유효(커버리지 100%) | 최근 추세 하단(싼 구간) 접촉 | 현재도 채널 하단권 | 추세 하단 부근 쌍바닥/Higher-Low 형태 | 쌍바닥 넥라인 돌파 확인,중기 상승 구조 미확인,121700.0,False,10.38,True,1.0,0.3132,True,110800.0,128200.0,120500.0,145600.0,107476.0,5.34,19.64,True,True,False,10.07,False,True,False,,False,False,,2026-08-01,2026-08-21,121700.0,5,0,5.752,128700.0,2026-08-14,8.053,131500.0,2026-08-18,5.916,128900.0,2026-08-19,3.451,125900.0,2026-08-20,2.547,124800.0,2026-08-21,,,,,,,,,,,,,,,,,,,,,,,,,,,,,,,,,,,,,,,,,,,,,,2026-08-21,8.053,2.547,10.025,-0.329,,,,,,,
096770,SK이노베이션,2026-08-14,2026-08-14,REJECTED,50,TREND_BROKEN_OR_NOT_UPTREND,상승추세 안의 단기 조정 + 전저점 유지 | 상승 평행채널 유효(커버리지 100%) | 최근 추세 하단(싼 구간) 접촉 | 추세 하단 부근 쌍바닥/Higher-Low 형태 | 쌍바닥 넥라인 돌파 확인 | 이동평균선 재돌파 | 재상승 후 5일선 지지,중기 상승 구조 미확인,128700.0,False,5.23,True,1.0,0.4943,True,111500.0,128900.0,120500.0,146300.0,108155.0,0.16,13.68,True,True,False,10.71,True,True,False,,False,False,,2026-08-01,2026-08-21,128700.0,4,0,2.176,131500.0,2026-08-18,0.155,128900.0,2026-08-19,-2.176,125900.0,2026-08-20,-3.03,124800.0,2026-08-21,,,,,,,,,,,,,,,,,,,,,,,,,,,,,,,,,,,,,,,,,,,,,,,,,2026-08-21,2.176,-3.03,4.04,-5.75,,,,,,,
096770,SK이노베이션,2026-08-18,2026-08-18,REJECTED,50,TREND_BROKEN_OR_NOT_UPTREND,상승추세 안의 단기 조정 + 전저점 유지 | 상승 평행채널 유효(커버리지 100%) | 최근 추세 하단(싼 구간) 접촉 | 추세 하단 부근 쌍바닥/Higher-Low 형태 | 쌍바닥 넥라인 돌파 확인 | 이동평균선 재돌파 | 재상승 후 5일선 지지,중기 상승 구조 미확인,131500.0,False,3.17,True,1.0,0.5546,True,112200.0,129600.0,120500.0,147000.0,108834.0,-1.44,11.79,True,True,False,11.34,True,True,False,,False,False,,2026-08-01,2026-08-21,131500.0,3,0,-1.977,128900.0,2026-08-19,-4.259,125900.0,2026-08-20,-5.095,124800.0,2026-08-21,,,,,,,,,,,,,,,,,,,,,,,,,,,,,,,,,,,,,,,,,,,,,,,,,,,,2026-08-21,-1.977,-5.095,0.38,-7.757,,,,,,,
096770,SK이노베이션,2026-08-19,2026-08-19,REJECTED,50,TREND_BROKEN_OR_NOT_UPTREND,상승추세 안의 단기 조정 + 전저점 유지 | 상승 평행채널 유효(커버리지 100%) | 최근 추세 하단(싼 구간) 접촉 | 추세 하단 부근 쌍바닥/Higher-Low 형태 | 쌍바닥 넥라인 돌파 확인 | 이동평균선 재돌파 | 재상승 후 5일선 지지,중기 상승 구조 미확인,128900.0,False,5.08,True,1.0,0.4598,True,112900.0,130300.0,120500.0,147700.0,109513.0,1.09,14.58,True,True,False,12.19,True,True,False,,False,False,,2026-08-01,2026-08-21,128900.0,2,0,-2.327,125900.0,2026-08-20,-3.181,124800.0,2026-08-21,,,,,,,,,,,,,,,,,,,,,,,,,,,,,,,,,,,,,,,,,,,,,,,,,,,,,,,2026-08-21,-2.327,-3.181,0.776,-5.896,,,,,,,
096770,SK이노베이션,2026-08-20,2026-08-20,REJECTED,40,TREND_BROKEN_OR_NOT_UPTREND,상승추세 안의 단기 조정 + 전저점 유지 | 상승 평행채널 유효(커버리지 100%) | 최근 추세 하단(싼 구간) 접촉 | 추세 하단 부근 쌍바닥/Higher-Low 형태 | 쌍바닥 넥라인 돌파 확인,중기 상승 구조 미확인,125900.0,False,7.29,True,1.0,0.3534,True,113600.0,131000.0,120500.0,148400.0,110192.0,4.05,17.87,True,True,False,13.01,False,True,False,,False,False,,2026-08-01,2026-08-21,125900.0,1,0,-0.874,124800.0,2026-08-21,,,,,,,,,,,,,,,,,,,,,,,,,,,,,,,,,,,,,,,,,,,,,,,,,,,,,,,,,,2026-08-21,-0.874,-0.874,1.35,-3.654,,,,,,,
096770,SK이노베이션,2026-08-21,2026-08-21,WATCH,60,LOWER_CHANNEL_WATCH,중기 Higher High + Higher Low | 상승추세 안의 단기 조정 + 전저점 유지 | 상승 평행채널 유효(커버리지 98%) | 최근 추세 하단(싼 구간) 접촉 | 추세 하단 부근 쌍바닥/Higher-Low 형태 | 쌍바닥 넥라인 돌파 확인,,124800.0,True,8.1,True,0.9792,0.5959,True,105993.4783,121773.913,133900.0,137554.3478,102813.6739,-2.42,10.22,True,True,False,13.58,False,False,False,,False,False,,2026-08-01,2026-08-21,124800.0,0,0,,,,,,,,,,,,,,,,,,,,,,,,,,,,,,,,,,,,,,,,,,,,,,,,,,,,,,,,,,,,,,,,,,,,,,,,
272210,한화시스템,2026-08-03,2026-08-03,REJECTED,0,NO_RISING_CHANNEL,,영상 방식의 상승 평행채널을 안정적으로 구성하지 못함,,,,,,,,,,,,,,,,,,,,,,,,,,2026-08-01,2026-08-21,63100.0,13,0,9.509,69100.0,2026-08-04,14.739,72400.0,2026-08-05,11.094,70100.0,2026-08-06,12.044,70700.0,2026-08-07,22.345,77200.0,2026-08-10,15.531,72900.0,2026-08-11,19.81,75600.0,2026-08-12,26.149,79600.0,2026-08-13,27.258,80300.0,2026-08-14,26.624,79900.0,2026-08-18,20.444,76000.0,2026-08-19,19.334,75300.0,2026-08-20,11.41,70300.0,2026-08-21,,,,,,,,,,,,,,,,,,,,,,2026-08-21,27.258,9.509,32.805,-0.634,,,,,,,
272210,한화시스템,2026-08-04,2026-08-04,REJECTED,0,NO_RISING_CHANNEL,,영상 방식의 상승 평행채널을 안정적으로 구성하지 못함,,,,,,,,,,,,,,,,,,,,,,,,,,2026-08-01,2026-08-21,69100.0,12,0,4.776,72400.0,2026-08-05,1.447,70100.0,2026-08-06,2.315,70700.0,2026-08-07,11.722,77200.0,2026-08-10,5.499,72900.0,2026-08-11,9.407,75600.0,2026-08-12,15.195,79600.0,2026-08-13,16.208,80300.0,2026-08-14,15.63,79900.0,2026-08-18,9.986,76000.0,2026-08-19,8.973,75300.0,2026-08-20,1.737,70300.0,2026-08-21,,,,,,,,,,,,,,,,,,,,,,,,,2026-08-21,16.208,1.447,21.274,-2.315,,,,,,,
272210,한화시스템,2026-08-05,2026-08-05,REJECTED,0,NO_RISING_CHANNEL,,영상 방식의 상승 평행채널을 안정적으로 구성하지 못함,,,,,,,,,,,,,,,,,,,,,,,,,,2026-08-01,2026-08-21,72400.0,11,0,-3.177,70100.0,2026-08-06,-2.348,70700.0,2026-08-07,6.63,77200.0,2026-08-10,0.691,72900.0,2026-08-11,4.42,75600.0,2026-08-12,9.945,79600.0,2026-08-13,10.912,80300.0,2026-08-14,10.359,79900.0,2026-08-18,4.972,76000.0,2026-08-19,4.006,75300.0,2026-08-20,-2.901,70300.0,2026-08-21,,,,,,,,,,,,,,,,,,,,,,,,,,,,2026-08-21,10.912,-3.177,15.746,-6.768,,,,,,,
272210,한화시스템,2026-08-06,2026-08-06,REJECTED,0,NO_RISING_CHANNEL,,영상 방식의 상승 평행채널을 안정적으로 구성하지 못함,,,,,,,,,,,,,,,,,,,,,,,,,,2026-08-01,2026-08-21,70100.0,10,0,0.856,70700.0,2026-08-07,10.128,77200.0,2026-08-10,3.994,72900.0,2026-08-11,7.846,75600.0,2026-08-12,13.552,79600.0,2026-08-13,14.551,80300.0,2026-08-14,13.98,79900.0,2026-08-18,8.417,76000.0,2026-08-19,7.418,75300.0,2026-08-20,0.285,70300.0,2026-08-21,,,,,,,,,,,,,,,,,,,,,,,,,,,,,,,2026-08-21,14.551,0.285,19.544,-2.996,,,,,,,
272210,한화시스템,2026-08-07,2026-08-07,REJECTED,0,NO_RISING_CHANNEL,,영상 방식의 상승 평행채널을 안정적으로 구성하지 못함,,,,,,,,,,,,,,,,,,,,,,,,,,2026-08-01,2026-08-21,70700.0,9,0,9.194,77200.0,2026-08-10,3.112,72900.0,2026-08-11,6.931,75600.0,2026-08-12,12.588,79600.0,2026-08-13,13.579,80300.0,2026-08-14,13.013,79900.0,2026-08-18,7.496,76000.0,2026-08-19,6.506,75300.0,2026-08-20,-0.566,70300.0,2026-08-21,,,,,,,,,,,,,,,,,,,,,,,,,,,,,,,,,,2026-08-21,13.579,-0.566,18.529,-0.849,,,,,,,
272210,한화시스템,2026-08-10,2026-08-10,REJECTED,0,NO_RISING_CHANNEL,,영상 방식의 상승 평행채널을 안정적으로 구성하지 못함,,,,,,,,,,,,,,,,,,,,,,,,,,2026-08-01,2026-08-21,77200.0,8,0,-5.57,72900.0,2026-08-11,-2.073,75600.0,2026-08-12,3.109,79600.0,2026-08-13,4.016,80300.0,2026-08-14,3.497,79900.0,2026-08-18,-1.554,76000.0,2026-08-19,-2.461,75300.0,2026-08-20,-8.938,70300.0,2026-08-21,,,,,,,,,,,,,,,,,,,,,,,,,,,,,,,,,,,,,2026-08-21,4.016,-8.938,8.549,-9.197,,,,,,,
272210,한화시스템,2026-08-11,2026-08-11,REJECTED,0,NO_RISING_CHANNEL,,영상 방식의 상승 평행채널을 안정적으로 구성하지 못함,,,,,,,,,,,,,,,,,,,,,,,,,,2026-08-01,2026-08-21,72900.0,7,0,3.704,75600.0,2026-08-12,9.191,79600.0,2026-08-13,10.151,80300.0,2026-08-14,9.602,79900.0,2026-08-18,4.252,76000.0,2026-08-19,3.292,75300.0,2026-08-20,-3.567,70300.0,2026-08-21,,,,,,,,,,,,,,,,,,,,,,,,,,,,,,,,,,,,,,,,2026-08-21,10.151,-3.567,14.952,-3.841,,,,,,,
272210,한화시스템,2026-08-12,2026-08-12,REJECTED,0,NO_RISING_CHANNEL,,영상 방식의 상승 평행채널을 안정적으로 구성하지 못함,,,,,,,,,,,,,,,,,,,,,,,,,,2026-08-01,2026-08-21,75600.0,6,0,5.291,79600.0,2026-08-13,6.217,80300.0,2026-08-14,5.688,79900.0,2026-08-18,0.529,76000.0,2026-08-19,-0.397,75300.0,2026-08-20,-7.011,70300.0,2026-08-21,,,,,,,,,,,,,,,,,,,,,,,,,,,,,,,,,,,,,,,,,,,2026-08-21,6.217,-7.011,10.847,-7.275,,,,,,,
272210,한화시스템,2026-08-13,2026-08-13,REJECTED,0,NO_RISING_CHANNEL,,영상 방식의 상승 평행채널을 안정적으로 구성하지 못함,,,,,,,,,,,,,,,,,,,,,,,,,,2026-08-01,2026-08-21,79600.0,5,0,0.879,80300.0,2026-08-14,0.377,79900.0,2026-08-18,-4.523,76000.0,2026-08-19,-5.402,75300.0,2026-08-20,-11.683,70300.0,2026-08-21,,,,,,,,,,,,,,,,,,,,,,,,,,,,,,,,,,,,,,,,,,,,,,2026-08-21,0.879,-11.683,5.276,-11.935,,,,,,,
272210,한화시스템,2026-08-14,2026-08-14,REJECTED,0,NO_RISING_CHANNEL,,영상 방식의 상승 평행채널을 안정적으로 구성하지 못함,,,,,,,,,,,,,,,,,,,,,,,,,,2026-08-01,2026-08-21,80300.0,4,0,-0.498,79900.0,2026-08-18,-5.355,76000.0,2026-08-19,-6.227,75300.0,2026-08-20,-12.453,70300.0,2026-08-21,,,,,,,,,,,,,,,,,,,,,,,,,,,,,,,,,,,,,,,,,,,,,,,,,2026-08-21,-0.498,-12.453,4.359,-12.702,,,,,,,
272210,한화시스템,2026-08-18,2026-08-18,REJECTED,0,NO_RISING_CHANNEL,,영상 방식의 상승 평행채널을 안정적으로 구성하지 못함,,,,,,,,,,,,,,,,,,,,,,,,,,2026-08-01,2026-08-21,79900.0,3,0,-4.881,76000.0,2026-08-19,-5.757,75300.0,2026-08-20,-12.015,70300.0,2026-08-21,,,,,,,,,,,,,,,,,,,,,,,,,,,,,,,,,,,,,,,,,,,,,,,,,,,,2026-08-21,-4.881,-12.015,2.128,-12.265,,,,,,,
272210,한화시스템,2026-08-19,2026-08-19,REJECTED,0,NO_RISING_CHANNEL,,영상 방식의 상승 평행채널을 안정적으로 구성하지 못함,,,,,,,,,,,,,,,,,,,,,,,,,,2026-08-01,2026-08-21,76000.0,2,0,-0.921,75300.0,2026-08-20,-7.5,70300.0,2026-08-21,,,,,,,,,,,,,,,,,,,,,,,,,,,,,,,,,,,,,,,,,,,,,,,,,,,,,,,2026-08-21,-0.921,-7.5,0.395,-7.763,,,,,,,
272210,한화시스템,2026-08-20,2026-08-20,REJECTED,0,NO_RISING_CHANNEL,,영상 방식의 상승 평행채널을 안정적으로 구성하지 못함,,,,,,,,,,,,,,,,,,,,,,,,,,2026-08-01,2026-08-21,75300.0,1,0,-6.64,70300.0,2026-08-21,,,,,,,,,,,,,,,,,,,,,,,,,,,,,,,,,,,,,,,,,,,,,,,,,,,,,,,,,,2026-08-21,-6.64,-6.64,-0.93,-6.906,,,,,,,
272210,한화시스템,2026-08-21,2026-08-21,REJECTED,30,TREND_BROKEN_OR_NOT_UPTREND,상승추세 안의 단기 조정 + 전저점 유지 | 상승 평행채널 유효(커버리지 100%) | 최근 추세 하단(싼 구간) 접촉,중기 상승 구조 미확인,70300.0,False,16.11,True,1.0,0.3798,True,60864.7059,73285.2941,83800.0,85705.8824,59038.7647,4.25,21.91,False,False,False,12.21,False,False,False,,False,False,,2026-08-01,2026-08-21,70300.0,0,0,,,,,,,,,,,,,,,,,,,,,,,,,,,,,,,,,,,,,,,,,,,,,,,,,,,,,,,,,,,,,,,,,,,,,,,,
024110,기업은행,2026-08-03,2026-08-03,REJECTED,48,TREND_BROKEN_OR_NOT_UPTREND,상승추세 안의 단기 조정 + 전저점 유지 | 상승 평행채널 유효(커버리지 96%) | 최근 추세 하단(싼 구간) 접촉 | 현재도 채널 하단권 | 추세 하단 부근 쌍바닥/Higher-Low 형태 | 이동평균선 밀집,중기 상승 구조 미확인,20250.0,False,8.58,True,0.9589,-0.114,True,20672.5,22526.25,21550.0,24380.0,20052.325,11.24,20.4,True,False,True,2.67,False,True,False,,False,False,,2026-08-01,2026-08-21,20250.0,13,0,0.494,20350.0,2026-08-04,-0.247,20200.0,2026-08-05,0.494,20350.0,2026-08-06,2.469,20750.0,2026-08-07,0.0,20250.0,2026-08-10,-0.494,20150.0,2026-08-11,-0.494,20150.0,2026-08-12,-1.235,20000.0,2026-08-13,0.741,20400.0,2026-08-14,0.988,20450.0,2026-08-18,0.247,20300.0,2026-08-19,-1.481,19950.0,2026-08-20,-1.235,20000.0,2026-08-21,,,,,,,,,,,,,,,,,,,,,,2026-08-21,2.469,-1.481,2.469,-1.877,,,,,,,
024110,기업은행,2026-08-04,2026-08-04,REJECTED,48,TREND_BROKEN_OR_NOT_UPTREND,상승추세 안의 단기 조정 + 전저점 유지 | 상승 평행채널 유효(커버리지 95%) | 최근 추세 하단(싼 구간) 접촉 | 현재도 채널 하단권 | 추세 하단 부근 쌍바닥/Higher-Low 형태 | 이동평균선 밀집,중기 상승 구조 미확인,20350.0,False,8.13,True,0.9459,-0.0927,True,20693.75,22547.5,21550.0,24401.25,20072.9375,10.8,19.91,True,False,True,2.47,False,True,False,,False,False,,2026-08-01,2026-08-21,20350.0,12,0,-0.737,20200.0,2026-08-05,0.0,20350.0,2026-08-06,1.966,20750.0,2026-08-07,-0.491,20250.0,2026-08-10,-0.983,20150.0,2026-08-11,-0.983,20150.0,2026-08-12,-1.72,20000.0,2026-08-13,0.246,20400.0,2026-08-14,0.491,20450.0,2026-08-18,-0.246,20300.0,2026-08-19,-1.966,19950.0,2026-08-20,-1.72,20000.0,2026-08-21,,,,,,,,,,,,,,,,,,,,,,,,,2026-08-21,1.966,-1.966,1.966,-2.359,,,,,,,
024110,기업은행,2026-08-05,2026-08-05,REJECTED,48,TREND_BROKEN_OR_NOT_UPTREND,상승추세 안의 단기 조정 + 전저점 유지 | 상승 평행채널 유효(커버리지 93%) | 최근 추세 하단(싼 구간) 접촉 | 현재도 채널 하단권 | 추세 하단 부근 쌍바닥/Higher-Low 형태 | 이동평균선 밀집,중기 상승 구조 미확인,20200.0,False,8.8,True,0.9333,-0.1389,True,20715.0,22568.75,21550.0,24422.5,20093.55,11.73,20.9,True,False,True,2.23,False,True,False,,False,False,,2026-08-01,2026-08-21,20200.0,11,0,0.743,20350.0,2026-08-06,2.723,20750.0,2026-08-07,0.248,20250.0,2026-08-10,-0.248,20150.0,2026-08-11,-0.248,20150.0,2026-08-12,-0.99,20000.0,2026-08-13,0.99,20400.0,2026-08-14,1.238,20450.0,2026-08-18,0.495,20300.0,2026-08-19,-1.238,19950.0,2026-08-20,-0.99,20000.0,2026-08-21,,,,,,,,,,,,,,,,,,,,,,,,,,,,2026-08-21,2.723,-1.238,2.723,-1.634,,,,,,,
024110,기업은행,2026-08-06,2026-08-06,REJECTED,48,TREND_BROKEN_OR_NOT_UPTREND,상승추세 안의 단기 조정 + 전저점 유지 | 상승 평행채널 유효(커버리지 92%) | 최근 추세 하단(싼 구간) 접촉 | 현재도 채널 하단권 | 추세 하단 부근 쌍바닥/Higher-Low 형태 | 이동평균선 밀집,중기 상승 구조 미확인,20350.0,False,8.13,True,0.9211,-0.1042,True,20736.25,22590.0,21550.0,24443.75,20114.1625,11.01,20.12,True,False,True,2.23,False,True,False,,False,False,,2026-08-01,2026-08-21,20350.0,10,0,1.966,20750.0,2026-08-07,-0.491,20250.0,2026-08-10,-0.983,20150.0,2026-08-11,-0.983,20150.0,2026-08-12,-1.72,20000.0,2026-08-13,0.246,20400.0,2026-08-14,0.491,20450.0,2026-08-18,-0.246,20300.0,2026-08-19,-1.966,19950.0,2026-08-20,-1.72,20000.0,2026-08-21,,,,,,,,,,,,,,,,,,,,,,,,,,,,,,,2026-08-21,1.966,-1.966,1.966,-2.359,,,,,,,
024110,기업은행,2026-08-07,2026-08-07,REJECTED,48,TREND_BROKEN_OR_NOT_UPTREND,상승추세 안의 단기 조정 + 전저점 유지 | 상승 평행채널 유효(커버리지 92%) | 최근 추세 하단(싼 구간) 접촉 | 현재도 채널 하단권 | 추세 하단 부근 쌍바닥/Higher-Low 형태 | 이동평균선 밀집,중기 상승 구조 미확인,20750.0,False,6.32,True,0.9221,-0.002,True,20757.5,22611.25,21550.0,24465.0,20134.775,8.97,17.9,True,False,True,2.06,False,True,False,,False,False,,2026-08-01,2026-08-21,20750.0,9,0,-2.41,20250.0,2026-08-10,-2.892,20150.0,2026-08-11,-2.892,20150.0,2026-08-12,-3.614,20000.0,2026-08-13,-1.687,20400.0,2026-08-14,-1.446,20450.0,2026-08-18,-2.169,20300.0,2026-08-19,-3.855,19950.0,2026-08-20,-3.614,20000.0,2026-08-21,,,,,,,,,,,,,,,,,,,,,,,,,,,,,,,,,,2026-08-21,-1.446,-3.855,-0.241,-4.241,,,,,,,
024110,기업은행,2026-08-10,2026-08-10,REJECTED,48,TREND_BROKEN_OR_NOT_UPTREND,상승추세 안의 단기 조정 + 전저점 유지 | 상승 평행채널 유효(커버리지 91%) | 최근 추세 하단(싼 구간) 접촉 | 현재도 채널 하단권 | 추세 하단 부근 쌍바닥/Higher-Low 형태 | 이동평균선 밀집,중기 상승 구조 미확인,20250.0,False,8.58,True,0.9103,-0.1426,True,20778.75,22632.5,21550.0,24486.25,20155.3875,11.77,20.92,True,False,True,2.05,False,True,False,,False,False,,2026-08-01,2026-08-21,20250.0,8,0,-0.494,20150.0,2026-08-11,-0.494,20150.0,2026-08-12,-1.235,20000.0,2026-08-13,0.741,20400.0,2026-08-14,0.988,20450.0,2026-08-18,0.247,20300.0,2026-08-19,-1.481,19950.0,2026-08-20,-1.235,20000.0,2026-08-21,,,,,,,,,,,,,,,,,,,,,,,,,,,,,,,,,,,,,2026-08-21,0.988,-1.481,1.235,-1.877,,,,,,,
024110,기업은행,2026-08-11,2026-08-11,REJECTED,48,TREND_BROKEN_OR_NOT_UPTREND,상승추세 안의 단기 조정 + 전저점 유지 | 상승 평행채널 유효(커버리지 90%) | 최근 추세 하단(싼 구간) 접촉 | 현재도 채널 하단권 | 추세 하단 부근 쌍바닥/Higher-Low 형태 | 이동평균선 밀집,중기 상승 구조 미확인,20150.0,False,9.03,True,0.8987,-0.1753,True,20800.0,22653.75,21550.0,24507.5,20176.0,12.43,21.63,True,False,True,2.16,False,True,False,,False,False,,2026-08-01,2026-08-21,20150.0,7,0,0.0,20150.0,2026-08-12,-0.744,20000.0,2026-08-13,1.241,20400.0,2026-08-14,1.489,20450.0,2026-08-18,0.744,20300.0,2026-08-19,-0.993,19950.0,2026-08-20,-0.744,20000.0,2026-08-21,,,,,,,,,,,,,,,,,,,,,,,,,,,,,,,,,,,,,,,,2026-08-21,1.489,-0.993,1.737,-1.39,,,,,,,
024110,기업은행,2026-08-12,2026-08-12,REJECTED,48,TREND_BROKEN_OR_NOT_UPTREND,상승추세 안의 단기 조정 + 전저점 유지 | 상승 평행채널 유효(커버리지 91%) | 최근 추세 하단(싼 구간) 접촉 | 현재도 채널 하단권 | 추세 하단 부근 쌍바닥/Higher-Low 형태 | 이동평균선 밀집,중기 상승 구조 미확인,20150.0,False,9.03,True,0.9091,-0.0158,True,20188.8889,21419.4444,20750.0,22650.0,19583.2222,6.3,12.41,True,False,True,2.15,False,True,False,,False,False,,2026-08-01,2026-08-21,20150.0,6,0,-0.744,20000.0,2026-08-13,1.241,20400.0,2026-08-14,1.489,20450.0,2026-08-18,0.744,20300.0,2026-08-19,-0.993,19950.0,2026-08-20,-0.744,20000.0,2026-08-21,,,,,,,,,,,,,,,,,,,,,,,,,,,,,,,,,,,,,,,,,,,2026-08-21,1.489,-0.993,1.737,-1.39,,,,,,,
024110,기업은행,2026-08-13,2026-08-13,REJECTED,48,TREND_BROKEN_OR_NOT_UPTREND,상승추세 안의 단기 조정 + 전저점 유지 | 상승 평행채널 유효(커버리지 91%) | 최근 추세 하단(싼 구간) 접촉 | 현재도 채널 하단권 | 추세 하단 부근 쌍바닥/Higher-Low 형태 | 이동평균선 밀집,중기 상승 구조 미확인,20000.0,False,9.71,True,0.9107,-0.0575,True,20145.5556,21411.6667,20750.0,22677.7778,19541.1889,7.06,13.39,True,False,True,2.46,False,True,False,,False,False,,2026-08-01,2026-08-21,20000.0,5,0,2.0,20400.0,2026-08-14,2.25,20450.0,2026-08-18,1.5,20300.0,2026-08-19,-0.25,19950.0,2026-08-20,0.0,20000.0,2026-08-21,,,,,,,,,,,,,,,,,,,,,,,,,,,,,,,,,,,,,,,,,,,,,,2026-08-21,2.25,-0.25,2.5,-0.65,,,,,,,
024110,기업은행,2026-08-14,2026-08-14,REJECTED,48,TREND_BROKEN_OR_NOT_UPTREND,상승추세 안의 단기 조정 + 전저점 유지 | 상승 평행채널 유효(커버리지 91%) | 최근 추세 하단(싼 구간) 접촉 | 현재도 채널 하단권 | 추세 하단 부근 쌍바닥/Higher-Low 형태 | 이동평균선 밀집,중기 상승 구조 미확인,20400.0,False,5.77,True,0.9123,0.0895,True,20173.3333,21439.4444,20750.0,22705.5556,19568.1333,5.1,11.3,True,False,True,2.74,False,True,False,,False,False,,2026-08-01,2026-08-21,20400.0,4,0,0.245,20450.0,2026-08-18,-0.49,20300.0,2026-08-19,-2.206,19950.0,2026-08-20,-1.961,20000.0,2026-08-21,,,,,,,,,,,,,,,,,,,,,,,,,,,,,,,,,,,,,,,,,,,,,,,,,2026-08-21,0.245,-2.206,0.49,-2.598,,,,,,,
024110,기업은행,2026-08-18,2026-08-18,REJECTED,48,TREND_BROKEN_OR_NOT_UPTREND,상승추세 안의 단기 조정 + 전저점 유지 | 상승 평행채널 유효(커버리지 91%) | 최근 추세 하단(싼 구간) 접촉 | 현재도 채널 하단권 | 추세 하단 부근 쌍바닥/Higher-Low 형태 | 이동평균선 밀집,중기 상승 구조 미확인,20450.0,False,5.1,True,0.9138,0.0983,True,20201.1111,21467.2222,20750.0,22733.3333,19595.0778,4.97,11.17,True,False,True,2.55,False,True,False,,False,False,,2026-08-01,2026-08-21,20450.0,3,0,-0.733,20300.0,2026-08-19,-2.445,19950.0,2026-08-20,-2.2,20000.0,2026-08-21,,,,,,,,,,,,,,,,,,,,,,,,,,,,,,,,,,,,,,,,,,,,,,,,,,,,2026-08-21,-0.733,-2.445,-0.733,-2.836,,,,,,,
024110,기업은행,2026-08-19,2026-08-19,REJECTED,48,TREND_BROKEN_OR_NOT_UPTREND,상승추세 안의 단기 조정 + 전저점 유지 | 상승 평행채널 유효(커버리지 92%) | 최근 추세 하단(싼 구간) 접촉 | 현재도 채널 하단권 | 추세 하단 부근 쌍바닥/Higher-Low 형태 | 이동평균선 밀집,중기 상승 구조 미확인,20300.0,False,5.8,True,0.9153,0.0281,True,20228.8889,21495.0,20750.0,22761.1111,19622.0222,5.89,12.12,True,False,True,2.41,False,True,False,,False,False,,2026-08-01,2026-08-21,20300.0,2,0,-1.724,19950.0,2026-08-20,-1.478,20000.0,2026-08-21,,,,,,,,,,,,,,,,,,,,,,,,,,,,,,,,,,,,,,,,,,,,,,,,,,,,,,,2026-08-21,-1.478,-1.724,0.0,-2.118,,,,,,,
024110,기업은행,2026-08-20,2026-08-20,REJECTED,48,TREND_BROKEN_OR_NOT_UPTREND,상승추세 안의 단기 조정 + 전저점 유지 | 상승 평행채널 유효(커버리지 90%) | 최근 추세 하단(싼 구간) 접촉 | 현재도 채널 하단권 | 추세 하단 부근 쌍바닥/Higher-Low 형태 | 이동평균선 밀집,중기 상승 구조 미확인,19950.0,False,7.42,True,0.9,-0.1211,True,20256.6667,21522.7778,20750.0,22788.8889,19648.9667,7.88,14.23,True,False,True,2.57,False,True,False,,False,False,,2026-08-01,2026-08-21,19950.0,1,0,0.251,20000.0,2026-08-21,,,,,,,,,,,,,,,,,,,,,,,,,,,,,,,,,,,,,,,,,,,,,,,,,,,,,,,,,,2026-08-21,0.251,0.251,0.752,-0.401,,,,,,,
024110,기업은행,2026-08-21,2026-08-21,REJECTED,48,TREND_BROKEN_OR_NOT_UPTREND,상승추세 안의 단기 조정 + 전저점 유지 | 상승 평행채널 유효(커버리지 100%) | 최근 추세 하단(싼 구간) 접촉 | 현재도 채널 하단권 | 추세 하단 부근 쌍바닥/Higher-Low 형태 | 이동평균선 밀집,중기 상승 구조 미확인,20000.0,False,7.19,True,1.0,-0.0604,True,20281.3793,22611.3793,20750.0,24941.3793,19672.9379,13.06,24.71,True,False,True,2.49,False,True,False,,False,False,,2026-08-01,2026-08-21,20000.0,0,0,,,,,,,,,,,,,,,,,,,,,,,,,,,,,,,,,,,,,,,,,,,,,,,,,,,,,,,,,,,,,,,,,,,,,,,,
035720,카카오,2026-08-03,2026-08-03,REJECTED,40,CONDITIONS_INCOMPLETE,중기 Higher High + Higher Low | 상승 평행채널 유효(커버리지 100%) | 최근 추세 하단(싼 구간) 접촉,,37200.0,True,1.85,True,1.0,0.7051,True,34908.3333,36533.3333,37900.0,38158.3333,33861.0833,-1.79,2.58,False,False,False,7.71,False,True,False,,False,False,,2026-08-01,2026-08-21,37200.0,13,0,1.882,37900.0,2026-08-04,2.554,38150.0,2026-08-05,2.957,38300.0,2026-08-06,7.258,39900.0,2026-08-07,6.317,39550.0,2026-08-10,9.409,40700.0,2026-08-11,6.317,39550.0,2026-08-12,7.796,40100.0,2026-08-13,7.527,40000.0,2026-08-14,2.823,38250.0,2026-08-18,0.538,37400.0,2026-08-19,4.032,38700.0,2026-08-20,-3.763,35800.0,2026-08-21,,,,,,,,,,,,,,,,,,,,,,2026-08-21,9.409,-3.763,11.425,-9.677,,,,,,,
035720,카카오,2026-08-04,2026-08-04,REJECTED,40,CONDITIONS_INCOMPLETE,중기 Higher High + Higher Low | 상승 평행채널 유효(커버리지 100%) | 최근 추세 하단(싼 구간) 접촉,,37900.0,True,0.26,True,1.0,0.894,True,34994.4444,36619.4444,37900.0,38244.4444,33944.6111,-3.38,0.91,False,False,False,6.94,False,True,False,,False,False,,2026-08-01,2026-08-21,37900.0,12,0,0.66,38150.0,2026-08-05,1.055,38300.0,2026-08-06,5.277,39900.0,2026-08-07,4.354,39550.0,2026-08-10,7.388,40700.0,2026-08-11,4.354,39550.0,2026-08-12,5.805,40100.0,2026-08-13,5.541,40000.0,2026-08-14,0.923,38250.0,2026-08-18,-1.319,37400.0,2026-08-19,2.111,38700.0,2026-08-20,-5.541,35800.0,2026-08-21,,,,,,,,,,,,,,,,,,,,,,,,,2026-08-21,7.388,-5.541,9.367,-11.346,,,,,,,
035720,카카오,2026-08-05,2026-08-05,WATCH,58,LOWER_CHANNEL_WATCH,중기 Higher High + Higher Low | 상승추세 안의 단기 조정 + 전저점 유지 | 상승 평행채널 유효(커버리지 100%) | 최근 추세 하단(싼 구간) 접촉 | 이동평균선 밀집,,38150.0,True,3.05,True,1.0,0.9444,True,35080.5556,36705.5556,37900.0,38330.5556,34028.1389,-3.79,0.47,False,False,True,6.19,False,True,False,,False,False,,2026-08-01,2026-08-21,38150.0,11,0,0.393,38300.0,2026-08-06,4.587,39900.0,2026-08-07,3.67,39550.0,2026-08-10,6.684,40700.0,2026-08-11,3.67,39550.0,2026-08-12,5.111,40100.0,2026-08-13,4.849,40000.0,2026-08-14,0.262,38250.0,2026-08-18,-1.966,37400.0,2026-08-19,1.442,38700.0,2026-08-20,-6.16,35800.0,2026-08-21,,,,,,,,,,,,,,,,,,,,,,,,,,,,2026-08-21,6.684,-6.16,8.65,-11.927,,,,1.0,0.0,UPPER,2026-08-07
035720,카카오,2026-08-06,2026-08-06,REJECTED,56,CONDITIONS_INCOMPLETE,중기 Higher High + Higher Low | 상승 평행채널 유효(커버리지 100%) | 최근 추세 하단(싼 구간) 접촉 | 이동평균선 밀집 | 이동평균선 재돌파,,38300.0,True,2.67,True,1.0,0.9641,True,35166.6667,36791.6667,37900.0,38416.6667,34111.6667,-3.94,0.3,False,False,True,5.41,True,False,False,,False,False,,2026-08-01,2026-08-21,38300.0,10,0,4.178,39900.0,2026-08-07,3.264,39550.0,2026-08-10,6.266,40700.0,2026-08-11,3.264,39550.0,2026-08-12,4.7,40100.0,2026-08-13,4.439,40000.0,2026-08-14,-0.131,38250.0,2026-08-18,-2.35,37400.0,2026-08-19,1.044,38700.0,2026-08-20,-6.527,35800.0,2026-08-21,,,,,,,,,,,,,,,,,,,,,,,,,,,,,,,2026-08-21,6.266,-6.527,8.225,-12.272,,,,,,,
035720,카카오,2026-08-07,2026-08-07,WATCH,58,LOWER_CHANNEL_WATCH,중기 Higher High + Higher Low | 상승 평행채널 유효(커버리지 96%) | 최근 추세 하단(싼 구간) 접촉 | 이동평균선 밀집 | 이동평균선 재돌파 | 재상승 후 5일선 지지,,39900.0,True,1.72,True,0.9615,1.4299,True,35252.7778,36877.7778,37900.0,38502.7778,34195.1944,-7.57,-3.5,False,False,True,4.87,True,True,False,,False,False,,2026-08-01,2026-08-21,39900.0,9,0,-0.877,39550.0,2026-08-10,2.005,40700.0,2026-08-11,-0.877,39550.0,2026-08-12,0.501,40100.0,2026-08-13,0.251,40000.0,2026-08-14,-4.135,38250.0,2026-08-18,-6.266,37400.0,2026-08-19,-3.008,38700.0,2026-08-20,-10.276,35800.0,2026-08-21,,,,,,,,,,,,,,,,,,,,,,,,,,,,,,,,,,2026-08-21,2.005,-10.276,3.885,-15.789,,,,,1.0,STOP,2026-08-21
035720,카카오,2026-08-10,2026-08-10,WATCH,58,LOWER_CHANNEL_WATCH,중기 Higher High + Higher Low | 상승 평행채널 유효(커버리지 93%) | 최근 추세 하단(싼 구간) 접촉 | 이동평균선 밀집 | 이동평균선 재돌파 | 재상승 후 5일선 지지,,39550.0,True,2.59,True,0.9259,1.2957,True,35338.8889,36963.8889,37900.0,38588.8889,34278.7222,-6.54,-2.43,False,False,True,5.57,True,True,False,,False,False,,2026-08-01,2026-08-21,39550.0,8,0,2.908,40700.0,2026-08-11,0.0,39550.0,2026-08-12,1.391,40100.0,2026-08-13,1.138,40000.0,2026-08-14,-3.287,38250.0,2026-08-18,-5.436,37400.0,2026-08-19,-2.149,38700.0,2026-08-20,-9.482,35800.0,2026-08-21,,,,,,,,,,,,,,,,,,,,,,,,,,,,,,,,,,,,,2026-08-21,2.908,-9.482,4.804,-15.044,,,,,1.0,STOP,2026-08-21
035720,카카오,2026-08-11,2026-08-11,WATCH,58,LOWER_CHANNEL_WATCH,중기 Higher High + Higher Low | 상승 평행채널 유효(커버리지 89%) | 최근 추세 하단(싼 구간) 접촉 | 이동평균선 밀집 | 이동평균선 재돌파 | 재상승 후 5일선 지지,,40700.0,True,0.73,True,0.8929,1.6231,True,35425.0,37050.0,37900.0,38675.0,34362.25,-8.97,-4.98,False,False,True,6.06,True,True,False,,False,False,,2026-08-01,2026-08-21,40700.0,7,0,-2.826,39550.0,2026-08-12,-1.474,40100.0,2026-08-13,-1.72,40000.0,2026-08-14,-6.02,38250.0,2026-08-18,-8.108,37400.0,2026-08-19,-4.914,38700.0,2026-08-20,-12.039,35800.0,2026-08-21,,,,,,,,,,,,,,,,,,,,,,,,,,,,,,,,,,,,,,,,2026-08-21,-1.474,-12.039,1.843,-17.445,,,,,1.0,STOP,2026-08-21
035720,카카오,2026-08-12,2026-08-12,WATCH,58,LOWER_CHANNEL_WATCH,중기 Higher High + Higher Low | 상승추세 안의 단기 조정 + 전저점 유지 | 상승 평행채널 유효(커버리지 86%) | 최근 추세 하단(싼 구간) 접촉 | 이동평균선 밀집,,39550.0,True,4.58,True,0.8621,1.2427,True,35511.1111,37136.1111,37900.0,38761.1111,34445.7778,-6.1,-1.99,False,False,True,6.22,False,True,False,,False,False,,2026-08-01,2026-08-21,39550.0,6,0,1.391,40100.0,2026-08-13,1.138,40000.0,2026-08-14,-3.287,38250.0,2026-08-18,-5.436,37400.0,2026-08-19,-2.149,38700.0,2026-08-20,-9.482,35800.0,2026-08-21,,,,,,,,,,,,,,,,,,,,,,,,,,,,,,,,,,,,,,,,,,,2026-08-21,1.391,-9.482,4.678,-15.044,,,,,1.0,STOP,2026-08-21
035720,카카오,2026-08-13,2026-08-13,WATCH,68,LOWER_CHANNEL_WATCH,중기 Higher High + Higher Low | 상승추세 안의 단기 조정 + 전저점 유지 | 상승 평행채널 유효(커버리지 83%) | 최근 추세 하단(싼 구간) 접촉 | 이동평균선 밀집 | 이동평균선 재돌파 | 재상승 후 5일선 지지,,40100.0,True,3.26,True,0.8333,1.3855,True,35597.2222,37222.2222,37900.0,38847.2222,34529.3056,-7.18,-3.12,False,False,True,6.38,True,True,False,,False,False,,2026-08-01,2026-08-21,40100.0,5,0,-0.249,40000.0,2026-08-14,-4.613,38250.0,2026-08-18,-6.733,37400.0,2026-08-19,-3.491,38700.0,2026-08-20,-10.723,35800.0,2026-08-21,,,,,,,,,,,,,,,,,,,,,,,,,,,,,,,,,,,,,,,,,,,,,,2026-08-21,-0.249,-10.723,3.242,-16.209,,,,,1.0,STOP,2026-08-21
035720,카카오,2026-08-14,2026-08-14,WATCH,68,LOWER_CHANNEL_WATCH,중기 Higher High + Higher Low | 상승추세 안의 단기 조정 + 전저점 유지 | 상승 평행채널 유효(커버리지 81%) | 최근 추세 하단(싼 구간) 접촉 | 이동평균선 밀집 | 이동평균선 재돌파 | 재상승 후 5일선 지지,,40000.0,True,3.5,True,0.8065,1.3282,True,35683.3333,37308.3333,37900.0,38933.3333,34612.8333,-6.73,-2.67,False,False,True,5.94,True,True,False,,False,False,,2026-08-01,2026-08-21,40000.0,4,0,-4.375,38250.0,2026-08-18,-6.5,37400.0,2026-08-19,-3.25,38700.0,2026-08-20,-10.5,35800.0,2026-08-21,,,,,,,,,,,,,,,,,,,,,,,,,,,,,,,,,,,,,,,,,,,,,,,,,2026-08-21,-3.25,-10.5,-0.375,-16.0,,,,,1.0,STOP,2026-08-21
035720,카카오,2026-08-18,2026-08-18,WATCH,63,LOWER_CHANNEL_WATCH,중기 Higher High + Higher Low | 상승추세 안의 단기 조정 + 전저점 유지 | 상승 평행채널 유효(커버리지 100%) | 최근 추세 하단(싼 구간) 접촉 | 현재도 채널 하단권 | 이동평균선 밀집,,38250.0,True,7.72,True,1.0,0.2475,True,37017.8571,39507.1429,41450.0,41996.4286,35907.3214,3.29,9.79,False,False,True,5.2,False,False,False,,False,False,,2026-08-01,2026-08-21,38250.0,3,0,-2.222,37400.0,2026-08-19,1.176,38700.0,2026-08-20,-6.405,35800.0,2026-08-21,,,,,,,,,,,,,,,,,,,,,,,,,,,,,,,,,,,,,,,,,,,,,,,,,,,,2026-08-21,1.176,-6.405,3.007,-12.157,,0.0,0.0,0.0,1.0,STOP,2026-08-21
035720,카카오,2026-08-19,2026-08-19,WATCH,63,LOWER_CHANNEL_WATCH,중기 Higher High + Higher Low | 상승추세 안의 단기 조정 + 전저점 유지 | 상승 평행채널 유효(커버리지 100%) | 최근 추세 하단(싼 구간) 접촉 | 현재도 채널 하단권 | 이동평균선 밀집,,37400.0,True,9.77,True,1.0,0.0402,True,37200.0,39689.2857,41450.0,42178.5714,36084.0,6.12,12.78,False,False,True,3.75,False,False,False,,False,False,,2026-08-01,2026-08-21,37400.0,2,0,3.476,38700.0,2026-08-20,-4.278,35800.0,2026-08-21,,,,,,,,,,,,,,,,,,,,,,,,,,,,,,,,,,,,,,,,,,,,,,,,,,,,,,,2026-08-21,3.476,-4.278,5.348,-10.16,,0.0,0.0,0.0,1.0,STOP,2026-08-21
035720,카카오,2026-08-20,2026-08-20,WATCH,63,LOWER_CHANNEL_WATCH,중기 Higher High + Higher Low | 상승추세 안의 단기 조정 + 전저점 유지 | 상승 평행채널 유효(커버리지 100%) | 최근 추세 하단(싼 구간) 접촉 | 현재도 채널 하단권 | 이동평균선 밀집,,38700.0,True,6.63,True,1.0,0.2647,True,37382.1429,39871.4286,41450.0,42360.7143,36260.6786,3.03,9.46,False,False,True,3.32,False,False,False,,False,False,,2026-08-01,2026-08-21,38700.0,1,0,-7.494,35800.0,2026-08-21,,,,,,,,,,,,,,,,,,,,,,,,,,,,,,,,,,,,,,,,,,,,,,,,,,,,,,,,,,2026-08-21,-7.494,-7.494,0.129,-13.178,,0.0,0.0,0.0,1.0,STOP,2026-08-21
035720,카카오,2026-08-21,2026-08-21,REJECTED,53,TREND_BROKEN_OR_NOT_UPTREND,중기 Higher High + Higher Low | 상승 평행채널 유효(커버리지 97%) | 최근 추세 하단(싼 구간) 접촉 | 현재도 채널 하단권 | 이동평균선 밀집,최근 스윙 저점 이탈 위험,35800.0,True,13.63,False,0.9714,-0.3544,True,37564.2857,40053.5714,41450.0,42542.8571,36437.3571,11.88,18.83,False,False,True,1.45,False,False,False,,False,False,,2026-08-01,2026-08-21,35800.0,0,0,,,,,,,,,,,,,,,,,,,,,,,,,,,,,,,,,,,,,,,,,,,,,,,,,,,,,,,,,,,,,,,,,,,,,,,,
086280,현대글로비스,2026-08-03,2026-08-03,WATCH,60,LOWER_CHANNEL_WATCH,중기 Higher High + Higher Low | 상승추세 안의 단기 조정 + 전저점 유지 | 상승 평행채널 유효(커버리지 95%) | 최근 추세 하단(싼 구간) 접촉 | 현재도 채널 하단권 | 추세 하단 부근 쌍바닥/Higher-Low 형태,,199900.0,True,7.02,True,0.9531,0.2476,True,179978.9474,220200.0,215000.0,260421.0526,177413.0,10.16,30.28,True,False,False,8.25,False,True,False,,False,False,,2026-08-01,2026-08-21,199900.0,13,0,0.05,200000.0,2026-08-04,2.801,205500.0,2026-08-05,3.802,207500.0,2026-08-06,3.802,207500.0,2026-08-07,1.551,203000.0,2026-08-10,0.8,201500.0,2026-08-11,-0.1,199700.0,2026-08-12,2.301,204500.0,2026-08-13,5.553,211000.0,2026-08-14,3.302,206500.0,2026-08-18,1.801,203500.0,2026-08-19,-0.05,199800.0,2026-08-20,-1.601,196700.0,2026-08-21,,,,,,,,,,,,,,,,,,,,,,2026-08-21,5.553,-1.601,6.553,-2.951,,0.0,0.0,0.0,0.0,TIMEOUT,2026-08-21
086280,현대글로비스,2026-08-04,2026-08-04,WATCH,60,LOWER_CHANNEL_WATCH,중기 Higher High + Higher Low | 상승추세 안의 단기 조정 + 전저점 유지 | 상승 평행채널 유효(커버리지 95%) | 최근 추세 하단(싼 구간) 접촉 | 현재도 채널 하단권 | 추세 하단 부근 쌍바닥/Higher-Low 형태,,200000.0,True,6.98,True,0.9538,0.2459,True,180215.7895,220436.8421,215000.0,260657.8947,177413.0,10.22,30.33,True,False,False,7.91,False,True,False,,False,False,,2026-08-01,2026-08-21,200000.0,12,0,2.75,205500.0,2026-08-05,3.75,207500.0,2026-08-06,3.75,207500.0,2026-08-07,1.5,203000.0,2026-08-10,0.75,201500.0,2026-08-11,-0.15,199700.0,2026-08-12,2.25,204500.0,2026-08-13,5.5,211000.0,2026-08-14,3.25,206500.0,2026-08-18,1.75,203500.0,2026-08-19,-0.1,199800.0,2026-08-20,-1.65,196700.0,2026-08-21,,,,,,,,,,,,,,,,,,,,,,,,,2026-08-21,5.5,-1.65,6.5,-3.0,,0.0,0.0,0.0,0.0,TIMEOUT,2026-08-21
086280,현대글로비스,2026-08-05,2026-08-05,WATCH,60,LOWER_CHANNEL_WATCH,중기 Higher High + Higher Low | 상승추세 안의 단기 조정 + 전저점 유지 | 상승 평행채널 유효(커버리지 95%) | 최근 추세 하단(싼 구간) 접촉 | 현재도 채널 하단권 | 추세 하단 부근 쌍바닥/Higher-Low 형태,,205500.0,True,4.42,True,0.9545,0.3114,True,180452.6316,220673.6842,215000.0,260894.7368,177413.0,7.38,26.96,True,False,False,7.1,False,True,False,,False,False,,2026-08-01,2026-08-21,205500.0,11,0,0.973,207500.0,2026-08-06,0.973,207500.0,2026-08-07,-1.217,203000.0,2026-08-10,-1.946,201500.0,2026-08-11,-2.822,199700.0,2026-08-12,-0.487,204500.0,2026-08-13,2.676,211000.0,2026-08-14,0.487,206500.0,2026-08-18,-0.973,203500.0,2026-08-19,-2.774,199800.0,2026-08-20,-4.282,196700.0,2026-08-21,,,,,,,,,,,,,,,,,,,,,,,,,,,,2026-08-21,2.676,-4.282,3.65,-5.596,,0.0,0.0,0.0,0.0,TIMEOUT,2026-08-21
086280,현대글로비스,2026-08-06,2026-08-06,WATCH,68,LOWER_CHANNEL_WATCH,중기 Higher High + Higher Low | 상승추세 안의 단기 조정 + 전저점 유지 | 상승 평행채널 유효(커버리지 96%) | 최근 추세 하단(싼 구간) 접촉 | 현재도 채널 하단권 | 추세 하단 부근 쌍바닥/Higher-Low 형태 | 이동평균선 밀집,,207500.0,True,3.49,True,0.9552,0.3333,True,180689.4737,220910.5263,215000.0,261131.5789,177413.0,6.46,25.85,True,False,True,6.27,False,True,False,,False,False,,2026-08-01,2026-08-21,207500.0,10,0,0.0,207500.0,2026-08-07,-2.169,203000.0,2026-08-10,-2.892,201500.0,2026-08-11,-3.759,199700.0,2026-08-12,-1.446,204500.0,2026-08-13,1.687,211000.0,2026-08-14,-0.482,206500.0,2026-08-18,-1.928,203500.0,2026-08-19,-3.711,199800.0,2026-08-20,-5.205,196700.0,2026-08-21,,,,,,,,,,,,,,,,,,,,,,,,,,,,,,,2026-08-21,1.687,-5.205,2.651,-6.506,,0.0,0.0,0.0,0.0,TIMEOUT,2026-08-21
086280,현대글로비스,2026-08-07,2026-08-07,CONFIRMED,78,LOWER_CHANNEL_CONFIRMED_REVERSAL,중기 Higher High + Higher Low | 상승추세 안의 단기 조정 + 전저점 유지 | 상승 평행채널 유효(커버리지 96%) | 최근 추세 하단(싼 구간) 접촉 | 현재도 채널 하단권 | 추세 하단 부근 쌍바닥/Higher-Low 형태 | 이동평균선 밀집 | 이동평균선 재돌파 | 재상승 후 5일선 지지,,207500.0,True,3.49,True,0.9559,0.3303,True,180926.3158,221147.3684,215000.0,261368.4211,177413.0,6.58,25.96,True,False,True,5.24,True,True,False,,False,False,,2026-08-01,2026-08-21,207500.0,9,0,-2.169,203000.0,2026-08-10,-2.892,201500.0,2026-08-11,-3.759,199700.0,2026-08-12,-1.446,204500.0,2026-08-13,1.687,211000.0,2026-08-14,-0.482,206500.0,2026-08-18,-1.928,203500.0,2026-08-19,-3.711,199800.0,2026-08-20,-5.205,196700.0,2026-08-21,,,,,,,,,,,,,,,,,,,,,,,,,,,,,,,,,,2026-08-21,1.687,-5.205,2.651,-6.506,,0.0,0.0,0.0,0.0,TIMEOUT,2026-08-21
086280,현대글로비스,2026-08-10,2026-08-10,WATCH,68,LOWER_CHANNEL_WATCH,중기 Higher High + Higher Low | 상승추세 안의 단기 조정 + 전저점 유지 | 상승 평행채널 유효(커버리지 96%) | 최근 추세 하단(싼 구간) 접촉 | 현재도 채널 하단권 | 추세 하단 부근 쌍바닥/Higher-Low 형태 | 이동평균선 밀집,,203000.0,True,5.58,True,0.9565,0.2715,True,181163.1579,221384.2105,215000.0,261605.2632,177413.0,9.06,28.87,True,False,True,4.41,False,False,False,,False,False,,2026-08-01,2026-08-21,203000.0,8,0,-0.739,201500.0,2026-08-11,-1.626,199700.0,2026-08-12,0.739,204500.0,2026-08-13,3.941,211000.0,2026-08-14,1.724,206500.0,2026-08-18,0.246,203500.0,2026-08-19,-1.576,199800.0,2026-08-20,-3.103,196700.0,2026-08-21,,,,,,,,,,,,,,,,,,,,,,,,,,,,,,,,,,,,,2026-08-21,3.941,-3.103,4.926,-4.433,,0.0,0.0,0.0,0.0,TIMEOUT,2026-08-21
086280,현대글로비스,2026-08-11,2026-08-11,REJECTED,48,TREND_BROKEN_OR_NOT_UPTREND,상승추세 안의 단기 조정 + 전저점 유지 | 상승 평행채널 유효(커버리지 96%) | 최근 추세 하단(싼 구간) 접촉 | 현재도 채널 하단권 | 추세 하단 부근 쌍바닥/Higher-Low 형태 | 이동평균선 밀집,중기 상승 구조 미확인,201500.0,False,6.28,True,0.9571,0.2499,True,181400.0,221621.0526,209000.0,261842.1053,177413.0,9.99,29.95,True,False,True,3.87,False,True,False,,False,False,,2026-08-01,2026-08-21,201500.0,7,0,-0.893,199700.0,2026-08-12,1.489,204500.0,2026-08-13,4.715,211000.0,2026-08-14,2.481,206500.0,2026-08-18,0.993,203500.0,2026-08-19,-0.844,199800.0,2026-08-20,-2.382,196700.0,2026-08-21,,,,,,,,,,,,,,,,,,,,,,,,,,,,,,,,,,,,,,,,2026-08-21,4.715,-2.382,5.707,-3.722,,,,,,,
086280,현대글로비스,2026-08-12,2026-08-12,REJECTED,48,TREND_BROKEN_OR_NOT_UPTREND,상승추세 안의 단기 조정 + 전저점 유지 | 상승 평행채널 유효(커버리지 96%) | 최근 추세 하단(싼 구간) 접촉 | 현재도 채널 하단권 | 추세 하단 부근 쌍바닥/Higher-Low 형태 | 이동평균선 밀집,중기 상승 구조 미확인,199700.0,False,7.12,True,0.9577,0.2245,True,181636.8421,221857.8947,209000.0,262078.9474,177413.0,11.1,31.24,True,False,True,2.87,False,True,False,,False,False,,2026-08-01,2026-08-21,199700.0,6,0,2.404,204500.0,2026-08-13,5.658,211000.0,2026-08-14,3.405,206500.0,2026-08-18,1.903,203500.0,2026-08-19,0.05,199800.0,2026-08-20,-1.502,196700.0,2026-08-21,,,,,,,,,,,,,,,,,,,,,,,,,,,,,,,,,,,,,,,,,,,2026-08-21,5.658,-1.502,6.66,-2.854,,,,,,,
086280,현대글로비스,2026-08-13,2026-08-13,REJECTED,58,TREND_BROKEN_OR_NOT_UPTREND,상승추세 안의 단기 조정 + 전저점 유지 | 상승 평행채널 유효(커버리지 96%) | 최근 추세 하단(싼 구간) 접촉 | 현재도 채널 하단권 | 추세 하단 부근 쌍바닥/Higher-Low 형태 | 이동평균선 밀집 | 이동평균선 재돌파 | 재상승 후 5일선 지지,중기 상승 구조 미확인,204500.0,False,4.88,True,0.9583,0.2813,True,181873.6842,222094.7368,209000.0,262315.7895,192254.0,8.6,28.27,True,False,True,2.23,True,True,False,,False,False,,2026-08-01,2026-08-21,204500.0,5,0,3.178,211000.0,2026-08-14,0.978,206500.0,2026-08-18,-0.489,203500.0,2026-08-19,-2.298,199800.0,2026-08-20,-3.814,196700.0,2026-08-21,,,,,,,,,,,,,,,,,,,,,,,,,,,,,,,,,,,,,,,,,,,,,,2026-08-21,3.178,-3.814,4.156,-5.134,,,,,,,
086280,현대글로비스,2026-08-14,2026-08-14,REJECTED,43,TREND_BROKEN_OR_NOT_UPTREND,상승 평행채널 유효(커버리지 96%) | 최근 추세 하단(싼 구간) 접촉 | 추세 하단 부근 쌍바닥/Higher-Low 형태 | 이동평균선 밀집 | 이동평균선 재돌파 | 재상승 후 5일선 지지,중기 상승 구조 미확인,211000.0,False,1.86,True,0.9589,0.3591,True,182110.5263,222331.5789,209000.0,262552.6316,192254.0,5.37,24.43,True,False,True,1.92,True,True,False,,False,False,,2026-08-01,2026-08-21,211000.0,4,0,-2.133,206500.0,2026-08-18,-3.555,203500.0,2026-08-19,-5.308,199800.0,2026-08-20,-6.777,196700.0,2026-08-21,,,,,,,,,,,,,,,,,,,,,,,,,,,,,,,,,,,,,,,,,,,,,,,,,2026-08-21,-2.133,-6.777,0.948,-8.057,,,,,,,
086280,현대글로비스,2026-08-18,2026-08-18,REJECTED,58,TREND_BROKEN_OR_NOT_UPTREND,상승추세 안의 단기 조정 + 전저점 유지 | 상승 평행채널 유효(커버리지 96%) | 최근 추세 하단(싼 구간) 접촉 | 현재도 채널 하단권 | 추세 하단 부근 쌍바닥/Higher-Low 형태 | 이동평균선 밀집 | 이동평균선 재돌파 | 재상승 후 5일선 지지,중기 상승 구조 미확인,206500.0,False,3.95,True,0.9595,0.3002,True,182347.3684,222568.4211,209000.0,262789.4737,192254.0,7.78,27.26,True,False,True,1.81,True,True,False,,False,False,,2026-08-01,2026-08-21,206500.0,3,0,-1.453,203500.0,2026-08-19,-3.245,199800.0,2026-08-20,-4.746,196700.0,2026-08-21,,,,,,,,,,,,,,,,,,,,,,,,,,,,,,,,,,,,,,,,,,,,,,,,,,,,2026-08-21,-1.453,-4.746,0.242,-6.053,,,,,,,
086280,현대글로비스,2026-08-19,2026-08-19,REJECTED,48,TREND_BROKEN_OR_NOT_UPTREND,상승추세 안의 단기 조정 + 전저점 유지 | 상승 평행채널 유효(커버리지 96%) | 최근 추세 하단(싼 구간) 접촉 | 현재도 채널 하단권 | 추세 하단 부근 쌍바닥/Higher-Low 형태 | 이동평균선 밀집,중기 상승 구조 미확인,203500.0,False,5.35,True,0.96,0.26,True,182584.2105,222805.2632,209000.0,263026.3158,192254.0,9.49,29.25,True,False,True,1.7,False,False,False,,False,False,,2026-08-01,2026-08-21,203500.0,2,0,-1.818,199800.0,2026-08-20,-3.342,196700.0,2026-08-21,,,,,,,,,,,,,,,,,,,,,,,,,,,,,,,,,,,,,,,,,,,,,,,,,,,,,,,2026-08-21,-1.818,-3.342,-0.246,-4.668,,,,,,,
086280,현대글로비스,2026-08-20,2026-08-20,REJECTED,48,TREND_BROKEN_OR_NOT_UPTREND,상승추세 안의 단기 조정 + 전저점 유지 | 상승 평행채널 유효(커버리지 96%) | 최근 추세 하단(싼 구간) 접촉 | 현재도 채널 하단권 | 추세 하단 부근 쌍바닥/Higher-Low 형태 | 이동평균선 밀집,중기 상승 구조 미확인,199800.0,False,7.07,True,0.9605,0.2111,True,182821.0526,223042.1053,209000.0,263263.1579,192254.0,11.63,31.76,True,False,True,1.61,False,False,False,,False,False,,2026-08-01,2026-08-21,199800.0,1,0,-1.552,196700.0,2026-08-21,,,,,,,,,,,,,,,,,,,,,,,,,,,,,,,,,,,,,,,,,,,,,,,,,,,,,,,,,,2026-08-21,-1.552,-1.552,-0.851,-2.903,,,,,,,
086280,현대글로비스,2026-08-21,2026-08-21,REJECTED,53,CONDITIONS_INCOMPLETE,중기 Higher High + Higher Low | 상승추세 안의 단기 조정 + 전저점 유지 | 상승 평행채널 유효(커버리지 100%) | 추세 하단 부근 쌍바닥/Higher-Low 형태 | 이동평균선 밀집,,196700.0,True,8.51,True,1.0,0.4382,False,183400.0,198575.0,213000.0,213750.0,192254.0,0.95,8.67,True,False,True,1.04,False,False,False,,False,False,,2026-08-01,2026-08-21,196700.0,0,0,,,,,,,,,,,,,,,,,,,,,,,,,,,,,,,,,,,,,,,,,,,,,,,,,,,,,,,,,,,,,,,,,,,,,,,,
003550,LG,2026-08-03,2026-08-03,REJECTED,35,TREND_BROKEN_OR_NOT_UPTREND,상승추세 안의 단기 조정 + 전저점 유지 | 상승 평행채널 유효(커버리지 100%) | 최근 추세 하단(싼 구간) 접촉 | 추세 하단 부근 쌍바닥/Higher-Low 형태,중기 상승 구조 미확인,99700.0,False,7.6,True,1.0,0.6456,True,92220.0,98013.3333,103700.0,103806.6667,89453.4,-1.69,4.12,True,False,False,11.84,False,True,False,,False,False,,2026-08-01,2026-08-21,99700.0,13,0,2.307,102000.0,2026-08-04,7.121,106800.0,2026-08-05,4.814,104500.0,2026-08-06,8.425,108100.0,2026-08-07,7.924,107600.0,2026-08-10,8.626,108300.0,2026-08-11,9.93,109600.0,2026-08-12,14.042,113700.0,2026-08-13,20.361,120000.0,2026-08-14,13.039,112700.0,2026-08-18,10.532,110200.0,2026-08-19,10.732,110400.0,2026-08-20,8.024,107700.0,2026-08-21,,,,,,,,,,,,,,,,,,,,,,2026-08-21,20.361,2.307,22.869,-1.705,,,,,,,
003550,LG,2026-08-04,2026-08-04,REJECTED,35,TREND_BROKEN_OR_NOT_UPTREND,상승추세 안의 단기 조정 + 전저점 유지 | 상승 평행채널 유효(커버리지 100%) | 최근 추세 하단(싼 구간) 접촉 | 추세 하단 부근 쌍바닥/Higher-Low 형태,중기 상승 구조 미확인,102000.0,False,5.47,True,1.0,0.8429,True,92233.3333,98026.6667,103700.0,103820.0,89466.3333,-3.9,1.78,True,False,False,9.78,False,True,False,,False,False,,2026-08-01,2026-08-21,102000.0,12,0,4.706,106800.0,2026-08-05,2.451,104500.0,2026-08-06,5.98,108100.0,2026-08-07,5.49,107600.0,2026-08-10,6.176,108300.0,2026-08-11,7.451,109600.0,2026-08-12,11.471,113700.0,2026-08-13,17.647,120000.0,2026-08-14,10.49,112700.0,2026-08-18,8.039,110200.0,2026-08-19,8.235,110400.0,2026-08-20,5.588,107700.0,2026-08-21,,,,,,,,,,,,,,,,,,,,,,,,,2026-08-21,17.647,2.451,20.098,0.0,,,,,,,
003550,LG,2026-08-05,2026-08-05,REJECTED,25,TREND_BROKEN_OR_NOT_UPTREND,상승 평행채널 유효(커버리지 96%) | 최근 추세 하단(싼 구간) 접촉 | 추세 하단 부근 쌍바닥/Higher-Low 형태,중기 상승 구조 미확인,106800.0,False,1.57,True,0.9615,1.256,True,92246.6667,98040.0,103700.0,103833.3333,89479.2667,-8.2,-2.78,True,False,False,8.55,False,True,False,,False,False,,2026-08-01,2026-08-21,106800.0,11,0,-2.154,104500.0,2026-08-06,1.217,108100.0,2026-08-07,0.749,107600.0,2026-08-10,1.404,108300.0,2026-08-11,2.622,109600.0,2026-08-12,6.461,113700.0,2026-08-13,12.36,120000.0,2026-08-14,5.524,112700.0,2026-08-18,3.184,110200.0,2026-08-19,3.371,110400.0,2026-08-20,0.843,107700.0,2026-08-21,,,,,,,,,,,,,,,,,,,,,,,,,,,,2026-08-21,12.36,-2.154,14.7,-4.494,,,,,,,
003550,LG,2026-08-06,2026-08-06,REJECTED,35,TREND_BROKEN_OR_NOT_UPTREND,상승추세 안의 단기 조정 + 전저점 유지 | 상승 평행채널 유효(커버리지 96%) | 최근 추세 하단(싼 구간) 접촉 | 추세 하단 부근 쌍바닥/Higher-Low 형태,중기 상승 구조 미확인,104500.0,False,3.69,True,0.963,1.0564,True,92260.0,98053.3333,103700.0,103846.6667,89492.2,-6.17,-0.63,True,False,False,8.63,False,True,False,,False,False,,2026-08-01,2026-08-21,104500.0,10,0,3.445,108100.0,2026-08-07,2.967,107600.0,2026-08-10,3.636,108300.0,2026-08-11,4.88,109600.0,2026-08-12,8.804,113700.0,2026-08-13,14.833,120000.0,2026-08-14,7.847,112700.0,2026-08-18,5.455,110200.0,2026-08-19,5.646,110400.0,2026-08-20,3.062,107700.0,2026-08-21,,,,,,,,,,,,,,,,,,,,,,,,,,,,,,,2026-08-21,14.833,2.967,17.225,-0.861,,,,,,,
003550,LG,2026-08-07,2026-08-07,REJECTED,30,TREND_BROKEN_OR_NOT_UPTREND,상승 평행채널 유효(커버리지 93%) | 최근 추세 하단(싼 구간) 접촉 | 추세 하단 부근 쌍바닥/Higher-Low 형태 | 쌍바닥 넥라인 돌파 확인,중기 상승 구조 미확인,108100.0,False,0.37,True,0.9286,1.3659,True,92273.3333,98066.6667,103700.0,103860.0,89505.1333,-9.28,-3.92,True,True,False,7.99,False,True,False,,False,False,,2026-08-01,2026-08-21,108100.0,9,0,-0.463,107600.0,2026-08-10,0.185,108300.0,2026-08-11,1.388,109600.0,2026-08-12,5.18,113700.0,2026-08-13,11.008,120000.0,2026-08-14,4.255,112700.0,2026-08-18,1.943,110200.0,2026-08-19,2.128,110400.0,2026-08-20,-0.37,107700.0,2026-08-21,,,,,,,,,,,,,,,,,,,,,,,,,,,,,,,,,,2026-08-21,11.008,-0.463,13.321,-4.163,,,,,,,
003550,LG,2026-08-10,2026-08-10,REJECTED,25,TREND_BROKEN_OR_NOT_UPTREND,상승 평행채널 유효(커버리지 90%) | 최근 추세 하단(싼 구간) 접촉 | 추세 하단 부근 쌍바닥/Higher-Low 형태,중기 상승 구조 미확인,107600.0,False,0.83,True,0.8966,1.3216,True,92286.6667,98080.0,108500.0,103873.3333,89518.0667,-8.85,-3.46,True,False,False,7.72,False,True,False,,False,False,,2026-08-01,2026-08-21,107600.0,8,0,0.651,108300.0,2026-08-11,1.859,109600.0,2026-08-12,5.669,113700.0,2026-08-13,11.524,120000.0,2026-08-14,4.74,112700.0,2026-08-18,2.416,110200.0,2026-08-19,2.602,110400.0,2026-08-20,0.093,107700.0,2026-08-21,,,,,,,,,,,,,,,,,,,,,,,,,,,,,,,,,,,,,2026-08-21,11.524,0.093,13.848,-0.465,,,,,,,
003550,LG,2026-08-11,2026-08-11,REJECTED,40,TREND_BROKEN_OR_NOT_UPTREND,상승 평행채널 유효(커버리지 100%) | 최근 추세 하단(싼 구간) 접촉 | 추세 하단 부근 쌍바닥/Higher-Low 형태 | 쌍바닥 넥라인 돌파 확인 | 이동평균선 재돌파 | 재상승 후 5일선 지지,중기 상승 구조 미확인,108300.0,False,1.99,True,1.0,0.9296,True,95100.0,102200.0,108500.0,109300.0,92247.0,-5.63,0.92,True,True,False,7.12,True,True,False,,False,False,,2026-08-01,2026-08-21,108300.0,7,0,1.2,109600.0,2026-08-12,4.986,113700.0,2026-08-13,10.803,120000.0,2026-08-14,4.063,112700.0,2026-08-18,1.754,110200.0,2026-08-19,1.939,110400.0,2026-08-20,-0.554,107700.0,2026-08-21,,,,,,,,,,,,,,,,,,,,,,,,,,,,,,,,,,,,,,,,2026-08-21,10.803,-0.554,13.112,-0.831,,,,,,,
003550,LG,2026-08-12,2026-08-12,REJECTED,48,TREND_BROKEN_OR_NOT_UPTREND,상승 평행채널 유효(커버리지 100%) | 최근 추세 하단(싼 구간) 접촉 | 추세 하단 부근 쌍바닥/Higher-Low 형태 | 쌍바닥 넥라인 돌파 확인 | 이동평균선 밀집 | 이동평균선 재돌파 | 재상승 후 5일선 지지,중기 상승 구조 미확인,109600.0,False,2.06,True,1.0,1.007,True,95300.0,102400.0,108500.0,109500.0,92441.0,-6.57,-0.09,True,True,True,6.18,True,True,False,,False,False,,2026-08-01,2026-08-21,109600.0,6,0,3.741,113700.0,2026-08-13,9.489,120000.0,2026-08-14,2.828,112700.0,2026-08-18,0.547,110200.0,2026-08-19,0.73,110400.0,2026-08-20,-1.734,107700.0,2026-08-21,,,,,,,,,,,,,,,,,,,,,,,,,,,,,,,,,,,,,,,,,,,2026-08-21,9.489,-1.734,11.77,-2.007,,,,,,,
003550,LG,2026-08-13,2026-08-13,REJECTED,40,TREND_BROKEN_OR_NOT_UPTREND,상승 평행채널 유효(커버리지 97%) | 최근 추세 하단(싼 구간) 접촉 | 추세 하단 부근 쌍바닥/Higher-Low 형태 | 쌍바닥 넥라인 돌파 확인 | 이동평균선 재돌파 | 재상승 후 5일선 지지,중기 상승 구조 미확인,113700.0,False,0.0,True,0.9688,1.2817,True,95500.0,102600.0,108500.0,109700.0,92635.0,-9.76,-3.52,True,True,False,6.98,True,True,False,,False,False,,2026-08-01,2026-08-21,113700.0,5,0,5.541,120000.0,2026-08-14,-0.88,112700.0,2026-08-18,-3.078,110200.0,2026-08-19,-2.902,110400.0,2026-08-20,-5.277,107700.0,2026-08-21,,,,,,,,,,,,,,,,,,,,,,,,,,,,,,,,,,,,,,,,,,,,,,2026-08-21,5.541,-5.277,7.74,-5.541,,,,,,,
003550,LG,2026-08-14,2026-08-14,REJECTED,40,TREND_BROKEN_OR_NOT_UPTREND,상승 평행채널 유효(커버리지 94%) | 최근 추세 하단(싼 구간) 접촉 | 추세 하단 부근 쌍바닥/Higher-Low 형태 | 쌍바닥 넥라인 돌파 확인 | 이동평균선 재돌파 | 재상승 후 5일선 지지,중기 상승 구조 미확인,120000.0,False,2.04,True,0.9394,1.7113,True,95700.0,102800.0,108500.0,109900.0,92829.0,-14.33,-8.42,True,True,False,7.71,True,True,False,,False,False,,2026-08-01,2026-08-21,120000.0,4,0,-6.083,112700.0,2026-08-18,-8.167,110200.0,2026-08-19,-8.0,110400.0,2026-08-20,-10.25,107700.0,2026-08-21,,,,,,,,,,,,,,,,,,,,,,,,,,,,,,,,,,,,,,,,,,,,,,,,,2026-08-21,-6.083,-10.25,1.5,-10.5,,,,,,,
003550,LG,2026-08-18,2026-08-18,REJECTED,40,TREND_BROKEN_OR_NOT_UPTREND,상승추세 안의 단기 조정 + 전저점 유지 | 상승 평행채널 유효(커버리지 91%) | 최근 추세 하단(싼 구간) 접촉 | 추세 하단 부근 쌍바닥/Higher-Low 형태 | 쌍바닥 넥라인 돌파 확인,중기 상승 구조 미확인,112700.0,False,8.0,True,0.9118,1.1831,True,95900.0,103000.0,108500.0,110100.0,93023.0,-8.61,-2.31,True,True,False,8.33,False,True,False,,False,False,,2026-08-01,2026-08-21,112700.0,3,0,-2.218,110200.0,2026-08-19,-2.041,110400.0,2026-08-20,-4.437,107700.0,2026-08-21,,,,,,,,,,,,,,,,,,,,,,,,,,,,,,,,,,,,,,,,,,,,,,,,,,,,2026-08-21,-2.041,-4.437,0.089,-4.703,,,,,,,
003550,LG,2026-08-19,2026-08-19,REJECTED,40,TREND_BROKEN_OR_NOT_UPTREND,상승추세 안의 단기 조정 + 전저점 유지 | 상승 평행채널 유효(커버리지 91%) | 최근 추세 하단(싼 구간) 접촉 | 추세 하단 부근 쌍바닥/Higher-Low 형태 | 쌍바닥 넥라인 돌파 확인,중기 상승 구조 미확인,110200.0,False,10.04,True,0.9143,0.993,True,96100.0,103200.0,108500.0,110300.0,93217.0,-6.35,0.09,True,True,False,8.28,False,False,False,,False,False,,2026-08-01,2026-08-21,110200.0,2,0,0.181,110400.0,2026-08-20,-2.269,107700.0,2026-08-21,,,,,,,,,,,,,,,,,,,,,,,,,,,,,,,,,,,,,,,,,,,,,,,,,,,,,,,2026-08-21,0.181,-2.269,2.178,-2.541,,,,,,,
003550,LG,2026-08-20,2026-08-20,REJECTED,40,TREND_BROKEN_OR_NOT_UPTREND,상승추세 안의 단기 조정 + 전저점 유지 | 상승 평행채널 유효(커버리지 100%) | 최근 추세 하단(싼 구간) 접촉 | 추세 하단 부근 쌍바닥/Higher-Low 형태 | 쌍바닥 넥라인 돌파 확인,중기 상승 구조 미확인,110400.0,False,9.88,True,1.0,0.5682,True,94102.3256,108444.186,122500.0,122786.0465,91279.2558,-1.77,11.22,True,True,False,7.9,False,False,False,,False,False,,2026-08-01,2026-08-21,110400.0,1,0,-2.446,107700.0,2026-08-21,,,,,,,,,,,,,,,,,,,,,,,,,,,,,,,,,,,,,,,,,,,,,,,,,,,,,,,,,,2026-08-21,-2.446,-2.446,-0.272,-2.717,,,,,,,
003550,LG,2026-08-21,2026-08-21,REJECTED,35,TREND_BROKEN_OR_NOT_UPTREND,상승추세 안의 단기 조정 + 전저점 유지 | 상승 평행채널 유효(커버리지 100%) | 최근 추세 하단(싼 구간) 접촉 | 추세 하단 부근 쌍바닥/Higher-Low 형태,중기 상승 구조 미확인,107700.0,False,12.08,True,1.0,0.4707,True,94197.6744,108539.5349,122500.0,122881.3953,91371.7442,0.78,14.1,True,False,False,6.7,False,False,False,,False,False,,2026-08-01,2026-08-21,107700.0,0,0,,,,,,,,,,,,,,,,,,,,,,,,,,,,,,,,,,,,,,,,,,,,,,,,,,,,,,,,,,,,,,,,,,,,,,,,
018260,삼성에스디에스,2026-08-03,2026-08-03,WATCH,68,LOWER_CHANNEL_WATCH,중기 Higher High + Higher Low | 상승추세 안의 단기 조정 + 전저점 유지 | 상승 평행채널 유효(커버리지 100%) | 최근 추세 하단(싼 구간) 접촉 | 현재도 채널 하단권 | 추세 하단 부근 쌍바닥/Higher-Low 형태 | 이동평균선 밀집,,203000.0,True,10.18,True,1.0,0.2956,True,191968.75,210625.0,226000.0,229281.25,186209.6875,3.76,12.95,True,False,True,5.35,False,True,False,,False,False,,2026-08-01,2026-08-21,203000.0,13,0,8.128,219500.0,2026-08-04,13.547,230500.0,2026-08-05,14.532,232500.0,2026-08-06,9.113,221500.0,2026-08-07,9.606,222500.0,2026-08-10,16.749,237000.0,2026-08-11,16.01,235500.0,2026-08-12,16.749,237000.0,2026-08-13,19.951,243500.0,2026-08-14,12.562,228500.0,2026-08-18,11.33,226000.0,2026-08-19,14.778,233000.0,2026-08-20,12.315,228000.0,2026-08-21,,,,,,,,,,,,,,,,,,,,,,2026-08-21,19.951,8.128,20.443,0.246,,1.0,1.0,1.0,0.0,UPPER,2026-08-05
018260,삼성에스디에스,2026-08-04,2026-08-04,WATCH,63,LOWER_CHANNEL_WATCH,중기 Higher High + Higher Low | 상승 평행채널 유효(커버리지 100%) | 최근 추세 하단(싼 구간) 접촉 | 추세 하단 부근 쌍바닥/Higher-Low 형태 | 이동평균선 밀집 | 이동평균선 재돌파 | 재상승 후 5일선 지지,,219500.0,True,2.88,True,1.0,0.7203,True,192625.0,211281.25,226000.0,229937.5,186846.25,-3.74,4.76,True,False,True,4.67,True,True,False,,False,False,,2026-08-01,2026-08-21,219500.0,12,0,5.011,230500.0,2026-08-05,5.923,232500.0,2026-08-06,0.911,221500.0,2026-08-07,1.367,222500.0,2026-08-10,7.973,237000.0,2026-08-11,7.289,235500.0,2026-08-12,7.973,237000.0,2026-08-13,10.934,243500.0,2026-08-14,4.1,228500.0,2026-08-18,2.961,226000.0,2026-08-19,6.15,233000.0,2026-08-20,3.872,228000.0,2026-08-21,,,,,,,,,,,,,,,,,,,,,,,,,2026-08-21,10.934,0.911,11.39,-2.278,,,1.0,1.0,0.0,UPPER,2026-08-05
018260,삼성에스디에스,2026-08-05,2026-08-05,WATCH,68,LOWER_CHANNEL_WATCH,중기 Higher High + Higher Low | 상승 평행채널 유효(커버리지 100%) | 최근 추세 하단(싼 구간) 접촉 | 추세 하단 부근 쌍바닥/Higher-Low 형태 | 쌍바닥 넥라인 돌파 확인 | 이동평균선 밀집 | 이동평균선 재돌파 | 재상승 후 5일선 지지,,230500.0,True,1.07,True,1.0,0.9975,True,193281.25,211937.5,226000.0,230593.75,187482.8125,-8.05,0.04,True,True,True,4.3,True,True,False,,False,False,,2026-08-01,2026-08-21,230500.0,11,0,0.868,232500.0,2026-08-06,-3.905,221500.0,2026-08-07,-3.471,222500.0,2026-08-10,2.82,237000.0,2026-08-11,2.169,235500.0,2026-08-12,2.82,237000.0,2026-08-13,5.64,243500.0,2026-08-14,-0.868,228500.0,2026-08-18,-1.952,226000.0,2026-08-19,1.085,233000.0,2026-08-20,-1.085,228000.0,2026-08-21,,,,,,,,,,,,,,,,,,,,,,,,,,,,2026-08-21,5.64,-3.905,6.074,-5.64,,,,1.0,0.0,UPPER,2026-08-06
018260,삼성에스디에스,2026-08-06,2026-08-06,WATCH,68,LOWER_CHANNEL_WATCH,중기 Higher High + Higher Low | 상승 평행채널 유효(커버리지 100%) | 최근 추세 하단(싼 구간) 접촉 | 추세 하단 부근 쌍바닥/Higher-Low 형태 | 쌍바닥 넥라인 돌파 확인 | 이동평균선 밀집 | 이동평균선 재돌파 | 재상승 후 5일선 지지,,232500.0,True,1.48,True,1.0,1.0335,True,193937.5,212593.75,226000.0,231250.0,188119.375,-8.56,-0.54,True,True,True,6.24,True,True,False,,False,False,,2026-08-01,2026-08-21,232500.0,10,0,-4.731,221500.0,2026-08-07,-4.301,222500.0,2026-08-10,1.935,237000.0,2026-08-11,1.29,235500.0,2026-08-12,1.935,237000.0,2026-08-13,4.731,243500.0,2026-08-14,-1.72,228500.0,2026-08-18,-2.796,226000.0,2026-08-19,0.215,233000.0,2026-08-20,-1.935,228000.0,2026-08-21,,,,,,,,,,,,,,,,,,,,,,,,,,,,,,,2026-08-21,4.731,-4.731,5.161,-6.452,,,,,0.0,TIMEOUT,2026-08-21
018260,삼성에스디에스,2026-08-07,2026-08-07,WATCH,65,LOWER_CHANNEL_WATCH,중기 Higher High + Higher Low | 상승추세 안의 단기 조정 + 전저점 유지 | 상승 평행채널 유효(커버리지 100%) | 최근 추세 하단(싼 구간) 접촉 | 추세 하단 부근 쌍바닥/Higher-Low 형태 | 이동평균선 재돌파 | 재상승 후 5일선 지지,,221500.0,True,6.14,True,1.0,0.7211,True,194593.75,213250.0,226000.0,231906.25,188755.9375,-3.72,4.7,True,False,False,7.2,True,True,False,,False,False,,2026-08-01,2026-08-21,221500.0,9,0,0.451,222500.0,2026-08-10,6.998,237000.0,2026-08-11,6.321,235500.0,2026-08-12,6.998,237000.0,2026-08-13,9.932,243500.0,2026-08-14,3.16,228500.0,2026-08-18,2.032,226000.0,2026-08-19,5.192,233000.0,2026-08-20,2.935,228000.0,2026-08-21,,,,,,,,,,,,,,,,,,,,,,,,,,,,,,,,,,2026-08-21,9.932,0.451,10.384,-1.806,,,1.0,1.0,0.0,UPPER,2026-08-11
018260,삼성에스디에스,2026-08-10,2026-08-10,REJECTED,55,CONDITIONS_INCOMPLETE,중기 Higher High + Higher Low | 상승추세 안의 단기 조정 + 전저점 유지 | 상승 평행채널 유효(커버리지 100%) | 최근 추세 하단(싼 구간) 접촉 | 추세 하단 부근 쌍바닥/Higher-Low 형태,,222500.0,True,5.72,True,1.0,0.7303,True,195250.0,213906.25,226000.0,232562.5,189392.5,-3.86,4.52,True,False,False,8.4,False,False,False,,False,False,,2026-08-01,2026-08-21,222500.0,8,0,6.517,237000.0,2026-08-11,5.843,235500.0,2026-08-12,6.517,237000.0,2026-08-13,9.438,243500.0,2026-08-14,2.697,228500.0,2026-08-18,1.573,226000.0,2026-08-19,4.719,233000.0,2026-08-20,2.472,228000.0,2026-08-21,,,,,,,,,,,,,,,,,,,,,,,,,,,,,,,,,,,,,2026-08-21,9.438,1.573,9.888,-2.247,,,,,,,
018260,삼성에스디에스,2026-08-11,2026-08-11,WATCH,58,LOWER_CHANNEL_WATCH,중기 Higher High + Higher Low | 상승 평행채널 유효(커버리지 96%) | 최근 추세 하단(싼 구간) 접촉 | 추세 하단 부근 쌍바닥/Higher-Low 형태 | 쌍바닥 넥라인 돌파 확인 | 이동평균선 재돌파,,237000.0,True,1.86,True,0.9643,1.1013,True,195906.25,214562.5,226000.0,233218.75,190029.0625,-9.47,-1.6,True,True,False,8.38,True,False,False,,False,False,,2026-08-01,2026-08-21,237000.0,7,0,-0.633,235500.0,2026-08-12,0.0,237000.0,2026-08-13,2.743,243500.0,2026-08-14,-3.586,228500.0,2026-08-18,-4.641,226000.0,2026-08-19,-1.688,233000.0,2026-08-20,-3.797,228000.0,2026-08-21,,,,,,,,,,,,,,,,,,,,,,,,,,,,,,,,,,,,,,,,2026-08-21,2.743,-4.641,3.165,-8.228,,,,,0.0,TIMEOUT,2026-08-21
018260,삼성에스디에스,2026-08-12,2026-08-12,WATCH,70,LOWER_CHANNEL_WATCH,중기 Higher High + Higher Low | 상승추세 안의 단기 조정 + 전저점 유지 | 상승 평행채널 유효(커버리지 97%) | 최근 추세 하단(싼 구간) 접촉 | 추세 하단 부근 쌍바닥/Higher-Low 형태 | 쌍바닥 넥라인 돌파 확인 | 이동평균선 재돌파 | 재상승 후 5일선 지지,,235500.0,True,3.29,True,0.9655,1.0436,True,196562.5,215218.75,226000.0,233875.0,190665.625,-8.61,-0.69,True,True,False,7.95,True,True,False,,False,False,,2026-08-01,2026-08-21,235500.0,6,0,0.637,237000.0,2026-08-13,3.397,243500.0,2026-08-14,-2.972,228500.0,2026-08-18,-4.034,226000.0,2026-08-19,-1.062,233000.0,2026-08-20,-3.185,228000.0,2026-08-21,,,,,,,,,,,,,,,,,,,,,,,,,,,,,,,,,,,,,,,,,,,2026-08-21,3.397,-4.034,3.822,-7.643,,,,,0.0,TIMEOUT,2026-08-21
018260,삼성에스디에스,2026-08-13,2026-08-13,WATCH,60,LOWER_CHANNEL_WATCH,중기 Higher High + Higher Low | 상승 평행채널 유효(커버리지 97%) | 최근 추세 하단(싼 구간) 접촉 | 추세 하단 부근 쌍바닥/Higher-Low 형태 | 쌍바닥 넥라인 돌파 확인 | 이동평균선 재돌파 | 재상승 후 5일선 지지,,237000.0,True,2.67,True,0.9667,1.0662,True,197218.75,215875.0,226000.0,234531.25,191302.1875,-8.91,-1.04,True,True,False,7.49,True,True,False,,False,False,,2026-08-01,2026-08-21,237000.0,5,0,2.743,243500.0,2026-08-14,-3.586,228500.0,2026-08-18,-4.641,226000.0,2026-08-19,-1.688,233000.0,2026-08-20,-3.797,228000.0,2026-08-21,,,,,,,,,,,,,,,,,,,,,,,,,,,,,,,,,,,,,,,,,,,,,,2026-08-21,2.743,-4.641,3.165,-8.228,,,,,0.0,TIMEOUT,2026-08-21
018260,삼성에스디에스,2026-08-14,2026-08-14,WATCH,60,LOWER_CHANNEL_WATCH,중기 Higher High + Higher Low | 상승 평행채널 유효(커버리지 94%) | 최근 추세 하단(싼 구간) 접촉 | 추세 하단 부근 쌍바닥/Higher-Low 형태 | 쌍바닥 넥라인 돌파 확인 | 이동평균선 재돌파 | 재상승 후 5일선 지지,,243500.0,True,0.41,True,0.9355,1.2228,True,197875.0,216531.25,226000.0,235187.5,191938.75,-11.08,-3.41,True,True,False,8.19,True,True,False,,False,False,,2026-08-01,2026-08-21,243500.0,4,0,-6.16,228500.0,2026-08-18,-7.187,226000.0,2026-08-19,-4.312,233000.0,2026-08-20,-6.366,228000.0,2026-08-21,,,,,,,,,,,,,,,,,,,,,,,,,,,,,,,,,,,,,,,,,,,,,,,,,2026-08-21,-4.312,-7.187,-0.308,-10.678,,,,,0.0,TIMEOUT,2026-08-21
018260,삼성에스디에스,2026-08-18,2026-08-18,WATCH,60,LOWER_CHANNEL_WATCH,중기 Higher High + Higher Low | 상승추세 안의 단기 조정 + 전저점 유지 | 상승 평행채널 유효(커버리지 94%) | 최근 추세 하단(싼 구간) 접촉 | 추세 하단 부근 쌍바닥/Higher-Low 형태 | 쌍바닥 넥라인 돌파 확인,,228500.0,True,6.54,True,0.9375,0.8032,True,198531.25,217187.5,226000.0,235843.75,192575.3125,-4.95,3.21,True,True,False,8.32,False,False,False,,False,False,,2026-08-01,2026-08-21,228500.0,3,0,-1.094,226000.0,2026-08-19,1.969,233000.0,2026-08-20,-0.219,228000.0,2026-08-21,,,,,,,,,,,,,,,,,,,,,,,,,,,,,,,,,,,,,,,,,,,,,,,,,,,,2026-08-21,1.969,-1.094,3.939,-4.814,,,,1.0,0.0,UPPER,2026-08-20
018260,삼성에스디에스,2026-08-19,2026-08-19,REJECTED,55,CONDITIONS_INCOMPLETE,중기 Higher High + Higher Low | 상승추세 안의 단기 조정 + 전저점 유지 | 상승 평행채널 유효(커버리지 94%) | 최근 추세 하단(싼 구간) 접촉 | 추세 하단 부근 쌍바닥/Higher-Low 형태,,226000.0,True,7.57,True,0.9394,0.7186,True,199187.5,217843.75,226000.0,236500.0,193211.875,-3.61,4.65,True,False,False,6.67,False,False,False,,False,False,,2026-08-01,2026-08-21,226000.0,2,0,3.097,233000.0,2026-08-20,0.885,228000.0,2026-08-21,,,,,,,,,,,,,,,,,,,,,,,,,,,,,,,,,,,,,,,,,,,,,,,,,,,,,,,2026-08-21,3.097,0.885,5.088,-2.212,,,,,,,
018260,삼성에스디에스,2026-08-20,2026-08-20,WATCH,68,LOWER_CHANNEL_WATCH,중기 Higher High + Higher Low | 상승추세 안의 단기 조정 + 전저점 유지 | 상승 평행채널 유효(커버리지 100%) | 최근 추세 하단(싼 구간) 접촉 | 추세 하단 부근 쌍바닥/Higher-Low 형태 | 쌍바닥 넥라인 돌파 확인 | 이동평균선 밀집,,233000.0,True,4.7,True,1.0,0.6697,True,203800.0,225600.0,244500.0,247400.0,197686.0,-3.18,6.18,True,True,True,5.67,False,False,False,,False,False,,2026-08-01,2026-08-21,233000.0,1,0,-2.146,228000.0,2026-08-21,,,,,,,,,,,,,,,,,,,,,,,,,,,,,,,,,,,,,,,,,,,,,,,,,,,,,,,,,,2026-08-21,-2.146,-2.146,-1.288,-5.15,,,0.0,0.0,0.0,TIMEOUT,2026-08-21
018260,삼성에스디에스,2026-08-21,2026-08-21,WATCH,68,LOWER_CHANNEL_WATCH,중기 Higher High + Higher Low | 상승추세 안의 단기 조정 + 전저점 유지 | 상승 평행채널 유효(커버리지 100%) | 최근 추세 하단(싼 구간) 접촉 | 추세 하단 부근 쌍바닥/Higher-Low 형태 | 쌍바닥 넥라인 돌파 확인 | 이동평균선 밀집,,228000.0,True,6.75,True,1.0,0.5329,True,204766.6667,226566.6667,244500.0,248366.6667,198623.6667,-0.63,8.93,True,True,True,4.81,False,False,False,,False,False,,2026-08-01,2026-08-21,228000.0,0,0,,,,,,,,,,,,,,,,,,,,,,,,,,,,,,,,,,,,,,,,,,,,,,,,,,,,,,,,,,,,,,,,,,,,,,,,
278470,에이피알,2026-08-03,2026-08-03,REJECTED,35,TREND_BROKEN_OR_NOT_UPTREND,상승추세 안의 단기 조정 + 전저점 유지 | 상승 평행채널 유효(커버리지 100%) | 최근 추세 하단(싼 구간) 접촉 | 현재도 채널 하단권,중기 상승 구조 미확인,338000.0,False,18.46,True,1.0,0.2343,True,307222.2222,372888.8889,414500.0,438555.5556,298005.5556,10.32,29.75,False,False,False,17.47,False,True,False,,False,False,,2026-08-01,2026-08-21,338000.0,13,0,6.361,359500.0,2026-08-04,5.769,357500.0,2026-08-05,11.834,378000.0,2026-08-06,13.757,384500.0,2026-08-07,14.497,387000.0,2026-08-10,14.053,385500.0,2026-08-11,17.456,397000.0,2026-08-12,18.195,399500.0,2026-08-13,15.533,390500.0,2026-08-14,17.308,396500.0,2026-08-18,13.462,383500.0,2026-08-19,14.201,386000.0,2026-08-20,13.905,385000.0,2026-08-21,,,,,,,,,,,,,,,,,,,,,,2026-08-21,18.195,5.769,25.518,-1.479,,,,,,,
278470,에이피알,2026-08-04,2026-08-04,REJECTED,30,TREND_BROKEN_OR_NOT_UPTREND,상승추세 안의 단기 조정 + 전저점 유지 | 상승 평행채널 유효(커버리지 100%) | 최근 추세 하단(싼 구간) 접촉,중기 상승 구조 미확인,359500.0,False,13.27,True,1.0,0.3962,True,307462.963,373129.6296,414500.0,438796.2963,298239.0741,3.79,22.06,False,False,False,14.79,False,True,False,,False,False,,2026-08-01,2026-08-21,359500.0,12,0,-0.556,357500.0,2026-08-05,5.146,378000.0,2026-08-06,6.954,384500.0,2026-08-07,7.65,387000.0,2026-08-10,7.232,385500.0,2026-08-11,10.431,397000.0,2026-08-12,11.127,399500.0,2026-08-13,8.623,390500.0,2026-08-14,10.292,396500.0,2026-08-18,6.676,383500.0,2026-08-19,7.371,386000.0,2026-08-20,7.093,385000.0,2026-08-21,,,,,,,,,,,,,,,,,,,,,,,,,2026-08-21,11.127,-0.556,18.011,-6.537,,,,,,,
278470,에이피알,2026-08-05,2026-08-05,REJECTED,30,TREND_BROKEN_OR_NOT_UPTREND,상승추세 안의 단기 조정 + 전저점 유지 | 상승 평행채널 유효(커버리지 100%) | 최근 추세 하단(싼 구간) 접촉,중기 상승 구조 미확인,357500.0,False,13.75,True,1.0,0.3792,True,307703.7037,373370.3704,414500.0,439037.037,298472.5926,4.44,22.81,False,False,False,12.69,False,True,False,,False,False,,2026-08-01,2026-08-21,357500.0,11,0,5.734,378000.0,2026-08-06,7.552,384500.0,2026-08-07,8.252,387000.0,2026-08-10,7.832,385500.0,2026-08-11,11.049,397000.0,2026-08-12,11.748,399500.0,2026-08-13,9.231,390500.0,2026-08-14,10.909,396500.0,2026-08-18,7.273,383500.0,2026-08-19,7.972,386000.0,2026-08-20,7.692,385000.0,2026-08-21,,,,,,,,,,,,,,,,,,,,,,,,,,,,2026-08-21,11.748,5.734,18.671,-0.559,,,,,,,
278470,에이피알,2026-08-06,2026-08-06,REJECTED,30,TREND_BROKEN_OR_NOT_UPTREND,상승추세 안의 단기 조정 + 전저점 유지 | 상승 평행채널 유효(커버리지 100%) | 최근 추세 하단(싼 구간) 접촉,중기 상승 구조 미확인,378000.0,False,6.09,True,1.0,0.5334,True,307944.4444,373611.1111,414500.0,439277.7778,298706.1111,-1.16,16.21,False,False,False,8.41,False,True,False,,False,False,,2026-08-01,2026-08-21,378000.0,10,0,1.72,384500.0,2026-08-07,2.381,387000.0,2026-08-10,1.984,385500.0,2026-08-11,5.026,397000.0,2026-08-12,5.688,399500.0,2026-08-13,3.307,390500.0,2026-08-14,4.894,396500.0,2026-08-18,1.455,383500.0,2026-08-19,2.116,386000.0,2026-08-20,1.852,385000.0,2026-08-21,,,,,,,,,,,,,,,,,,,,,,,,,,,,,,,2026-08-21,5.688,1.455,12.235,-2.778,,,,,,,
278470,에이피알,2026-08-07,2026-08-07,REJECTED,48,TREND_BROKEN_OR_NOT_UPTREND,상승추세 안의 단기 조정 + 전저점 유지 | 상승 평행채널 유효(커버리지 100%) | 최근 추세 하단(싼 구간) 접촉 | 이동평균선 밀집 | 이동평균선 재돌파 | 재상승 후 5일선 지지,중기 상승 구조 미확인,384500.0,False,4.47,True,1.0,0.5811,True,308185.1852,373851.8519,414500.0,439518.5185,298939.6296,-2.77,14.31,False,False,True,5.84,True,True,False,,False,False,,2026-08-01,2026-08-21,384500.0,9,0,0.65,387000.0,2026-08-10,0.26,385500.0,2026-08-11,3.251,397000.0,2026-08-12,3.901,399500.0,2026-08-13,1.56,390500.0,2026-08-14,3.121,396500.0,2026-08-18,-0.26,383500.0,2026-08-19,0.39,386000.0,2026-08-20,0.13,385000.0,2026-08-21,,,,,,,,,,,,,,,,,,,,,,,,,,,,,,,,,,2026-08-21,3.901,-0.26,10.338,-4.421,,,,,,,
278470,에이피알,2026-08-10,2026-08-10,REJECTED,48,TREND_BROKEN_OR_NOT_UPTREND,상승추세 안의 단기 조정 + 전저점 유지 | 상승 평행채널 유효(커버리지 100%) | 최근 추세 하단(싼 구간) 접촉 | 이동평균선 밀집 | 이동평균선 재돌파 | 재상승 후 5일선 지지,중기 상승 구조 미확인,387000.0,False,3.85,True,1.0,0.5983,True,308425.9259,374092.5926,414500.0,439759.2593,299173.1481,-3.34,13.63,False,False,True,5.58,True,True,False,,False,False,,2026-08-01,2026-08-21,387000.0,8,0,-0.388,385500.0,2026-08-11,2.584,397000.0,2026-08-12,3.23,399500.0,2026-08-13,0.904,390500.0,2026-08-14,2.455,396500.0,2026-08-18,-0.904,383500.0,2026-08-19,-0.258,386000.0,2026-08-20,-0.517,385000.0,2026-08-21,,,,,,,,,,,,,,,,,,,,,,,,,,,,,,,,,,,,,2026-08-21,3.23,-0.904,9.625,-5.039,,,,,,,
278470,에이피알,2026-08-11,2026-08-11,REJECTED,48,TREND_BROKEN_OR_NOT_UPTREND,상승추세 안의 단기 조정 + 전저점 유지 | 상승 평행채널 유효(커버리지 100%) | 최근 추세 하단(싼 구간) 접촉 | 이동평균선 밀집 | 이동평균선 재돌파 | 재상승 후 5일선 지지,중기 상승 구조 미확인,385500.0,False,3.38,True,1.0,0.585,True,308666.6667,374333.3333,414500.0,440000.0,299406.6667,-2.9,14.14,False,False,True,5.36,True,True,False,,False,False,,2026-08-01,2026-08-21,385500.0,7,0,2.983,397000.0,2026-08-12,3.632,399500.0,2026-08-13,1.297,390500.0,2026-08-14,2.853,396500.0,2026-08-18,-0.519,383500.0,2026-08-19,0.13,386000.0,2026-08-20,-0.13,385000.0,2026-08-21,,,,,,,,,,,,,,,,,,,,,,,,,,,,,,,,,,,,,,,,2026-08-21,3.632,-0.519,10.052,-4.669,,,,,,,
278470,에이피알,2026-08-12,2026-08-12,REJECTED,46,TREND_BROKEN_OR_NOT_UPTREND,상승추세 안의 단기 조정 + 전저점 유지 | 상승 평행채널 유효(커버리지 100%) | 최근 추세 하단(싼 구간) 접촉 | 이동평균선 밀집 | 이동평균선 재돌파,중기 상승 구조 미확인,397000.0,False,4.34,True,1.0,0.6708,True,308907.4074,374574.0741,414500.0,440240.7407,299640.1852,-5.65,10.89,False,False,True,6.3,True,False,False,,False,False,,2026-08-01,2026-08-21,397000.0,6,0,0.63,399500.0,2026-08-13,-1.637,390500.0,2026-08-14,-0.126,396500.0,2026-08-18,-3.401,383500.0,2026-08-19,-2.771,386000.0,2026-08-20,-3.023,385000.0,2026-08-21,,,,,,,,,,,,,,,,,,,,,,,,,,,,,,,,,,,,,,,,,,,2026-08-21,0.63,-3.401,6.864,-7.431,,,,,,,
278470,에이피알,2026-08-13,2026-08-13,REJECTED,40,TREND_BROKEN_OR_NOT_UPTREND,상승추세 안의 단기 조정 + 전저점 유지 | 상승 평행채널 유효(커버리지 100%) | 최근 추세 하단(싼 구간) 접촉 | 이동평균선 재돌파 | 재상승 후 5일선 지지,중기 상승 구조 미확인,399500.0,False,5.83,True,1.0,0.688,True,309148.1481,374814.8148,414500.0,440481.4815,299873.7037,-6.18,10.26,False,False,False,7.16,True,True,False,,False,False,,2026-08-01,2026-08-21,399500.0,5,0,-2.253,390500.0,2026-08-14,-0.751,396500.0,2026-08-18,-4.005,383500.0,2026-08-19,-3.379,386000.0,2026-08-20,-3.63,385000.0,2026-08-21,,,,,,,,,,,,,,,,,,,,,,,,,,,,,,,,,,,,,,,,,,,,,,2026-08-21,-0.751,-4.005,1.126,-8.01,,,,,,,
278470,에이피알,2026-08-14,2026-08-14,REJECTED,30,TREND_BROKEN_OR_NOT_UPTREND,상승추세 안의 단기 조정 + 전저점 유지 | 상승 평행채널 유효(커버리지 100%) | 최근 추세 하단(싼 구간) 접촉,중기 상승 구조 미확인,390500.0,False,7.96,True,1.0,0.6176,True,309388.8889,375055.5556,414500.0,440722.2222,300107.2222,-3.96,12.86,False,False,False,7.66,False,True,False,,False,False,,2026-08-01,2026-08-21,390500.0,4,0,1.536,396500.0,2026-08-18,-1.793,383500.0,2026-08-19,-1.152,386000.0,2026-08-20,-1.408,385000.0,2026-08-21,,,,,,,,,,,,,,,,,,,,,,,,,,,,,,,,,,,,,,,,,,,,,,,,,2026-08-21,1.536,-1.793,2.049,-5.89,,,,,,,
278470,에이피알,2026-08-18,2026-08-18,REJECTED,38,TREND_BROKEN_OR_NOT_UPTREND,상승추세 안의 단기 조정 + 전저점 유지 | 상승 평행채널 유효(커버리지 100%) | 최근 추세 하단(싼 구간) 접촉 | 이동평균선 재돌파,중기 상승 구조 미확인,396500.0,False,6.54,True,1.0,0.6614,True,309629.6296,375296.2963,414500.0,440962.963,300340.7407,-5.35,11.21,False,False,False,7.67,True,False,False,,False,False,,2026-08-01,2026-08-21,396500.0,3,0,-3.279,383500.0,2026-08-19,-2.648,386000.0,2026-08-20,-2.9,385000.0,2026-08-21,,,,,,,,,,,,,,,,,,,,,,,,,,,,,,,,,,,,,,,,,,,,,,,,,,,,2026-08-21,-2.648,-3.279,-0.631,-7.314,,,,,,,
278470,에이피알,2026-08-19,2026-08-19,REJECTED,30,TREND_BROKEN_OR_NOT_UPTREND,상승추세 안의 단기 조정 + 전저점 유지 | 상승 평행채널 유효(커버리지 100%) | 최근 추세 하단(싼 구간) 접촉,중기 상승 구조 미확인,383500.0,False,9.61,True,1.0,0.5606,True,309870.3704,375537.037,424250.0,441203.7037,300574.2593,-2.08,15.05,False,False,False,7.58,False,False,False,,False,False,,2026-08-01,2026-08-21,383500.0,2,0,0.652,386000.0,2026-08-20,0.391,385000.0,2026-08-21,,,,,,,,,,,,,,,,,,,,,,,,,,,,,,,,,,,,,,,,,,,,,,,,,,,,,,,2026-08-21,0.652,0.391,1.434,-4.172,,,,,,,
278470,에이피알,2026-08-20,2026-08-20,REJECTED,30,TREND_BROKEN_OR_NOT_UPTREND,상승추세 안의 단기 조정 + 전저점 유지 | 상승 평행채널 유효(커버리지 100%) | 최근 추세 하단(싼 구간) 접촉,중기 상승 구조 미확인,386000.0,False,9.02,True,1.0,0.5778,True,310111.1111,375777.7778,424250.0,441444.4444,300807.7778,-2.65,14.36,False,False,False,6.59,False,False,False,,False,False,,2026-08-01,2026-08-21,386000.0,1,0,-0.259,385000.0,2026-08-21,,,,,,,,,,,,,,,,,,,,,,,,,,,,,,,,,,,,,,,,,,,,,,,,,,,,,,,,,,2026-08-21,-0.259,-0.259,0.777,-4.404,,,,,,,
278470,에이피알,2026-08-21,2026-08-21,REJECTED,38,TREND_BROKEN_OR_NOT_UPTREND,상승추세 안의 단기 조정 + 전저점 유지 | 상승 평행채널 유효(커버리지 100%) | 최근 추세 하단(싼 구간) 접촉 | 이동평균선 밀집,중기 상승 구조 미확인,385000.0,False,9.25,True,1.0,0.5684,True,310351.8519,376018.5185,424250.0,441685.1852,301041.2963,-2.33,14.72,False,False,True,5.66,False,False,False,,False,False,,2026-08-01,2026-08-21,385000.0,0,0,,,,,,,,,,,,,,,,,,,,,,,,,,,,,,,,,,,,,,,,,,,,,,,,,,,,,,,,,,,,,,,,,,,,,,,,
000720,현대건설,2026-08-03,2026-08-03,REJECTED,0,NO_RISING_CHANNEL,,영상 방식의 상승 평행채널을 안정적으로 구성하지 못함,,,,,,,,,,,,,,,,,,,,,,,,,,2026-08-01,2026-08-21,95600.0,13,0,6.172,101500.0,2026-08-04,15.167,110100.0,2026-08-05,17.782,112600.0,2026-08-06,14.958,109900.0,2026-08-07,15.69,110600.0,2026-08-10,17.469,112300.0,2026-08-11,19.038,113800.0,2026-08-12,18.933,113700.0,2026-08-13,21.13,115800.0,2026-08-14,15.167,110100.0,2026-08-18,21.862,116500.0,2026-08-19,19.038,113800.0,2026-08-20,10.46,105600.0,2026-08-21,,,,,,,,,,,,,,,,,,,,,,2026-08-21,21.862,6.172,27.301,-1.36,,,,,,,
000720,현대건설,2026-08-04,2026-08-04,REJECTED,0,NO_RISING_CHANNEL,,영상 방식의 상승 평행채널을 안정적으로 구성하지 못함,,,,,,,,,,,,,,,,,,,,,,,,,,2026-08-01,2026-08-21,101500.0,12,0,8.473,110100.0,2026-08-05,10.936,112600.0,2026-08-06,8.276,109900.0,2026-08-07,8.966,110600.0,2026-08-10,10.64,112300.0,2026-08-11,12.118,113800.0,2026-08-12,12.02,113700.0,2026-08-13,14.089,115800.0,2026-08-14,8.473,110100.0,2026-08-18,14.778,116500.0,2026-08-19,12.118,113800.0,2026-08-20,4.039,105600.0,2026-08-21,,,,,,,,,,,,,,,,,,,,,,,,,2026-08-21,14.778,4.039,19.901,0.887,,,,,,,
000720,현대건설,2026-08-05,2026-08-05,REJECTED,0,NO_RISING_CHANNEL,,영상 방식의 상승 평행채널을 안정적으로 구성하지 못함,,,,,,,,,,,,,,,,,,,,,,,,,,2026-08-01,2026-08-21,110100.0,11,0,2.271,112600.0,2026-08-06,-0.182,109900.0,2026-08-07,0.454,110600.0,2026-08-10,1.998,112300.0,2026-08-11,3.361,113800.0,2026-08-12,3.27,113700.0,2026-08-13,5.177,115800.0,2026-08-14,0.0,110100.0,2026-08-18,5.813,116500.0,2026-08-19,3.361,113800.0,2026-08-20,-4.087,105600.0,2026-08-21,,,,,,,,,,,,,,,,,,,,,,,,,,,,2026-08-21,5.813,-4.087,10.536,-5.995,,,,,,,
000720,현대건설,2026-08-06,2026-08-06,REJECTED,0,NO_RISING_CHANNEL,,영상 방식의 상승 평행채널을 안정적으로 구성하지 못함,,,,,,,,,,,,,,,,,,,,,,,,,,2026-08-01,2026-08-21,112600.0,10,0,-2.398,109900.0,2026-08-07,-1.776,110600.0,2026-08-10,-0.266,112300.0,2026-08-11,1.066,113800.0,2026-08-12,0.977,113700.0,2026-08-13,2.842,115800.0,2026-08-14,-2.22,110100.0,2026-08-18,3.464,116500.0,2026-08-19,1.066,113800.0,2026-08-20,-6.217,105600.0,2026-08-21,,,,,,,,,,,,,,,,,,,,,,,,,,,,,,,2026-08-21,3.464,-6.217,8.082,-8.082,,,,,,,
000720,현대건설,2026-08-07,2026-08-07,REJECTED,0,NO_RISING_CHANNEL,,영상 방식의 상승 평행채널을 안정적으로 구성하지 못함,,,,,,,,,,,,,,,,,,,,,,,,,,2026-08-01,2026-08-21,109900.0,9,0,0.637,110600.0,2026-08-10,2.184,112300.0,2026-08-11,3.549,113800.0,2026-08-12,3.458,113700.0,2026-08-13,5.369,115800.0,2026-08-14,0.182,110100.0,2026-08-18,6.005,116500.0,2026-08-19,3.549,113800.0,2026-08-20,-3.913,105600.0,2026-08-21,,,,,,,,,,,,,,,,,,,,,,,,,,,,,,,,,,2026-08-21,6.005,-3.913,10.737,-5.823,,,,,,,
000720,현대건설,2026-08-10,2026-08-10,REJECTED,0,NO_RISING_CHANNEL,,영상 방식의 상승 평행채널을 안정적으로 구성하지 못함,,,,,,,,,,,,,,,,,,,,,,,,,,2026-08-01,2026-08-21,110600.0,8,0,1.537,112300.0,2026-08-11,2.893,113800.0,2026-08-12,2.803,113700.0,2026-08-13,4.702,115800.0,2026-08-14,-0.452,110100.0,2026-08-18,5.335,116500.0,2026-08-19,2.893,113800.0,2026-08-20,-4.521,105600.0,2026-08-21,,,,,,,,,,,,,,,,,,,,,,,,,,,,,,,,,,,,,2026-08-21,5.335,-4.521,10.036,-6.42,,,,,,,
000720,현대건설,2026-08-11,2026-08-11,REJECTED,0,NO_RISING_CHANNEL,,영상 방식의 상승 평행채널을 안정적으로 구성하지 못함,,,,,,,,,,,,,,,,,,,,,,,,,,2026-08-01,2026-08-21,112300.0,7,0,1.336,113800.0,2026-08-12,1.247,113700.0,2026-08-13,3.117,115800.0,2026-08-14,-1.959,110100.0,2026-08-18,3.74,116500.0,2026-08-19,1.336,113800.0,2026-08-20,-5.966,105600.0,2026-08-21,,,,,,,,,,,,,,,,,,,,,,,,,,,,,,,,,,,,,,,,2026-08-21,3.74,-5.966,8.37,-7.836,,,,,,,
000720,현대건설,2026-08-12,2026-08-12,REJECTED,0,NO_RISING_CHANNEL,,영상 방식의 상승 평행채널을 안정적으로 구성하지 못함,,,,,,,,,,,,,,,,,,,,,,,,,,2026-08-01,2026-08-21,113800.0,6,0,-0.088,113700.0,2026-08-13,1.757,115800.0,2026-08-14,-3.251,110100.0,2026-08-18,2.373,116500.0,2026-08-19,0.0,113800.0,2026-08-20,-7.206,105600.0,2026-08-21,,,,,,,,,,,,,,,,,,,,,,,,,,,,,,,,,,,,,,,,,,,2026-08-21,2.373,-7.206,6.942,-9.051,,,,,,,
000720,현대건설,2026-08-13,2026-08-13,REJECTED,0,NO_RISING_CHANNEL,,영상 방식의 상승 평행채널을 안정적으로 구성하지 못함,,,,,,,,,,,,,,,,,,,,,,,,,,2026-08-01,2026-08-21,113700.0,5,0,1.847,115800.0,2026-08-14,-3.166,110100.0,2026-08-18,2.463,116500.0,2026-08-19,0.088,113800.0,2026-08-20,-7.124,105600.0,2026-08-21,,,,,,,,,,,,,,,,,,,,,,,,,,,,,,,,,,,,,,,,,,,,,,2026-08-21,2.463,-7.124,7.036,-8.971,,,,,,,
000720,현대건설,2026-08-14,2026-08-14,REJECTED,0,NO_RISING_CHANNEL,,영상 방식의 상승 평행채널을 안정적으로 구성하지 못함,,,,,,,,,,,,,,,,,,,,,,,,,,2026-08-01,2026-08-21,115800.0,4,0,-4.922,110100.0,2026-08-18,0.604,116500.0,2026-08-19,-1.727,113800.0,2026-08-20,-8.808,105600.0,2026-08-21,,,,,,,,,,,,,,,,,,,,,,,,,,,,,,,,,,,,,,,,,,,,,,,,,2026-08-21,0.604,-8.808,2.504,-10.622,,,,,,,
000720,현대건설,2026-08-18,2026-08-18,REJECTED,0,NO_RISING_CHANNEL,,영상 방식의 상승 평행채널을 안정적으로 구성하지 못함,,,,,,,,,,,,,,,,,,,,,,,,,,2026-08-01,2026-08-21,110100.0,3,0,5.813,116500.0,2026-08-19,3.361,113800.0,2026-08-20,-4.087,105600.0,2026-08-21,,,,,,,,,,,,,,,,,,,,,,,,,,,,,,,,,,,,,,,,,,,,,,,,,,,,2026-08-21,5.813,-4.087,7.811,-5.995,,,,,,,
000720,현대건설,2026-08-19,2026-08-19,REJECTED,0,NO_RISING_CHANNEL,,영상 방식의 상승 평행채널을 안정적으로 구성하지 못함,,,,,,,,,,,,,,,,,,,,,,,,,,2026-08-01,2026-08-21,116500.0,2,0,-2.318,113800.0,2026-08-20,-9.356,105600.0,2026-08-21,,,,,,,,,,,,,,,,,,,,,,,,,,,,,,,,,,,,,,,,,,,,,,,,,,,,,,,2026-08-21,-2.318,-9.356,0.086,-9.871,,,,,,,
000720,현대건설,2026-08-20,2026-08-20,REJECTED,30,TREND_BROKEN_OR_NOT_UPTREND,상승추세 안의 단기 조정 + 전저점 유지 | 상승 평행채널 유효(커버리지 100%) | 최근 추세 하단(싼 구간) 접촉,중기 상승 구조 미확인,113800.0,False,6.49,True,1.0,0.7185,True,88250.0,106030.0,121700.0,123810.0,85602.5,-6.83,8.8,False,False,False,9.03,False,True,False,,False,False,,2026-08-01,2026-08-21,113800.0,1,0,-7.206,105600.0,2026-08-21,,,,,,,,,,,,,,,,,,,,,,,,,,,,,,,,,,,,,,,,,,,,,,,,,,,,,,,,,,2026-08-21,-7.206,-7.206,-0.703,-7.733,,,,,,,
000720,현대건설,2026-08-21,2026-08-21,REJECTED,30,TREND_BROKEN_OR_NOT_UPTREND,상승추세 안의 단기 조정 + 전저점 유지 | 상승 평행채널 유효(커버리지 100%) | 최근 추세 하단(싼 구간) 접촉,중기 상승 구조 미확인,105600.0,False,13.23,True,1.0,0.4681,True,88953.3333,106733.3333,121700.0,124513.3333,86284.7333,1.07,17.91,False,False,False,9.15,False,False,False,,False,False,,2026-08-01,2026-08-21,105600.0,0,0,,,,,,,,,,,,,,,,,,,,,,,,,,,,,,,,,,,,,,,,,,,,,,,,,,,,,,,,,,,,,,,,,,,,,,,,
047810,한국항공우주,2026-08-03,2026-08-03,REJECTED,30,TREND_BROKEN_OR_NOT_UPTREND,상승 평행채널 유효(커버리지 88%) | 최근 추세 하단(싼 구간) 접촉 | 현재도 채널 하단권 | 추세 하단 부근 쌍바닥/Higher-Low 형태,중기 상승 구조 미확인 | 최근 스윙 저점 이탈 위험,123700.0,False,25.57,False,0.8788,-0.4787,True,137165.3846,151228.8462,164900.0,165292.3077,133050.4231,22.25,33.62,True,False,False,19.45,False,False,False,,False,False,,2026-08-01,2026-08-21,123700.0,13,0,11.156,137500.0,2026-08-04,18.432,146500.0,2026-08-05,21.342,150100.0,2026-08-06,24.656,154200.0,2026-08-07,24.576,154100.0,2026-08-10,9.539,135500.0,2026-08-11,16.492,144100.0,2026-08-12,22.231,151200.0,2026-08-13,18.351,146400.0,2026-08-14,13.177,140000.0,2026-08-18,9.701,135700.0,2026-08-19,8.892,134700.0,2026-08-20,5.093,130000.0,2026-08-21,,,,,,,,,,,,,,,,,,,,,,2026-08-21,24.656,5.093,28.133,-0.889,,,,,,,
047810,한국항공우주,2026-08-04,2026-08-04,REJECTED,40,TREND_BROKEN_OR_NOT_UPTREND,상승추세 안의 단기 조정 + 전저점 유지 | 상승 평행채널 유효(커버리지 88%) | 최근 추세 하단(싼 구간) 접촉 | 현재도 채널 하단권 | 추세 하단 부근 쌍바닥/Higher-Low 형태,중기 상승 구조 미확인,137500.0,False,16.62,True,0.8824,0.0096,True,137230.7692,151294.2308,164900.0,165357.6923,133113.8462,10.03,20.26,True,False,False,17.88,False,True,False,,False,False,,2026-08-01,2026-08-21,137500.0,12,0,6.545,146500.0,2026-08-05,9.164,150100.0,2026-08-06,12.145,154200.0,2026-08-07,12.073,154100.0,2026-08-10,-1.455,135500.0,2026-08-11,4.8,144100.0,2026-08-12,9.964,151200.0,2026-08-13,6.473,146400.0,2026-08-14,1.818,140000.0,2026-08-18,-1.309,135700.0,2026-08-19,-2.036,134700.0,2026-08-20,-5.455,130000.0,2026-08-21,,,,,,,,,,,,,,,,,,,,,,,,,2026-08-21,12.145,-5.455,15.273,-5.891,,,,,,,
047810,한국항공우주,2026-08-05,2026-08-05,REJECTED,40,TREND_BROKEN_OR_NOT_UPTREND,상승추세 안의 단기 조정 + 전저점 유지 | 상승 평행채널 유효(커버리지 89%) | 최근 추세 하단(싼 구간) 접촉 | 현재도 채널 하단권 | 추세 하단 부근 쌍바닥/Higher-Low 형태,중기 상승 구조 미확인,146500.0,False,11.16,True,0.8857,0.3272,True,137296.1538,151359.6154,164900.0,165423.0769,133177.2692,3.32,12.92,True,False,False,12.59,False,True,False,,False,False,,2026-08-01,2026-08-21,146500.0,11,0,2.457,150100.0,2026-08-06,5.256,154200.0,2026-08-07,5.188,154100.0,2026-08-10,-7.509,135500.0,2026-08-11,-1.638,144100.0,2026-08-12,3.208,151200.0,2026-08-13,-0.068,146400.0,2026-08-14,-4.437,140000.0,2026-08-18,-7.372,135700.0,2026-08-19,-8.055,134700.0,2026-08-20,-11.263,130000.0,2026-08-21,,,,,,,,,,,,,,,,,,,,,,,,,,,,2026-08-21,5.256,-11.263,8.191,-11.672,,,,,,,
047810,한국항공우주,2026-08-06,2026-08-06,REJECTED,45,TREND_BROKEN_OR_NOT_UPTREND,상승추세 안의 단기 조정 + 전저점 유지 | 상승 평행채널 유효(커버리지 89%) | 최근 추세 하단(싼 구간) 접촉 | 추세 하단 부근 쌍바닥/Higher-Low 형태 | 이동평균선 재돌파 | 재상승 후 5일선 지지,중기 상승 구조 미확인,150100.0,False,8.98,True,0.8889,0.4529,True,137361.5385,151425.0,164900.0,165488.4615,133240.6923,0.88,10.25,True,False,False,8.16,True,True,False,,False,False,,2026-08-01,2026-08-21,150100.0,10,0,2.732,154200.0,2026-08-07,2.665,154100.0,2026-08-10,-9.727,135500.0,2026-08-11,-3.997,144100.0,2026-08-12,0.733,151200.0,2026-08-13,-2.465,146400.0,2026-08-14,-6.729,140000.0,2026-08-18,-9.594,135700.0,2026-08-19,-10.26,134700.0,2026-08-20,-13.391,130000.0,2026-08-21,,,,,,,,,,,,,,,,,,,,,,,,,,,,,,,2026-08-21,2.732,-13.391,5.596,-13.791,,,,,,,
047810,한국항공우주,2026-08-07,2026-08-07,REJECTED,53,TREND_BROKEN_OR_NOT_UPTREND,상승추세 안의 단기 조정 + 전저점 유지 | 상승 평행채널 유효(커버리지 89%) | 최근 추세 하단(싼 구간) 접촉 | 추세 하단 부근 쌍바닥/Higher-Low 형태 | 이동평균선 밀집 | 이동평균선 재돌파 | 재상승 후 5일선 지지,중기 상승 구조 미확인,154200.0,False,6.49,True,0.8919,0.5963,True,137426.9231,151490.3846,164900.0,165553.8462,133304.1154,-1.76,7.36,True,False,True,4.33,True,True,False,,False,False,,2026-08-01,2026-08-21,154200.0,9,0,-0.065,154100.0,2026-08-10,-12.127,135500.0,2026-08-11,-6.55,144100.0,2026-08-12,-1.946,151200.0,2026-08-13,-5.058,146400.0,2026-08-14,-9.209,140000.0,2026-08-18,-11.997,135700.0,2026-08-19,-12.646,134700.0,2026-08-20,-15.694,130000.0,2026-08-21,,,,,,,,,,,,,,,,,,,,,,,,,,,,,,,,,,2026-08-21,-0.065,-15.694,1.686,-16.083,,,,,,,
047810,한국항공우주,2026-08-10,2026-08-10,REJECTED,53,TREND_BROKEN_OR_NOT_UPTREND,상승추세 안의 단기 조정 + 전저점 유지 | 상승 평행채널 유효(커버리지 89%) | 최근 추세 하단(싼 구간) 접촉 | 추세 하단 부근 쌍바닥/Higher-Low 형태 | 이동평균선 밀집 | 이동평균선 재돌파 | 재상승 후 5일선 지지,중기 상승 구조 미확인,154100.0,False,6.55,True,0.8947,0.5905,True,137492.3077,151555.7692,164900.0,165619.2308,133367.5385,-1.65,7.48,True,False,True,3.84,True,True,False,,False,False,,2026-08-01,2026-08-21,154100.0,8,0,-12.07,135500.0,2026-08-11,-6.489,144100.0,2026-08-12,-1.882,151200.0,2026-08-13,-4.997,146400.0,2026-08-14,-9.15,140000.0,2026-08-18,-11.94,135700.0,2026-08-19,-12.589,134700.0,2026-08-20,-15.639,130000.0,2026-08-21,,,,,,,,,,,,,,,,,,,,,,,,,,,,,,,,,,,,,2026-08-21,-1.882,-15.639,0.13,-16.029,,,,,,,
047810,한국항공우주,2026-08-11,2026-08-11,REJECTED,48,TREND_BROKEN_OR_NOT_UPTREND,상승추세 안의 단기 조정 + 전저점 유지 | 상승 평행채널 유효(커버리지 90%) | 최근 추세 하단(싼 구간) 접촉 | 현재도 채널 하단권 | 추세 하단 부근 쌍바닥/Higher-Low 형태 | 이동평균선 밀집,중기 상승 구조 미확인,135500.0,False,17.83,True,0.8974,-0.0732,True,137557.6923,151621.1538,164900.0,165684.6154,133430.9615,11.9,22.28,True,False,True,4.21,False,False,False,,False,False,,2026-08-01,2026-08-21,135500.0,7,0,6.347,144100.0,2026-08-12,11.587,151200.0,2026-08-13,8.044,146400.0,2026-08-14,3.321,140000.0,2026-08-18,0.148,135700.0,2026-08-19,-0.59,134700.0,2026-08-20,-4.059,130000.0,2026-08-21,,,,,,,,,,,,,,,,,,,,,,,,,,,,,,,,,,,,,,,,2026-08-21,11.587,-4.059,11.587,-4.502,,,,,,,
047810,한국항공우주,2026-08-12,2026-08-12,REJECTED,48,TREND_BROKEN_OR_NOT_UPTREND,상승추세 안의 단기 조정 + 전저점 유지 | 상승 평행채널 유효(커버리지 90%) | 최근 추세 하단(싼 구간) 접촉 | 현재도 채널 하단권 | 추세 하단 부근 쌍바닥/Higher-Low 형태 | 이동평균선 밀집,중기 상승 구조 미확인,144100.0,False,12.61,True,0.9,0.2303,True,137623.0769,151686.5385,158500.0,165750.0,133494.3846,5.26,15.02,True,False,True,3.66,False,False,False,,False,False,,2026-08-01,2026-08-21,144100.0,6,0,4.927,151200.0,2026-08-13,1.596,146400.0,2026-08-14,-2.845,140000.0,2026-08-18,-5.829,135700.0,2026-08-19,-6.523,134700.0,2026-08-20,-9.785,130000.0,2026-08-21,,,,,,,,,,,,,,,,,,,,,,,,,,,,,,,,,,,,,,,,,,,2026-08-21,4.927,-9.785,4.927,-10.201,,,,,,,
047810,한국항공우주,2026-08-13,2026-08-13,REJECTED,51,TREND_BROKEN_OR_NOT_UPTREND,상승추세 안의 단기 조정 + 전저점 유지 | 상승 평행채널 유효(커버리지 90%) | 최근 추세 하단(싼 구간) 접촉 | 추세 하단 부근 쌍바닥/Higher-Low 형태 | 이동평균선 밀집 | 이동평균선 재돌파,중기 상승 구조 미확인,151200.0,False,8.31,True,0.9024,0.4804,True,137688.4615,151751.9231,158500.0,165815.3846,133557.8077,0.37,9.67,True,False,True,3.25,True,False,False,,False,False,,2026-08-01,2026-08-21,151200.0,5,0,-3.175,146400.0,2026-08-14,-7.407,140000.0,2026-08-18,-10.251,135700.0,2026-08-19,-10.913,134700.0,2026-08-20,-14.021,130000.0,2026-08-21,,,,,,,,,,,,,,,,,,,,,,,,,,,,,,,,,,,,,,,,,,,,,,2026-08-21,-3.175,-14.021,-0.529,-14.418,,,,,,,
047810,한국항공우주,2026-08-14,2026-08-14,REJECTED,48,TREND_BROKEN_OR_NOT_UPTREND,상승추세 안의 단기 조정 + 전저점 유지 | 상승 평행채널 유효(커버리지 90%) | 최근 추세 하단(싼 구간) 접촉 | 현재도 채널 하단권 | 추세 하단 부근 쌍바닥/Higher-Low 형태 | 이동평균선 밀집,중기 상승 구조 미확인,146400.0,False,11.22,True,0.9048,0.3074,True,137753.8462,151817.3077,158500.0,165880.7692,133621.2308,3.7,13.31,True,False,True,3.28,False,True,False,,False,False,,2026-08-01,2026-08-21,146400.0,4,0,-4.372,140000.0,2026-08-18,-7.309,135700.0,2026-08-19,-7.992,134700.0,2026-08-20,-11.202,130000.0,2026-08-21,,,,,,,,,,,,,,,,,,,,,,,,,,,,,,,,,,,,,,,,,,,,,,,,,2026-08-21,-4.372,-11.202,0.751,-11.612,,,,,,,
047810,한국항공우주,2026-08-18,2026-08-18,REJECTED,48,TREND_BROKEN_OR_NOT_UPTREND,상승추세 안의 단기 조정 + 전저점 유지 | 상승 평행채널 유효(커버리지 91%) | 최근 추세 하단(싼 구간) 접촉 | 현재도 채널 하단권 | 추세 하단 부근 쌍바닥/Higher-Low 형태 | 이동평균선 밀집,중기 상승 구조 미확인,140000.0,False,15.1,True,0.907,0.0775,True,137819.2308,151882.6923,158500.0,165946.1538,133684.6538,8.49,18.53,True,False,True,3.35,False,False,False,,False,False,,2026-08-01,2026-08-21,140000.0,3,0,-3.071,135700.0,2026-08-19,-3.786,134700.0,2026-08-20,-7.143,130000.0,2026-08-21,,,,,,,,,,,,,,,,,,,,,,,,,,,,,,,,,,,,,,,,,,,,,,,,,,,,2026-08-21,-3.071,-7.143,-0.143,-7.571,,,,,,,
047810,한국항공우주,2026-08-19,2026-08-19,REJECTED,48,TREND_BROKEN_OR_NOT_UPTREND,상승추세 안의 단기 조정 + 전저점 유지 | 상승 평행채널 유효(커버리지 91%) | 최근 추세 하단(싼 구간) 접촉 | 현재도 채널 하단권 | 추세 하단 부근 쌍바닥/Higher-Low 형태 | 이동평균선 밀집,중기 상승 구조 미확인,135700.0,False,17.71,True,0.9091,-0.0777,True,137884.6154,151948.0769,158500.0,166011.5385,133748.0769,11.97,22.34,True,False,True,3.35,False,False,False,,False,False,,2026-08-01,2026-08-21,135700.0,2,0,-0.737,134700.0,2026-08-20,-4.2,130000.0,2026-08-21,,,,,,,,,,,,,,,,,,,,,,,,,,,,,,,,,,,,,,,,,,,,,,,,,,,,,,,2026-08-21,-0.737,-4.2,1.695,-4.643,,,,,,,
047810,한국항공우주,2026-08-20,2026-08-20,REJECTED,48,TREND_BROKEN_OR_NOT_UPTREND,상승추세 안의 단기 조정 + 전저점 유지 | 상승 평행채널 유효(커버리지 91%) | 최근 추세 하단(싼 구간) 접촉 | 현재도 채널 하단권 | 추세 하단 부근 쌍바닥/Higher-Low 형태 | 이동평균선 밀집,중기 상승 구조 미확인,134700.0,False,18.31,True,0.9111,-0.0073,True,134926.9231,150501.9231,158500.0,166076.9231,130879.1154,11.73,23.29,True,False,True,3.5,False,False,False,,False,False,,2026-08-01,2026-08-21,134700.0,1,0,-3.489,130000.0,2026-08-21,,,,,,,,,,,,,,,,,,,,,,,,,,,,,,,,,,,,,,,,,,,,,,,,,,,,,,,,,,2026-08-21,-3.489,-3.489,-1.411,-3.935,,,,,,,
047810,한국항공우주,2026-08-21,2026-08-21,REJECTED,38,TREND_BROKEN_OR_NOT_UPTREND,상승 평행채널 유효(커버리지 89%) | 최근 추세 하단(싼 구간) 접촉 | 현재도 채널 하단권 | 추세 하단 부근 쌍바닥/Higher-Low 형태 | 이동평균선 밀집,중기 상승 구조 미확인 | 최근 스윙 저점 이탈 위험,130000.0,False,21.16,False,0.8913,-0.1603,True,134992.3077,150567.3077,158500.0,166142.3077,130942.5385,15.82,27.8,True,False,True,6.33,False,False,False,,False,False,,2026-08-01,2026-08-21,130000.0,0,0,,,,,,,,,,,,,,,,,,,,,,,,,,,,,,,,,,,,,,,,,,,,,,,,,,,,,,,,,,,,,,,,,,,,,,,,
030200,KT,2026-08-03,2026-08-03,REJECTED,48,TREND_BROKEN_OR_NOT_UPTREND,상승추세 안의 단기 조정 + 전저점 유지 | 상승 평행채널 유효(커버리지 92%) | 최근 추세 하단(싼 구간) 접촉 | 현재도 채널 하단권 | 추세 하단 부근 쌍바닥/Higher-Low 형태 | 이동평균선 밀집,중기 상승 구조 미확인,52200.0,False,10.0,True,0.9205,0.0228,True,51972.7273,56950.0,54900.0,61927.2727,50413.5455,9.1,18.63,True,False,True,3.23,False,False,False,,False,False,,2026-08-01,2026-08-21,52200.0,13,0,0.192,52300.0,2026-08-04,0.575,52500.0,2026-08-05,2.49,53500.0,2026-08-06,2.107,53300.0,2026-08-07,0.383,52400.0,2026-08-10,1.149,52800.0,2026-08-11,0.958,52700.0,2026-08-12,0.575,52500.0,2026-08-13,2.299,53400.0,2026-08-14,4.023,54300.0,2026-08-18,0.766,52600.0,2026-08-19,-0.192,52100.0,2026-08-20,0.383,52400.0,2026-08-21,,,,,,,,,,,,,,,,,,,,,,2026-08-21,4.023,-0.192,4.215,-1.149,,,,,,,
030200,KT,2026-08-04,2026-08-04,REJECTED,48,TREND_BROKEN_OR_NOT_UPTREND,상승추세 안의 단기 조정 + 전저점 유지 | 상승 평행채널 유효(커버리지 92%) | 최근 추세 하단(싼 구간) 접촉 | 현재도 채널 하단권 | 추세 하단 부근 쌍바닥/Higher-Low 형태 | 이동평균선 밀집,중기 상승 구조 미확인,52300.0,False,9.83,True,0.9213,0.0323,True,51978.7879,56956.0606,54900.0,61933.3333,50419.4242,8.9,18.42,True,False,True,3.61,False,True,False,,False,False,,2026-08-01,2026-08-21,52300.0,12,0,0.382,52500.0,2026-08-05,2.294,53500.0,2026-08-06,1.912,53300.0,2026-08-07,0.191,52400.0,2026-08-10,0.956,52800.0,2026-08-11,0.765,52700.0,2026-08-12,0.382,52500.0,2026-08-13,2.103,53400.0,2026-08-14,3.824,54300.0,2026-08-18,0.574,52600.0,2026-08-19,-0.382,52100.0,2026-08-20,0.191,52400.0,2026-08-21,,,,,,,,,,,,,,,,,,,,,,,,,2026-08-21,3.824,-0.382,4.015,-1.338,,,,,,,
030200,KT,2026-08-05,2026-08-05,REJECTED,48,TREND_BROKEN_OR_NOT_UPTREND,상승추세 안의 단기 조정 + 전저점 유지 | 상승 평행채널 유효(커버리지 92%) | 최근 추세 하단(싼 구간) 접촉 | 현재도 채널 하단권 | 추세 하단 부근 쌍바닥/Higher-Low 형태 | 이동평균선 밀집,중기 상승 구조 미확인,52500.0,False,9.48,True,0.9222,0.0518,True,51984.8485,56962.1212,54900.0,61939.3939,50425.303,8.5,17.98,True,False,True,3.88,False,True,False,,False,False,,2026-08-01,2026-08-21,52500.0,11,0,1.905,53500.0,2026-08-06,1.524,53300.0,2026-08-07,-0.19,52400.0,2026-08-10,0.571,52800.0,2026-08-11,0.381,52700.0,2026-08-12,0.0,52500.0,2026-08-13,1.714,53400.0,2026-08-14,3.429,54300.0,2026-08-18,0.19,52600.0,2026-08-19,-0.762,52100.0,2026-08-20,-0.19,52400.0,2026-08-21,,,,,,,,,,,,,,,,,,,,,,,,,,,,2026-08-21,3.429,-0.762,3.619,-1.714,,,,,,,
030200,KT,2026-08-06,2026-08-06,REJECTED,48,TREND_BROKEN_OR_NOT_UPTREND,상승추세 안의 단기 조정 + 전저점 유지 | 상승 평행채널 유효(커버리지 92%) | 최근 추세 하단(싼 구간) 접촉 | 현재도 채널 하단권 | 추세 하단 부근 쌍바닥/Higher-Low 형태 | 이동평균선 밀집,중기 상승 구조 미확인,53500.0,False,7.76,True,0.9231,0.1516,True,51990.9091,56968.1818,54900.0,61945.4545,50431.1818,6.48,15.79,True,False,True,3.38,False,True,False,,False,False,,2026-08-01,2026-08-21,53500.0,10,0,-0.374,53300.0,2026-08-07,-2.056,52400.0,2026-08-10,-1.308,52800.0,2026-08-11,-1.495,52700.0,2026-08-12,-1.869,52500.0,2026-08-13,-0.187,53400.0,2026-08-14,1.495,54300.0,2026-08-18,-1.682,52600.0,2026-08-19,-2.617,52100.0,2026-08-20,-2.056,52400.0,2026-08-21,,,,,,,,,,,,,,,,,,,,,,,,,,,,,,,2026-08-21,1.495,-2.617,1.682,-3.551,,,,,,,
030200,KT,2026-08-07,2026-08-07,REJECTED,48,TREND_BROKEN_OR_NOT_UPTREND,상승추세 안의 단기 조정 + 전저점 유지 | 상승 평행채널 유효(커버리지 92%) | 최근 추세 하단(싼 구간) 접촉 | 현재도 채널 하단권 | 추세 하단 부근 쌍바닥/Higher-Low 형태 | 이동평균선 밀집,중기 상승 구조 미확인,53300.0,False,7.3,True,0.9239,0.1309,True,51996.9697,56974.2424,54900.0,61951.5152,50437.0606,6.89,16.23,True,False,True,2.66,False,True,False,,False,False,,2026-08-01,2026-08-21,53300.0,9,0,-1.689,52400.0,2026-08-10,-0.938,52800.0,2026-08-11,-1.126,52700.0,2026-08-12,-1.501,52500.0,2026-08-13,0.188,53400.0,2026-08-14,1.876,54300.0,2026-08-18,-1.313,52600.0,2026-08-19,-2.251,52100.0,2026-08-20,-1.689,52400.0,2026-08-21,,,,,,,,,,,,,,,,,,,,,,,,,,,,,,,,,,2026-08-21,1.876,-2.251,2.064,-3.189,,,,,,,
030200,KT,2026-08-10,2026-08-10,REJECTED,48,TREND_BROKEN_OR_NOT_UPTREND,상승추세 안의 단기 조정 + 전저점 유지 | 상승 평행채널 유효(커버리지 92%) | 최근 추세 하단(싼 구간) 접촉 | 현재도 채널 하단권 | 추세 하단 부근 쌍바닥/Higher-Low 형태 | 이동평균선 밀집,중기 상승 구조 미확인,52400.0,False,4.55,True,0.9247,0.0399,True,52003.0303,56980.303,54900.0,61957.5758,50442.9394,8.74,18.24,True,False,True,2.41,False,True,False,,False,False,,2026-08-01,2026-08-21,52400.0,8,0,0.763,52800.0,2026-08-11,0.573,52700.0,2026-08-12,0.191,52500.0,2026-08-13,1.908,53400.0,2026-08-14,3.626,54300.0,2026-08-18,0.382,52600.0,2026-08-19,-0.573,52100.0,2026-08-20,0.0,52400.0,2026-08-21,,,,,,,,,,,,,,,,,,,,,,,,,,,,,,,,,,,,,2026-08-21,3.626,-0.573,3.817,-1.527,,,,,,,
030200,KT,2026-08-11,2026-08-11,REJECTED,48,TREND_BROKEN_OR_NOT_UPTREND,상승추세 안의 단기 조정 + 전저점 유지 | 상승 평행채널 유효(커버리지 93%) | 최근 추세 하단(싼 구간) 접촉 | 현재도 채널 하단권 | 추세 하단 부근 쌍바닥/Higher-Low 형태 | 이동평균선 밀집,중기 상승 구조 미확인,52800.0,False,3.83,True,0.9255,0.0795,True,52009.0909,56986.3636,54900.0,61963.6364,50448.8182,7.93,17.36,True,False,True,2.01,False,True,False,,False,False,,2026-08-01,2026-08-21,52800.0,7,0,-0.189,52700.0,2026-08-12,-0.568,52500.0,2026-08-13,1.136,53400.0,2026-08-14,2.841,54300.0,2026-08-18,-0.379,52600.0,2026-08-19,-1.326,52100.0,2026-08-20,-0.758,52400.0,2026-08-21,,,,,,,,,,,,,,,,,,,,,,,,,,,,,,,,,,,,,,,,2026-08-21,2.841,-1.326,3.03,-2.273,,,,,,,
030200,KT,2026-08-12,2026-08-12,REJECTED,48,TREND_BROKEN_OR_NOT_UPTREND,상승추세 안의 단기 조정 + 전저점 유지 | 상승 평행채널 유효(커버리지 93%) | 최근 추세 하단(싼 구간) 접촉 | 현재도 채널 하단권 | 추세 하단 부근 쌍바닥/Higher-Low 형태 | 이동평균선 밀집,중기 상승 구조 미확인,52700.0,False,4.01,True,0.9263,0.0688,True,52015.1515,56992.4242,54900.0,61969.697,50454.697,8.15,17.59,True,False,True,1.72,False,True,False,,False,False,,2026-08-01,2026-08-21,52700.0,6,0,-0.38,52500.0,2026-08-13,1.328,53400.0,2026-08-14,3.036,54300.0,2026-08-18,-0.19,52600.0,2026-08-19,-1.139,52100.0,2026-08-20,-0.569,52400.0,2026-08-21,,,,,,,,,,,,,,,,,,,,,,,,,,,,,,,,,,,,,,,,,,,2026-08-21,3.036,-1.139,3.226,-2.087,,,,,,,
030200,KT,2026-08-13,2026-08-13,REJECTED,48,TREND_BROKEN_OR_NOT_UPTREND,상승추세 안의 단기 조정 + 전저점 유지 | 상승 평행채널 유효(커버리지 93%) | 최근 추세 하단(싼 구간) 접촉 | 현재도 채널 하단권 | 추세 하단 부근 쌍바닥/Higher-Low 형태 | 이동평균선 밀집,중기 상승 구조 미확인,52500.0,False,4.37,True,0.9271,0.0481,True,52021.2121,56998.4848,54900.0,61975.7576,50460.5758,8.57,18.05,True,False,True,1.9,False,True,False,,False,False,,2026-08-01,2026-08-21,52500.0,5,0,1.714,53400.0,2026-08-14,3.429,54300.0,2026-08-18,0.19,52600.0,2026-08-19,-0.762,52100.0,2026-08-20,-0.19,52400.0,2026-08-21,,,,,,,,,,,,,,,,,,,,,,,,,,,,,,,,,,,,,,,,,,,,,,2026-08-21,3.429,-0.762,3.619,-1.714,,,,,,,
030200,KT,2026-08-14,2026-08-14,REJECTED,38,TREND_BROKEN_OR_NOT_UPTREND,상승 평행채널 유효(커버리지 93%) | 최근 추세 하단(싼 구간) 접촉 | 현재도 채널 하단권 | 추세 하단 부근 쌍바닥/Higher-Low 형태 | 이동평균선 밀집,중기 상승 구조 미확인,53400.0,False,2.73,True,0.9278,0.1379,True,52027.2727,57004.5455,54900.0,61981.8182,50731.0,6.75,16.07,True,False,True,1.75,False,True,False,,False,False,,2026-08-01,2026-08-21,53400.0,4,0,1.685,54300.0,2026-08-18,-1.498,52600.0,2026-08-19,-2.434,52100.0,2026-08-20,-1.873,52400.0,2026-08-21,,,,,,,,,,,,,,,,,,,,,,,,,,,,,,,,,,,,,,,,,,,,,,,,,2026-08-21,1.685,-2.434,1.873,-3.371,,,,,,,
030200,KT,2026-08-18,2026-08-18,REJECTED,53,TREND_BROKEN_OR_NOT_UPTREND,상승 평행채널 유효(커버리지 93%) | 최근 추세 하단(싼 구간) 접촉 | 현재도 채널 하단권 | 추세 하단 부근 쌍바닥/Higher-Low 형태 | 쌍바닥 넥라인 돌파 확인 | 이동평균선 밀집 | 이동평균선 재돌파 | 재상승 후 5일선 지지,중기 상승 구조 미확인,54300.0,False,1.09,True,0.9286,0.2277,True,52033.3333,57010.6061,54900.0,61987.8788,50731.0,4.99,14.16,True,True,True,1.18,True,True,False,,False,False,,2026-08-01,2026-08-21,54300.0,3,0,-3.131,52600.0,2026-08-19,-4.052,52100.0,2026-08-20,-3.499,52400.0,2026-08-21,,,,,,,,,,,,,,,,,,,,,,,,,,,,,,,,,,,,,,,,,,,,,,,,,,,,2026-08-21,-3.131,-4.052,-1.473,-4.972,,,,,,,
030200,KT,2026-08-19,2026-08-19,REJECTED,48,TREND_BROKEN_OR_NOT_UPTREND,상승추세 안의 단기 조정 + 전저점 유지 | 상승 평행채널 유효(커버리지 93%) | 최근 추세 하단(싼 구간) 접촉 | 현재도 채널 하단권 | 추세 하단 부근 쌍바닥/Higher-Low 형태 | 이동평균선 밀집,중기 상승 구조 미확인,52600.0,False,4.19,True,0.9293,0.0563,True,52039.3939,57016.6667,54900.0,61993.9394,50731.0,8.4,17.86,True,False,True,1.13,False,True,False,,False,False,,2026-08-01,2026-08-21,52600.0,2,0,-0.951,52100.0,2026-08-20,-0.38,52400.0,2026-08-21,,,,,,,,,,,,,,,,,,,,,,,,,,,,,,,,,,,,,,,,,,,,,,,,,,,,,,,2026-08-21,-0.38,-0.951,0.38,-1.901,,,,,,,
030200,KT,2026-08-20,2026-08-20,REJECTED,48,TREND_BROKEN_OR_NOT_UPTREND,상승추세 안의 단기 조정 + 전저점 유지 | 상승 평행채널 유효(커버리지 93%) | 최근 추세 하단(싼 구간) 접촉 | 현재도 채널 하단권 | 추세 하단 부근 쌍바닥/Higher-Low 형태 | 이동평균선 밀집,중기 상승 구조 미확인,52100.0,False,5.1,True,0.93,0.0055,True,52045.4545,57022.7273,54900.0,62000.0,50731.0,9.45,19.0,True,False,True,1.1,False,True,False,,False,False,,2026-08-01,2026-08-21,52100.0,1,0,0.576,52400.0,2026-08-21,,,,,,,,,,,,,,,,,,,,,,,,,,,,,,,,,,,,,,,,,,,,,,,,,,,,,,,,,,2026-08-21,0.576,0.576,1.344,-0.96,,,,,,,
030200,KT,2026-08-21,2026-08-21,REJECTED,0,NO_RISING_CHANNEL,,영상 방식의 상승 평행채널을 안정적으로 구성하지 못함,,,,,,,,,,,,,,,,,,,,,,,,,,2026-08-01,2026-08-21,52400.0,0,0,,,,,,,,,,,,,,,,,,,,,,,,,,,,,,,,,,,,,,,,,,,,,,,,,,,,,,,,,,,,,,,,,,,,,,,,
071050,한국금융지주,2026-08-03,2026-08-03,REJECTED,40,TREND_BROKEN_OR_NOT_UPTREND,상승추세 안의 단기 조정 + 전저점 유지 | 상승 평행채널 유효(커버리지 94%) | 최근 추세 하단(싼 구간) 접촉 | 현재도 채널 하단권 | 추세 하단 부근 쌍바닥/Higher-Low 형태,중기 상승 구조 미확인,196900.0,False,25.28,True,0.9412,0.0175,True,195678.5714,230607.1429,263500.0,265535.7143,189808.2143,17.12,34.86,True,False,False,19.88,False,True,False,,False,False,,2026-08-01,2026-08-21,196900.0,13,0,2.844,202500.0,2026-08-04,6.399,209500.0,2026-08-05,3.606,204000.0,2026-08-06,-4.52,188000.0,2026-08-07,-1.524,193900.0,2026-08-10,0.609,198100.0,2026-08-11,1.828,200500.0,2026-08-12,1.422,199700.0,2026-08-13,3.606,204000.0,2026-08-14,-2.692,191600.0,2026-08-18,-7.009,183100.0,2026-08-19,-5.13,186800.0,2026-08-20,-6.298,184500.0,2026-08-21,,,,,,,,,,,,,,,,,,,,,,2026-08-21,6.399,-7.009,8.939,-8.939,,,,,,,
071050,한국금융지주,2026-08-04,2026-08-04,REJECTED,40,TREND_BROKEN_OR_NOT_UPTREND,상승추세 안의 단기 조정 + 전저점 유지 | 상승 평행채널 유효(커버리지 94%) | 최근 추세 하단(싼 구간) 접촉 | 현재도 채널 하단권 | 추세 하단 부근 쌍바닥/Higher-Low 형태,중기 상승 구조 미확인,202500.0,False,22.71,True,0.9429,0.0961,True,195785.7143,230714.2857,263500.0,265642.8571,189912.1429,13.93,31.18,True,False,False,17.85,False,True,False,,False,False,,2026-08-01,2026-08-21,202500.0,12,0,3.457,209500.0,2026-08-05,0.741,204000.0,2026-08-06,-7.16,188000.0,2026-08-07,-4.247,193900.0,2026-08-10,-2.173,198100.0,2026-08-11,-0.988,200500.0,2026-08-12,-1.383,199700.0,2026-08-13,0.741,204000.0,2026-08-14,-5.383,191600.0,2026-08-18,-9.58,183100.0,2026-08-19,-7.753,186800.0,2026-08-20,-8.889,184500.0,2026-08-21,,,,,,,,,,,,,,,,,,,,,,,,,2026-08-21,3.457,-9.58,5.926,-11.457,,,,,,,
071050,한국금융지주,2026-08-05,2026-08-05,REJECTED,40,TREND_BROKEN_OR_NOT_UPTREND,상승추세 안의 단기 조정 + 전저점 유지 | 상승 평행채널 유효(커버리지 94%) | 최근 추세 하단(싼 구간) 접촉 | 현재도 채널 하단권 | 추세 하단 부근 쌍바닥/Higher-Low 형태,중기 상승 구조 미확인,209500.0,False,20.04,True,0.9444,0.1948,True,195892.8571,230821.4286,263500.0,265750.0,190016.0714,10.18,26.85,True,False,False,14.3,False,True,False,,False,False,,2026-08-01,2026-08-21,209500.0,11,0,-2.625,204000.0,2026-08-06,-10.263,188000.0,2026-08-07,-7.446,193900.0,2026-08-10,-5.442,198100.0,2026-08-11,-4.296,200500.0,2026-08-12,-4.678,199700.0,2026-08-13,-2.625,204000.0,2026-08-14,-8.544,191600.0,2026-08-18,-12.601,183100.0,2026-08-19,-10.835,186800.0,2026-08-20,-11.933,184500.0,2026-08-21,,,,,,,,,,,,,,,,,,,,,,,,,,,,2026-08-21,-2.625,-12.601,2.387,-14.415,,,,,,,
071050,한국금융지주,2026-08-06,2026-08-06,REJECTED,40,TREND_BROKEN_OR_NOT_UPTREND,상승추세 안의 단기 조정 + 전저점 유지 | 상승 평행채널 유효(커버리지 95%) | 최근 추세 하단(싼 구간) 접촉 | 현재도 채널 하단권 | 추세 하단 부근 쌍바닥/Higher-Low 형태,중기 상승 구조 미확인,204000.0,False,20.31,True,0.9459,0.1145,True,196000.0,230928.5714,263500.0,265857.1429,190120.0,13.2,30.32,True,False,False,12.0,False,True,False,,False,False,,2026-08-01,2026-08-21,204000.0,10,0,-7.843,188000.0,2026-08-07,-4.951,193900.0,2026-08-10,-2.892,198100.0,2026-08-11,-1.716,200500.0,2026-08-12,-2.108,199700.0,2026-08-13,0.0,204000.0,2026-08-14,-6.078,191600.0,2026-08-18,-10.245,183100.0,2026-08-19,-8.431,186800.0,2026-08-20,-9.559,184500.0,2026-08-21,,,,,,,,,,,,,,,,,,,,,,,,,,,,,,,2026-08-21,0.0,-10.245,3.922,-12.108,,,,,,,
071050,한국금융지주,2026-08-07,2026-08-07,REJECTED,40,TREND_BROKEN_OR_NOT_UPTREND,상승추세 안의 단기 조정 + 전저점 유지 | 상승 평행채널 유효(커버리지 92%) | 최근 추세 하단(싼 구간) 접촉 | 현재도 채널 하단권 | 추세 하단 부근 쌍바닥/Higher-Low 형태,중기 상승 구조 미확인,188000.0,False,26.56,True,0.9211,-0.1161,True,196107.1429,231035.7143,263500.0,265964.2857,190223.9286,22.89,41.47,True,False,False,14.44,False,False,False,,False,False,,2026-08-01,2026-08-21,188000.0,9,0,3.138,193900.0,2026-08-10,5.372,198100.0,2026-08-11,6.649,200500.0,2026-08-12,6.223,199700.0,2026-08-13,8.511,204000.0,2026-08-14,1.915,191600.0,2026-08-18,-2.606,183100.0,2026-08-19,-0.638,186800.0,2026-08-20,-1.862,184500.0,2026-08-21,,,,,,,,,,,,,,,,,,,,,,,,,,,,,,,,,,2026-08-21,8.511,-2.606,12.766,-4.628,,,,,,,
071050,한국금융지주,2026-08-10,2026-08-10,REJECTED,40,TREND_BROKEN_OR_NOT_UPTREND,상승추세 안의 단기 조정 + 전저점 유지 | 상승 평행채널 유효(커버리지 92%) | 최근 추세 하단(싼 구간) 접촉 | 현재도 채널 하단권 | 추세 하단 부근 쌍바닥/Higher-Low 형태,중기 상승 구조 미확인,193900.0,False,24.26,True,0.9231,-0.0331,True,196214.2857,231142.8571,263500.0,266071.4286,190327.8571,19.21,37.22,True,False,False,13.82,False,False,False,,False,False,,2026-08-01,2026-08-21,193900.0,8,0,2.166,198100.0,2026-08-11,3.404,200500.0,2026-08-12,2.991,199700.0,2026-08-13,5.209,204000.0,2026-08-14,-1.186,191600.0,2026-08-18,-5.57,183100.0,2026-08-19,-3.662,186800.0,2026-08-20,-4.848,184500.0,2026-08-21,,,,,,,,,,,,,,,,,,,,,,,,,,,,,,,,,,,,,2026-08-21,5.209,-5.57,9.335,-7.53,,,,,,,
071050,한국금융지주,2026-08-11,2026-08-11,REJECTED,35,TREND_BROKEN_OR_NOT_UPTREND,상승추세 안의 단기 조정 + 전저점 유지 | 상승 평행채널 유효(커버리지 92%) | 최근 추세 하단(싼 구간) 접촉 | 현재도 채널 하단권,중기 상승 구조 미확인,198100.0,False,17.8,True,0.925,0.0255,True,196321.4286,231250.0,214500.0,266178.5714,190431.7857,16.73,34.37,False,False,False,13.46,False,False,False,,False,False,,2026-08-01,2026-08-21,198100.0,7,0,1.212,200500.0,2026-08-12,0.808,199700.0,2026-08-13,2.978,204000.0,2026-08-14,-3.281,191600.0,2026-08-18,-7.572,183100.0,2026-08-19,-5.704,186800.0,2026-08-20,-6.865,184500.0,2026-08-21,,,,,,,,,,,,,,,,,,,,,,,,,,,,,,,,,,,,,,,,2026-08-21,2.978,-7.572,7.017,-9.49,,,,,,,
071050,한국금융지주,2026-08-12,2026-08-12,REJECTED,35,TREND_BROKEN_OR_NOT_UPTREND,상승추세 안의 단기 조정 + 전저점 유지 | 상승 평행채널 유효(커버리지 100%) | 최근 추세 하단(싼 구간) 접촉 | 현재도 채널 하단권,중기 상승 구조 미확인,200500.0,False,15.76,True,1.0,0.1669,True,187321.4286,226803.5714,214500.0,266285.7143,181701.7857,13.12,32.81,False,False,False,13.72,False,True,False,,False,False,,2026-08-01,2026-08-21,200500.0,6,0,-0.399,199700.0,2026-08-13,1.746,204000.0,2026-08-14,-4.439,191600.0,2026-08-18,-8.678,183100.0,2026-08-19,-6.833,186800.0,2026-08-20,-7.98,184500.0,2026-08-21,,,,,,,,,,,,,,,,,,,,,,,,,,,,,,,,,,,,,,,,,,,2026-08-21,1.746,-8.678,5.736,-10.574,,,,,,,
071050,한국금융지주,2026-08-13,2026-08-13,REJECTED,35,TREND_BROKEN_OR_NOT_UPTREND,상승추세 안의 단기 조정 + 전저점 유지 | 상승 평행채널 유효(커버리지 100%) | 최근 추세 하단(싼 구간) 접촉 | 현재도 채널 하단권,중기 상승 구조 미확인,199700.0,False,15.56,True,1.0,0.1554,True,187428.5714,226910.7143,214500.0,266392.8571,181805.7143,13.63,33.4,False,False,False,13.87,False,True,False,,False,False,,2026-08-01,2026-08-21,199700.0,5,0,2.153,204000.0,2026-08-14,-4.056,191600.0,2026-08-18,-8.312,183100.0,2026-08-19,-6.46,186800.0,2026-08-20,-7.611,184500.0,2026-08-21,,,,,,,,,,,,,,,,,,,,,,,,,,,,,,,,,,,,,,,,,,,,,,2026-08-21,2.153,-8.312,2.654,-10.215,,,,,,,
071050,한국금융지주,2026-08-14,2026-08-14,REJECTED,35,TREND_BROKEN_OR_NOT_UPTREND,상승추세 안의 단기 조정 + 전저점 유지 | 상승 평행채널 유효(커버리지 100%) | 최근 추세 하단(싼 구간) 접촉 | 현재도 채널 하단권,중기 상승 구조 미확인,204000.0,False,11.3,True,1.0,0.2085,True,187535.7143,227017.8571,214500.0,266500.0,181909.6429,11.28,30.64,False,False,False,11.76,False,True,False,,False,False,,2026-08-01,2026-08-21,204000.0,4,0,-6.078,191600.0,2026-08-18,-10.245,183100.0,2026-08-19,-8.431,186800.0,2026-08-20,-9.559,184500.0,2026-08-21,,,,,,,,,,,,,,,,,,,,,,,,,,,,,,,,,,,,,,,,,,,,,,,,,2026-08-21,-6.078,-10.245,0.49,-12.108,,,,,,,
071050,한국금융지주,2026-08-18,2026-08-18,REJECTED,35,TREND_BROKEN_OR_NOT_UPTREND,상승추세 안의 단기 조정 + 전저점 유지 | 상승 평행채널 유효(커버리지 100%) | 최근 추세 하단(싼 구간) 접촉 | 현재도 채널 하단권,중기 상승 구조 미확인,191600.0,False,16.7,True,1.0,0.0501,True,187642.8571,227125.0,214500.0,266607.1429,182013.5714,18.54,39.15,False,False,False,12.41,False,False,False,,False,False,,2026-08-01,2026-08-21,191600.0,3,0,-4.436,183100.0,2026-08-19,-2.505,186800.0,2026-08-20,-3.706,184500.0,2026-08-21,,,,,,,,,,,,,,,,,,,,,,,,,,,,,,,,,,,,,,,,,,,,,,,,,,,,2026-08-21,-2.505,-4.436,-0.939,-6.42,,,,,,,
071050,한국금융지주,2026-08-19,2026-08-19,REJECTED,25,TREND_BROKEN_OR_NOT_UPTREND,상승 평행채널 유효(커버리지 100%) | 최근 추세 하단(싼 구간) 접촉 | 현재도 채널 하단권,중기 상승 구조 미확인 | 최근 스윙 저점 이탈 위험,183100.0,False,20.39,False,1.0,-0.0589,True,187750.0,227232.1429,212000.0,266714.2857,182117.5,24.1,45.67,False,False,False,14.02,False,False,False,,False,False,,2026-08-01,2026-08-21,183100.0,2,0,2.021,186800.0,2026-08-20,0.765,184500.0,2026-08-21,,,,,,,,,,,,,,,,,,,,,,,,,,,,,,,,,,,,,,,,,,,,,,,,,,,,,,,2026-08-21,2.021,0.765,3.441,-1.693,,,,,,,
071050,한국금융지주,2026-08-20,2026-08-20,REJECTED,35,TREND_BROKEN_OR_NOT_UPTREND,상승추세 안의 단기 조정 + 전저점 유지 | 상승 평행채널 유효(커버리지 100%) | 최근 추세 하단(싼 구간) 접촉 | 현재도 채널 하단권,중기 상승 구조 미확인,186800.0,False,16.04,True,1.0,-0.0134,True,187857.1429,227339.2857,212000.0,266821.4286,182221.4286,21.7,42.84,False,False,False,14.6,False,False,False,,False,False,,2026-08-01,2026-08-21,186800.0,1,0,-1.231,184500.0,2026-08-21,,,,,,,,,,,,,,,,,,,,,,,,,,,,,,,,,,,,,,,,,,,,,,,,,,,,,,,,,,2026-08-21,-1.231,-1.231,-0.535,-3.64,,,,,,,
071050,한국금융지주,2026-08-21,2026-08-21,REJECTED,25,TREND_BROKEN_OR_NOT_UPTREND,상승 평행채널 유효(커버리지 100%) | 최근 추세 하단(싼 구간) 접촉 | 현재도 채널 하단권,중기 상승 구조 미확인 | 최근 스윙 저점 이탈 위험,184500.0,False,15.56,False,1.0,-0.0439,True,187964.2857,227446.4286,212000.0,266928.5714,182325.3571,23.28,44.68,False,False,False,15.82,False,False,False,,False,False,,2026-08-01,2026-08-21,184500.0,0,0,,,,,,,,,,,,,,,,,,,,,,,,,,,,,,,,,,,,,,,,,,,,,,,,,,,,,,,,,,,,,,,,,,,,,,,,
006260,LS,2026-08-03,2026-08-03,REJECTED,0,NO_RISING_CHANNEL,,영상 방식의 상승 평행채널을 안정적으로 구성하지 못함,,,,,,,,,,,,,,,,,,,,,,,,,,2026-08-01,2026-08-21,273000.0,13,0,10.073,300500.0,2026-08-04,20.513,329000.0,2026-08-05,20.33,328500.0,2026-08-06,16.117,317000.0,2026-08-07,20.879,330000.0,2026-08-10,18.132,322500.0,2026-08-11,23.443,337000.0,2026-08-12,19.414,326000.0,2026-08-13,18.498,323500.0,2026-08-14,25.824,343500.0,2026-08-18,21.978,333000.0,2026-08-19,14.835,313500.0,2026-08-20,7.509,293500.0,2026-08-21,,,,,,,,,,,,,,,,,,,,,,2026-08-21,25.824,7.509,31.502,1.648,,,,,,,
006260,LS,2026-08-04,2026-08-04,REJECTED,0,NO_RISING_CHANNEL,,영상 방식의 상승 평행채널을 안정적으로 구성하지 못함,,,,,,,,,,,,,,,,,,,,,,,,,,2026-08-01,2026-08-21,300500.0,12,0,9.484,329000.0,2026-08-05,9.318,328500.0,2026-08-06,5.491,317000.0,2026-08-07,9.817,330000.0,2026-08-10,7.321,322500.0,2026-08-11,12.146,337000.0,2026-08-12,8.486,326000.0,2026-08-13,7.654,323500.0,2026-08-14,14.309,343500.0,2026-08-18,10.815,333000.0,2026-08-19,4.326,313500.0,2026-08-20,-2.329,293500.0,2026-08-21,,,,,,,,,,,,,,,,,,,,,,,,,2026-08-21,14.309,-2.329,19.468,-4.326,,,,,,,
006260,LS,2026-08-05,2026-08-05,REJECTED,0,NO_RISING_CHANNEL,,영상 방식의 상승 평행채널을 안정적으로 구성하지 못함,,,,,,,,,,,,,,,,,,,,,,,,,,2026-08-01,2026-08-21,329000.0,11,0,-0.152,328500.0,2026-08-06,-3.647,317000.0,2026-08-07,0.304,330000.0,2026-08-10,-1.976,322500.0,2026-08-11,2.432,337000.0,2026-08-12,-0.912,326000.0,2026-08-13,-1.672,323500.0,2026-08-14,4.407,343500.0,2026-08-18,1.216,333000.0,2026-08-19,-4.711,313500.0,2026-08-20,-10.79,293500.0,2026-08-21,,,,,,,,,,,,,,,,,,,,,,,,,,,,2026-08-21,4.407,-10.79,9.119,-12.614,,,,,,,
006260,LS,2026-08-06,2026-08-06,REJECTED,0,NO_RISING_CHANNEL,,영상 방식의 상승 평행채널을 안정적으로 구성하지 못함,,,,,,,,,,,,,,,,,,,,,,,,,,2026-08-01,2026-08-21,328500.0,10,0,-3.501,317000.0,2026-08-07,0.457,330000.0,2026-08-10,-1.826,322500.0,2026-08-11,2.588,337000.0,2026-08-12,-0.761,326000.0,2026-08-13,-1.522,323500.0,2026-08-14,4.566,343500.0,2026-08-18,1.37,333000.0,2026-08-19,-4.566,313500.0,2026-08-20,-10.654,293500.0,2026-08-21,,,,,,,,,,,,,,,,,,,,,,,,,,,,,,,2026-08-21,4.566,-10.654,9.285,-12.481,,,,,,,
006260,LS,2026-08-07,2026-08-07,REJECTED,0,NO_RISING_CHANNEL,,영상 방식의 상승 평행채널을 안정적으로 구성하지 못함,,,,,,,,,,,,,,,,,,,,,,,,,,2026-08-01,2026-08-21,317000.0,9,0,4.101,330000.0,2026-08-10,1.735,322500.0,2026-08-11,6.309,337000.0,2026-08-12,2.839,326000.0,2026-08-13,2.05,323500.0,2026-08-14,8.36,343500.0,2026-08-18,5.047,333000.0,2026-08-19,-1.104,313500.0,2026-08-20,-7.413,293500.0,2026-08-21,,,,,,,,,,,,,,,,,,,,,,,,,,,,,,,,,,2026-08-21,8.36,-7.413,13.249,-9.306,,,,,,,
006260,LS,2026-08-10,2026-08-10,REJECTED,0,NO_RISING_CHANNEL,,영상 방식의 상승 평행채널을 안정적으로 구성하지 못함,,,,,,,,,,,,,,,,,,,,,,,,,,2026-08-01,2026-08-21,330000.0,8,0,-2.273,322500.0,2026-08-11,2.121,337000.0,2026-08-12,-1.212,326000.0,2026-08-13,-1.97,323500.0,2026-08-14,4.091,343500.0,2026-08-18,0.909,333000.0,2026-08-19,-5.0,313500.0,2026-08-20,-11.061,293500.0,2026-08-21,,,,,,,,,,,,,,,,,,,,,,,,,,,,,,,,,,,,,2026-08-21,4.091,-11.061,8.788,-12.879,,,,,,,
006260,LS,2026-08-11,2026-08-11,REJECTED,0,NO_RISING_CHANNEL,,영상 방식의 상승 평행채널을 안정적으로 구성하지 못함,,,,,,,,,,,,,,,,,,,,,,,,,,2026-08-01,2026-08-21,322500.0,7,0,4.496,337000.0,2026-08-12,1.085,326000.0,2026-08-13,0.31,323500.0,2026-08-14,6.512,343500.0,2026-08-18,3.256,333000.0,2026-08-19,-2.791,313500.0,2026-08-20,-8.992,293500.0,2026-08-21,,,,,,,,,,,,,,,,,,,,,,,,,,,,,,,,,,,,,,,,2026-08-21,6.512,-8.992,11.318,-10.853,,,,,,,
006260,LS,2026-08-12,2026-08-12,REJECTED,0,NO_RISING_CHANNEL,,영상 방식의 상승 평행채널을 안정적으로 구성하지 못함,,,,,,,,,,,,,,,,,,,,,,,,,,2026-08-01,2026-08-21,337000.0,6,0,-3.264,326000.0,2026-08-13,-4.006,323500.0,2026-08-14,1.929,343500.0,2026-08-18,-1.187,333000.0,2026-08-19,-6.973,313500.0,2026-08-20,-12.908,293500.0,2026-08-21,,,,,,,,,,,,,,,,,,,,,,,,,,,,,,,,,,,,,,,,,,,2026-08-21,1.929,-12.908,6.528,-14.688,,,,,,,
006260,LS,2026-08-13,2026-08-13,REJECTED,0,NO_RISING_CHANNEL,,영상 방식의 상승 평행채널을 안정적으로 구성하지 못함,,,,,,,,,,,,,,,,,,,,,,,,,,2026-08-01,2026-08-21,326000.0,5,0,-0.767,323500.0,2026-08-14,5.368,343500.0,2026-08-18,2.147,333000.0,2026-08-19,-3.834,313500.0,2026-08-20,-9.969,293500.0,2026-08-21,,,,,,,,,,,,,,,,,,,,,,,,,,,,,,,,,,,,,,,,,,,,,,2026-08-21,5.368,-9.969,10.123,-11.81,,,,,,,
006260,LS,2026-08-14,2026-08-14,REJECTED,0,NO_RISING_CHANNEL,,영상 방식의 상승 평행채널을 안정적으로 구성하지 못함,,,,,,,,,,,,,,,,,,,,,,,,,,2026-08-01,2026-08-21,323500.0,4,0,6.182,343500.0,2026-08-18,2.937,333000.0,2026-08-19,-3.091,313500.0,2026-08-20,-9.274,293500.0,2026-08-21,,,,,,,,,,,,,,,,,,,,,,,,,,,,,,,,,,,,,,,,,,,,,,,,,2026-08-21,6.182,-9.274,10.974,-11.128,,,,,,,
006260,LS,2026-08-18,2026-08-18,REJECTED,0,NO_RISING_CHANNEL,,영상 방식의 상승 평행채널을 안정적으로 구성하지 못함,,,,,,,,,,,,,,,,,,,,,,,,,,2026-08-01,2026-08-21,343500.0,3,0,-3.057,333000.0,2026-08-19,-8.734,313500.0,2026-08-20,-14.556,293500.0,2026-08-21,,,,,,,,,,,,,,,,,,,,,,,,,,,,,,,,,,,,,,,,,,,,,,,,,,,,2026-08-21,-3.057,-14.556,0.437,-16.303,,,,,,,
006260,LS,2026-08-19,2026-08-19,REJECTED,0,NO_RISING_CHANNEL,,영상 방식의 상승 평행채널을 안정적으로 구성하지 못함,,,,,,,,,,,,,,,,,,,,,,,,,,2026-08-01,2026-08-21,333000.0,2,0,-5.856,313500.0,2026-08-20,-11.862,293500.0,2026-08-21,,,,,,,,,,,,,,,,,,,,,,,,,,,,,,,,,,,,,,,,,,,,,,,,,,,,,,,2026-08-21,-5.856,-11.862,1.051,-13.664,,,,,,,
006260,LS,2026-08-20,2026-08-20,REJECTED,55,CONDITIONS_INCOMPLETE,중기 Higher High + Higher Low | 상승추세 안의 단기 조정 + 전저점 유지 | 상승 평행채널 유효(커버리지 79%) | 최근 추세 하단(싼 구간) 접촉 | 현재도 채널 하단권,,313500.0,True,12.67,True,0.7895,-0.0303,True,315500.0,348500.0,354500.0,381500.0,306035.0,11.16,21.69,False,False,False,15.14,False,False,False,,False,False,,2026-08-01,2026-08-21,313500.0,1,0,-6.38,293500.0,2026-08-21,,,,,,,,,,,,,,,,,,,,,,,,,,,,,,,,,,,,,,,,,,,,,,,,,,,,,,,,,,2026-08-21,-6.38,-6.38,-2.073,-8.293,,,,,,,
006260,LS,2026-08-21,2026-08-21,REJECTED,45,TREND_BROKEN_OR_NOT_UPTREND,중기 Higher High + Higher Low | 상승 평행채널 유효(커버리지 100%) | 최근 추세 하단(싼 구간) 접촉 | 현재도 채널 하단권,최근 스윙 저점 이탈 위험,293500.0,True,18.25,False,1.0,0.2321,True,266000.0,325250.0,354500.0,384500.0,297305.0,10.82,31.01,False,False,False,15.17,False,False,False,,False,False,,2026-08-01,2026-08-21,293500.0,0,0,,,,,,,,,,,,,,,,,,,,,,,,,,,,,,,,,,,,,,,,,,,,,,,,,,,,,,,,,,,,,,,,,,,,,,,,
010950,S-Oil,2026-08-03,2026-08-03,REJECTED,35,TREND_BROKEN_OR_NOT_UPTREND,상승추세 안의 단기 조정 + 전저점 유지 | 상승 평행채널 유효(커버리지 100%) | 최근 추세 하단(싼 구간) 접촉 | 현재도 채널 하단권,중기 상승 구조 미확인,121700.0,False,22.24,True,1.0,0.0763,True,118275.0,140732.5,156500.0,163190.0,114726.75,15.64,34.09,False,False,False,14.06,False,False,False,,False,False,,2026-08-01,2026-08-21,121700.0,13,0,3.369,125800.0,2026-08-04,0.657,122500.0,2026-08-05,2.629,124900.0,2026-08-06,13.065,137600.0,2026-08-07,14.708,139600.0,2026-08-10,16.352,141600.0,2026-08-11,16.27,141500.0,2026-08-12,15.776,140900.0,2026-08-13,21.282,147600.0,2026-08-14,26.212,153600.0,2026-08-18,24.569,151600.0,2026-08-19,17.173,142600.0,2026-08-20,15.941,141100.0,2026-08-21,,,,,,,,,,,,,,,,,,,,,,2026-08-21,26.212,0.657,29.252,-1.233,,,,,,,
010950,S-Oil,2026-08-04,2026-08-04,REJECTED,35,TREND_BROKEN_OR_NOT_UPTREND,상승추세 안의 단기 조정 + 전저점 유지 | 상승 평행채널 유효(커버리지 100%) | 최근 추세 하단(싼 구간) 접촉 | 현재도 채널 하단권,중기 상승 구조 미확인,125800.0,False,19.62,True,1.0,0.1427,True,119390.0,141847.5,156500.0,164305.0,115808.3,12.76,30.61,False,False,False,13.86,False,False,False,,False,False,,2026-08-01,2026-08-21,125800.0,12,0,-2.623,122500.0,2026-08-05,-0.715,124900.0,2026-08-06,9.38,137600.0,2026-08-07,10.97,139600.0,2026-08-10,12.56,141600.0,2026-08-11,12.48,141500.0,2026-08-12,12.003,140900.0,2026-08-13,17.329,147600.0,2026-08-14,22.099,153600.0,2026-08-18,20.509,151600.0,2026-08-19,13.355,142600.0,2026-08-20,12.162,141100.0,2026-08-21,,,,,,,,,,,,,,,,,,,,,,,,,2026-08-21,22.099,-2.623,25.04,-3.895,,,,,,,
010950,S-Oil,2026-08-05,2026-08-05,REJECTED,35,TREND_BROKEN_OR_NOT_UPTREND,상승추세 안의 단기 조정 + 전저점 유지 | 상승 평행채널 유효(커버리지 100%) | 최근 추세 하단(싼 구간) 접촉 | 현재도 채널 하단권,중기 상승 구조 미확인,122500.0,False,21.73,True,1.0,0.0444,True,120505.0,142962.5,156500.0,165420.0,116889.85,16.7,35.04,False,False,False,13.96,False,False,False,,False,False,,2026-08-01,2026-08-21,122500.0,11,0,1.959,124900.0,2026-08-06,12.327,137600.0,2026-08-07,13.959,139600.0,2026-08-10,15.592,141600.0,2026-08-11,15.51,141500.0,2026-08-12,15.02,140900.0,2026-08-13,20.49,147600.0,2026-08-14,25.388,153600.0,2026-08-18,23.755,151600.0,2026-08-19,16.408,142600.0,2026-08-20,15.184,141100.0,2026-08-21,,,,,,,,,,,,,,,,,,,,,,,,,,,,2026-08-21,25.388,1.959,28.408,-1.306,,,,,,,
010950,S-Oil,2026-08-06,2026-08-06,REJECTED,55,CONDITIONS_INCOMPLETE,중기 Higher High + Higher Low | 상승추세 안의 단기 조정 + 전저점 유지 | 상승 평행채널 유효(커버리지 100%) | 최근 추세 하단(싼 구간) 접촉 | 현재도 채널 하단권,,124900.0,True,20.19,True,1.0,0.073,True,121620.0,144077.5,156500.0,166535.0,117971.4,15.35,33.33,False,False,False,13.23,False,False,False,,False,False,,2026-08-01,2026-08-21,124900.0,10,0,10.168,137600.0,2026-08-07,11.769,139600.0,2026-08-10,13.371,141600.0,2026-08-11,13.291,141500.0,2026-08-12,12.81,140900.0,2026-08-13,18.175,147600.0,2026-08-14,22.978,153600.0,2026-08-18,21.377,151600.0,2026-08-19,14.171,142600.0,2026-08-20,12.97,141100.0,2026-08-21,,,,,,,,,,,,,,,,,,,,,,,,,,,,,,,2026-08-21,22.978,10.168,25.941,0.801,,,,,,,
010950,S-Oil,2026-08-07,2026-08-07,WATCH,65,LOWER_CHANNEL_WATCH,중기 Higher High + Higher Low | 상승추세 안의 단기 조정 + 전저점 유지 | 상승 평행채널 유효(커버리지 100%) | 최근 추세 하단(싼 구간) 접촉 | 현재도 채널 하단권 | 이동평균선 재돌파 | 재상승 후 5일선 지지,,137600.0,True,12.08,True,1.0,0.331,True,122735.0,145192.5,156500.0,167650.0,119052.95,5.52,21.84,False,False,False,11.88,True,True,False,,False,False,,2026-08-01,2026-08-21,137600.0,9,0,1.453,139600.0,2026-08-10,2.907,141600.0,2026-08-11,2.834,141500.0,2026-08-12,2.398,140900.0,2026-08-13,7.267,147600.0,2026-08-14,11.628,153600.0,2026-08-18,10.174,151600.0,2026-08-19,3.634,142600.0,2026-08-20,2.544,141100.0,2026-08-21,,,,,,,,,,,,,,,,,,,,,,,,,,,,,,,,,,2026-08-21,11.628,1.453,14.317,-4.578,,1.0,1.0,0.0,0.0,TIMEOUT,2026-08-21
010950,S-Oil,2026-08-10,2026-08-10,WATCH,60,LOWER_CHANNEL_WATCH,중기 Higher High + Higher Low | 상승추세 안의 단기 조정 + 전저점 유지 | 상승 평행채널 유효(커버리지 100%) | 최근 추세 하단(싼 구간) 접촉 | 이동평균선 재돌파 | 재상승 후 5일선 지지,,139600.0,True,10.8,True,1.0,0.3507,True,123850.0,146307.5,156500.0,168765.0,120134.5,4.8,20.89,False,False,False,11.69,True,True,False,,False,False,,2026-08-01,2026-08-21,139600.0,8,0,1.433,141600.0,2026-08-11,1.361,141500.0,2026-08-12,0.931,140900.0,2026-08-13,5.731,147600.0,2026-08-14,10.029,153600.0,2026-08-18,8.596,151600.0,2026-08-19,2.149,142600.0,2026-08-20,1.074,141100.0,2026-08-21,,,,,,,,,,,,,,,,,,,,,,,,,,,,,,,,,,,,,2026-08-21,10.029,0.931,12.679,-1.289,,1.0,1.0,0.0,0.0,TIMEOUT,2026-08-21
010950,S-Oil,2026-08-11,2026-08-11,WATCH,60,LOWER_CHANNEL_WATCH,중기 Higher High + Higher Low | 상승추세 안의 단기 조정 + 전저점 유지 | 상승 평행채널 유효(커버리지 100%) | 최근 추세 하단(싼 구간) 접촉 | 이동평균선 재돌파 | 재상승 후 5일선 지지,,141600.0,True,9.52,True,1.0,0.3704,True,124965.0,147422.5,156500.0,169880.0,121216.05,4.11,19.97,False,False,False,11.28,True,True,False,,False,False,,2026-08-01,2026-08-21,141600.0,7,0,-0.071,141500.0,2026-08-12,-0.494,140900.0,2026-08-13,4.237,147600.0,2026-08-14,8.475,153600.0,2026-08-18,7.062,151600.0,2026-08-19,0.706,142600.0,2026-08-20,-0.353,141100.0,2026-08-21,,,,,,,,,,,,,,,,,,,,,,,,,,,,,,,,,,,,,,,,2026-08-21,8.475,-0.494,11.088,-2.684,,1.0,1.0,0.0,0.0,TIMEOUT,2026-08-21
010950,S-Oil,2026-08-12,2026-08-12,WATCH,65,LOWER_CHANNEL_WATCH,중기 Higher High + Higher Low | 상승추세 안의 단기 조정 + 전저점 유지 | 상승 평행채널 유효(커버리지 100%) | 최근 추세 하단(싼 구간) 접촉 | 현재도 채널 하단권 | 이동평균선 재돌파 | 재상승 후 5일선 지지,,141500.0,True,9.58,True,1.0,0.3433,True,126080.0,148537.5,156500.0,170995.0,122297.6,4.97,20.84,False,False,False,11.99,True,True,False,,False,False,,2026-08-01,2026-08-21,141500.0,6,0,-0.424,140900.0,2026-08-13,4.311,147600.0,2026-08-14,8.551,153600.0,2026-08-18,7.138,151600.0,2026-08-19,0.777,142600.0,2026-08-20,-0.283,141100.0,2026-08-21,,,,,,,,,,,,,,,,,,,,,,,,,,,,,,,,,,,,,,,,,,,2026-08-21,8.551,-0.424,11.166,-2.615,,1.0,1.0,0.0,0.0,TIMEOUT,2026-08-21
010950,S-Oil,2026-08-13,2026-08-13,WATCH,65,LOWER_CHANNEL_WATCH,중기 Higher High + Higher Low | 상승추세 안의 단기 조정 + 전저점 유지 | 상승 평행채널 유효(커버리지 100%) | 최근 추세 하단(싼 구간) 접촉 | 현재도 채널 하단권 | 이동평균선 재돌파 | 재상승 후 5일선 지지,,140900.0,True,9.97,True,1.0,0.3051,True,127195.0,149652.5,156500.0,172110.0,123379.15,6.21,22.15,False,False,False,13.97,True,True,False,,False,False,,2026-08-01,2026-08-21,140900.0,5,0,4.755,147600.0,2026-08-14,9.013,153600.0,2026-08-18,7.594,151600.0,2026-08-19,1.207,142600.0,2026-08-20,0.142,141100.0,2026-08-21,,,,,,,,,,,,,,,,,,,,,,,,,,,,,,,,,,,,,,,,,,,,,,2026-08-21,9.013,0.142,11.639,-2.2,,1.0,1.0,0.0,0.0,TIMEOUT,2026-08-21
010950,S-Oil,2026-08-14,2026-08-14,WATCH,58,LOWER_CHANNEL_WATCH,중기 Higher High + Higher Low | 상승추세 안의 단기 조정 + 전저점 유지 | 상승 평행채널 유효(커버리지 100%) | 최근 추세 하단(싼 구간) 접촉 | 이동평균선 재돌파,,147600.0,True,5.69,True,1.0,0.4295,True,128310.0,150767.5,156500.0,173225.0,124460.7,2.15,17.36,False,False,False,14.26,True,False,False,,False,False,,2026-08-01,2026-08-21,147600.0,4,0,4.065,153600.0,2026-08-18,2.71,151600.0,2026-08-19,-3.388,142600.0,2026-08-20,-4.404,141100.0,2026-08-21,,,,,,,,,,,,,,,,,,,,,,,,,,,,,,,,,,,,,,,,,,,,,,,,,2026-08-21,4.065,-4.404,6.572,-5.556,,1.0,1.0,0.0,0.0,TIMEOUT,2026-08-21
010950,S-Oil,2026-08-18,2026-08-18,REJECTED,50,CONDITIONS_INCOMPLETE,중기 Higher High + Higher Low | 상승 평행채널 유효(커버리지 100%) | 최근 추세 하단(싼 구간) 접촉 | 이동평균선 재돌파 | 재상승 후 5일선 지지,,153600.0,True,1.85,True,1.0,0.5382,True,129425.0,151882.5,156500.0,174340.0,125542.25,-1.12,13.5,False,False,False,15.07,True,True,False,,False,False,,2026-08-01,2026-08-21,153600.0,3,0,-1.302,151600.0,2026-08-19,-7.161,142600.0,2026-08-20,-8.138,141100.0,2026-08-21,,,,,,,,,,,,,,,,,,,,,,,,,,,,,,,,,,,,,,,,,,,,,,,,,,,,2026-08-21,-1.302,-8.138,2.409,-9.245,,,,,,,
010950,S-Oil,2026-08-19,2026-08-19,REJECTED,50,CONDITIONS_INCOMPLETE,중기 Higher High + Higher Low | 상승추세 안의 단기 조정 + 전저점 유지 | 상승 평행채널 유효(커버리지 100%) | 최근 추세 하단(싼 구간) 접촉,,151600.0,True,3.62,True,1.0,0.4689,True,130540.0,152997.5,156500.0,175455.0,126623.8,0.92,15.74,False,False,False,16.1,False,True,False,,False,False,,2026-08-01,2026-08-21,151600.0,2,0,-5.937,142600.0,2026-08-20,-6.926,141100.0,2026-08-21,,,,,,,,,,,,,,,,,,,,,,,,,,,,,,,,,,,,,,,,,,,,,,,,,,,,,,,2026-08-21,-5.937,-6.926,-1.253,-8.047,,,,,,,
010950,S-Oil,2026-08-20,2026-08-20,REJECTED,55,CONDITIONS_INCOMPLETE,중기 Higher High + Higher Low | 상승추세 안의 단기 조정 + 전저점 유지 | 상승 평행채널 유효(커버리지 96%) | 최근 추세 하단(싼 구간) 접촉 | 현재도 채널 하단권,,142600.0,True,9.35,True,0.9565,0.0067,True,142322.2222,162977.7778,156500.0,183633.3333,138052.5556,14.29,28.78,False,False,False,16.87,False,False,False,,False,False,,2026-08-01,2026-08-21,142600.0,1,0,-1.052,141100.0,2026-08-21,,,,,,,,,,,,,,,,,,,,,,,,,,,,,,,,,,,,,,,,,,,,,,,,,,,,,,,,,,2026-08-21,-1.052,-1.052,4.208,-2.244,,,,,,,
010950,S-Oil,2026-08-21,2026-08-21,REJECTED,55,TREND_BROKEN_OR_NOT_UPTREND,중기 Higher High + Higher Low | 상승추세 안의 단기 조정 + 전저점 유지 | 상승 평행채널 유효(커버리지 96%) | 최근 추세 하단(싼 구간) 접촉 | 현재도 채널 하단권,,141100.0,True,10.3,True,0.9574,-0.0661,True,143829.6296,164485.1852,156500.0,185140.7407,139514.7407,16.57,31.21,False,False,False,16.72,False,False,False,,False,False,,2026-08-01,2026-08-21,141100.0,0,0,,,,,,,,,,,,,,,,,,,,,,,,,,,,,,,,,,,,,,,,,,,,,,,,,,,,,,,,,,,,,,,,,,,,,,,,
005940,NH투자증권,2026-08-03,2026-08-03,REJECTED,40,TREND_BROKEN_OR_NOT_UPTREND,상승추세 안의 단기 조정 + 전저점 유지 | 상승 평행채널 유효(커버리지 88%) | 최근 추세 하단(싼 구간) 접촉 | 현재도 채널 하단권 | 추세 하단 부근 쌍바닥/Higher-Low 형태,중기 상승 구조 미확인,27600.0,False,19.06,True,0.875,-0.3061,True,29139.2857,31653.5714,33300.0,34167.8571,28265.1071,14.69,23.8,True,False,False,13.29,False,True,False,,False,False,,2026-08-01,2026-08-21,27600.0,13,0,0.906,27850.0,2026-08-04,2.355,28250.0,2026-08-05,2.536,28300.0,2026-08-06,0.725,27800.0,2026-08-07,2.355,28250.0,2026-08-10,2.717,28350.0,2026-08-11,3.442,28550.0,2026-08-12,2.717,28350.0,2026-08-13,4.167,28750.0,2026-08-14,-0.362,27500.0,2026-08-18,-5.616,26050.0,2026-08-19,-3.986,26500.0,2026-08-20,-5.435,26100.0,2026-08-21,,,,,,,,,,,,,,,,,,,,,,2026-08-21,4.167,-5.616,7.609,-6.703,,,,,,,
005940,NH투자증권,2026-08-04,2026-08-04,REJECTED,40,TREND_BROKEN_OR_NOT_UPTREND,상승추세 안의 단기 조정 + 전저점 유지 | 상승 평행채널 유효(커버리지 86%) | 최근 추세 하단(싼 구간) 접촉 | 현재도 채널 하단권 | 추세 하단 부근 쌍바닥/Higher-Low 형태,중기 상승 구조 미확인,27850.0,False,16.37,True,0.8571,-0.2571,True,29142.8571,31657.1429,33300.0,34171.4286,28268.5714,13.67,22.7,True,False,False,12.33,False,True,False,,False,False,,2026-08-01,2026-08-21,27850.0,12,0,1.436,28250.0,2026-08-05,1.616,28300.0,2026-08-06,-0.18,27800.0,2026-08-07,1.436,28250.0,2026-08-10,1.795,28350.0,2026-08-11,2.513,28550.0,2026-08-12,1.795,28350.0,2026-08-13,3.232,28750.0,2026-08-14,-1.257,27500.0,2026-08-18,-6.463,26050.0,2026-08-19,-4.847,26500.0,2026-08-20,-6.284,26100.0,2026-08-21,,,,,,,,,,,,,,,,,,,,,,,,,2026-08-21,3.232,-6.463,6.643,-7.54,,,,,,,
005940,NH투자증권,2026-08-05,2026-08-05,REJECTED,40,TREND_BROKEN_OR_NOT_UPTREND,상승추세 안의 단기 조정 + 전저점 유지 | 상승 평행채널 유효(커버리지 84%) | 최근 추세 하단(싼 구간) 접촉 | 현재도 채널 하단권 | 추세 하단 부근 쌍바닥/Higher-Low 형태,중기 상승 구조 미확인,28250.0,False,15.17,True,0.84,-0.1783,True,29146.4286,31660.7143,33300.0,34175.0,28272.0357,12.07,20.97,True,False,False,10.04,False,True,False,,False,False,,2026-08-01,2026-08-21,28250.0,11,0,0.177,28300.0,2026-08-06,-1.593,27800.0,2026-08-07,0.0,28250.0,2026-08-10,0.354,28350.0,2026-08-11,1.062,28550.0,2026-08-12,0.354,28350.0,2026-08-13,1.77,28750.0,2026-08-14,-2.655,27500.0,2026-08-18,-7.788,26050.0,2026-08-19,-6.195,26500.0,2026-08-20,-7.611,26100.0,2026-08-21,,,,,,,,,,,,,,,,,,,,,,,,,,,,2026-08-21,1.77,-7.788,5.133,-8.85,,,,,,,
005940,NH투자증권,2026-08-06,2026-08-06,REJECTED,40,TREND_BROKEN_OR_NOT_UPTREND,상승추세 안의 단기 조정 + 전저점 유지 | 상승 평행채널 유효(커버리지 82%) | 최근 추세 하단(싼 구간) 접촉 | 현재도 채널 하단권 | 추세 하단 부근 쌍바닥/Higher-Low 형태,중기 상승 구조 미확인,28300.0,False,15.02,True,0.8235,-0.169,True,29150.0,31664.2857,33300.0,34178.5714,28275.5,11.89,20.77,True,False,False,8.36,False,True,False,,False,False,,2026-08-01,2026-08-21,28300.0,10,0,-1.767,27800.0,2026-08-07,-0.177,28250.0,2026-08-10,0.177,28350.0,2026-08-11,0.883,28550.0,2026-08-12,0.177,28350.0,2026-08-13,1.59,28750.0,2026-08-14,-2.827,27500.0,2026-08-18,-7.951,26050.0,2026-08-19,-6.36,26500.0,2026-08-20,-7.774,26100.0,2026-08-21,,,,,,,,,,,,,,,,,,,,,,,,,,,,,,,2026-08-21,1.59,-7.951,4.947,-9.011,,,,,,,
005940,NH투자증권,2026-08-07,2026-08-07,REJECTED,40,TREND_BROKEN_OR_NOT_UPTREND,상승추세 안의 단기 조정 + 전저점 유지 | 상승 평행채널 유효(커버리지 81%) | 최근 추세 하단(싼 구간) 접촉 | 현재도 채널 하단권 | 추세 하단 부근 쌍바닥/Higher-Low 형태,중기 상승 구조 미확인,27800.0,False,16.52,True,0.8077,-0.2692,True,29153.5714,31667.8571,33300.0,34182.1429,28278.9643,13.91,22.96,True,False,False,8.65,False,True,False,,False,False,,2026-08-01,2026-08-21,27800.0,9,0,1.619,28250.0,2026-08-10,1.978,28350.0,2026-08-11,2.698,28550.0,2026-08-12,1.978,28350.0,2026-08-13,3.417,28750.0,2026-08-14,-1.079,27500.0,2026-08-18,-6.295,26050.0,2026-08-19,-4.676,26500.0,2026-08-20,-6.115,26100.0,2026-08-21,,,,,,,,,,,,,,,,,,,,,,,,,,,,,,,,,,2026-08-21,3.417,-6.295,6.835,-7.374,,,,,,,
005940,NH투자증권,2026-08-10,2026-08-10,REJECTED,40,TREND_BROKEN_OR_NOT_UPTREND,상승추세 안의 단기 조정 + 전저점 유지 | 상승 평행채널 유효(커버리지 79%) | 최근 추세 하단(싼 구간) 접촉 | 현재도 채널 하단권 | 추세 하단 부근 쌍바닥/Higher-Low 형태,중기 상승 구조 미확인,28250.0,False,15.17,True,0.7925,-0.1804,True,29157.1429,31671.4286,28600.0,34185.7143,28282.4286,12.11,21.01,True,False,False,7.73,False,True,False,,False,False,,2026-08-01,2026-08-21,28250.0,8,0,0.354,28350.0,2026-08-11,1.062,28550.0,2026-08-12,0.354,28350.0,2026-08-13,1.77,28750.0,2026-08-14,-2.655,27500.0,2026-08-18,-7.788,26050.0,2026-08-19,-6.195,26500.0,2026-08-20,-7.611,26100.0,2026-08-21,,,,,,,,,,,,,,,,,,,,,,,,,,,,,,,,,,,,,2026-08-21,1.77,-7.788,5.133,-8.85,,,,,,,
005940,NH투자증권,2026-08-11,2026-08-11,REJECTED,35,TREND_BROKEN_OR_NOT_UPTREND,상승추세 안의 단기 조정 + 전저점 유지 | 상승 평행채널 유효(커버리지 78%) | 최근 추세 하단(싼 구간) 접촉 | 현재도 채널 하단권,중기 상승 구조 미확인,28350.0,False,9.86,True,0.7778,-0.1612,True,29160.7143,31675.0,28600.0,34189.2857,28285.8929,11.73,20.6,False,False,False,6.96,False,True,False,,False,False,,2026-08-01,2026-08-21,28350.0,7,0,0.705,28550.0,2026-08-12,0.0,28350.0,2026-08-13,1.411,28750.0,2026-08-14,-2.998,27500.0,2026-08-18,-8.113,26050.0,2026-08-19,-6.526,26500.0,2026-08-20,-7.937,26100.0,2026-08-21,,,,,,,,,,,,,,,,,,,,,,,,,,,,,,,,,,,,,,,,2026-08-21,1.411,-8.113,4.762,-9.171,,,,,,,
005940,NH투자증권,2026-08-12,2026-08-12,REJECTED,38,TREND_BROKEN_OR_NOT_UPTREND,상승추세 안의 단기 조정 + 전저점 유지 | 상승 평행채널 유효(커버리지 100%) | 최근 추세 하단(싼 구간) 접촉 | 이동평균선 밀집,중기 상승 구조 미확인,28550.0,False,9.22,True,1.0,0.3904,True,24935.7143,29564.2857,28600.0,34192.8571,24187.6429,3.55,19.76,False,False,True,6.47,False,True,False,,False,False,,2026-08-01,2026-08-21,28550.0,6,0,-0.701,28350.0,2026-08-13,0.701,28750.0,2026-08-14,-3.678,27500.0,2026-08-18,-8.757,26050.0,2026-08-19,-7.18,26500.0,2026-08-20,-8.581,26100.0,2026-08-21,,,,,,,,,,,,,,,,,,,,,,,,,,,,,,,,,,,,,,,,,,,2026-08-21,0.701,-8.757,4.028,-9.807,,,,,,,
005940,NH투자증권,2026-08-13,2026-08-13,REJECTED,38,TREND_BROKEN_OR_NOT_UPTREND,상승추세 안의 단기 조정 + 전저점 유지 | 상승 평행채널 유효(커버리지 100%) | 최근 추세 하단(싼 구간) 접촉 | 이동평균선 밀집,중기 상승 구조 미확인,28350.0,False,9.57,True,1.0,0.3684,True,24939.2857,29567.8571,28600.0,34196.4286,24191.1071,4.3,20.62,False,False,True,6.27,False,True,False,,False,False,,2026-08-01,2026-08-21,28350.0,5,0,1.411,28750.0,2026-08-14,-2.998,27500.0,2026-08-18,-8.113,26050.0,2026-08-19,-6.526,26500.0,2026-08-20,-7.937,26100.0,2026-08-21,,,,,,,,,,,,,,,,,,,,,,,,,,,,,,,,,,,,,,,,,,,,,,2026-08-21,1.411,-8.113,1.587,-9.171,,,,,,,
005940,NH투자증권,2026-08-14,2026-08-14,REJECTED,38,TREND_BROKEN_OR_NOT_UPTREND,상승추세 안의 단기 조정 + 전저점 유지 | 상승 평행채널 유효(커버리지 100%) | 최근 추세 하단(싼 구간) 접촉 | 이동평균선 밀집,중기 상승 구조 미확인,28750.0,False,7.7,True,1.0,0.4113,True,24942.8571,29571.4286,28600.0,34200.0,24194.5714,2.86,18.96,False,False,True,5.7,False,True,False,,False,False,,2026-08-01,2026-08-21,28750.0,4,0,-4.348,27500.0,2026-08-18,-9.391,26050.0,2026-08-19,-7.826,26500.0,2026-08-20,-9.217,26100.0,2026-08-21,,,,,,,,,,,,,,,,,,,,,,,,,,,,,,,,,,,,,,,,,,,,,,,,,2026-08-21,-4.348,-9.391,0.174,-10.435,,,,,,,
005940,NH투자증권,2026-08-18,2026-08-18,REJECTED,43,TREND_BROKEN_OR_NOT_UPTREND,상승추세 안의 단기 조정 + 전저점 유지 | 상승 평행채널 유효(커버리지 100%) | 최근 추세 하단(싼 구간) 접촉 | 현재도 채널 하단권 | 이동평균선 밀집,중기 상승 구조 미확인,27500.0,False,11.72,True,1.0,0.2758,True,24946.4286,29575.0,28600.0,34203.5714,24198.0357,7.55,24.38,False,False,True,6.15,False,False,False,,False,False,,2026-08-01,2026-08-21,27500.0,3,0,-5.273,26050.0,2026-08-19,-3.636,26500.0,2026-08-20,-5.091,26100.0,2026-08-21,,,,,,,,,,,,,,,,,,,,,,,,,,,,,,,,,,,,,,,,,,,,,,,,,,,,2026-08-21,-3.636,-5.273,-1.455,-6.364,,,,,,,
005940,NH투자증권,2026-08-19,2026-08-19,REJECTED,35,TREND_BROKEN_OR_NOT_UPTREND,상승추세 안의 단기 조정 + 전저점 유지 | 상승 평행채널 유효(커버리지 100%) | 최근 추세 하단(싼 구간) 접촉 | 현재도 채널 하단권,중기 상승 구조 미확인,26050.0,False,16.37,True,1.0,0.1188,True,24950.0,29578.5714,29700.0,34207.1429,24201.5,13.55,31.31,False,False,False,7.73,False,False,False,,False,False,,2026-08-01,2026-08-21,26050.0,2,0,1.727,26500.0,2026-08-20,0.192,26100.0,2026-08-21,,,,,,,,,,,,,,,,,,,,,,,,,,,,,,,,,,,,,,,,,,,,,,,,,,,,,,,2026-08-21,1.727,0.192,4.031,-1.152,,,,,,,
005940,NH투자증권,2026-08-20,2026-08-20,REJECTED,35,TREND_BROKEN_OR_NOT_UPTREND,상승추세 안의 단기 조정 + 전저점 유지 | 상승 평행채널 유효(커버리지 100%) | 최근 추세 하단(싼 구간) 접촉 | 현재도 채널 하단권,중기 상승 구조 미확인,26500.0,False,12.69,True,1.0,0.1671,True,24953.5714,29582.1429,29700.0,34210.7143,24204.9643,11.63,29.1,False,False,False,8.74,False,False,False,,False,False,,2026-08-01,2026-08-21,26500.0,1,0,-1.509,26100.0,2026-08-21,,,,,,,,,,,,,,,,,,,,,,,,,,,,,,,,,,,,,,,,,,,,,,,,,,,,,,,,,,2026-08-21,-1.509,-1.509,-0.943,-2.83,,,,,,,
005940,NH투자증권,2026-08-21,2026-08-21,REJECTED,35,TREND_BROKEN_OR_NOT_UPTREND,상승추세 안의 단기 조정 + 전저점 유지 | 상승 평행채널 유효(커버리지 100%) | 최근 추세 하단(싼 구간) 접촉 | 현재도 채널 하단권,중기 상승 구조 미확인,26100.0,False,13.0,True,1.0,0.1235,True,24957.1429,29585.7143,29700.0,34214.2857,24208.4286,13.36,31.09,False,False,False,10.22,False,False,False,,False,False,,2026-08-01,2026-08-21,26100.0,0,0,,,,,,,,,,,,,,,,,,,,,,,,,,,,,,,,,,,,,,,,,,,,,,,,,,,,,,,,,,,,,,,,,,,,,,,,
259960,크래프톤,2026-08-03,2026-08-03,REJECTED,28,TREND_BROKEN_OR_NOT_UPTREND,상승추세 안의 단기 조정 + 전저점 유지 | 상승 평행채널 유효(커버리지 97%) | 이동평균선 밀집,중기 상승 구조 미확인,235000.0,False,11.32,True,0.9697,0.633,False,202633.3333,228200.0,251500.0,253766.6667,214855.0,-2.89,7.99,False,False,True,3.16,False,False,False,,False,False,,2026-08-01,2026-08-21,235000.0,13,0,1.277,238000.0,2026-08-04,-2.553,229000.0,2026-08-05,-2.128,230000.0,2026-08-06,2.766,241500.0,2026-08-07,2.979,242000.0,2026-08-10,3.83,244000.0,2026-08-11,0.0,235000.0,2026-08-12,-0.213,234500.0,2026-08-13,1.277,238000.0,2026-08-14,-3.617,226500.0,2026-08-18,-5.745,221500.0,2026-08-19,-5.319,222500.0,2026-08-20,-5.532,222000.0,2026-08-21,,,,,,,,,,,,,,,,,,,,,,2026-08-21,3.83,-5.745,5.106,-7.66,,,,,,,
259960,크래프톤,2026-08-04,2026-08-04,REJECTED,38,TREND_BROKEN_OR_NOT_UPTREND,상승추세 안의 단기 조정 + 전저점 유지 | 상승 평행채널 유효(커버리지 100%) | 최근 추세 하단(싼 구간) 접촉 | 이동평균선 밀집,중기 상승 구조 미확인,238000.0,False,10.19,True,1.0,0.4695,True,212733.3333,239641.6667,265000.0,266550.0,214855.0,0.69,12.0,False,False,True,2.83,False,False,False,,False,False,,2026-08-01,2026-08-21,238000.0,12,0,-3.782,229000.0,2026-08-05,-3.361,230000.0,2026-08-06,1.471,241500.0,2026-08-07,1.681,242000.0,2026-08-10,2.521,244000.0,2026-08-11,-1.261,235000.0,2026-08-12,-1.471,234500.0,2026-08-13,0.0,238000.0,2026-08-14,-4.832,226500.0,2026-08-18,-6.933,221500.0,2026-08-19,-6.513,222500.0,2026-08-20,-6.723,222000.0,2026-08-21,,,,,,,,,,,,,,,,,,,,,,,,,2026-08-21,2.521,-6.933,3.782,-8.824,,,,,,,
259960,크래프톤,2026-08-05,2026-08-05,REJECTED,43,TREND_BROKEN_OR_NOT_UPTREND,상승추세 안의 단기 조정 + 전저점 유지 | 상승 평행채널 유효(커버리지 100%) | 최근 추세 하단(싼 구간) 접촉 | 현재도 채널 하단권 | 이동평균선 밀집,중기 상승 구조 미확인,229000.0,False,13.58,True,1.0,0.2927,True,213250.0,240158.3333,265000.0,267066.6667,214855.0,4.87,16.62,False,False,True,2.97,False,False,False,,False,False,,2026-08-01,2026-08-21,229000.0,11,0,0.437,230000.0,2026-08-06,5.459,241500.0,2026-08-07,5.677,242000.0,2026-08-10,6.55,244000.0,2026-08-11,2.62,235000.0,2026-08-12,2.402,234500.0,2026-08-13,3.93,238000.0,2026-08-14,-1.092,226500.0,2026-08-18,-3.275,221500.0,2026-08-19,-2.838,222500.0,2026-08-20,-3.057,222000.0,2026-08-21,,,,,,,,,,,,,,,,,,,,,,,,,,,,2026-08-21,6.55,-3.275,7.86,-5.24,,,,,,,
259960,크래프톤,2026-08-06,2026-08-06,REJECTED,43,TREND_BROKEN_OR_NOT_UPTREND,상승추세 안의 단기 조정 + 전저점 유지 | 상승 평행채널 유효(커버리지 100%) | 최근 추세 하단(싼 구간) 접촉 | 현재도 채널 하단권 | 이동평균선 밀집,중기 상승 구조 미확인,230000.0,False,13.21,True,1.0,0.3016,True,213766.6667,240675.0,265000.0,267583.3333,214855.0,4.64,16.34,False,False,True,4.04,False,False,False,,False,False,,2026-08-01,2026-08-21,230000.0,10,0,5.0,241500.0,2026-08-07,5.217,242000.0,2026-08-10,6.087,244000.0,2026-08-11,2.174,235000.0,2026-08-12,1.957,234500.0,2026-08-13,3.478,238000.0,2026-08-14,-1.522,226500.0,2026-08-18,-3.696,221500.0,2026-08-19,-3.261,222500.0,2026-08-20,-3.478,222000.0,2026-08-21,,,,,,,,,,,,,,,,,,,,,,,,,,,,,,,2026-08-21,6.087,-3.696,7.391,-5.652,,,,,,,
259960,크래프톤,2026-08-07,2026-08-07,REJECTED,38,TREND_BROKEN_OR_NOT_UPTREND,상승추세 안의 단기 조정 + 전저점 유지 | 상승 평행채널 유효(커버리지 100%) | 최근 추세 하단(싼 구간) 접촉 | 이동평균선 밀집,중기 상승 구조 미확인,241500.0,False,8.87,True,1.0,0.5057,True,214283.3333,241191.6667,265000.0,268100.0,214855.0,-0.13,11.01,False,False,True,3.72,False,False,False,,False,False,,2026-08-01,2026-08-21,241500.0,9,0,0.207,242000.0,2026-08-10,1.035,244000.0,2026-08-11,-2.692,235000.0,2026-08-12,-2.899,234500.0,2026-08-13,-1.449,238000.0,2026-08-14,-6.211,226500.0,2026-08-18,-8.282,221500.0,2026-08-19,-7.867,222500.0,2026-08-20,-8.075,222000.0,2026-08-21,,,,,,,,,,,,,,,,,,,,,,,,,,,,,,,,,,2026-08-21,1.035,-8.282,2.277,-10.145,,,,,,,
259960,크래프톤,2026-08-10,2026-08-10,REJECTED,38,TREND_BROKEN_OR_NOT_UPTREND,상승추세 안의 단기 조정 + 전저점 유지 | 상승 평행채널 유효(커버리지 100%) | 최근 추세 하단(싼 구간) 접촉 | 이동평균선 밀집,중기 상승 구조 미확인,242000.0,False,8.68,True,1.0,0.5054,True,214800.0,241708.3333,265000.0,268616.6667,214855.0,-0.12,11.0,False,False,True,2.87,False,True,False,,False,False,,2026-08-01,2026-08-21,242000.0,8,0,0.826,244000.0,2026-08-11,-2.893,235000.0,2026-08-12,-3.099,234500.0,2026-08-13,-1.653,238000.0,2026-08-14,-6.405,226500.0,2026-08-18,-8.471,221500.0,2026-08-19,-8.058,222500.0,2026-08-20,-8.264,222000.0,2026-08-21,,,,,,,,,,,,,,,,,,,,,,,,,,,,,,,,,,,,,2026-08-21,0.826,-8.471,2.066,-10.331,,,,,,,
259960,크래프톤,2026-08-11,2026-08-11,WATCH,73,LOWER_CHANNEL_WATCH,중기 Higher High + Higher Low | 상승추세 안의 단기 조정 + 전저점 유지 | 상승 평행채널 유효(커버리지 97%) | 최근 추세 하단(싼 구간) 접촉 | 추세 하단 부근 쌍바닥/Higher-Low 형태 | 이동평균선 밀집 | 이동평균선 재돌파 | 재상승 후 5일선 지지,,244000.0,True,7.92,True,0.9744,0.4233,True,225550.0,247341.6667,265000.0,269133.3333,218783.5,1.37,10.3,True,False,True,2.01,True,True,False,,False,False,,2026-08-01,2026-08-21,244000.0,7,0,-3.689,235000.0,2026-08-12,-3.893,234500.0,2026-08-13,-2.459,238000.0,2026-08-14,-7.172,226500.0,2026-08-18,-9.221,221500.0,2026-08-19,-8.811,222500.0,2026-08-20,-9.016,222000.0,2026-08-21,,,,,,,,,,,,,,,,,,,,,,,,,,,,,,,,,,,,,,,,2026-08-21,-2.459,-9.221,1.23,-11.066,,0.0,0.0,0.0,1.0,STOP,2026-08-19
259960,크래프톤,2026-08-12,2026-08-12,WATCH,68,LOWER_CHANNEL_WATCH,중기 Higher High + Higher Low | 상승추세 안의 단기 조정 + 전저점 유지 | 상승 평행채널 유효(커버리지 98%) | 최근 추세 하단(싼 구간) 접촉 | 현재도 채널 하단권 | 추세 하단 부근 쌍바닥/Higher-Low 형태 | 이동평균선 밀집,,235000.0,True,11.32,True,0.975,0.205,True,226066.6667,247858.3333,265000.0,269650.0,219284.6667,5.47,14.74,True,False,True,1.27,False,True,False,,False,False,,2026-08-01,2026-08-21,235000.0,6,0,-0.213,234500.0,2026-08-13,1.277,238000.0,2026-08-14,-3.617,226500.0,2026-08-18,-5.745,221500.0,2026-08-19,-5.319,222500.0,2026-08-20,-5.532,222000.0,2026-08-21,,,,,,,,,,,,,,,,,,,,,,,,,,,,,,,,,,,,,,,,,,,2026-08-21,1.277,-5.745,1.702,-7.66,,0.0,0.0,0.0,1.0,STOP,2026-08-19
259960,크래프톤,2026-08-13,2026-08-13,WATCH,68,LOWER_CHANNEL_WATCH,중기 Higher High + Higher Low | 상승추세 안의 단기 조정 + 전저점 유지 | 상승 평행채널 유효(커버리지 98%) | 최근 추세 하단(싼 구간) 접촉 | 현재도 채널 하단권 | 추세 하단 부근 쌍바닥/Higher-Low 형태 | 이동평균선 밀집,,234500.0,True,11.51,True,0.9756,0.1816,True,226583.3333,248375.0,265000.0,270166.6667,219785.8333,5.92,15.21,True,False,True,0.81,False,False,False,,False,False,,2026-08-01,2026-08-21,234500.0,5,0,1.493,238000.0,2026-08-14,-3.412,226500.0,2026-08-18,-5.544,221500.0,2026-08-19,-5.117,222500.0,2026-08-20,-5.33,222000.0,2026-08-21,,,,,,,,,,,,,,,,,,,,,,,,,,,,,,,,,,,,,,,,,,,,,,2026-08-21,1.493,-5.544,1.919,-7.463,,0.0,0.0,0.0,1.0,STOP,2026-08-19
259960,크래프톤,2026-08-14,2026-08-14,WATCH,68,LOWER_CHANNEL_WATCH,중기 Higher High + Higher Low | 상승추세 안의 단기 조정 + 전저점 유지 | 상승 평행채널 유효(커버리지 98%) | 최근 추세 하단(싼 구간) 접촉 | 현재도 채널 하단권 | 추세 하단 부근 쌍바닥/Higher-Low 형태 | 이동평균선 밀집,,238000.0,True,10.19,True,0.9762,0.2501,True,227100.0,248891.6667,265000.0,270683.3333,220287.0,4.58,13.73,True,False,True,0.59,False,True,False,,False,False,,2026-08-01,2026-08-21,238000.0,4,0,-4.832,226500.0,2026-08-18,-6.933,221500.0,2026-08-19,-6.513,222500.0,2026-08-20,-6.723,222000.0,2026-08-21,,,,,,,,,,,,,,,,,,,,,,,,,,,,,,,,,,,,,,,,,,,,,,,,,2026-08-21,-4.832,-6.933,-0.21,-8.824,,0.0,0.0,0.0,1.0,STOP,2026-08-19
259960,크래프톤,2026-08-18,2026-08-18,WATCH,68,LOWER_CHANNEL_WATCH,중기 Higher High + Higher Low | 상승추세 안의 단기 조정 + 전저점 유지 | 상승 평행채널 유효(커버리지 98%) | 최근 추세 하단(싼 구간) 접촉 | 현재도 채널 하단권 | 추세 하단 부근 쌍바닥/Higher-Low 형태 | 이동평균선 밀집,,226500.0,True,14.53,True,0.9767,-0.0256,True,227616.6667,249408.3333,265000.0,271200.0,220788.1667,10.11,19.74,True,False,True,1.68,False,False,False,,False,False,,2026-08-01,2026-08-21,226500.0,3,0,-2.208,221500.0,2026-08-19,-1.766,222500.0,2026-08-20,-1.987,222000.0,2026-08-21,,,,,,,,,,,,,,,,,,,,,,,,,,,,,,,,,,,,,,,,,,,,,,,,,,,,2026-08-21,-1.766,-2.208,0.662,-4.194,,0.0,0.0,0.0,1.0,STOP,2026-08-19
259960,크래프톤,2026-08-19,2026-08-19,REJECTED,68,TREND_BROKEN_OR_NOT_UPTREND,중기 Higher High + Higher Low | 상승추세 안의 단기 조정 + 전저점 유지 | 상승 평행채널 유효(커버리지 95%) | 최근 추세 하단(싼 구간) 접촉 | 현재도 채널 하단권 | 추세 하단 부근 쌍바닥/Higher-Low 형태 | 이동평균선 밀집,,221500.0,True,16.42,True,0.9545,-0.1522,True,228133.3333,249925.0,265000.0,271716.6667,221289.3333,12.83,22.67,True,False,True,3.47,False,False,False,,False,False,,2026-08-01,2026-08-21,221500.0,2,0,0.451,222500.0,2026-08-20,0.226,222000.0,2026-08-21,,,,,,,,,,,,,,,,,,,,,,,,,,,,,,,,,,,,,,,,,,,,,,,,,,,,,,,2026-08-21,0.451,0.226,2.935,-2.032,,,,,,,
259960,크래프톤,2026-08-20,2026-08-20,REJECTED,68,TREND_BROKEN_OR_NOT_UPTREND,중기 Higher High + Higher Low | 상승추세 안의 단기 조정 + 전저점 유지 | 상승 평행채널 유효(커버리지 93%) | 최근 추세 하단(싼 구간) 접촉 | 현재도 채널 하단권 | 추세 하단 부근 쌍바닥/Higher-Low 형태 | 이동평균선 밀집,,222500.0,True,16.04,True,0.9333,-0.1411,True,228650.0,250441.6667,265000.0,272233.3333,221790.5,12.56,22.35,True,False,True,4.22,False,False,False,,False,False,,2026-08-01,2026-08-21,222500.0,1,0,-0.225,222000.0,2026-08-21,,,,,,,,,,,,,,,,,,,,,,,,,,,,,,,,,,,,,,,,,,,,,,,,,,,,,,,,,,2026-08-21,-0.225,-0.225,0.225,-2.472,,,,,,,
259960,크래프톤,2026-08-21,2026-08-21,REJECTED,58,TREND_BROKEN_OR_NOT_UPTREND,중기 Higher High + Higher Low | 상승 평행채널 유효(커버리지 93%) | 최근 추세 하단(싼 구간) 접촉 | 현재도 채널 하단권 | 추세 하단 부근 쌍바닥/Higher-Low 형태 | 이동평균선 밀집,최근 스윙 저점 이탈 위험,222000.0,True,16.23,False,0.9348,-0.0206,True,222600.0,237175.0,265000.0,251750.0,217280.0,6.84,13.4,True,False,True,5.06,False,False,False,,False,False,,2026-08-01,2026-08-21,222000.0,0,0,,,,,,,,,,,,,,,,,,,,,,,,,,,,,,,,,,,,,,,,,,,,,,,,,,,,,,,,,,,,,,,,,,,,,,,,
016360,삼성증권,2026-08-03,2026-08-03,REJECTED,40,TREND_BROKEN_OR_NOT_UPTREND,상승추세 안의 단기 조정 + 전저점 유지 | 상승 평행채널 유효(커버리지 78%) | 최근 추세 하단(싼 구간) 접촉 | 현재도 채널 하단권 | 추세 하단 부근 쌍바닥/Higher-Low 형태,중기 상승 구조 미확인,97000.0,False,23.62,True,0.7838,-0.2534,True,105766.6667,123066.6667,127000.0,140366.6667,102593.6667,26.87,44.71,True,False,False,21.59,False,True,False,,False,False,,2026-08-01,2026-08-21,97000.0,13,0,1.649,98600.0,2026-08-04,0.619,97600.0,2026-08-05,-1.649,95400.0,2026-08-06,-6.186,91000.0,2026-08-07,-3.918,93200.0,2026-08-10,-4.433,92700.0,2026-08-11,-4.021,93100.0,2026-08-12,-4.639,92500.0,2026-08-13,-4.124,93000.0,2026-08-14,-8.454,88800.0,2026-08-18,-12.371,85000.0,2026-08-19,-4.742,92400.0,2026-08-20,-5.155,92000.0,2026-08-21,,,,,,,,,,,,,,,,,,,,,,2026-08-21,1.649,-12.371,5.155,-14.021,,,,,,,
016360,삼성증권,2026-08-04,2026-08-04,REJECTED,40,TREND_BROKEN_OR_NOT_UPTREND,상승추세 안의 단기 조정 + 전저점 유지 | 상승 평행채널 유효(커버리지 77%) | 최근 추세 하단(싼 구간) 접촉 | 현재도 채널 하단권 | 추세 하단 부근 쌍바닥/Higher-Low 형태,중기 상승 구조 미확인,98600.0,False,19.25,True,0.7733,-0.2177,True,106133.3333,123433.3333,127000.0,140733.3333,102949.3333,25.19,42.73,True,False,False,19.31,False,True,False,,False,False,,2026-08-01,2026-08-21,98600.0,12,0,-1.014,97600.0,2026-08-05,-3.245,95400.0,2026-08-06,-7.708,91000.0,2026-08-07,-5.477,93200.0,2026-08-10,-5.984,92700.0,2026-08-11,-5.578,93100.0,2026-08-12,-6.187,92500.0,2026-08-13,-5.68,93000.0,2026-08-14,-9.939,88800.0,2026-08-18,-13.793,85000.0,2026-08-19,-6.288,92400.0,2026-08-20,-6.694,92000.0,2026-08-21,,,,,,,,,,,,,,,,,,,,,,,,,2026-08-21,-1.014,-13.793,3.448,-15.416,,,,,,,
016360,삼성증권,2026-08-05,2026-08-05,REJECTED,40,TREND_BROKEN_OR_NOT_UPTREND,상승추세 안의 단기 조정 + 전저점 유지 | 상승 평행채널 유효(커버리지 76%) | 최근 추세 하단(싼 구간) 접촉 | 현재도 채널 하단권 | 추세 하단 부근 쌍바닥/Higher-Low 형태,중기 상승 구조 미확인,97600.0,False,18.94,True,0.7632,-0.2572,True,106500.0,123800.0,127000.0,141100.0,103305.0,26.84,44.57,True,False,False,16.85,False,True,False,,False,False,,2026-08-01,2026-08-21,97600.0,11,0,-2.254,95400.0,2026-08-06,-6.762,91000.0,2026-08-07,-4.508,93200.0,2026-08-10,-5.02,92700.0,2026-08-11,-4.611,93100.0,2026-08-12,-5.225,92500.0,2026-08-13,-4.713,93000.0,2026-08-14,-9.016,88800.0,2026-08-18,-12.91,85000.0,2026-08-19,-5.328,92400.0,2026-08-20,-5.738,92000.0,2026-08-21,,,,,,,,,,,,,,,,,,,,,,,,,,,,2026-08-21,-2.254,-12.91,-0.512,-14.549,,,,,,,
016360,삼성증권,2026-08-06,2026-08-06,REJECTED,40,TREND_BROKEN_OR_NOT_UPTREND,상승추세 안의 단기 조정 + 전저점 유지 | 상승 평행채널 유효(커버리지 75%) | 최근 추세 하단(싼 구간) 접촉 | 현재도 채널 하단권 | 추세 하단 부근 쌍바닥/Higher-Low 형태,중기 상승 구조 미확인,95400.0,False,19.7,True,0.7532,-0.3314,True,106866.6667,124166.6667,127000.0,141466.6667,103660.6667,30.15,48.29,True,False,False,15.47,False,False,False,,False,False,,2026-08-01,2026-08-21,95400.0,10,0,-4.612,91000.0,2026-08-07,-2.306,93200.0,2026-08-10,-2.83,92700.0,2026-08-11,-2.411,93100.0,2026-08-12,-3.04,92500.0,2026-08-13,-2.516,93000.0,2026-08-14,-6.918,88800.0,2026-08-18,-10.901,85000.0,2026-08-19,-3.145,92400.0,2026-08-20,-3.564,92000.0,2026-08-21,,,,,,,,,,,,,,,,,,,,,,,,,,,,,,,2026-08-21,-2.306,-10.901,1.782,-12.579,,,,,,,
016360,삼성증권,2026-08-07,2026-08-07,REJECTED,40,TREND_BROKEN_OR_NOT_UPTREND,상승추세 안의 단기 조정 + 전저점 유지 | 상승 평행채널 유효(커버리지 74%) | 최근 추세 하단(싼 구간) 접촉 | 현재도 채널 하단권 | 추세 하단 부근 쌍바닥/Higher-Low 형태,중기 상승 구조 미확인,91000.0,False,23.4,True,0.7436,-0.4692,True,107233.3333,124533.3333,127000.0,141833.3333,104016.3333,36.85,55.86,True,False,False,17.48,False,False,False,,False,False,,2026-08-01,2026-08-21,91000.0,9,0,2.418,93200.0,2026-08-10,1.868,92700.0,2026-08-11,2.308,93100.0,2026-08-12,1.648,92500.0,2026-08-13,2.198,93000.0,2026-08-14,-2.418,88800.0,2026-08-18,-6.593,85000.0,2026-08-19,1.538,92400.0,2026-08-20,1.099,92000.0,2026-08-21,,,,,,,,,,,,,,,,,,,,,,,,,,,,,,,,,,2026-08-21,2.418,-6.593,6.703,-8.352,,,,,,,
016360,삼성증권,2026-08-10,2026-08-10,REJECTED,0,NO_RISING_CHANNEL,,영상 방식의 상승 평행채널을 안정적으로 구성하지 못함,,,,,,,,,,,,,,,,,,,,,,,,,,2026-08-01,2026-08-21,93200.0,8,0,-0.536,92700.0,2026-08-11,-0.107,93100.0,2026-08-12,-0.751,92500.0,2026-08-13,-0.215,93000.0,2026-08-14,-4.721,88800.0,2026-08-18,-8.798,85000.0,2026-08-19,-0.858,92400.0,2026-08-20,-1.288,92000.0,2026-08-21,,,,,,,,,,,,,,,,,,,,,,,,,,,,,,,,,,,,,2026-08-21,-0.107,-8.798,4.185,-10.515,,,,,,,
016360,삼성증권,2026-08-11,2026-08-11,REJECTED,0,NO_RISING_CHANNEL,,영상 방식의 상승 평행채널을 안정적으로 구성하지 못함,,,,,,,,,,,,,,,,,,,,,,,,,,2026-08-01,2026-08-21,92700.0,7,0,0.431,93100.0,2026-08-12,-0.216,92500.0,2026-08-13,0.324,93000.0,2026-08-14,-4.207,88800.0,2026-08-18,-8.306,85000.0,2026-08-19,-0.324,92400.0,2026-08-20,-0.755,92000.0,2026-08-21,,,,,,,,,,,,,,,,,,,,,,,,,,,,,,,,,,,,,,,,2026-08-21,0.431,-8.306,4.746,-10.032,,,,,,,
016360,삼성증권,2026-08-12,2026-08-12,REJECTED,0,NO_RISING_CHANNEL,,영상 방식의 상승 평행채널을 안정적으로 구성하지 못함,,,,,,,,,,,,,,,,,,,,,,,,,,2026-08-01,2026-08-21,93100.0,6,0,-0.644,92500.0,2026-08-13,-0.107,93000.0,2026-08-14,-4.619,88800.0,2026-08-18,-8.7,85000.0,2026-08-19,-0.752,92400.0,2026-08-20,-1.182,92000.0,2026-08-21,,,,,,,,,,,,,,,,,,,,,,,,,,,,,,,,,,,,,,,,,,,2026-08-21,-0.107,-8.7,4.296,-10.419,,,,,,,
016360,삼성증권,2026-08-13,2026-08-13,REJECTED,0,NO_RISING_CHANNEL,,영상 방식의 상승 평행채널을 안정적으로 구성하지 못함,,,,,,,,,,,,,,,,,,,,,,,,,,2026-08-01,2026-08-21,92500.0,5,0,0.541,93000.0,2026-08-14,-4.0,88800.0,2026-08-18,-8.108,85000.0,2026-08-19,-0.108,92400.0,2026-08-20,-0.541,92000.0,2026-08-21,,,,,,,,,,,,,,,,,,,,,,,,,,,,,,,,,,,,,,,,,,,,,,2026-08-21,0.541,-8.108,1.514,-9.838,,,,,,,
016360,삼성증권,2026-08-14,2026-08-14,REJECTED,0,NO_RISING_CHANNEL,,영상 방식의 상승 평행채널을 안정적으로 구성하지 못함,,,,,,,,,,,,,,,,,,,,,,,,,,2026-08-01,2026-08-21,93000.0,4,0,-4.516,88800.0,2026-08-18,-8.602,85000.0,2026-08-19,-0.645,92400.0,2026-08-20,-1.075,92000.0,2026-08-21,,,,,,,,,,,,,,,,,,,,,,,,,,,,,,,,,,,,,,,,,,,,,,,,,2026-08-21,-0.645,-8.602,0.968,-10.323,,,,,,,
016360,삼성증권,2026-08-18,2026-08-18,REJECTED,0,NO_RISING_CHANNEL,,영상 방식의 상승 평행채널을 안정적으로 구성하지 못함,,,,,,,,,,,,,,,,,,,,,,,,,,2026-08-01,2026-08-21,88800.0,3,0,-4.279,85000.0,2026-08-19,4.054,92400.0,2026-08-20,3.604,92000.0,2026-08-21,,,,,,,,,,,,,,,,,,,,,,,,,,,,,,,,,,,,,,,,,,,,,,,,,,,,2026-08-21,4.054,-4.279,5.743,-6.081,,,,,,,
016360,삼성증권,2026-08-19,2026-08-19,REJECTED,0,NO_RISING_CHANNEL,,영상 방식의 상승 평행채널을 안정적으로 구성하지 못함,,,,,,,,,,,,,,,,,,,,,,,,,,2026-08-01,2026-08-21,85000.0,2,0,8.706,92400.0,2026-08-20,8.235,92000.0,2026-08-21,,,,,,,,,,,,,,,,,,,,,,,,,,,,,,,,,,,,,,,,,,,,,,,,,,,,,,,2026-08-21,8.706,8.235,10.471,1.647,,,,,,,
016360,삼성증권,2026-08-20,2026-08-20,REJECTED,0,NO_RISING_CHANNEL,,영상 방식의 상승 평행채널을 안정적으로 구성하지 못함,,,,,,,,,,,,,,,,,,,,,,,,,,2026-08-01,2026-08-21,92400.0,1,0,-0.433,92000.0,2026-08-21,,,,,,,,,,,,,,,,,,,,,,,,,,,,,,,,,,,,,,,,,,,,,,,,,,,,,,,,,,2026-08-21,-0.433,-0.433,0.758,-2.597,,,,,,,
016360,삼성증권,2026-08-21,2026-08-21,REJECTED,0,NO_RISING_CHANNEL,,영상 방식의 상승 평행채널을 안정적으로 구성하지 못함,,,,,,,,,,,,,,,,,,,,,,,,,,2026-08-01,2026-08-21,92000.0,0,0,,,,,,,,,,,,,,,,,,,,,,,,,,,,,,,,,,,,,,,,,,,,,,,,,,,,,,,,,,,,,,,,,,,,,,,,
323410,카카오뱅크,2026-08-03,2026-08-03,REJECTED,48,TREND_BROKEN_OR_NOT_UPTREND,상승추세 안의 단기 조정 + 전저점 유지 | 상승 평행채널 유효(커버리지 98%) | 최근 추세 하단(싼 구간) 접촉 | 현재도 채널 하단권 | 추세 하단 부근 쌍바닥/Higher-Low 형태 | 이동평균선 밀집,중기 상승 구조 미확인,21850.0,False,8.39,True,0.9792,0.0526,True,21520.7143,24651.4286,23850.0,27782.1429,20875.0929,12.82,27.15,True,False,True,3.17,False,True,False,,False,False,,2026-08-01,2026-08-21,21850.0,13,0,0.0,21850.0,2026-08-04,-1.373,21550.0,2026-08-05,-1.144,21600.0,2026-08-06,0.686,22000.0,2026-08-07,1.373,22150.0,2026-08-10,1.602,22200.0,2026-08-11,-0.458,21750.0,2026-08-12,1.373,22150.0,2026-08-13,1.602,22200.0,2026-08-14,0.458,21950.0,2026-08-18,-1.602,21500.0,2026-08-19,-2.975,21200.0,2026-08-20,-2.517,21300.0,2026-08-21,,,,,,,,,,,,,,,,,,,,,,2026-08-21,1.602,-2.975,3.661,-4.805,,,,,,,
323410,카카오뱅크,2026-08-04,2026-08-04,REJECTED,48,TREND_BROKEN_OR_NOT_UPTREND,상승추세 안의 단기 조정 + 전저점 유지 | 상승 평행채널 유효(커버리지 98%) | 최근 추세 하단(싼 구간) 접촉 | 현재도 채널 하단권 | 추세 하단 부근 쌍바닥/Higher-Low 형태 | 이동평균선 밀집,중기 상승 구조 미확인,21850.0,False,8.39,True,0.9796,0.0372,True,21617.1429,24747.8571,23850.0,27878.5714,20968.6286,13.26,27.59,True,False,True,2.51,False,True,False,,False,False,,2026-08-01,2026-08-21,21850.0,12,0,-1.373,21550.0,2026-08-05,-1.144,21600.0,2026-08-06,0.686,22000.0,2026-08-07,1.373,22150.0,2026-08-10,1.602,22200.0,2026-08-11,-0.458,21750.0,2026-08-12,1.373,22150.0,2026-08-13,1.602,22200.0,2026-08-14,0.458,21950.0,2026-08-18,-1.602,21500.0,2026-08-19,-2.975,21200.0,2026-08-20,-2.517,21300.0,2026-08-21,,,,,,,,,,,,,,,,,,,,,,,,,2026-08-21,1.602,-2.975,3.661,-4.805,,,,,,,
323410,카카오뱅크,2026-08-05,2026-08-05,REJECTED,48,TREND_BROKEN_OR_NOT_UPTREND,상승추세 안의 단기 조정 + 전저점 유지 | 상승 평행채널 유효(커버리지 98%) | 최근 추세 하단(싼 구간) 접촉 | 현재도 채널 하단권 | 추세 하단 부근 쌍바닥/Higher-Low 형태 | 이동평균선 밀집,중기 상승 구조 미확인,21550.0,False,9.64,True,0.98,-0.0261,True,21713.5714,24844.2857,23850.0,27975.0,21062.1643,15.29,29.81,True,False,True,2.01,False,True,False,,False,False,,2026-08-01,2026-08-21,21550.0,11,0,0.232,21600.0,2026-08-06,2.088,22000.0,2026-08-07,2.784,22150.0,2026-08-10,3.016,22200.0,2026-08-11,0.928,21750.0,2026-08-12,2.784,22150.0,2026-08-13,3.016,22200.0,2026-08-14,1.856,21950.0,2026-08-18,-0.232,21500.0,2026-08-19,-1.624,21200.0,2026-08-20,-1.16,21300.0,2026-08-21,,,,,,,,,,,,,,,,,,,,,,,,,,,,2026-08-21,3.016,-1.624,4.872,-3.48,,,,,,,
323410,카카오뱅크,2026-08-06,2026-08-06,REJECTED,48,TREND_BROKEN_OR_NOT_UPTREND,상승추세 안의 단기 조정 + 전저점 유지 | 상승 평행채널 유효(커버리지 98%) | 최근 추세 하단(싼 구간) 접촉 | 현재도 채널 하단권 | 추세 하단 부근 쌍바닥/Higher-Low 형태 | 이동평균선 밀집,중기 상승 구조 미확인,21600.0,False,9.43,True,0.9804,-0.0335,True,21810.0,24940.7143,23850.0,28071.4286,21155.7,15.47,29.96,True,False,True,2.07,False,False,False,,False,False,,2026-08-01,2026-08-21,21600.0,10,0,1.852,22000.0,2026-08-07,2.546,22150.0,2026-08-10,2.778,22200.0,2026-08-11,0.694,21750.0,2026-08-12,2.546,22150.0,2026-08-13,2.778,22200.0,2026-08-14,1.62,21950.0,2026-08-18,-0.463,21500.0,2026-08-19,-1.852,21200.0,2026-08-20,-1.389,21300.0,2026-08-21,,,,,,,,,,,,,,,,,,,,,,,,,,,,,,,2026-08-21,2.778,-1.852,4.63,-3.704,,,,,,,
323410,카카오뱅크,2026-08-07,2026-08-07,REJECTED,48,TREND_BROKEN_OR_NOT_UPTREND,상승추세 안의 단기 조정 + 전저점 유지 | 상승 평행채널 유효(커버리지 98%) | 최근 추세 하단(싼 구간) 접촉 | 현재도 채널 하단권 | 추세 하단 부근 쌍바닥/Higher-Low 형태 | 이동평균선 밀집,중기 상승 구조 미확인,22000.0,False,7.76,True,0.9808,0.0149,True,21906.4286,25037.1429,23850.0,28167.8571,21249.2357,13.81,28.04,True,False,True,2.08,False,True,False,,False,False,,2026-08-01,2026-08-21,22000.0,9,0,0.682,22150.0,2026-08-10,0.909,22200.0,2026-08-11,-1.136,21750.0,2026-08-12,0.682,22150.0,2026-08-13,0.909,22200.0,2026-08-14,-0.227,21950.0,2026-08-18,-2.273,21500.0,2026-08-19,-3.636,21200.0,2026-08-20,-3.182,21300.0,2026-08-21,,,,,,,,,,,,,,,,,,,,,,,,,,,,,,,,,,2026-08-21,0.909,-3.636,2.727,-5.455,,,,,,,
323410,카카오뱅크,2026-08-10,2026-08-10,REJECTED,48,TREND_BROKEN_OR_NOT_UPTREND,상승추세 안의 단기 조정 + 전저점 유지 | 상승 평행채널 유효(커버리지 98%) | 최근 추세 하단(싼 구간) 접촉 | 현재도 채널 하단권 | 추세 하단 부근 쌍바닥/Higher-Low 형태 | 이동평균선 밀집,중기 상승 구조 미확인,22150.0,False,7.13,True,0.9811,0.0235,True,22002.8571,25133.5714,22650.0,28264.2857,21342.7714,13.47,27.6,True,False,True,1.8,False,True,False,,False,False,,2026-08-01,2026-08-21,22150.0,8,0,0.226,22200.0,2026-08-11,-1.806,21750.0,2026-08-12,0.0,22150.0,2026-08-13,0.226,22200.0,2026-08-14,-0.903,21950.0,2026-08-18,-2.935,21500.0,2026-08-19,-4.289,21200.0,2026-08-20,-3.837,21300.0,2026-08-21,,,,,,,,,,,,,,,,,,,,,,,,,,,,,,,,,,,,,2026-08-21,0.226,-4.289,2.032,-6.095,,,,,,,
323410,카카오뱅크,2026-08-11,2026-08-11,REJECTED,48,TREND_BROKEN_OR_NOT_UPTREND,상승추세 안의 단기 조정 + 전저점 유지 | 상승 평행채널 유효(커버리지 100%) | 최근 추세 하단(싼 구간) 접촉 | 현재도 채널 하단권 | 추세 하단 부근 쌍바닥/Higher-Low 형태 | 이동평균선 밀집,중기 상승 구조 미확인,22200.0,False,6.92,True,1.0,0.0863,True,21617.8571,24989.2857,22650.0,28360.7143,20969.3214,12.56,27.75,True,False,True,1.38,False,True,False,,False,False,,2026-08-01,2026-08-21,22200.0,7,0,-2.027,21750.0,2026-08-12,-0.225,22150.0,2026-08-13,0.0,22200.0,2026-08-14,-1.126,21950.0,2026-08-18,-3.153,21500.0,2026-08-19,-4.505,21200.0,2026-08-20,-4.054,21300.0,2026-08-21,,,,,,,,,,,,,,,,,,,,,,,,,,,,,,,,,,,,,,,,2026-08-21,0.0,-4.505,1.351,-6.306,,,,,,,
323410,카카오뱅크,2026-08-12,2026-08-12,REJECTED,48,TREND_BROKEN_OR_NOT_UPTREND,상승추세 안의 단기 조정 + 전저점 유지 | 상승 평행채널 유효(커버리지 100%) | 최근 추세 하단(싼 구간) 접촉 | 현재도 채널 하단권 | 추세 하단 부근 쌍바닥/Higher-Low 형태 | 이동평균선 밀집,중기 상승 구조 미확인,21750.0,False,7.84,True,1.0,0.0053,True,21714.2857,25085.7143,22650.0,28457.1429,21062.8571,15.34,30.84,True,False,True,1.17,False,True,False,,False,False,,2026-08-01,2026-08-21,21750.0,6,0,1.839,22150.0,2026-08-13,2.069,22200.0,2026-08-14,0.92,21950.0,2026-08-18,-1.149,21500.0,2026-08-19,-2.529,21200.0,2026-08-20,-2.069,21300.0,2026-08-21,,,,,,,,,,,,,,,,,,,,,,,,,,,,,,,,,,,,,,,,,,,2026-08-21,2.069,-2.529,3.448,-4.368,,,,,,,
323410,카카오뱅크,2026-08-13,2026-08-13,REJECTED,48,TREND_BROKEN_OR_NOT_UPTREND,상승추세 안의 단기 조정 + 전저점 유지 | 상승 평행채널 유효(커버리지 100%) | 최근 추세 하단(싼 구간) 접촉 | 현재도 채널 하단권 | 추세 하단 부근 쌍바닥/Higher-Low 형태 | 이동평균선 밀집,중기 상승 구조 미확인,22150.0,False,4.32,True,1.0,0.0503,True,21810.7143,25182.1429,22650.0,28553.5714,21156.3929,13.69,28.91,True,False,True,1.08,False,True,False,,False,False,,2026-08-01,2026-08-21,22150.0,5,0,0.226,22200.0,2026-08-14,-0.903,21950.0,2026-08-18,-2.935,21500.0,2026-08-19,-4.289,21200.0,2026-08-20,-3.837,21300.0,2026-08-21,,,,,,,,,,,,,,,,,,,,,,,,,,,,,,,,,,,,,,,,,,,,,,2026-08-21,0.226,-4.289,1.58,-6.095,,,,,,,
323410,카카오뱅크,2026-08-14,2026-08-14,REJECTED,58,TREND_BROKEN_OR_NOT_UPTREND,상승추세 안의 단기 조정 + 전저점 유지 | 상승 평행채널 유효(커버리지 100%) | 최근 추세 하단(싼 구간) 접촉 | 현재도 채널 하단권 | 추세 하단 부근 쌍바닥/Higher-Low 형태 | 이동평균선 밀집 | 이동평균선 재돌파 | 재상승 후 5일선 지지,중기 상승 구조 미확인,22200.0,False,3.48,True,1.0,0.0434,True,21907.1429,25278.5714,22600.0,28650.0,21249.9286,13.87,29.05,True,False,True,1.26,True,True,False,,False,False,,2026-08-01,2026-08-21,22200.0,4,0,-1.126,21950.0,2026-08-18,-3.153,21500.0,2026-08-19,-4.505,21200.0,2026-08-20,-4.054,21300.0,2026-08-21,,,,,,,,,,,,,,,,,,,,,,,,,,,,,,,,,,,,,,,,,,,,,,,,,2026-08-21,-1.126,-4.505,0.225,-6.306,,,,,,,
323410,카카오뱅크,2026-08-18,2026-08-18,REJECTED,48,TREND_BROKEN_OR_NOT_UPTREND,상승추세 안의 단기 조정 + 전저점 유지 | 상승 평행채널 유효(커버리지 100%) | 최근 추세 하단(싼 구간) 접촉 | 현재도 채널 하단권 | 추세 하단 부근 쌍바닥/Higher-Low 형태 | 이동평균선 밀집,중기 상승 구조 미확인,21950.0,False,3.73,True,1.0,-0.0079,True,22003.5714,25375.0,22600.0,28746.4286,21343.4643,15.6,30.96,True,False,True,1.41,False,True,False,,False,False,,2026-08-01,2026-08-21,21950.0,3,0,-2.05,21500.0,2026-08-19,-3.417,21200.0,2026-08-20,-2.961,21300.0,2026-08-21,,,,,,,,,,,,,,,,,,,,,,,,,,,,,,,,,,,,,,,,,,,,,,,,,,,,2026-08-21,-2.05,-3.417,-0.456,-5.239,,,,,,,
323410,카카오뱅크,2026-08-19,2026-08-19,REJECTED,48,TREND_BROKEN_OR_NOT_UPTREND,상승추세 안의 단기 조정 + 전저점 유지 | 상승 평행채널 유효(커버리지 100%) | 최근 추세 하단(싼 구간) 접촉 | 현재도 채널 하단권 | 추세 하단 부근 쌍바닥/Higher-Low 형태 | 이동평균선 밀집,중기 상승 구조 미확인,21500.0,False,5.7,True,1.0,-0.0609,True,21921.4286,25382.1429,22600.0,28842.8571,21263.7857,18.06,34.15,True,False,True,1.52,False,False,False,,False,False,,2026-08-01,2026-08-21,21500.0,2,0,-1.395,21200.0,2026-08-20,-0.93,21300.0,2026-08-21,,,,,,,,,,,,,,,,,,,,,,,,,,,,,,,,,,,,,,,,,,,,,,,,,,,,,,,2026-08-21,-0.93,-1.395,1.628,-3.256,,,,,,,
323410,카카오뱅크,2026-08-20,2026-08-20,REJECTED,48,TREND_BROKEN_OR_NOT_UPTREND,상승추세 안의 단기 조정 + 전저점 유지 | 상승 평행채널 유효(커버리지 98%) | 최근 추세 하단(싼 구간) 접촉 | 현재도 채널 하단권 | 추세 하단 부근 쌍바닥/Higher-Low 형태 | 이동평균선 밀집,중기 상승 구조 미확인,21200.0,False,6.4,True,0.9833,-0.1182,True,22017.8571,25478.5714,22600.0,28939.2857,21357.3214,20.18,36.51,True,False,True,1.64,False,False,False,,False,False,,2026-08-01,2026-08-21,21200.0,1,0,0.472,21300.0,2026-08-21,,,,,,,,,,,,,,,,,,,,,,,,,,,,,,,,,,,,,,,,,,,,,,,,,,,,,,,,,,2026-08-21,0.472,0.472,0.708,-1.887,,,,,,,
323410,카카오뱅크,2026-08-21,2026-08-21,REJECTED,48,TREND_BROKEN_OR_NOT_UPTREND,상승추세 안의 단기 조정 + 전저점 유지 | 상승 평행채널 유효(커버리지 97%) | 최근 추세 하단(싼 구간) 접촉 | 현재도 채널 하단권 | 추세 하단 부근 쌍바닥/Higher-Low 형태 | 이동평균선 밀집,중기 상승 구조 미확인,21300.0,False,5.96,True,0.9672,-0.1176,True,22114.2857,25575.0,22600.0,29035.7143,21450.8571,20.07,36.32,True,False,True,2.35,False,False,False,,False,False,,2026-08-01,2026-08-21,21300.0,0,0,,,,,,,,,,,,,,,,,,,,,,,,,,,,,,,,,,,,,,,,,,,,,,,,,,,,,,,,,,,,,,,,,,,,,,,,
003490,대한항공,2026-08-03,2026-08-03,REJECTED,48,TREND_BROKEN_OR_NOT_UPTREND,상승추세 안의 단기 조정 + 전저점 유지 | 상승 평행채널 유효(커버리지 100%) | 최근 추세 하단(싼 구간) 접촉 | 현재도 채널 하단권 | 추세 하단 부근 쌍바닥/Higher-Low 형태 | 이동평균선 밀집,중기 상승 구조 미확인,26200.0,False,11.19,True,1.0,0.0348,True,25822.9167,31238.5417,27350.0,36654.1667,25048.2292,19.23,39.9,True,False,True,4.71,False,True,False,,False,False,,2026-08-01,2026-08-21,26200.0,13,0,-0.382,26100.0,2026-08-04,2.672,26900.0,2026-08-05,4.962,27500.0,2026-08-06,3.626,27150.0,2026-08-07,2.481,26850.0,2026-08-10,1.718,26650.0,2026-08-11,1.145,26500.0,2026-08-12,-0.382,26100.0,2026-08-13,0.382,26300.0,2026-08-14,-3.626,25250.0,2026-08-18,-4.389,25050.0,2026-08-19,-4.389,25050.0,2026-08-20,-1.527,25800.0,2026-08-21,,,,,,,,,,,,,,,,,,,,,,2026-08-21,4.962,-4.389,6.107,-6.87,,,,,,,
003490,대한항공,2026-08-04,2026-08-04,REJECTED,48,TREND_BROKEN_OR_NOT_UPTREND,상승추세 안의 단기 조정 + 전저점 유지 | 상승 평행채널 유효(커버리지 100%) | 최근 추세 하단(싼 구간) 접촉 | 현재도 채널 하단권 | 추세 하단 부근 쌍바닥/Higher-Low 형태 | 이동평균선 밀집,중기 상승 구조 미확인,26100.0,False,11.38,True,1.0,0.0108,True,25983.3333,31398.9583,27350.0,36814.5833,25203.8333,20.3,41.05,True,False,True,4.06,False,True,False,,False,False,,2026-08-01,2026-08-21,26100.0,12,0,3.065,26900.0,2026-08-05,5.364,27500.0,2026-08-06,4.023,27150.0,2026-08-07,2.874,26850.0,2026-08-10,2.107,26650.0,2026-08-11,1.533,26500.0,2026-08-12,0.0,26100.0,2026-08-13,0.766,26300.0,2026-08-14,-3.257,25250.0,2026-08-18,-4.023,25050.0,2026-08-19,-4.023,25050.0,2026-08-20,-1.149,25800.0,2026-08-21,,,,,,,,,,,,,,,,,,,,,,,,,2026-08-21,5.364,-4.023,6.513,-6.513,,,,,,,
003490,대한항공,2026-08-05,2026-08-05,REJECTED,58,TREND_BROKEN_OR_NOT_UPTREND,상승추세 안의 단기 조정 + 전저점 유지 | 상승 평행채널 유효(커버리지 100%) | 최근 추세 하단(싼 구간) 접촉 | 현재도 채널 하단권 | 추세 하단 부근 쌍바닥/Higher-Low 형태 | 이동평균선 밀집 | 이동평균선 재돌파 | 재상승 후 5일선 지지,중기 상승 구조 미확인,26900.0,False,6.27,True,1.0,0.0698,True,26143.75,31559.375,27350.0,36975.0,25359.4375,17.32,37.45,True,False,True,2.37,True,True,False,,False,False,,2026-08-01,2026-08-21,26900.0,11,0,2.23,27500.0,2026-08-06,0.929,27150.0,2026-08-07,-0.186,26850.0,2026-08-10,-0.929,26650.0,2026-08-11,-1.487,26500.0,2026-08-12,-2.974,26100.0,2026-08-13,-2.23,26300.0,2026-08-14,-6.134,25250.0,2026-08-18,-6.877,25050.0,2026-08-19,-6.877,25050.0,2026-08-20,-4.089,25800.0,2026-08-21,,,,,,,,,,,,,,,,,,,,,,,,,,,,2026-08-21,2.23,-6.877,2.602,-9.294,,,,,,,
003490,대한항공,2026-08-06,2026-08-06,REJECTED,48,TREND_BROKEN_OR_NOT_UPTREND,상승 평행채널 유효(커버리지 100%) | 최근 추세 하단(싼 구간) 접촉 | 현재도 채널 하단권 | 추세 하단 부근 쌍바닥/Higher-Low 형태 | 이동평균선 밀집 | 이동평균선 재돌파 | 재상승 후 5일선 지지,중기 상승 구조 미확인,27500.0,False,1.96,True,1.0,0.1104,True,26304.1667,31719.7917,27350.0,37135.4167,25515.0417,15.34,35.04,True,False,True,2.33,True,True,False,,False,False,,2026-08-01,2026-08-21,27500.0,10,0,-1.273,27150.0,2026-08-07,-2.364,26850.0,2026-08-10,-3.091,26650.0,2026-08-11,-3.636,26500.0,2026-08-12,-5.091,26100.0,2026-08-13,-4.364,26300.0,2026-08-14,-8.182,25250.0,2026-08-18,-8.909,25050.0,2026-08-19,-8.909,25050.0,2026-08-20,-6.182,25800.0,2026-08-21,,,,,,,,,,,,,,,,,,,,,,,,,,,,,,,2026-08-21,-1.273,-8.909,-0.727,-11.273,,,,,,,
003490,대한항공,2026-08-07,2026-08-07,REJECTED,58,TREND_BROKEN_OR_NOT_UPTREND,상승추세 안의 단기 조정 + 전저점 유지 | 상승 평행채널 유효(커버리지 100%) | 최근 추세 하단(싼 구간) 접촉 | 현재도 채널 하단권 | 추세 하단 부근 쌍바닥/Higher-Low 형태 | 이동평균선 밀집 | 이동평균선 재돌파 | 재상승 후 5일선 지지,중기 상승 구조 미확인,27150.0,False,3.21,True,1.0,0.0633,True,26464.5833,31880.2083,27350.0,37295.8333,25670.6458,17.42,37.37,True,False,True,2.85,True,True,False,,False,False,,2026-08-01,2026-08-21,27150.0,9,0,-1.105,26850.0,2026-08-10,-1.842,26650.0,2026-08-11,-2.394,26500.0,2026-08-12,-3.867,26100.0,2026-08-13,-3.131,26300.0,2026-08-14,-6.998,25250.0,2026-08-18,-7.735,25050.0,2026-08-19,-7.735,25050.0,2026-08-20,-4.972,25800.0,2026-08-21,,,,,,,,,,,,,,,,,,,,,,,,,,,,,,,,,,2026-08-21,-1.105,-7.735,-0.184,-10.129,,,,,,,
003490,대한항공,2026-08-10,2026-08-10,REJECTED,43,TREND_BROKEN_OR_NOT_UPTREND,상승추세 안의 단기 조정 + 전저점 유지 | 상승 평행채널 유효(커버리지 98%) | 최근 추세 하단(싼 구간) 접촉 | 현재도 채널 하단권 | 이동평균선 밀집,중기 상승 구조 미확인,26850.0,False,3.94,True,0.9811,0.2719,True,25300.0,28150.0,27800.0,31000.0,24541.0,4.84,15.46,False,False,True,3.34,False,True,False,,False,False,,2026-08-01,2026-08-21,26850.0,8,0,-0.745,26650.0,2026-08-11,-1.304,26500.0,2026-08-12,-2.793,26100.0,2026-08-13,-2.048,26300.0,2026-08-14,-5.959,25250.0,2026-08-18,-6.704,25050.0,2026-08-19,-6.704,25050.0,2026-08-20,-3.911,25800.0,2026-08-21,,,,,,,,,,,,,,,,,,,,,,,,,,,,,,,,,,,,,2026-08-21,-0.745,-6.704,0.559,-9.125,,,,,,,
003490,대한항공,2026-08-11,2026-08-11,REJECTED,43,TREND_BROKEN_OR_NOT_UPTREND,상승추세 안의 단기 조정 + 전저점 유지 | 상승 평행채널 유효(커버리지 98%) | 최근 추세 하단(싼 구간) 접촉 | 현재도 채널 하단권 | 이동평균선 밀집,중기 상승 구조 미확인,26650.0,False,4.65,True,0.9815,0.2281,True,25350.0,28200.0,27800.0,31050.0,24589.5,5.82,16.51,False,False,True,3.63,False,False,False,,False,False,,2026-08-01,2026-08-21,26650.0,7,0,-0.563,26500.0,2026-08-12,-2.064,26100.0,2026-08-13,-1.313,26300.0,2026-08-14,-5.253,25250.0,2026-08-18,-6.004,25050.0,2026-08-19,-6.004,25050.0,2026-08-20,-3.189,25800.0,2026-08-21,,,,,,,,,,,,,,,,,,,,,,,,,,,,,,,,,,,,,,,,2026-08-21,-0.563,-6.004,1.313,-8.443,,,,,,,
003490,대한항공,2026-08-12,2026-08-12,REJECTED,43,TREND_BROKEN_OR_NOT_UPTREND,상승추세 안의 단기 조정 + 전저점 유지 | 상승 평행채널 유효(커버리지 98%) | 최근 추세 하단(싼 구간) 접촉 | 현재도 채널 하단권 | 이동평균선 밀집,중기 상승 구조 미확인,26500.0,False,5.19,True,0.9818,0.193,True,25400.0,28250.0,27800.0,31100.0,24638.0,6.6,17.36,False,False,True,3.35,False,True,False,,False,False,,2026-08-01,2026-08-21,26500.0,6,0,-1.509,26100.0,2026-08-13,-0.755,26300.0,2026-08-14,-4.717,25250.0,2026-08-18,-5.472,25050.0,2026-08-19,-5.472,25050.0,2026-08-20,-2.642,25800.0,2026-08-21,,,,,,,,,,,,,,,,,,,,,,,,,,,,,,,,,,,,,,,,,,,2026-08-21,-0.755,-5.472,1.509,-7.925,,,,,,,
003490,대한항공,2026-08-13,2026-08-13,REJECTED,43,TREND_BROKEN_OR_NOT_UPTREND,상승추세 안의 단기 조정 + 전저점 유지 | 상승 평행채널 유효(커버리지 98%) | 최근 추세 하단(싼 구간) 접촉 | 현재도 채널 하단권 | 이동평균선 밀집,중기 상승 구조 미확인,26100.0,False,6.12,True,0.9821,0.114,True,25450.0,28300.0,27800.0,31150.0,24686.5,8.43,19.35,False,False,True,2.54,False,False,False,,False,False,,2026-08-01,2026-08-21,26100.0,5,0,0.766,26300.0,2026-08-14,-3.257,25250.0,2026-08-18,-4.023,25050.0,2026-08-19,-4.023,25050.0,2026-08-20,-1.149,25800.0,2026-08-21,,,,,,,,,,,,,,,,,,,,,,,,,,,,,,,,,,,,,,,,,,,,,,2026-08-21,0.766,-4.023,1.724,-6.513,,,,,,,
003490,대한항공,2026-08-14,2026-08-14,REJECTED,43,TREND_BROKEN_OR_NOT_UPTREND,상승추세 안의 단기 조정 + 전저점 유지 | 상승 평행채널 유효(커버리지 98%) | 최근 추세 하단(싼 구간) 접촉 | 현재도 채널 하단권 | 이동평균선 밀집,중기 상승 구조 미확인,26300.0,False,5.4,True,0.9825,0.1404,True,25500.0,28350.0,27800.0,31200.0,24735.0,7.79,18.63,False,False,True,2.6,False,True,False,,False,False,,2026-08-01,2026-08-21,26300.0,4,0,-3.992,25250.0,2026-08-18,-4.753,25050.0,2026-08-19,-4.753,25050.0,2026-08-20,-1.901,25800.0,2026-08-21,,,,,,,,,,,,,,,,,,,,,,,,,,,,,,,,,,,,,,,,,,,,,,,,,2026-08-21,-1.901,-4.753,-1.141,-7.224,,,,,,,
003490,대한항공,2026-08-18,2026-08-18,REJECTED,43,TREND_BROKEN_OR_NOT_UPTREND,상승추세 안의 단기 조정 + 전저점 유지 | 상승 평행채널 유효(커버리지 98%) | 최근 추세 하단(싼 구간) 접촉 | 현재도 채널 하단권 | 이동평균선 밀집,중기 상승 구조 미확인,25250.0,False,9.17,True,0.9828,-0.0526,True,25550.0,28400.0,27800.0,31250.0,24783.5,12.48,23.76,False,False,True,2.75,False,False,False,,False,False,,2026-08-01,2026-08-21,25250.0,3,0,-0.792,25050.0,2026-08-19,-0.792,25050.0,2026-08-20,2.178,25800.0,2026-08-21,,,,,,,,,,,,,,,,,,,,,,,,,,,,,,,,,,,,,,,,,,,,,,,,,,,,2026-08-21,2.178,-0.792,2.772,-3.366,,,,,,,
003490,대한항공,2026-08-19,2026-08-19,REJECTED,43,TREND_BROKEN_OR_NOT_UPTREND,상승추세 안의 단기 조정 + 전저점 유지 | 상승 평행채널 유효(커버리지 97%) | 최근 추세 하단(싼 구간) 접촉 | 현재도 채널 하단권 | 이동평균선 밀집,중기 상승 구조 미확인,25050.0,False,9.89,True,0.9661,-0.0965,True,25600.0,28450.0,27800.0,31300.0,24832.0,13.57,24.95,False,False,True,3.32,False,False,False,,False,False,,2026-08-01,2026-08-21,25050.0,2,0,0.0,25050.0,2026-08-20,2.994,25800.0,2026-08-21,,,,,,,,,,,,,,,,,,,,,,,,,,,,,,,,,,,,,,,,,,,,,,,,,,,,,,,2026-08-21,2.994,0.0,3.593,-1.397,,,,,,,
003490,대한항공,2026-08-20,2026-08-20,REJECTED,43,TREND_BROKEN_OR_NOT_UPTREND,상승추세 안의 단기 조정 + 전저점 유지 | 상승 평행채널 유효(커버리지 95%) | 최근 추세 하단(싼 구간) 접촉 | 현재도 채널 하단권 | 이동평균선 밀집,중기 상승 구조 미확인,25050.0,False,9.89,True,0.95,-0.1053,True,25650.0,28500.0,27800.0,31350.0,24880.5,13.77,25.15,False,False,True,4.36,False,False,False,,False,False,,2026-08-01,2026-08-21,25050.0,1,0,2.994,25800.0,2026-08-21,,,,,,,,,,,,,,,,,,,,,,,,,,,,,,,,,,,,,,,,,,,,,,,,,,,,,,,,,,2026-08-21,2.994,2.994,3.593,-1.397,,,,,,,
003490,대한항공,2026-08-21,2026-08-21,REJECTED,43,TREND_BROKEN_OR_NOT_UPTREND,상승추세 안의 단기 조정 + 전저점 유지 | 상승 평행채널 유효(커버리지 95%) | 최근 추세 하단(싼 구간) 접촉 | 현재도 채널 하단권 | 이동평균선 밀집,중기 상승 구조 미확인,25800.0,False,7.19,True,0.9508,0.0175,True,25700.0,28550.0,27800.0,31400.0,24929.0,10.66,21.71,False,False,True,4.36,False,False,False,,False,False,,2026-08-01,2026-08-21,25800.0,0,0,,,,,,,,,,,,,,,,,,,,,,,,,,,,,,,,,,,,,,,,,,,,,,,,,,,,,,,,,,,,,,,,,,,,,,,,
443060,HD현대마린솔루션,2026-08-03,2026-08-03,REJECTED,35,TREND_BROKEN_OR_NOT_UPTREND,상승추세 안의 단기 조정 + 전저점 유지 | 상승 평행채널 유효(커버리지 75%) | 최근 추세 하단(싼 구간) 접촉 | 현재도 채널 하단권,중기 상승 구조 미확인,182900.0,False,16.86,True,0.75,-0.2135,True,201552.381,245235.7143,220000.0,288919.0476,195505.8095,34.08,57.97,False,False,False,18.97,False,False,False,,False,False,,2026-08-01,2026-08-21,182900.0,13,0,1.093,184900.0,2026-08-04,5.577,193100.0,2026-08-05,7.053,195800.0,2026-08-06,7.381,196400.0,2026-08-07,11.81,204500.0,2026-08-10,9.349,200000.0,2026-08-11,9.349,200000.0,2026-08-12,9.623,200500.0,2026-08-13,7.6,196800.0,2026-08-14,11.536,204000.0,2026-08-18,14.543,209500.0,2026-08-19,10.99,203000.0,2026-08-20,8.092,197700.0,2026-08-21,,,,,,,,,,,,,,,,,,,,,,2026-08-21,14.543,1.093,17.004,-1.422,,,,,,,
443060,HD현대마린솔루션,2026-08-04,2026-08-04,REJECTED,35,TREND_BROKEN_OR_NOT_UPTREND,상승추세 안의 단기 조정 + 전저점 유지 | 상승 평행채널 유효(커버리지 74%) | 최근 추세 하단(싼 구간) 접촉 | 현재도 채널 하단권,중기 상승 구조 미확인,184900.0,False,15.95,True,0.7412,-0.2041,True,202733.3333,246416.6667,220000.0,290100.0,196651.3333,33.27,56.9,False,False,False,18.78,False,True,False,,False,False,,2026-08-01,2026-08-21,184900.0,12,0,4.435,193100.0,2026-08-05,5.895,195800.0,2026-08-06,6.22,196400.0,2026-08-07,10.6,204500.0,2026-08-10,8.167,200000.0,2026-08-11,8.167,200000.0,2026-08-12,8.437,200500.0,2026-08-13,6.436,196800.0,2026-08-14,10.33,204000.0,2026-08-18,13.304,209500.0,2026-08-19,9.789,203000.0,2026-08-20,6.923,197700.0,2026-08-21,,,,,,,,,,,,,,,,,,,,,,,,,2026-08-21,13.304,4.435,15.738,0.054,,,,,,,
443060,HD현대마린솔루션,2026-08-05,2026-08-05,REJECTED,35,TREND_BROKEN_OR_NOT_UPTREND,상승추세 안의 단기 조정 + 전저점 유지 | 상승 평행채널 유효(커버리지 73%) | 최근 추세 하단(싼 구간) 접촉 | 현재도 채널 하단권,중기 상승 구조 미확인,193100.0,False,12.23,True,0.7326,-0.1238,True,203914.2857,247597.619,220000.0,291280.9524,197796.8571,28.22,50.84,False,False,False,16.34,False,True,False,,False,False,,2026-08-01,2026-08-21,193100.0,11,0,1.398,195800.0,2026-08-06,1.709,196400.0,2026-08-07,5.904,204500.0,2026-08-10,3.573,200000.0,2026-08-11,3.573,200000.0,2026-08-12,3.832,200500.0,2026-08-13,1.916,196800.0,2026-08-14,5.645,204000.0,2026-08-18,8.493,209500.0,2026-08-19,5.127,203000.0,2026-08-20,2.382,197700.0,2026-08-21,,,,,,,,,,,,,,,,,,,,,,,,,,,,2026-08-21,8.493,1.398,10.823,-2.538,,,,,,,
443060,HD현대마린솔루션,2026-08-06,2026-08-06,REJECTED,35,TREND_BROKEN_OR_NOT_UPTREND,상승추세 안의 단기 조정 + 전저점 유지 | 상승 평행채널 유효(커버리지 72%) | 최근 추세 하단(싼 구간) 접촉 | 현재도 채널 하단권,중기 상승 구조 미확인,195800.0,False,11.0,True,0.7241,-0.1064,True,205095.2381,248778.5714,220000.0,292461.9048,198942.381,27.06,49.37,False,False,False,14.05,False,True,False,,False,False,,2026-08-01,2026-08-21,195800.0,10,0,0.306,196400.0,2026-08-07,4.443,204500.0,2026-08-10,2.145,200000.0,2026-08-11,2.145,200000.0,2026-08-12,2.4,200500.0,2026-08-13,0.511,196800.0,2026-08-14,4.188,204000.0,2026-08-18,6.997,209500.0,2026-08-19,3.677,203000.0,2026-08-20,0.97,197700.0,2026-08-21,,,,,,,,,,,,,,,,,,,,,,,,,,,,,,,2026-08-21,6.997,0.306,9.295,-2.707,,,,,,,
443060,HD현대마린솔루션,2026-08-07,2026-08-07,REJECTED,0,NO_RISING_CHANNEL,,영상 방식의 상승 평행채널을 안정적으로 구성하지 못함,,,,,,,,,,,,,,,,,,,,,,,,,,2026-08-01,2026-08-21,196400.0,9,0,4.124,204500.0,2026-08-10,1.833,200000.0,2026-08-11,1.833,200000.0,2026-08-12,2.088,200500.0,2026-08-13,0.204,196800.0,2026-08-14,3.87,204000.0,2026-08-18,6.67,209500.0,2026-08-19,3.36,203000.0,2026-08-20,0.662,197700.0,2026-08-21,,,,,,,,,,,,,,,,,,,,,,,,,,,,,,,,,,2026-08-21,6.67,0.204,8.961,-1.324,,,,,,,
443060,HD현대마린솔루션,2026-08-10,2026-08-10,REJECTED,0,NO_RISING_CHANNEL,,영상 방식의 상승 평행채널을 안정적으로 구성하지 못함,,,,,,,,,,,,,,,,,,,,,,,,,,2026-08-01,2026-08-21,204500.0,8,0,-2.2,200000.0,2026-08-11,-2.2,200000.0,2026-08-12,-1.956,200500.0,2026-08-13,-3.765,196800.0,2026-08-14,-0.244,204000.0,2026-08-18,2.445,209500.0,2026-08-19,-0.733,203000.0,2026-08-20,-3.325,197700.0,2026-08-21,,,,,,,,,,,,,,,,,,,,,,,,,,,,,,,,,,,,,2026-08-21,2.445,-3.765,4.645,-5.232,,,,,,,
443060,HD현대마린솔루션,2026-08-11,2026-08-11,REJECTED,0,NO_RISING_CHANNEL,,영상 방식의 상승 평행채널을 안정적으로 구성하지 못함,,,,,,,,,,,,,,,,,,,,,,,,,,2026-08-01,2026-08-21,200000.0,7,0,0.0,200000.0,2026-08-12,0.25,200500.0,2026-08-13,-1.6,196800.0,2026-08-14,2.0,204000.0,2026-08-18,4.75,209500.0,2026-08-19,1.5,203000.0,2026-08-20,-1.15,197700.0,2026-08-21,,,,,,,,,,,,,,,,,,,,,,,,,,,,,,,,,,,,,,,,2026-08-21,4.75,-1.6,7.0,-3.1,,,,,,,
443060,HD현대마린솔루션,2026-08-12,2026-08-12,REJECTED,0,NO_RISING_CHANNEL,,영상 방식의 상승 평행채널을 안정적으로 구성하지 못함,,,,,,,,,,,,,,,,,,,,,,,,,,2026-08-01,2026-08-21,200000.0,6,0,0.25,200500.0,2026-08-13,-1.6,196800.0,2026-08-14,2.0,204000.0,2026-08-18,4.75,209500.0,2026-08-19,1.5,203000.0,2026-08-20,-1.15,197700.0,2026-08-21,,,,,,,,,,,,,,,,,,,,,,,,,,,,,,,,,,,,,,,,,,,2026-08-21,4.75,-1.6,7.0,-3.1,,,,,,,
443060,HD현대마린솔루션,2026-08-13,2026-08-13,REJECTED,0,NO_RISING_CHANNEL,,영상 방식의 상승 평행채널을 안정적으로 구성하지 못함,,,,,,,,,,,,,,,,,,,,,,,,,,2026-08-01,2026-08-21,200500.0,5,0,-1.845,196800.0,2026-08-14,1.746,204000.0,2026-08-18,4.489,209500.0,2026-08-19,1.247,203000.0,2026-08-20,-1.397,197700.0,2026-08-21,,,,,,,,,,,,,,,,,,,,,,,,,,,,,,,,,,,,,,,,,,,,,,2026-08-21,4.489,-1.845,6.733,-2.943,,,,,,,
443060,HD현대마린솔루션,2026-08-14,2026-08-14,REJECTED,0,NO_RISING_CHANNEL,,영상 방식의 상승 평행채널을 안정적으로 구성하지 못함,,,,,,,,,,,,,,,,,,,,,,,,,,2026-08-01,2026-08-21,196800.0,4,0,3.659,204000.0,2026-08-18,6.453,209500.0,2026-08-19,3.15,203000.0,2026-08-20,0.457,197700.0,2026-08-21,,,,,,,,,,,,,,,,,,,,,,,,,,,,,,,,,,,,,,,,,,,,,,,,,2026-08-21,6.453,0.457,8.74,-0.711,,,,,,,
443060,HD현대마린솔루션,2026-08-18,2026-08-18,REJECTED,0,NO_RISING_CHANNEL,,영상 방식의 상승 평행채널을 안정적으로 구성하지 못함,,,,,,,,,,,,,,,,,,,,,,,,,,2026-08-01,2026-08-21,204000.0,3,0,2.696,209500.0,2026-08-19,-0.49,203000.0,2026-08-20,-3.088,197700.0,2026-08-21,,,,,,,,,,,,,,,,,,,,,,,,,,,,,,,,,,,,,,,,,,,,,,,,,,,,2026-08-21,2.696,-3.088,4.902,-3.873,,,,,,,
443060,HD현대마린솔루션,2026-08-19,2026-08-19,REJECTED,0,NO_RISING_CHANNEL,,영상 방식의 상승 평행채널을 안정적으로 구성하지 못함,,,,,,,,,,,,,,,,,,,,,,,,,,2026-08-01,2026-08-21,209500.0,2,0,-3.103,203000.0,2026-08-20,-5.632,197700.0,2026-08-21,,,,,,,,,,,,,,,,,,,,,,,,,,,,,,,,,,,,,,,,,,,,,,,,,,,,,,,2026-08-21,-3.103,-5.632,0.716,-6.396,,,,,,,
443060,HD현대마린솔루션,2026-08-20,2026-08-20,REJECTED,0,NO_RISING_CHANNEL,,영상 방식의 상승 평행채널을 안정적으로 구성하지 못함,,,,,,,,,,,,,,,,,,,,,,,,,,2026-08-01,2026-08-21,203000.0,1,0,-2.611,197700.0,2026-08-21,,,,,,,,,,,,,,,,,,,,,,,,,,,,,,,,,,,,,,,,,,,,,,,,,,,,,,,,,,2026-08-21,-2.611,-2.611,1.232,-3.399,,,,,,,
443060,HD현대마린솔루션,2026-08-21,2026-08-21,REJECTED,0,NO_RISING_CHANNEL,,영상 방식의 상승 평행채널을 안정적으로 구성하지 못함,,,,,,,,,,,,,,,,,,,,,,,,,,2026-08-01,2026-08-21,197700.0,0,0,,,,,,,,,,,,,,,,,,,,,,,,,,,,,,,,,,,,,,,,,,,,,,,,,,,,,,,,,,,,,,,,,,,,,,,,
047050,포스코인터내셔널,2026-08-03,2026-08-03,REJECTED,40,TREND_BROKEN_OR_NOT_UPTREND,상승추세 안의 단기 조정 + 전저점 유지 | 상승 평행채널 유효(커버리지 95%) | 최근 추세 하단(싼 구간) 접촉 | 현재도 채널 하단권 | 추세 하단 부근 쌍바닥/Higher-Low 형태,중기 상승 구조 미확인,51300.0,False,11.25,True,0.9545,-0.0567,True,51743.3333,55651.6667,57800.0,59560.0,50191.0333,8.48,16.1,True,False,False,14.39,False,True,False,,False,False,,2026-08-01,2026-08-21,51300.0,13,0,5.263,54000.0,2026-08-04,6.043,54400.0,2026-08-05,7.992,55400.0,2026-08-06,13.06,58000.0,2026-08-07,10.526,56700.0,2026-08-10,9.357,56100.0,2026-08-11,8.772,55800.0,2026-08-12,5.848,54300.0,2026-08-13,3.899,53300.0,2026-08-14,0.195,51400.0,2026-08-18,-1.17,50700.0,2026-08-19,1.949,52300.0,2026-08-20,-1.365,50600.0,2026-08-21,,,,,,,,,,,,,,,,,,,,,,2026-08-21,13.06,-1.365,13.45,-4.288,,,,,,,
047050,포스코인터내셔널,2026-08-04,2026-08-04,REJECTED,45,TREND_BROKEN_OR_NOT_UPTREND,상승추세 안의 단기 조정 + 전저점 유지 | 상승 평행채널 유효(커버리지 96%) | 최근 추세 하단(싼 구간) 접촉 | 현재도 채널 하단권 | 추세 하단 부근 쌍바닥/Higher-Low 형태 | 쌍바닥 넥라인 돌파 확인,중기 상승 구조 미확인,54000.0,False,6.57,True,0.9565,0.2512,True,52036.6667,55945.0,57800.0,59853.3333,50475.5667,3.6,10.84,True,True,False,11.51,False,True,False,,False,False,,2026-08-01,2026-08-21,54000.0,12,0,0.741,54400.0,2026-08-05,2.593,55400.0,2026-08-06,7.407,58000.0,2026-08-07,5.0,56700.0,2026-08-10,3.889,56100.0,2026-08-11,3.333,55800.0,2026-08-12,0.556,54300.0,2026-08-13,-1.296,53300.0,2026-08-14,-4.815,51400.0,2026-08-18,-6.111,50700.0,2026-08-19,-3.148,52300.0,2026-08-20,-6.296,50600.0,2026-08-21,,,,,,,,,,,,,,,,,,,,,,,,,2026-08-21,7.407,-6.296,7.778,-9.074,,,,,,,
047050,포스코인터내셔널,2026-08-05,2026-08-05,REJECTED,45,TREND_BROKEN_OR_NOT_UPTREND,상승추세 안의 단기 조정 + 전저점 유지 | 상승 평행채널 유효(커버리지 96%) | 최근 추세 하단(싼 구간) 접촉 | 현재도 채널 하단권 | 추세 하단 부근 쌍바닥/Higher-Low 형태 | 쌍바닥 넥라인 돌파 확인,중기 상승 구조 미확인,54400.0,False,5.88,True,0.9583,0.2648,True,52330.0,56238.3333,57800.0,60146.6667,50760.1,3.38,10.56,True,True,False,10.24,False,True,False,,False,False,,2026-08-01,2026-08-21,54400.0,11,0,1.838,55400.0,2026-08-06,6.618,58000.0,2026-08-07,4.228,56700.0,2026-08-10,3.125,56100.0,2026-08-11,2.574,55800.0,2026-08-12,-0.184,54300.0,2026-08-13,-2.022,53300.0,2026-08-14,-5.515,51400.0,2026-08-18,-6.801,50700.0,2026-08-19,-3.86,52300.0,2026-08-20,-6.985,50600.0,2026-08-21,,,,,,,,,,,,,,,,,,,,,,,,,,,,2026-08-21,6.618,-6.985,6.985,-9.743,,,,,,,
047050,포스코인터내셔널,2026-08-06,2026-08-06,REJECTED,40,TREND_BROKEN_OR_NOT_UPTREND,상승추세 안의 단기 조정 + 전저점 유지 | 상승 평행채널 유효(커버리지 96%) | 최근 추세 하단(싼 구간) 접촉 | 추세 하단 부근 쌍바닥/Higher-Low 형태 | 쌍바닥 넥라인 돌파 확인,중기 상승 구조 미확인,55400.0,False,4.15,True,0.96,0.3552,True,52623.3333,56531.6667,57800.0,60440.0,51044.6333,2.04,9.1,True,True,False,8.86,False,True,False,,False,False,,2026-08-01,2026-08-21,55400.0,10,0,4.693,58000.0,2026-08-07,2.347,56700.0,2026-08-10,1.264,56100.0,2026-08-11,0.722,55800.0,2026-08-12,-1.986,54300.0,2026-08-13,-3.791,53300.0,2026-08-14,-7.22,51400.0,2026-08-18,-8.484,50700.0,2026-08-19,-5.596,52300.0,2026-08-20,-8.664,50600.0,2026-08-21,,,,,,,,,,,,,,,,,,,,,,,,,,,,,,,2026-08-21,4.693,-8.664,5.054,-11.372,,,,,,,
047050,포스코인터내셔널,2026-08-07,2026-08-07,REJECTED,40,TREND_BROKEN_OR_NOT_UPTREND,상승 평행채널 유효(커버리지 96%) | 최근 추세 하단(싼 구간) 접촉 | 추세 하단 부근 쌍바닥/Higher-Low 형태 | 쌍바닥 넥라인 돌파 확인 | 이동평균선 재돌파 | 재상승 후 5일선 지지,중기 상승 구조 미확인,58000.0,False,0.34,True,0.9615,0.6503,True,52916.6667,56825.0,57800.0,60733.3333,51329.1667,-2.03,4.71,True,True,False,7.2,True,True,False,,False,False,,2026-08-01,2026-08-21,58000.0,9,0,-2.241,56700.0,2026-08-10,-3.276,56100.0,2026-08-11,-3.793,55800.0,2026-08-12,-6.379,54300.0,2026-08-13,-8.103,53300.0,2026-08-14,-11.379,51400.0,2026-08-18,-12.586,50700.0,2026-08-19,-9.828,52300.0,2026-08-20,-12.759,50600.0,2026-08-21,,,,,,,,,,,,,,,,,,,,,,,,,,,,,,,,,,2026-08-21,-2.241,-12.759,-0.69,-15.345,,,,,,,
047050,포스코인터내셔널,2026-08-10,2026-08-10,REJECTED,48,TREND_BROKEN_OR_NOT_UPTREND,상승 평행채널 유효(커버리지 96%) | 최근 추세 하단(싼 구간) 접촉 | 추세 하단 부근 쌍바닥/Higher-Low 형태 | 쌍바닥 넥라인 돌파 확인 | 이동평균선 밀집 | 이동평균선 재돌파 | 재상승 후 5일선 지지,중기 상승 구조 미확인,56700.0,False,2.58,True,0.963,0.4465,True,53210.0,57118.3333,57800.0,61026.6667,51613.7,0.74,7.63,True,True,True,6.27,True,True,False,,False,False,,2026-08-01,2026-08-21,56700.0,8,0,-1.058,56100.0,2026-08-11,-1.587,55800.0,2026-08-12,-4.233,54300.0,2026-08-13,-5.996,53300.0,2026-08-14,-9.347,51400.0,2026-08-18,-10.582,50700.0,2026-08-19,-7.76,52300.0,2026-08-20,-10.758,50600.0,2026-08-21,,,,,,,,,,,,,,,,,,,,,,,,,,,,,,,,,,,,,2026-08-21,-1.058,-10.758,1.587,-13.404,,,,,,,
047050,포스코인터내셔널,2026-08-11,2026-08-11,REJECTED,53,TREND_BROKEN_OR_NOT_UPTREND,상승추세 안의 단기 조정 + 전저점 유지 | 상승 평행채널 유효(커버리지 96%) | 최근 추세 하단(싼 구간) 접촉 | 현재도 채널 하단권 | 추세 하단 부근 쌍바닥/Higher-Low 형태 | 쌍바닥 넥라인 돌파 확인 | 이동평균선 밀집,중기 상승 구조 미확인,56100.0,False,3.61,True,0.9643,0.3322,True,53503.3333,57411.6667,57800.0,61320.0,51898.2333,2.34,9.3,True,True,True,5.36,False,True,False,,False,False,,2026-08-01,2026-08-21,56100.0,7,0,-0.535,55800.0,2026-08-12,-3.209,54300.0,2026-08-13,-4.991,53300.0,2026-08-14,-8.378,51400.0,2026-08-18,-9.626,50700.0,2026-08-19,-6.774,52300.0,2026-08-20,-9.804,50600.0,2026-08-21,,,,,,,,,,,,,,,,,,,,,,,,,,,,,,,,,,,,,,,,2026-08-21,-0.535,-9.804,1.07,-12.478,,,,,,,
047050,포스코인터내셔널,2026-08-12,2026-08-12,REJECTED,48,TREND_BROKEN_OR_NOT_UPTREND,상승추세 안의 단기 조정 + 전저점 유지 | 상승 평행채널 유효(커버리지 97%) | 최근 추세 하단(싼 구간) 접촉 | 추세 하단 부근 쌍바닥/Higher-Low 형태 | 쌍바닥 넥라인 돌파 확인 | 이동평균선 밀집,중기 상승 구조 미확인,55800.0,False,4.12,True,0.9655,0.5929,True,51466.0,55121.0,58200.0,58776.0,49922.02,-1.22,5.33,True,True,True,5.49,False,True,False,,False,False,,2026-08-01,2026-08-21,55800.0,6,0,-2.688,54300.0,2026-08-13,-4.48,53300.0,2026-08-14,-7.885,51400.0,2026-08-18,-9.14,50700.0,2026-08-19,-6.272,52300.0,2026-08-20,-9.319,50600.0,2026-08-21,,,,,,,,,,,,,,,,,,,,,,,,,,,,,,,,,,,,,,,,,,,2026-08-21,-2.688,-9.319,0.358,-12.007,,,,,,,
047050,포스코인터내셔널,2026-08-13,2026-08-13,REJECTED,48,TREND_BROKEN_OR_NOT_UPTREND,상승추세 안의 단기 조정 + 전저점 유지 | 상승 평행채널 유효(커버리지 97%) | 최근 추세 하단(싼 구간) 접촉 | 추세 하단 부근 쌍바닥/Higher-Low 형태 | 쌍바닥 넥라인 돌파 확인 | 이동평균선 밀집,중기 상승 구조 미확인,54300.0,False,6.7,True,0.9667,0.3614,True,51658.0,55313.0,58200.0,58968.0,50108.26,1.87,8.6,True,True,True,4.97,False,False,False,,False,False,,2026-08-01,2026-08-21,54300.0,5,0,-1.842,53300.0,2026-08-14,-5.341,51400.0,2026-08-18,-6.63,50700.0,2026-08-19,-3.683,52300.0,2026-08-20,-6.814,50600.0,2026-08-21,,,,,,,,,,,,,,,,,,,,,,,,,,,,,,,,,,,,,,,,,,,,,,2026-08-21,-1.842,-6.814,0.552,-9.576,,,,,,,
047050,포스코인터내셔널,2026-08-14,2026-08-14,REJECTED,53,TREND_BROKEN_OR_NOT_UPTREND,상승추세 안의 단기 조정 + 전저점 유지 | 상승 평행채널 유효(커버리지 97%) | 최근 추세 하단(싼 구간) 접촉 | 현재도 채널 하단권 | 추세 하단 부근 쌍바닥/Higher-Low 형태 | 쌍바닥 넥라인 돌파 확인 | 이동평균선 밀집,중기 상승 구조 미확인,53300.0,False,8.42,True,0.9677,0.1984,True,51850.0,55505.0,58200.0,59160.0,50294.5,4.14,10.99,True,True,True,3.08,False,False,False,,False,False,,2026-08-01,2026-08-21,53300.0,4,0,-3.565,51400.0,2026-08-18,-4.878,50700.0,2026-08-19,-1.876,52300.0,2026-08-20,-5.066,50600.0,2026-08-21,,,,,,,,,,,,,,,,,,,,,,,,,,,,,,,,,,,,,,,,,,,,,,,,,2026-08-21,-1.876,-5.066,0.188,-7.88,,,,,,,
047050,포스코인터내셔널,2026-08-18,2026-08-18,REJECTED,48,TREND_BROKEN_OR_NOT_UPTREND,상승추세 안의 단기 조정 + 전저점 유지 | 상승 평행채널 유효(커버리지 94%) | 최근 추세 하단(싼 구간) 접촉 | 현재도 채널 하단권 | 추세 하단 부근 쌍바닥/Higher-Low 형태 | 이동평균선 밀집,중기 상승 구조 미확인,51400.0,False,11.68,True,0.9375,-0.0878,True,52042.0,55697.0,58200.0,59352.0,50480.74,8.36,15.47,True,False,True,2.57,False,False,False,,False,False,,2026-08-01,2026-08-21,51400.0,3,0,-1.362,50700.0,2026-08-19,1.751,52300.0,2026-08-20,-1.556,50600.0,2026-08-21,,,,,,,,,,,,,,,,,,,,,,,,,,,,,,,,,,,,,,,,,,,,,,,,,,,,2026-08-21,1.751,-1.556,3.696,-4.475,,,,,,,
047050,포스코인터내셔널,2026-08-19,2026-08-19,REJECTED,48,TREND_BROKEN_OR_NOT_UPTREND,상승추세 안의 단기 조정 + 전저점 유지 | 상승 평행채널 유효(커버리지 91%) | 최근 추세 하단(싼 구간) 접촉 | 현재도 채널 하단권 | 추세 하단 부근 쌍바닥/Higher-Low 형태 | 이동평균선 밀집,중기 상승 구조 미확인,50700.0,False,12.89,True,0.9091,-0.2098,True,52234.0,55889.0,58200.0,59544.0,50666.98,10.23,17.44,True,False,True,3.14,False,False,False,,False,False,,2026-08-01,2026-08-21,50700.0,2,0,3.156,52300.0,2026-08-20,-0.197,50600.0,2026-08-21,,,,,,,,,,,,,,,,,,,,,,,,,,,,,,,,,,,,,,,,,,,,,,,,,,,,,,,2026-08-21,3.156,-0.197,5.128,-2.564,,,,,,,
047050,포스코인터내셔널,2026-08-20,2026-08-20,REJECTED,65,TREND_BROKEN_OR_NOT_UPTREND,상승추세 안의 단기 조정 + 전저점 유지 | 상승 평행채널 유효(커버리지 91%) | 최근 추세 하단(싼 구간) 접촉 | 현재도 채널 하단권 | 추세 하단 부근 쌍바닥/Higher-Low 형태 | 이동평균선 밀집 | 추세 바닥권 거래량 급증 양봉 | 거래량 기준봉 저가 지지 | 기준봉 지지 후 재상승 전환,중기 상승 구조 미확인,52300.0,False,10.14,True,0.9118,-0.0172,True,52426.0,56081.0,58200.0,59736.0,50853.22,7.23,14.22,True,False,True,3.8,False,False,True,2026-08-20,True,False,1.99,2026-08-01,2026-08-21,52300.0,1,0,-3.25,50600.0,2026-08-21,,,,,,,,,,,,,,,,,,,,,,,,,,,,,,,,,,,,,,,,,,,,,,,,,,,,,,,,,,2026-08-21,-3.25,-3.25,-1.147,-5.545,,,,,,,
047050,포스코인터내셔널,2026-08-21,2026-08-21,REJECTED,62,TREND_BROKEN_OR_NOT_UPTREND,상승추세 안의 단기 조정 + 전저점 유지 | 상승 평행채널 유효(커버리지 100%) | 최근 추세 하단(싼 구간) 접촉 | 현재도 채널 하단권 | 추세 하단 부근 쌍바닥/Higher-Low 형태 | 이동평균선 밀집 | 추세 바닥권 거래량 급증 양봉 | 거래량 기준봉 저가 지지,중기 상승 구조 미확인,50600.0,False,13.06,True,1.0,0.0135,True,50472.0,55200.0,58200.0,59928.0,48957.84,9.09,18.43,True,False,True,4.81,False,False,True,2026-08-20,True,False,1.99,2026-08-01,2026-08-21,50600.0,0,0,,,,,,,,,,,,,,,,,,,,,,,,,,,,,,,,,,,,,,,,,,,,,,,,,,,,,,,,,,,,,,,,,,,,,,,,
352820,하이브,2026-08-03,2026-08-03,REJECTED,45,TREND_BROKEN_OR_NOT_UPTREND,상승추세 안의 단기 조정 + 전저점 유지 | 상승 평행채널 유효(커버리지 82%) | 최근 추세 하단(싼 구간) 접촉 | 현재도 채널 하단권 | 추세 바닥권 거래량 급증 양봉,중기 상승 구조 미확인,174300.0,False,27.22,True,0.8194,-0.4749,True,221000.0,270166.6667,231500.0,319333.3333,214370.0,55.0,83.21,False,False,False,23.47,False,False,True,2026-07-07,False,False,3.1,2026-08-01,2026-08-21,174300.0,13,0,3.844,181000.0,2026-08-04,3.844,181000.0,2026-08-05,3.672,180700.0,2026-08-06,6.139,185000.0,2026-08-07,5.508,183900.0,2026-08-10,3.442,180300.0,2026-08-11,2.983,179500.0,2026-08-12,1.205,176400.0,2026-08-13,2.926,179400.0,2026-08-14,-1.434,171800.0,2026-08-18,-1.205,172200.0,2026-08-19,-0.516,173400.0,2026-08-20,-3.672,167900.0,2026-08-21,,,,,,,,,,,,,,,,,,,,,,2026-08-21,6.139,-3.672,6.942,-6.598,,,,,,,
352820,하이브,2026-08-04,2026-08-04,REJECTED,45,TREND_BROKEN_OR_NOT_UPTREND,상승추세 안의 단기 조정 + 전저점 유지 | 상승 평행채널 유효(커버리지 81%) | 최근 추세 하단(싼 구간) 접촉 | 현재도 채널 하단권 | 추세 바닥권 거래량 급증 양봉,중기 상승 구조 미확인,181000.0,False,24.43,True,0.8082,-0.4136,True,221666.6667,270833.3333,231500.0,320000.0,215016.6667,49.63,76.8,False,False,False,22.88,False,True,True,2026-07-07,False,False,3.1,2026-08-01,2026-08-21,181000.0,12,0,0.0,181000.0,2026-08-05,-0.166,180700.0,2026-08-06,2.21,185000.0,2026-08-07,1.602,183900.0,2026-08-10,-0.387,180300.0,2026-08-11,-0.829,179500.0,2026-08-12,-2.541,176400.0,2026-08-13,-0.884,179400.0,2026-08-14,-5.083,171800.0,2026-08-18,-4.862,172200.0,2026-08-19,-4.199,173400.0,2026-08-20,-7.238,167900.0,2026-08-21,,,,,,,,,,,,,,,,,,,,,,,,,2026-08-21,2.21,-7.238,2.983,-10.055,,,,,,,
352820,하이브,2026-08-05,2026-08-05,REJECTED,35,TREND_BROKEN_OR_NOT_UPTREND,상승추세 안의 단기 조정 + 전저점 유지 | 상승 평행채널 유효(커버리지 80%) | 최근 추세 하단(싼 구간) 접촉 | 현재도 채널 하단권,중기 상승 구조 미확인,181000.0,False,24.43,True,0.7973,-0.4203,True,222333.3333,271500.0,231500.0,320666.6667,215663.3333,50.0,77.16,False,False,False,21.09,False,True,False,,False,False,,2026-08-01,2026-08-21,181000.0,11,0,-0.166,180700.0,2026-08-06,2.21,185000.0,2026-08-07,1.602,183900.0,2026-08-10,-0.387,180300.0,2026-08-11,-0.829,179500.0,2026-08-12,-2.541,176400.0,2026-08-13,-0.884,179400.0,2026-08-14,-5.083,171800.0,2026-08-18,-4.862,172200.0,2026-08-19,-4.199,173400.0,2026-08-20,-7.238,167900.0,2026-08-21,,,,,,,,,,,,,,,,,,,,,,,,,,,,2026-08-21,2.21,-7.238,2.983,-10.055,,,,,,,
352820,하이브,2026-08-06,2026-08-06,REJECTED,35,TREND_BROKEN_OR_NOT_UPTREND,상승추세 안의 단기 조정 + 전저점 유지 | 상승 평행채널 유효(커버리지 79%) | 최근 추세 하단(싼 구간) 접촉 | 현재도 채널 하단권,중기 상승 구조 미확인,180700.0,False,21.94,True,0.7867,-0.4302,True,223000.0,272166.6667,231500.0,321333.3333,216310.0,50.62,77.83,False,False,False,18.6,False,True,False,,False,False,,2026-08-01,2026-08-21,180700.0,10,0,2.38,185000.0,2026-08-07,1.771,183900.0,2026-08-10,-0.221,180300.0,2026-08-11,-0.664,179500.0,2026-08-12,-2.38,176400.0,2026-08-13,-0.719,179400.0,2026-08-14,-4.925,171800.0,2026-08-18,-4.704,172200.0,2026-08-19,-4.04,173400.0,2026-08-20,-7.084,167900.0,2026-08-21,,,,,,,,,,,,,,,,,,,,,,,,,,,,,,,2026-08-21,2.38,-7.084,3.154,-9.906,,,,,,,
352820,하이브,2026-08-07,2026-08-07,REJECTED,35,TREND_BROKEN_OR_NOT_UPTREND,상승추세 안의 단기 조정 + 전저점 유지 | 상승 평행채널 유효(커버리지 78%) | 최근 추세 하단(싼 구간) 접촉 | 현재도 채널 하단권,중기 상승 구조 미확인,185000.0,False,20.09,True,0.7763,-0.3932,True,223666.6667,272833.3333,231500.0,322000.0,216956.6667,47.48,74.05,False,False,False,16.0,False,True,False,,False,False,,2026-08-01,2026-08-21,185000.0,9,0,-0.595,183900.0,2026-08-10,-2.541,180300.0,2026-08-11,-2.973,179500.0,2026-08-12,-4.649,176400.0,2026-08-13,-3.027,179400.0,2026-08-14,-7.135,171800.0,2026-08-18,-6.919,172200.0,2026-08-19,-6.27,173400.0,2026-08-20,-9.243,167900.0,2026-08-21,,,,,,,,,,,,,,,,,,,,,,,,,,,,,,,,,,2026-08-21,-0.595,-9.243,0.649,-12.0,,,,,,,
352820,하이브,2026-08-10,2026-08-10,REJECTED,35,TREND_BROKEN_OR_NOT_UPTREND,상승추세 안의 단기 조정 + 전저점 유지 | 상승 평행채널 유효(커버리지 77%) | 최근 추세 하단(싼 구간) 접촉 | 현재도 채널 하단권,중기 상승 구조 미확인,183900.0,False,20.56,True,0.7662,-0.4112,True,224333.3333,273500.0,231500.0,322666.6667,217603.3333,48.72,75.46,False,False,False,14.63,False,True,False,,False,False,,2026-08-01,2026-08-21,183900.0,8,0,-1.958,180300.0,2026-08-11,-2.393,179500.0,2026-08-12,-4.078,176400.0,2026-08-13,-2.447,179400.0,2026-08-14,-6.58,171800.0,2026-08-18,-6.362,172200.0,2026-08-19,-5.71,173400.0,2026-08-20,-8.7,167900.0,2026-08-21,,,,,,,,,,,,,,,,,,,,,,,,,,,,,,,,,,,,,2026-08-21,-1.958,-8.7,-0.435,-11.474,,,,,,,
352820,하이브,2026-08-11,2026-08-11,REJECTED,35,TREND_BROKEN_OR_NOT_UPTREND,상승추세 안의 단기 조정 + 전저점 유지 | 상승 평행채널 유효(커버리지 76%) | 최근 추세 하단(싼 구간) 접촉 | 현재도 채널 하단권,중기 상승 구조 미확인,180300.0,False,22.12,True,0.7564,-0.4546,True,225000.0,274166.6667,231500.0,323333.3333,218250.0,52.06,79.33,False,False,False,14.38,False,True,False,,False,False,,2026-08-01,2026-08-21,180300.0,7,0,-0.444,179500.0,2026-08-12,-2.163,176400.0,2026-08-13,-0.499,179400.0,2026-08-14,-4.714,171800.0,2026-08-18,-4.493,172200.0,2026-08-19,-3.827,173400.0,2026-08-20,-6.877,167900.0,2026-08-21,,,,,,,,,,,,,,,,,,,,,,,,,,,,,,,,,,,,,,,,2026-08-21,-0.444,-6.877,0.887,-9.706,,,,,,,
352820,하이브,2026-08-12,2026-08-12,REJECTED,0,NO_RISING_CHANNEL,,영상 방식의 상승 평행채널을 안정적으로 구성하지 못함,,,,,,,,,,,,,,,,,,,,,,,,,,2026-08-01,2026-08-21,179500.0,6,0,-1.727,176400.0,2026-08-13,-0.056,179400.0,2026-08-14,-4.29,171800.0,2026-08-18,-4.067,172200.0,2026-08-19,-3.398,173400.0,2026-08-20,-6.462,167900.0,2026-08-21,,,,,,,,,,,,,,,,,,,,,,,,,,,,,,,,,,,,,,,,,,,2026-08-21,-0.056,-6.462,1.337,-9.304,,,,,,,
352820,하이브,2026-08-13,2026-08-13,REJECTED,0,NO_RISING_CHANNEL,,영상 방식의 상승 평행채널을 안정적으로 구성하지 못함,,,,,,,,,,,,,,,,,,,,,,,,,,2026-08-01,2026-08-21,176400.0,5,0,1.701,179400.0,2026-08-14,-2.608,171800.0,2026-08-18,-2.381,172200.0,2026-08-19,-1.701,173400.0,2026-08-20,-4.819,167900.0,2026-08-21,,,,,,,,,,,,,,,,,,,,,,,,,,,,,,,,,,,,,,,,,,,,,,2026-08-21,1.701,-4.819,3.118,-7.71,,,,,,,
352820,하이브,2026-08-14,2026-08-14,REJECTED,0,NO_RISING_CHANNEL,,영상 방식의 상승 평행채널을 안정적으로 구성하지 못함,,,,,,,,,,,,,,,,,,,,,,,,,,2026-08-01,2026-08-21,179400.0,4,0,-4.236,171800.0,2026-08-18,-4.013,172200.0,2026-08-19,-3.344,173400.0,2026-08-20,-6.41,167900.0,2026-08-21,,,,,,,,,,,,,,,,,,,,,,,,,,,,,,,,,,,,,,,,,,,,,,,,,2026-08-21,-3.344,-6.41,0.056,-9.253,,,,,,,
352820,하이브,2026-08-18,2026-08-18,REJECTED,0,NO_RISING_CHANNEL,,영상 방식의 상승 평행채널을 안정적으로 구성하지 못함,,,,,,,,,,,,,,,,,,,,,,,,,,2026-08-01,2026-08-21,171800.0,3,0,0.233,172200.0,2026-08-19,0.931,173400.0,2026-08-20,-2.27,167900.0,2026-08-21,,,,,,,,,,,,,,,,,,,,,,,,,,,,,,,,,,,,,,,,,,,,,,,,,,,,2026-08-21,0.931,-2.27,3.492,-5.239,,,,,,,
352820,하이브,2026-08-19,2026-08-19,REJECTED,0,NO_RISING_CHANNEL,,영상 방식의 상승 평행채널을 안정적으로 구성하지 못함,,,,,,,,,,,,,,,,,,,,,,,,,,2026-08-01,2026-08-21,172200.0,2,0,0.697,173400.0,2026-08-20,-2.497,167900.0,2026-08-21,,,,,,,,,,,,,,,,,,,,,,,,,,,,,,,,,,,,,,,,,,,,,,,,,,,,,,,2026-08-21,0.697,-2.497,3.252,-3.6,,,,,,,
352820,하이브,2026-08-20,2026-08-20,REJECTED,0,NO_RISING_CHANNEL,,영상 방식의 상승 평행채널을 안정적으로 구성하지 못함,,,,,,,,,,,,,,,,,,,,,,,,,,2026-08-01,2026-08-21,173400.0,1,0,-3.172,167900.0,2026-08-21,,,,,,,,,,,,,,,,,,,,,,,,,,,,,,,,,,,,,,,,,,,,,,,,,,,,,,,,,,2026-08-21,-3.172,-3.172,-1.442,-4.268,,,,,,,
352820,하이브,2026-08-21,2026-08-21,REJECTED,0,NO_RISING_CHANNEL,,영상 방식의 상승 평행채널을 안정적으로 구성하지 못함,,,,,,,,,,,,,,,,,,,,,,,,,,2026-08-01,2026-08-21,167900.0,0,0,,,,,,,,,,,,,,,,,,,,,,,,,,,,,,,,,,,,,,,,,,,,,,,,,,,,,,,,,,,,,,,,,,,,,,,,
028050,삼성E&A,2026-08-03,2026-08-03,REJECTED,45,TREND_BROKEN_OR_NOT_UPTREND,상승추세 안의 단기 조정 + 전저점 유지 | 상승 평행채널 유효(커버리지 80%) | 최근 추세 하단(싼 구간) 접촉 | 현재도 채널 하단권 | 추세 바닥권 거래량 급증 양봉,중기 상승 구조 미확인,44400.0,False,11.73,True,0.8,-0.0129,True,44606.25,52603.125,49700.0,60600.0,43268.0625,18.48,36.49,False,False,False,12.19,False,True,True,2026-07-24,False,False,2.07,2026-08-01,2026-08-21,44400.0,13,0,7.545,47750.0,2026-08-04,10.586,49100.0,2026-08-05,11.374,49450.0,2026-08-06,8.333,48100.0,2026-08-07,9.91,48800.0,2026-08-10,10.248,48950.0,2026-08-11,11.036,49300.0,2026-08-12,10.36,49000.0,2026-08-13,12.162,49800.0,2026-08-14,7.883,47900.0,2026-08-18,9.234,48500.0,2026-08-19,8.221,48050.0,2026-08-20,1.689,45150.0,2026-08-21,,,,,,,,,,,,,,,,,,,,,,2026-08-21,12.162,1.689,15.766,-0.45,,,,,,,
028050,삼성E&A,2026-08-04,2026-08-04,REJECTED,45,TREND_BROKEN_OR_NOT_UPTREND,상승추세 안의 단기 조정 + 전저점 유지 | 상승 평행채널 유효(커버리지 80%) | 최근 추세 하단(싼 구간) 접촉 | 현재도 채널 하단권 | 추세 바닥권 거래량 급증 양봉,중기 상승 구조 미확인,47750.0,False,3.92,True,0.803,0.1938,True,44650.0,52646.875,49700.0,60643.75,43310.5,10.26,27.0,False,False,False,9.28,False,True,True,2026-07-24,False,False,2.07,2026-08-01,2026-08-21,47750.0,12,0,2.827,49100.0,2026-08-05,3.56,49450.0,2026-08-06,0.733,48100.0,2026-08-07,2.199,48800.0,2026-08-10,2.513,48950.0,2026-08-11,3.246,49300.0,2026-08-12,2.618,49000.0,2026-08-13,4.293,49800.0,2026-08-14,0.314,47900.0,2026-08-18,1.571,48500.0,2026-08-19,0.628,48050.0,2026-08-20,-5.445,45150.0,2026-08-21,,,,,,,,,,,,,,,,,,,,,,,,,2026-08-21,4.293,-5.445,7.644,-5.759,,,,,,,
028050,삼성E&A,2026-08-05,2026-08-05,REJECTED,45,TREND_BROKEN_OR_NOT_UPTREND,상승 평행채널 유효(커버리지 81%) | 최근 추세 하단(싼 구간) 접촉 | 현재도 채널 하단권 | 이동평균선 재돌파 | 추세 바닥권 거래량 급증 양봉 | 재상승 후 5일선 지지,중기 상승 구조 미확인,49100.0,False,1.21,True,0.806,0.2755,True,44693.75,52690.625,49700.0,60687.5,43352.9375,7.31,23.6,False,False,False,8.42,True,True,True,2026-07-24,False,False,2.07,2026-08-01,2026-08-21,49100.0,11,0,0.713,49450.0,2026-08-06,-2.037,48100.0,2026-08-07,-0.611,48800.0,2026-08-10,-0.305,48950.0,2026-08-11,0.407,49300.0,2026-08-12,-0.204,49000.0,2026-08-13,1.426,49800.0,2026-08-14,-2.444,47900.0,2026-08-18,-1.222,48500.0,2026-08-19,-2.138,48050.0,2026-08-20,-8.045,45150.0,2026-08-21,,,,,,,,,,,,,,,,,,,,,,,,,,,,2026-08-21,1.426,-8.045,4.684,-8.35,,,,,,,
028050,삼성E&A,2026-08-06,2026-08-06,REJECTED,60,TREND_BROKEN_OR_NOT_UPTREND,상승추세 안의 단기 조정 + 전저점 유지 | 상승 평행채널 유효(커버리지 81%) | 최근 추세 하단(싼 구간) 접촉 | 현재도 채널 하단권 | 이동평균선 재돌파 | 추세 바닥권 거래량 급증 양봉 | 거래량 기준봉 고가 돌파 | 재상승 후 5일선 지지,중기 상승 구조 미확인,49450.0,False,3.79,True,0.8088,0.2946,True,44737.5,52734.375,49700.0,60731.25,43395.375,6.64,22.81,False,False,False,7.45,True,True,True,2026-07-24,False,True,2.07,2026-08-01,2026-08-21,49450.0,10,0,-2.73,48100.0,2026-08-07,-1.314,48800.0,2026-08-10,-1.011,48950.0,2026-08-11,-0.303,49300.0,2026-08-12,-0.91,49000.0,2026-08-13,0.708,49800.0,2026-08-14,-3.134,47900.0,2026-08-18,-1.921,48500.0,2026-08-19,-2.831,48050.0,2026-08-20,-8.696,45150.0,2026-08-21,,,,,,,,,,,,,,,,,,,,,,,,,,,,,,,2026-08-21,0.708,-8.696,2.73,-8.999,,,,,,,
028050,삼성E&A,2026-08-07,2026-08-07,REJECTED,55,TREND_BROKEN_OR_NOT_UPTREND,상승추세 안의 단기 조정 + 전저점 유지 | 상승 평행채널 유효(커버리지 81%) | 최근 추세 하단(싼 구간) 접촉 | 현재도 채널 하단권 | 이동평균선 재돌파 | 추세 바닥권 거래량 급증 양봉 | 재상승 후 5일선 지지,중기 상승 구조 미확인,48100.0,False,6.42,True,0.8116,0.2075,True,44781.25,52778.125,49700.0,60775.0,43437.8125,9.73,26.35,False,False,False,7.82,True,True,True,2026-07-24,False,False,2.07,2026-08-01,2026-08-21,48100.0,9,0,1.455,48800.0,2026-08-10,1.767,48950.0,2026-08-11,2.495,49300.0,2026-08-12,1.871,49000.0,2026-08-13,3.534,49800.0,2026-08-14,-0.416,47900.0,2026-08-18,0.832,48500.0,2026-08-19,-0.104,48050.0,2026-08-20,-6.133,45150.0,2026-08-21,,,,,,,,,,,,,,,,,,,,,,,,,,,,,,,,,,2026-08-21,3.534,-6.133,5.613,-6.445,,,,,,,
028050,삼성E&A,2026-08-10,2026-08-10,REJECTED,53,TREND_BROKEN_OR_NOT_UPTREND,상승추세 안의 단기 조정 + 전저점 유지 | 상승 평행채널 유효(커버리지 81%) | 최근 추세 하단(싼 구간) 접촉 | 현재도 채널 하단권 | 이동평균선 재돌파 | 추세 바닥권 거래량 급증 양봉,중기 상승 구조 미확인,48800.0,False,5.06,True,0.8143,0.2485,True,44825.0,52821.875,49700.0,60818.75,43480.25,8.24,24.63,False,False,False,9.03,True,False,True,2026-07-24,False,False,2.07,2026-08-01,2026-08-21,48800.0,8,0,0.307,48950.0,2026-08-11,1.025,49300.0,2026-08-12,0.41,49000.0,2026-08-13,2.049,49800.0,2026-08-14,-1.844,47900.0,2026-08-18,-0.615,48500.0,2026-08-19,-1.537,48050.0,2026-08-20,-7.48,45150.0,2026-08-21,,,,,,,,,,,,,,,,,,,,,,,,,,,,,,,,,,,,,2026-08-21,2.049,-7.48,4.098,-7.787,,,,,,,
028050,삼성E&A,2026-08-11,2026-08-11,REJECTED,45,TREND_BROKEN_OR_NOT_UPTREND,상승추세 안의 단기 조정 + 전저점 유지 | 상승 평행채널 유효(커버리지 100%) | 최근 추세 하단(싼 구간) 접촉 | 추세 하단 부근 쌍바닥/Higher-Low 형태 | 이동평균선 재돌파 | 재상승 후 5일선 지지,중기 상승 구조 미확인,48950.0,False,4.77,True,1.0,0.7508,True,40030.0,45970.0,51400.0,51910.0,38829.1,-6.09,6.05,True,False,False,8.69,True,True,False,,False,False,,2026-08-01,2026-08-21,48950.0,7,0,0.715,49300.0,2026-08-12,0.102,49000.0,2026-08-13,1.736,49800.0,2026-08-14,-2.145,47900.0,2026-08-18,-0.919,48500.0,2026-08-19,-1.839,48050.0,2026-08-20,-7.763,45150.0,2026-08-21,,,,,,,,,,,,,,,,,,,,,,,,,,,,,,,,,,,,,,,,2026-08-21,1.736,-7.763,3.779,-8.069,,,,,,,
028050,삼성E&A,2026-08-12,2026-08-12,REJECTED,45,TREND_BROKEN_OR_NOT_UPTREND,상승추세 안의 단기 조정 + 전저점 유지 | 상승 평행채널 유효(커버리지 100%) | 최근 추세 하단(싼 구간) 접촉 | 추세 하단 부근 쌍바닥/Higher-Low 형태 | 이동평균선 재돌파 | 재상승 후 5일선 지지,중기 상승 구조 미확인,49300.0,False,4.09,True,1.0,0.766,True,40200.0,46140.0,51400.0,52080.0,38994.0,-6.41,5.64,True,False,False,7.78,True,True,False,,False,False,,2026-08-01,2026-08-21,49300.0,6,0,-0.609,49000.0,2026-08-13,1.014,49800.0,2026-08-14,-2.84,47900.0,2026-08-18,-1.623,48500.0,2026-08-19,-2.535,48050.0,2026-08-20,-8.418,45150.0,2026-08-21,,,,,,,,,,,,,,,,,,,,,,,,,,,,,,,,,,,,,,,,,,,2026-08-21,1.014,-8.418,3.043,-8.722,,,,,,,
028050,삼성E&A,2026-08-13,2026-08-13,REJECTED,45,TREND_BROKEN_OR_NOT_UPTREND,상승추세 안의 단기 조정 + 전저점 유지 | 상승 평행채널 유효(커버리지 100%) | 최근 추세 하단(싼 구간) 접촉 | 추세 하단 부근 쌍바닥/Higher-Low 형태 | 이동평균선 재돌파 | 재상승 후 5일선 지지,중기 상승 구조 미확인,49000.0,False,4.67,True,1.0,0.7264,True,40370.0,46310.0,51400.0,52250.0,39158.9,-5.49,6.63,True,False,False,6.99,True,True,False,,False,False,,2026-08-01,2026-08-21,49000.0,5,0,1.633,49800.0,2026-08-14,-2.245,47900.0,2026-08-18,-1.02,48500.0,2026-08-19,-1.939,48050.0,2026-08-20,-7.857,45150.0,2026-08-21,,,,,,,,,,,,,,,,,,,,,,,,,,,,,,,,,,,,,,,,,,,,,,2026-08-21,1.633,-7.857,3.673,-8.163,,,,,,,
028050,삼성E&A,2026-08-14,2026-08-14,REJECTED,40,TREND_BROKEN_OR_NOT_UPTREND,상승추세 안의 단기 조정 + 전저점 유지 | 상승 평행채널 유효(커버리지 100%) | 최근 추세 하단(싼 구간) 접촉 | 추세 하단 부근 쌍바닥/Higher-Low 형태 | 쌍바닥 넥라인 돌파 확인,중기 상승 구조 미확인,49800.0,False,3.11,True,1.0,0.7795,True,40540.0,46480.0,51400.0,52420.0,39323.8,-6.67,5.26,True,True,False,6.66,False,True,False,,False,False,,2026-08-01,2026-08-21,49800.0,4,0,-3.815,47900.0,2026-08-18,-2.61,48500.0,2026-08-19,-3.514,48050.0,2026-08-20,-9.337,45150.0,2026-08-21,,,,,,,,,,,,,,,,,,,,,,,,,,,,,,,,,,,,,,,,,,,,,,,,,2026-08-21,-2.61,-9.337,0.301,-9.639,,,,,,,
028050,삼성E&A,2026-08-18,2026-08-18,REJECTED,43,TREND_BROKEN_OR_NOT_UPTREND,상승추세 안의 단기 조정 + 전저점 유지 | 상승 평행채널 유효(커버리지 100%) | 최근 추세 하단(싼 구간) 접촉 | 추세 하단 부근 쌍바닥/Higher-Low 형태 | 이동평균선 밀집,중기 상승 구조 미확인,47900.0,False,6.81,True,1.0,0.6052,True,40710.0,46650.0,51400.0,52590.0,39488.7,-2.61,9.79,True,False,True,5.64,False,False,False,,False,False,,2026-08-01,2026-08-21,47900.0,3,0,1.253,48500.0,2026-08-19,0.313,48050.0,2026-08-20,-5.741,45150.0,2026-08-21,,,,,,,,,,,,,,,,,,,,,,,,,,,,,,,,,,,,,,,,,,,,,,,,,,,,2026-08-21,1.253,-5.741,4.28,-6.054,,,,,,,
028050,삼성E&A,2026-08-19,2026-08-19,REJECTED,43,TREND_BROKEN_OR_NOT_UPTREND,상승추세 안의 단기 조정 + 전저점 유지 | 상승 평행채널 유효(커버리지 100%) | 최근 추세 하단(싼 구간) 접촉 | 추세 하단 부근 쌍바닥/Higher-Low 형태 | 이동평균선 밀집,중기 상승 구조 미확인,48500.0,False,5.64,True,1.0,0.6414,True,40880.0,46820.0,51400.0,52760.0,39653.6,-3.46,8.78,True,False,True,4.64,False,False,False,,False,False,,2026-08-01,2026-08-21,48500.0,2,0,-0.928,48050.0,2026-08-20,-6.907,45150.0,2026-08-21,,,,,,,,,,,,,,,,,,,,,,,,,,,,,,,,,,,,,,,,,,,,,,,,,,,,,,,2026-08-21,-0.928,-6.907,2.99,-7.216,,,,,,,
028050,삼성E&A,2026-08-20,2026-08-20,REJECTED,43,TREND_BROKEN_OR_NOT_UPTREND,상승추세 안의 단기 조정 + 전저점 유지 | 상승 평행채널 유효(커버리지 100%) | 최근 추세 하단(싼 구간) 접촉 | 추세 하단 부근 쌍바닥/Higher-Low 형태 | 이동평균선 밀집,중기 상승 구조 미확인,48050.0,False,6.52,True,1.0,0.7424,True,39531.25,45268.75,50800.0,51006.25,38345.3125,-5.79,6.15,True,False,True,3.53,False,True,False,,False,False,,2026-08-01,2026-08-21,48050.0,1,0,-6.035,45150.0,2026-08-21,,,,,,,,,,,,,,,,,,,,,,,,,,,,,,,,,,,,,,,,,,,,,,,,,,,,,,,,,,2026-08-21,-6.035,-6.035,-0.624,-6.348,,,,,,,
028050,삼성E&A,2026-08-21,2026-08-21,REJECTED,33,TREND_BROKEN_OR_NOT_UPTREND,상승추세 안의 단기 조정 + 전저점 유지 | 상승 평행채널 유효(커버리지 100%) | 추세 하단 부근 쌍바닥/Higher-Low 형태 | 이동평균선 밀집,중기 상승 구조 미확인,45150.0,False,12.16,True,1.0,0.4837,False,39600.0,45337.5,50800.0,51075.0,38412.0,0.42,13.12,True,False,True,2.4,False,False,False,,False,False,,2026-08-01,2026-08-21,45150.0,0,0,,,,,,,,,,,,,,,,,,,,,,,,,,,,,,,,,,,,,,,,,,,,,,,,,,,,,,,,,,,,,,,,,,,,,,,,
005830,DB손해보험,2026-08-03,2026-08-03,REJECTED,38,TREND_BROKEN_OR_NOT_UPTREND,상승추세 안의 단기 조정 + 전저점 유지 | 상승 평행채널 유효(커버리지 100%) | 추세 하단 부근 쌍바닥/Higher-Low 형태 | 쌍바닥 넥라인 돌파 확인 | 이동평균선 밀집,중기 상승 구조 미확인,156600.0,False,9.16,True,1.0,0.5459,False,133556.0,154664.0,172400.0,175772.0,148798.0,-1.24,12.24,True,True,True,4.23,False,True,False,,False,False,,2026-08-01,2026-08-21,156600.0,13,0,-1.149,154800.0,2026-08-04,-0.639,155600.0,2026-08-05,2.043,159800.0,2026-08-06,5.939,165900.0,2026-08-07,3.64,162300.0,2026-08-10,5.045,164500.0,2026-08-11,1.533,159000.0,2026-08-12,6.386,166600.0,2026-08-13,12.899,176800.0,2026-08-14,16.22,182000.0,2026-08-18,19.732,187500.0,2026-08-19,13.282,177400.0,2026-08-20,13.538,177800.0,2026-08-21,,,,,,,,,,,,,,,,,,,,,,2026-08-21,19.732,-1.149,22.031,-3.959,,,,,,,
005830,DB손해보험,2026-08-04,2026-08-04,REJECTED,28,TREND_BROKEN_OR_NOT_UPTREND,상승추세 안의 단기 조정 + 전저점 유지 | 상승 평행채널 유효(커버리지 100%) | 이동평균선 밀집,중기 상승 구조 미확인,154800.0,False,10.21,True,1.0,0.5027,False,133580.0,154688.0,172400.0,175796.0,148798.0,-0.07,13.56,False,False,True,4.67,False,False,False,,False,False,,2026-08-01,2026-08-21,154800.0,12,0,0.517,155600.0,2026-08-05,3.23,159800.0,2026-08-06,7.171,165900.0,2026-08-07,4.845,162300.0,2026-08-10,6.266,164500.0,2026-08-11,2.713,159000.0,2026-08-12,7.623,166600.0,2026-08-13,14.212,176800.0,2026-08-14,17.571,182000.0,2026-08-18,21.124,187500.0,2026-08-19,14.599,177400.0,2026-08-20,14.858,177800.0,2026-08-21,,,,,,,,,,,,,,,,,,,,,,,,,2026-08-21,21.124,0.517,23.45,-0.517,,,,,,,
005830,DB손해보험,2026-08-05,2026-08-05,REJECTED,28,TREND_BROKEN_OR_NOT_UPTREND,상승추세 안의 단기 조정 + 전저점 유지 | 상승 평행채널 유효(커버리지 100%) | 이동평균선 밀집,중기 상승 구조 미확인,155600.0,False,9.74,True,1.0,0.521,False,133604.0,154712.0,172400.0,175820.0,148798.0,-0.57,12.99,False,False,True,4.92,False,True,False,,False,False,,2026-08-01,2026-08-21,155600.0,11,0,2.699,159800.0,2026-08-06,6.62,165900.0,2026-08-07,4.306,162300.0,2026-08-10,5.72,164500.0,2026-08-11,2.185,159000.0,2026-08-12,7.069,166600.0,2026-08-13,13.625,176800.0,2026-08-14,16.967,182000.0,2026-08-18,20.501,187500.0,2026-08-19,14.01,177400.0,2026-08-20,14.267,177800.0,2026-08-21,,,,,,,,,,,,,,,,,,,,,,,,,,,,2026-08-21,20.501,2.185,22.815,-0.193,,,,,,,
005830,DB손해보험,2026-08-06,2026-08-06,REJECTED,38,TREND_BROKEN_OR_NOT_UPTREND,상승추세 안의 단기 조정 + 전저점 유지 | 상승 평행채널 유효(커버리지 100%) | 이동평균선 밀집 | 이동평균선 재돌파 | 재상승 후 5일선 지지,중기 상승 구조 미확인,159800.0,False,7.31,True,1.0,0.62,False,133628.0,154736.0,172400.0,175844.0,148798.0,-3.17,10.04,False,False,True,5.08,True,True,False,,False,False,,2026-08-01,2026-08-21,159800.0,10,0,3.817,165900.0,2026-08-07,1.564,162300.0,2026-08-10,2.941,164500.0,2026-08-11,-0.501,159000.0,2026-08-12,4.255,166600.0,2026-08-13,10.638,176800.0,2026-08-14,13.892,182000.0,2026-08-18,17.334,187500.0,2026-08-19,11.014,177400.0,2026-08-20,11.264,177800.0,2026-08-21,,,,,,,,,,,,,,,,,,,,,,,,,,,,,,,2026-08-21,17.334,-0.501,19.587,-2.315,,,,,,,
005830,DB손해보험,2026-08-07,2026-08-07,REJECTED,53,TREND_BROKEN_OR_NOT_UPTREND,상승추세 안의 단기 조정 + 전저점 유지 | 상승 평행채널 유효(커버리지 98%) | 최근 추세 하단(싼 구간) 접촉 | 추세 하단 부근 쌍바닥/Higher-Low 형태 | 이동평균선 밀집 | 이동평균선 재돌파 | 재상승 후 5일선 지지,중기 상승 구조 미확인,165900.0,False,3.77,True,0.9759,0.3522,True,147363.6364,173677.2727,172400.0,199990.9091,145888.0,4.69,20.55,True,False,True,5.44,True,True,False,,False,False,,2026-08-01,2026-08-21,165900.0,9,0,-2.17,162300.0,2026-08-10,-0.844,164500.0,2026-08-11,-4.159,159000.0,2026-08-12,0.422,166600.0,2026-08-13,6.57,176800.0,2026-08-14,9.705,182000.0,2026-08-18,13.02,187500.0,2026-08-19,6.932,177400.0,2026-08-20,7.173,177800.0,2026-08-21,,,,,,,,,,,,,,,,,,,,,,,,,,,,,,,,,,2026-08-21,13.02,-4.159,15.19,-5.003,,,,,,,
005830,DB손해보험,2026-08-10,2026-08-10,REJECTED,58,TREND_BROKEN_OR_NOT_UPTREND,상승추세 안의 단기 조정 + 전저점 유지 | 상승 평행채널 유효(커버리지 98%) | 최근 추세 하단(싼 구간) 접촉 | 현재도 채널 하단권 | 추세 하단 부근 쌍바닥/Higher-Low 형태 | 이동평균선 밀집 | 이동평균선 재돌파 | 재상승 후 5일선 지지,중기 상승 구조 미확인,162300.0,False,5.86,True,0.9762,0.2778,True,147681.8182,173995.4545,172400.0,200309.0909,145888.0,7.21,23.42,True,False,True,5.74,True,True,False,,False,False,,2026-08-01,2026-08-21,162300.0,8,0,1.356,164500.0,2026-08-11,-2.033,159000.0,2026-08-12,2.649,166600.0,2026-08-13,8.934,176800.0,2026-08-14,12.138,182000.0,2026-08-18,15.527,187500.0,2026-08-19,9.304,177400.0,2026-08-20,9.55,177800.0,2026-08-21,,,,,,,,,,,,,,,,,,,,,,,,,,,,,,,,,,,,,2026-08-21,15.527,-2.033,17.745,-2.896,,,,,,,
005830,DB손해보험,2026-08-11,2026-08-11,REJECTED,58,TREND_BROKEN_OR_NOT_UPTREND,상승추세 안의 단기 조정 + 전저점 유지 | 상승 평행채널 유효(커버리지 98%) | 최근 추세 하단(싼 구간) 접촉 | 현재도 채널 하단권 | 추세 하단 부근 쌍바닥/Higher-Low 형태 | 이동평균선 밀집 | 이동평균선 재돌파 | 재상승 후 5일선 지지,중기 상승 구조 미확인,164500.0,False,4.58,True,0.9765,0.3135,True,148000.0,174313.6364,172400.0,200627.2727,145888.0,5.97,21.96,True,False,True,6.22,True,True,False,,False,False,,2026-08-01,2026-08-21,164500.0,7,0,-3.343,159000.0,2026-08-12,1.277,166600.0,2026-08-13,7.477,176800.0,2026-08-14,10.638,182000.0,2026-08-18,13.982,187500.0,2026-08-19,7.842,177400.0,2026-08-20,8.085,177800.0,2026-08-21,,,,,,,,,,,,,,,,,,,,,,,,,,,,,,,,,,,,,,,,2026-08-21,13.982,-3.343,16.17,-4.195,,,,,,,
005830,DB손해보험,2026-08-12,2026-08-12,REJECTED,40,TREND_BROKEN_OR_NOT_UPTREND,상승추세 안의 단기 조정 + 전저점 유지 | 상승 평행채널 유효(커버리지 98%) | 최근 추세 하단(싼 구간) 접촉 | 현재도 채널 하단권 | 추세 하단 부근 쌍바닥/Higher-Low 형태,중기 상승 구조 미확인,159000.0,False,7.77,True,0.9767,0.203,True,148318.1818,174631.8182,172400.0,200945.4545,145888.0,9.83,26.38,True,False,False,6.92,False,False,False,,False,False,,2026-08-01,2026-08-21,159000.0,6,0,4.78,166600.0,2026-08-13,11.195,176800.0,2026-08-14,14.465,182000.0,2026-08-18,17.925,187500.0,2026-08-19,11.572,177400.0,2026-08-20,11.824,177800.0,2026-08-21,,,,,,,,,,,,,,,,,,,,,,,,,,,,,,,,,,,,,,,,,,,2026-08-21,17.925,4.78,20.189,-0.252,,,,,,,
005830,DB손해보험,2026-08-13,2026-08-13,REJECTED,48,TREND_BROKEN_OR_NOT_UPTREND,상승추세 안의 단기 조정 + 전저점 유지 | 상승 평행채널 유효(커버리지 98%) | 최근 추세 하단(싼 구간) 접촉 | 현재도 채널 하단권 | 추세 하단 부근 쌍바닥/Higher-Low 형태 | 이동평균선 재돌파,중기 상승 구조 미확인,166600.0,False,4.47,True,0.977,0.3413,True,148636.3636,174950.0,172400.0,201263.6364,145888.0,5.01,20.81,True,False,False,7.36,True,False,False,,False,False,,2026-08-01,2026-08-21,166600.0,5,0,6.122,176800.0,2026-08-14,9.244,182000.0,2026-08-18,12.545,187500.0,2026-08-19,6.483,177400.0,2026-08-20,6.723,177800.0,2026-08-21,,,,,,,,,,,,,,,,,,,,,,,,,,,,,,,,,,,,,,,,,,,,,,2026-08-21,12.545,6.122,14.706,-0.3,,,,,,,
005830,DB손해보험,2026-08-14,2026-08-14,REJECTED,40,TREND_BROKEN_OR_NOT_UPTREND,상승 평행채널 유효(커버리지 98%) | 최근 추세 하단(싼 구간) 접촉 | 추세 하단 부근 쌍바닥/Higher-Low 형태 | 쌍바닥 넥라인 돌파 확인 | 이동평균선 재돌파 | 재상승 후 5일선 지지,중기 상승 구조 미확인,176800.0,False,0.62,True,0.9773,0.5291,True,148954.5455,175268.1818,172400.0,201581.8182,145888.0,-0.87,14.02,True,True,False,8.05,True,True,False,,False,False,,2026-08-01,2026-08-21,176800.0,4,0,2.941,182000.0,2026-08-18,6.052,187500.0,2026-08-19,0.339,177400.0,2026-08-20,0.566,177800.0,2026-08-21,,,,,,,,,,,,,,,,,,,,,,,,,,,,,,,,,,,,,,,,,,,,,,,,,2026-08-21,6.052,0.339,8.088,-1.471,,,,,,,
005830,DB손해보험,2026-08-18,2026-08-18,REJECTED,40,TREND_BROKEN_OR_NOT_UPTREND,상승 평행채널 유효(커버리지 98%) | 최근 추세 하단(싼 구간) 접촉 | 추세 하단 부근 쌍바닥/Higher-Low 형태 | 쌍바닥 넥라인 돌파 확인 | 이동평균선 재돌파 | 재상승 후 5일선 지지,중기 상승 구조 미확인,182000.0,False,1.57,True,0.9775,0.6219,True,149272.7273,175586.3636,172400.0,201900.0,145888.0,-3.52,10.93,True,True,False,9.75,True,True,False,,False,False,,2026-08-01,2026-08-21,182000.0,3,0,3.022,187500.0,2026-08-19,-2.527,177400.0,2026-08-20,-2.308,177800.0,2026-08-21,,,,,,,,,,,,,,,,,,,,,,,,,,,,,,,,,,,,,,,,,,,,,,,,,,,,2026-08-21,3.022,-2.527,5.0,-4.286,,,,,,,
005830,DB손해보험,2026-08-19,2026-08-19,REJECTED,40,TREND_BROKEN_OR_NOT_UPTREND,상승 평행채널 유효(커버리지 98%) | 최근 추세 하단(싼 구간) 접촉 | 추세 하단 부근 쌍바닥/Higher-Low 형태 | 쌍바닥 넥라인 돌파 확인 | 이동평균선 재돌파 | 재상승 후 5일선 지지,중기 상승 구조 미확인,187500.0,False,1.88,True,0.9778,0.7203,True,149590.9091,175904.5455,172400.0,202218.1818,145888.0,-6.18,7.85,True,True,False,11.63,True,True,False,,False,False,,2026-08-01,2026-08-21,187500.0,2,0,-5.387,177400.0,2026-08-20,-5.173,177800.0,2026-08-21,,,,,,,,,,,,,,,,,,,,,,,,,,,,,,,,,,,,,,,,,,,,,,,,,,,,,,,2026-08-21,-5.173,-5.387,-1.6,-7.093,,,,,,,
005830,DB손해보험,2026-08-20,2026-08-20,REJECTED,40,TREND_BROKEN_OR_NOT_UPTREND,상승추세 안의 단기 조정 + 전저점 유지 | 상승 평행채널 유효(커버리지 98%) | 최근 추세 하단(싼 구간) 접촉 | 추세 하단 부근 쌍바닥/Higher-Low 형태 | 쌍바닥 넥라인 돌파 확인,중기 상승 구조 미확인,177400.0,False,7.17,True,0.978,0.5224,True,149909.0909,176222.7273,172400.0,202536.3636,145888.0,-0.66,14.17,True,True,False,14.15,False,True,False,,False,False,,2026-08-01,2026-08-21,177400.0,1,0,0.225,177800.0,2026-08-21,,,,,,,,,,,,,,,,,,,,,,,,,,,,,,,,,,,,,,,,,,,,,,,,,,,,,,,,,,2026-08-21,0.225,0.225,1.353,-1.804,,,,,,,
005830,DB손해보험,2026-08-21,2026-08-21,REJECTED,40,TREND_BROKEN_OR_NOT_UPTREND,상승추세 안의 단기 조정 + 전저점 유지 | 상승 평행채널 유효(커버리지 98%) | 최근 추세 하단(싼 구간) 접촉 | 추세 하단 부근 쌍바닥/Higher-Low 형태 | 쌍바닥 넥라인 돌파 확인,중기 상승 구조 미확인,177800.0,False,6.96,True,0.9783,0.5239,True,150227.2727,176540.9091,172400.0,202854.5455,145888.0,-0.71,14.09,True,True,False,15.11,False,False,False,,False,False,,2026-08-01,2026-08-21,177800.0,0,0,,,,,,,,,,,,,,,,,,,,,,,,,,,,,,,,,,,,,,,,,,,,,,,,,,,,,,,,,,,,,,,,,,,,,,,,
039490,키움증권,2026-08-03,2026-08-03,REJECTED,0,NO_RISING_CHANNEL,,영상 방식의 상승 평행채널을 안정적으로 구성하지 못함,,,,,,,,,,,,,,,,,,,,,,,,,,2026-08-01,2026-08-21,274000.0,13,0,3.65,284000.0,2026-08-04,6.752,292500.0,2026-08-05,6.022,290500.0,2026-08-06,1.277,277500.0,2026-08-07,8.577,297500.0,2026-08-10,9.489,300000.0,2026-08-11,9.124,299000.0,2026-08-12,8.394,297000.0,2026-08-13,9.672,300500.0,2026-08-14,3.467,283500.0,2026-08-18,-3.102,265500.0,2026-08-19,0.547,275500.0,2026-08-20,-2.19,268000.0,2026-08-21,,,,,,,,,,,,,,,,,,,,,,2026-08-21,9.672,-3.102,14.234,-4.562,,,,,,,
039490,키움증권,2026-08-04,2026-08-04,REJECTED,0,NO_RISING_CHANNEL,,영상 방식의 상승 평행채널을 안정적으로 구성하지 못함,,,,,,,,,,,,,,,,,,,,,,,,,,2026-08-01,2026-08-21,284000.0,12,0,2.993,292500.0,2026-08-05,2.289,290500.0,2026-08-06,-2.289,277500.0,2026-08-07,4.754,297500.0,2026-08-10,5.634,300000.0,2026-08-11,5.282,299000.0,2026-08-12,4.577,297000.0,2026-08-13,5.81,300500.0,2026-08-14,-0.176,283500.0,2026-08-18,-6.514,265500.0,2026-08-19,-2.993,275500.0,2026-08-20,-5.634,268000.0,2026-08-21,,,,,,,,,,,,,,,,,,,,,,,,,2026-08-21,5.81,-6.514,10.211,-7.923,,,,,,,
039490,키움증권,2026-08-05,2026-08-05,REJECTED,0,NO_RISING_CHANNEL,,영상 방식의 상승 평행채널을 안정적으로 구성하지 못함,,,,,,,,,,,,,,,,,,,,,,,,,,2026-08-01,2026-08-21,292500.0,11,0,-0.684,290500.0,2026-08-06,-5.128,277500.0,2026-08-07,1.709,297500.0,2026-08-10,2.564,300000.0,2026-08-11,2.222,299000.0,2026-08-12,1.538,297000.0,2026-08-13,2.735,300500.0,2026-08-14,-3.077,283500.0,2026-08-18,-9.231,265500.0,2026-08-19,-5.812,275500.0,2026-08-20,-8.376,268000.0,2026-08-21,,,,,,,,,,,,,,,,,,,,,,,,,,,,2026-08-21,2.735,-9.231,7.009,-10.598,,,,,,,
039490,키움증권,2026-08-06,2026-08-06,REJECTED,0,NO_RISING_CHANNEL,,영상 방식의 상승 평행채널을 안정적으로 구성하지 못함,,,,,,,,,,,,,,,,,,,,,,,,,,2026-08-01,2026-08-21,290500.0,10,0,-4.475,277500.0,2026-08-07,2.41,297500.0,2026-08-10,3.27,300000.0,2026-08-11,2.926,299000.0,2026-08-12,2.238,297000.0,2026-08-13,3.442,300500.0,2026-08-14,-2.41,283500.0,2026-08-18,-8.606,265500.0,2026-08-19,-5.164,275500.0,2026-08-20,-7.745,268000.0,2026-08-21,,,,,,,,,,,,,,,,,,,,,,,,,,,,,,,2026-08-21,3.442,-8.606,7.745,-9.983,,,,,,,
039490,키움증권,2026-08-07,2026-08-07,REJECTED,0,NO_RISING_CHANNEL,,영상 방식의 상승 평행채널을 안정적으로 구성하지 못함,,,,,,,,,,,,,,,,,,,,,,,,,,2026-08-01,2026-08-21,277500.0,9,0,7.207,297500.0,2026-08-10,8.108,300000.0,2026-08-11,7.748,299000.0,2026-08-12,7.027,297000.0,2026-08-13,8.288,300500.0,2026-08-14,2.162,283500.0,2026-08-18,-4.324,265500.0,2026-08-19,-0.721,275500.0,2026-08-20,-3.423,268000.0,2026-08-21,,,,,,,,,,,,,,,,,,,,,,,,,,,,,,,,,,2026-08-21,8.288,-4.324,12.793,-5.766,,,,,,,
039490,키움증권,2026-08-10,2026-08-10,REJECTED,0,NO_RISING_CHANNEL,,영상 방식의 상승 평행채널을 안정적으로 구성하지 못함,,,,,,,,,,,,,,,,,,,,,,,,,,2026-08-01,2026-08-21,297500.0,8,0,0.84,300000.0,2026-08-11,0.504,299000.0,2026-08-12,-0.168,297000.0,2026-08-13,1.008,300500.0,2026-08-14,-4.706,283500.0,2026-08-18,-10.756,265500.0,2026-08-19,-7.395,275500.0,2026-08-20,-9.916,268000.0,2026-08-21,,,,,,,,,,,,,,,,,,,,,,,,,,,,,,,,,,,,,2026-08-21,1.008,-10.756,5.21,-12.101,,,,,,,
039490,키움증권,2026-08-11,2026-08-11,REJECTED,0,NO_RISING_CHANNEL,,영상 방식의 상승 평행채널을 안정적으로 구성하지 못함,,,,,,,,,,,,,,,,,,,,,,,,,,2026-08-01,2026-08-21,300000.0,7,0,-0.333,299000.0,2026-08-12,-1.0,297000.0,2026-08-13,0.167,300500.0,2026-08-14,-5.5,283500.0,2026-08-18,-11.5,265500.0,2026-08-19,-8.167,275500.0,2026-08-20,-10.667,268000.0,2026-08-21,,,,,,,,,,,,,,,,,,,,,,,,,,,,,,,,,,,,,,,,2026-08-21,0.167,-11.5,4.333,-12.833,,,,,,,
039490,키움증권,2026-08-12,2026-08-12,REJECTED,0,NO_RISING_CHANNEL,,영상 방식의 상승 평행채널을 안정적으로 구성하지 못함,,,,,,,,,,,,,,,,,,,,,,,,,,2026-08-01,2026-08-21,299000.0,6,0,-0.669,297000.0,2026-08-13,0.502,300500.0,2026-08-14,-5.184,283500.0,2026-08-18,-11.204,265500.0,2026-08-19,-7.86,275500.0,2026-08-20,-10.368,268000.0,2026-08-21,,,,,,,,,,,,,,,,,,,,,,,,,,,,,,,,,,,,,,,,,,,2026-08-21,0.502,-11.204,4.682,-12.542,,,,,,,
039490,키움증권,2026-08-13,2026-08-13,REJECTED,0,NO_RISING_CHANNEL,,영상 방식의 상승 평행채널을 안정적으로 구성하지 못함,,,,,,,,,,,,,,,,,,,,,,,,,,2026-08-01,2026-08-21,297000.0,5,0,1.178,300500.0,2026-08-14,-4.545,283500.0,2026-08-18,-10.606,265500.0,2026-08-19,-7.239,275500.0,2026-08-20,-9.764,268000.0,2026-08-21,,,,,,,,,,,,,,,,,,,,,,,,,,,,,,,,,,,,,,,,,,,,,,2026-08-21,1.178,-10.606,1.852,-11.953,,,,,,,
039490,키움증권,2026-08-14,2026-08-14,REJECTED,0,NO_RISING_CHANNEL,,영상 방식의 상승 평행채널을 안정적으로 구성하지 못함,,,,,,,,,,,,,,,,,,,,,,,,,,2026-08-01,2026-08-21,300500.0,4,0,-5.657,283500.0,2026-08-18,-11.647,265500.0,2026-08-19,-8.319,275500.0,2026-08-20,-10.815,268000.0,2026-08-21,,,,,,,,,,,,,,,,,,,,,,,,,,,,,,,,,,,,,,,,,,,,,,,,,2026-08-21,-5.657,-11.647,0.666,-12.978,,,,,,,
039490,키움증권,2026-08-18,2026-08-18,REJECTED,0,NO_RISING_CHANNEL,,영상 방식의 상승 평행채널을 안정적으로 구성하지 못함,,,,,,,,,,,,,,,,,,,,,,,,,,2026-08-01,2026-08-21,283500.0,3,0,-6.349,265500.0,2026-08-19,-2.822,275500.0,2026-08-20,-5.467,268000.0,2026-08-21,,,,,,,,,,,,,,,,,,,,,,,,,,,,,,,,,,,,,,,,,,,,,,,,,,,,2026-08-21,-2.822,-6.349,-1.94,-7.76,,,,,,,
039490,키움증권,2026-08-19,2026-08-19,REJECTED,0,NO_RISING_CHANNEL,,영상 방식의 상승 평행채널을 안정적으로 구성하지 못함,,,,,,,,,,,,,,,,,,,,,,,,,,2026-08-01,2026-08-21,265500.0,2,0,3.766,275500.0,2026-08-20,0.942,268000.0,2026-08-21,,,,,,,,,,,,,,,,,,,,,,,,,,,,,,,,,,,,,,,,,,,,,,,,,,,,,,,2026-08-21,3.766,0.942,4.708,-0.753,,,,,,,
039490,키움증권,2026-08-20,2026-08-20,REJECTED,0,NO_RISING_CHANNEL,,영상 방식의 상승 평행채널을 안정적으로 구성하지 못함,,,,,,,,,,,,,,,,,,,,,,,,,,2026-08-01,2026-08-21,275500.0,1,0,-2.722,268000.0,2026-08-21,,,,,,,,,,,,,,,,,,,,,,,,,,,,,,,,,,,,,,,,,,,,,,,,,,,,,,,,,,2026-08-21,-2.722,-2.722,-0.181,-4.356,,,,,,,
039490,키움증권,2026-08-21,2026-08-21,REJECTED,0,NO_RISING_CHANNEL,,영상 방식의 상승 평행채널을 안정적으로 구성하지 못함,,,,,,,,,,,,,,,,,,,,,,,,,,2026-08-01,2026-08-21,268000.0,0,0,,,,,,,,,,,,,,,,,,,,,,,,,,,,,,,,,,,,,,,,,,,,,,,,,,,,,,,,,,,,,,,,,,,,,,,,
047040,대우건설,2026-08-03,2026-08-03,REJECTED,0,NO_RISING_CHANNEL,,영상 방식의 상승 평행채널을 안정적으로 구성하지 못함,,,,,,,,,,,,,,,,,,,,,,,,,,2026-08-01,2026-08-21,13300.0,13,0,14.286,15200.0,2026-08-04,22.03,16230.0,2026-08-05,26.842,16870.0,2026-08-06,23.383,16410.0,2026-08-07,28.045,17030.0,2026-08-10,30.226,17320.0,2026-08-11,34.06,17830.0,2026-08-12,38.346,18400.0,2026-08-13,35.414,18010.0,2026-08-14,29.098,17170.0,2026-08-18,29.323,17200.0,2026-08-19,25.639,16710.0,2026-08-20,19.774,15930.0,2026-08-21,,,,,,,,,,,,,,,,,,,,,,2026-08-21,38.346,14.286,43.835,-1.88,,,,,,,
047040,대우건설,2026-08-04,2026-08-04,REJECTED,0,NO_RISING_CHANNEL,,영상 방식의 상승 평행채널을 안정적으로 구성하지 못함,,,,,,,,,,,,,,,,,,,,,,,,,,2026-08-01,2026-08-21,15200.0,12,0,6.776,16230.0,2026-08-05,10.987,16870.0,2026-08-06,7.961,16410.0,2026-08-07,12.039,17030.0,2026-08-10,13.947,17320.0,2026-08-11,17.303,17830.0,2026-08-12,21.053,18400.0,2026-08-13,18.487,18010.0,2026-08-14,12.961,17170.0,2026-08-18,13.158,17200.0,2026-08-19,9.934,16710.0,2026-08-20,4.803,15930.0,2026-08-21,,,,,,,,,,,,,,,,,,,,,,,,,2026-08-21,21.053,4.803,25.855,-0.921,,,,,,,
047040,대우건설,2026-08-05,2026-08-05,REJECTED,0,NO_RISING_CHANNEL,,영상 방식의 상승 평행채널을 안정적으로 구성하지 못함,,,,,,,,,,,,,,,,,,,,,,,,,,2026-08-01,2026-08-21,16230.0,11,0,3.943,16870.0,2026-08-06,1.109,16410.0,2026-08-07,4.929,17030.0,2026-08-10,6.716,17320.0,2026-08-11,9.858,17830.0,2026-08-12,13.37,18400.0,2026-08-13,10.967,18010.0,2026-08-14,5.792,17170.0,2026-08-18,5.977,17200.0,2026-08-19,2.957,16710.0,2026-08-20,-1.848,15930.0,2026-08-21,,,,,,,,,,,,,,,,,,,,,,,,,,,,2026-08-21,13.37,-1.848,17.868,-3.266,,,,,,,
047040,대우건설,2026-08-06,2026-08-06,REJECTED,0,NO_RISING_CHANNEL,,영상 방식의 상승 평행채널을 안정적으로 구성하지 못함,,,,,,,,,,,,,,,,,,,,,,,,,,2026-08-01,2026-08-21,16870.0,10,0,-2.727,16410.0,2026-08-07,0.948,17030.0,2026-08-10,2.667,17320.0,2026-08-11,5.691,17830.0,2026-08-12,9.069,18400.0,2026-08-13,6.758,18010.0,2026-08-14,1.778,17170.0,2026-08-18,1.956,17200.0,2026-08-19,-0.948,16710.0,2026-08-20,-5.572,15930.0,2026-08-21,,,,,,,,,,,,,,,,,,,,,,,,,,,,,,,2026-08-21,9.069,-5.572,13.397,-6.935,,,,,,,
047040,대우건설,2026-08-07,2026-08-07,REJECTED,0,NO_RISING_CHANNEL,,영상 방식의 상승 평행채널을 안정적으로 구성하지 못함,,,,,,,,,,,,,,,,,,,,,,,,,,2026-08-01,2026-08-21,16410.0,9,0,3.778,17030.0,2026-08-10,5.545,17320.0,2026-08-11,8.653,17830.0,2026-08-12,12.127,18400.0,2026-08-13,9.75,18010.0,2026-08-14,4.631,17170.0,2026-08-18,4.814,17200.0,2026-08-19,1.828,16710.0,2026-08-20,-2.925,15930.0,2026-08-21,,,,,,,,,,,,,,,,,,,,,,,,,,,,,,,,,,2026-08-21,12.127,-2.925,16.575,-3.656,,,,,,,
047040,대우건설,2026-08-10,2026-08-10,REJECTED,0,NO_RISING_CHANNEL,,영상 방식의 상승 평행채널을 안정적으로 구성하지 못함,,,,,,,,,,,,,,,,,,,,,,,,,,2026-08-01,2026-08-21,17030.0,8,0,1.703,17320.0,2026-08-11,4.698,17830.0,2026-08-12,8.045,18400.0,2026-08-13,5.755,18010.0,2026-08-14,0.822,17170.0,2026-08-18,0.998,17200.0,2026-08-19,-1.879,16710.0,2026-08-20,-6.459,15930.0,2026-08-21,,,,,,,,,,,,,,,,,,,,,,,,,,,,,,,,,,,,,2026-08-21,8.045,-6.459,12.331,-7.164,,,,,,,
047040,대우건설,2026-08-11,2026-08-11,REJECTED,0,NO_RISING_CHANNEL,,영상 방식의 상승 평행채널을 안정적으로 구성하지 못함,,,,,,,,,,,,,,,,,,,,,,,,,,2026-08-01,2026-08-21,17320.0,7,0,2.945,17830.0,2026-08-12,6.236,18400.0,2026-08-13,3.984,18010.0,2026-08-14,-0.866,17170.0,2026-08-18,-0.693,17200.0,2026-08-19,-3.522,16710.0,2026-08-20,-8.025,15930.0,2026-08-21,,,,,,,,,,,,,,,,,,,,,,,,,,,,,,,,,,,,,,,,2026-08-21,6.236,-8.025,10.45,-8.718,,,,,,,
047040,대우건설,2026-08-12,2026-08-12,REJECTED,0,NO_RISING_CHANNEL,,영상 방식의 상승 평행채널을 안정적으로 구성하지 못함,,,,,,,,,,,,,,,,,,,,,,,,,,2026-08-01,2026-08-21,17830.0,6,0,3.197,18400.0,2026-08-13,1.01,18010.0,2026-08-14,-3.702,17170.0,2026-08-18,-3.533,17200.0,2026-08-19,-6.282,16710.0,2026-08-20,-10.656,15930.0,2026-08-21,,,,,,,,,,,,,,,,,,,,,,,,,,,,,,,,,,,,,,,,,,,2026-08-21,3.197,-10.656,7.291,-11.329,,,,,,,
047040,대우건설,2026-08-13,2026-08-13,REJECTED,0,NO_RISING_CHANNEL,,영상 방식의 상승 평행채널을 안정적으로 구성하지 못함,,,,,,,,,,,,,,,,,,,,,,,,,,2026-08-01,2026-08-21,18400.0,5,0,-2.12,18010.0,2026-08-14,-6.685,17170.0,2026-08-18,-6.522,17200.0,2026-08-19,-9.185,16710.0,2026-08-20,-13.424,15930.0,2026-08-21,,,,,,,,,,,,,,,,,,,,,,,,,,,,,,,,,,,,,,,,,,,,,,2026-08-21,-2.12,-13.424,3.967,-14.076,,,,,,,
047040,대우건설,2026-08-14,2026-08-14,REJECTED,0,NO_RISING_CHANNEL,,영상 방식의 상승 평행채널을 안정적으로 구성하지 못함,,,,,,,,,,,,,,,,,,,,,,,,,,2026-08-01,2026-08-21,18010.0,4,0,-4.664,17170.0,2026-08-18,-4.498,17200.0,2026-08-19,-7.218,16710.0,2026-08-20,-11.549,15930.0,2026-08-21,,,,,,,,,,,,,,,,,,,,,,,,,,,,,,,,,,,,,,,,,,,,,,,,,2026-08-21,-4.498,-11.549,0.777,-12.215,,,,,,,
047040,대우건설,2026-08-18,2026-08-18,REJECTED,0,NO_RISING_CHANNEL,,영상 방식의 상승 평행채널을 안정적으로 구성하지 못함,,,,,,,,,,,,,,,,,,,,,,,,,,2026-08-01,2026-08-21,17170.0,3,0,0.175,17200.0,2026-08-19,-2.679,16710.0,2026-08-20,-7.222,15930.0,2026-08-21,,,,,,,,,,,,,,,,,,,,,,,,,,,,,,,,,,,,,,,,,,,,,,,,,,,,2026-08-21,0.175,-7.222,1.922,-7.921,,,,,,,
047040,대우건설,2026-08-19,2026-08-19,REJECTED,0,NO_RISING_CHANNEL,,영상 방식의 상승 평행채널을 안정적으로 구성하지 못함,,,,,,,,,,,,,,,,,,,,,,,,,,2026-08-01,2026-08-21,17200.0,2,0,-2.849,16710.0,2026-08-20,-7.384,15930.0,2026-08-21,,,,,,,,,,,,,,,,,,,,,,,,,,,,,,,,,,,,,,,,,,,,,,,,,,,,,,,2026-08-21,-2.849,-7.384,0.698,-8.081,,,,,,,
047040,대우건설,2026-08-20,2026-08-20,REJECTED,49,TREND_BROKEN_OR_NOT_UPTREND,상승추세 안의 단기 조정 + 전저점 유지 | 상승 평행채널 유효(커버리지 82%) | 최근 추세 하단(싼 구간) 접촉 | 추세 바닥권 거래량 급증 양봉 | 거래량 기준봉 저가 지지 | 거래량 기준봉 고가 돌파,중기 상승 구조 미확인,16710.0,False,12.65,True,0.8214,0.4568,True,14593.75,16910.0,19130.0,19226.25,14155.9375,1.2,15.06,False,False,False,18.07,False,False,True,2026-08-04,True,True,2.06,2026-08-01,2026-08-21,16710.0,1,0,-4.668,15930.0,2026-08-21,,,,,,,,,,,,,,,,,,,,,,,,,,,,,,,,,,,,,,,,,,,,,,,,,,,,,,,,,,2026-08-21,-4.668,-4.668,-1.257,-5.386,,,,,,,
047040,대우건설,2026-08-21,2026-08-21,REJECTED,54,TREND_BROKEN_OR_NOT_UPTREND,상승추세 안의 단기 조정 + 전저점 유지 | 상승 평행채널 유효(커버리지 83%) | 최근 추세 하단(싼 구간) 접촉 | 현재도 채널 하단권 | 추세 바닥권 거래량 급증 양봉 | 거래량 기준봉 저가 지지 | 거래량 기준봉 고가 돌파,중기 상승 구조 미확인,15930.0,False,16.73,True,0.8276,0.2815,True,14625.8333,16942.0833,19130.0,19258.3333,14187.0583,6.35,20.89,False,False,False,17.67,False,False,True,2026-08-04,True,True,2.06,2026-08-01,2026-08-21,15930.0,0,0,,,,,,,,,,,,,,,,,,,,,,,,,,,,,,,,,,,,,,,,,,,,,,,,,,,,,,,,,,,,,,,,,,,,,,,,
007660,이수페타시스,2026-08-03,2026-08-03,REJECTED,0,NO_RISING_CHANNEL,,영상 방식의 상승 평행채널을 안정적으로 구성하지 못함,,,,,,,,,,,,,,,,,,,,,,,,,,2026-08-01,2026-08-21,74500.0,13,0,6.846,79600.0,2026-08-04,13.691,84700.0,2026-08-05,11.544,83100.0,2026-08-06,10.47,82300.0,2026-08-07,24.832,93000.0,2026-08-10,17.852,87800.0,2026-08-11,20.94,90100.0,2026-08-12,29.933,96800.0,2026-08-13,28.322,95600.0,2026-08-14,38.121,102900.0,2026-08-18,40.134,104400.0,2026-08-19,40.94,105000.0,2026-08-20,33.289,99300.0,2026-08-21,,,,,,,,,,,,,,,,,,,,,,2026-08-21,40.94,6.846,48.725,-2.685,,,,,,,
007660,이수페타시스,2026-08-04,2026-08-04,REJECTED,0,NO_RISING_CHANNEL,,영상 방식의 상승 평행채널을 안정적으로 구성하지 못함,,,,,,,,,,,,,,,,,,,,,,,,,,2026-08-01,2026-08-21,79600.0,12,0,6.407,84700.0,2026-08-05,4.397,83100.0,2026-08-06,3.392,82300.0,2026-08-07,16.834,93000.0,2026-08-10,10.302,87800.0,2026-08-11,13.191,90100.0,2026-08-12,21.608,96800.0,2026-08-13,20.101,95600.0,2026-08-14,29.271,102900.0,2026-08-18,31.156,104400.0,2026-08-19,31.91,105000.0,2026-08-20,24.749,99300.0,2026-08-21,,,,,,,,,,,,,,,,,,,,,,,,,2026-08-21,31.91,3.392,39.196,0.503,,,,,,,
007660,이수페타시스,2026-08-05,2026-08-05,REJECTED,0,NO_RISING_CHANNEL,,영상 방식의 상승 평행채널을 안정적으로 구성하지 못함,,,,,,,,,,,,,,,,,,,,,,,,,,2026-08-01,2026-08-21,84700.0,11,0,-1.889,83100.0,2026-08-06,-2.834,82300.0,2026-08-07,9.799,93000.0,2026-08-10,3.66,87800.0,2026-08-11,6.375,90100.0,2026-08-12,14.286,96800.0,2026-08-13,12.869,95600.0,2026-08-14,21.488,102900.0,2026-08-18,23.259,104400.0,2026-08-19,23.967,105000.0,2026-08-20,17.237,99300.0,2026-08-21,,,,,,,,,,,,,,,,,,,,,,,,,,,,2026-08-21,23.967,-2.834,30.815,-5.549,,,,,,,
007660,이수페타시스,2026-08-06,2026-08-06,REJECTED,0,NO_RISING_CHANNEL,,영상 방식의 상승 평행채널을 안정적으로 구성하지 못함,,,,,,,,,,,,,,,,,,,,,,,,,,2026-08-01,2026-08-21,83100.0,10,0,-0.963,82300.0,2026-08-07,11.913,93000.0,2026-08-10,5.656,87800.0,2026-08-11,8.424,90100.0,2026-08-12,16.486,96800.0,2026-08-13,15.042,95600.0,2026-08-14,23.827,102900.0,2026-08-18,25.632,104400.0,2026-08-19,26.354,105000.0,2026-08-20,19.495,99300.0,2026-08-21,,,,,,,,,,,,,,,,,,,,,,,,,,,,,,,2026-08-21,26.354,-0.963,33.333,-3.73,,,,,,,
007660,이수페타시스,2026-08-07,2026-08-07,REJECTED,0,NO_RISING_CHANNEL,,영상 방식의 상승 평행채널을 안정적으로 구성하지 못함,,,,,,,,,,,,,,,,,,,,,,,,,,2026-08-01,2026-08-21,82300.0,9,0,13.001,93000.0,2026-08-10,6.683,87800.0,2026-08-11,9.478,90100.0,2026-08-12,17.618,96800.0,2026-08-13,16.16,95600.0,2026-08-14,25.03,102900.0,2026-08-18,26.853,104400.0,2026-08-19,27.582,105000.0,2026-08-20,20.656,99300.0,2026-08-21,,,,,,,,,,,,,,,,,,,,,,,,,,,,,,,,,,2026-08-21,27.582,6.683,34.629,0.972,,,,,,,
007660,이수페타시스,2026-08-10,2026-08-10,REJECTED,0,NO_RISING_CHANNEL,,영상 방식의 상승 평행채널을 안정적으로 구성하지 못함,,,,,,,,,,,,,,,,,,,,,,,,,,2026-08-01,2026-08-21,93000.0,8,0,-5.591,87800.0,2026-08-11,-3.118,90100.0,2026-08-12,4.086,96800.0,2026-08-13,2.796,95600.0,2026-08-14,10.645,102900.0,2026-08-18,12.258,104400.0,2026-08-19,12.903,105000.0,2026-08-20,6.774,99300.0,2026-08-21,,,,,,,,,,,,,,,,,,,,,,,,,,,,,,,,,,,,,2026-08-21,12.903,-5.591,19.14,-6.237,,,,,,,
007660,이수페타시스,2026-08-11,2026-08-11,REJECTED,0,NO_RISING_CHANNEL,,영상 방식의 상승 평행채널을 안정적으로 구성하지 못함,,,,,,,,,,,,,,,,,,,,,,,,,,2026-08-01,2026-08-21,87800.0,7,0,2.62,90100.0,2026-08-12,10.251,96800.0,2026-08-13,8.884,95600.0,2026-08-14,17.198,102900.0,2026-08-18,18.907,104400.0,2026-08-19,19.59,105000.0,2026-08-20,13.098,99300.0,2026-08-21,,,,,,,,,,,,,,,,,,,,,,,,,,,,,,,,,,,,,,,,2026-08-21,19.59,2.62,26.196,-0.342,,,,,,,
007660,이수페타시스,2026-08-12,2026-08-12,REJECTED,0,NO_RISING_CHANNEL,,영상 방식의 상승 평행채널을 안정적으로 구성하지 못함,,,,,,,,,,,,,,,,,,,,,,,,,,2026-08-01,2026-08-21,90100.0,6,0,7.436,96800.0,2026-08-13,6.104,95600.0,2026-08-14,14.206,102900.0,2026-08-18,15.871,104400.0,2026-08-19,16.537,105000.0,2026-08-20,10.211,99300.0,2026-08-21,,,,,,,,,,,,,,,,,,,,,,,,,,,,,,,,,,,,,,,,,,,2026-08-21,16.537,6.104,22.974,-0.111,,,,,,,
007660,이수페타시스,2026-08-13,2026-08-13,REJECTED,0,NO_RISING_CHANNEL,,영상 방식의 상승 평행채널을 안정적으로 구성하지 못함,,,,,,,,,,,,,,,,,,,,,,,,,,2026-08-01,2026-08-21,96800.0,5,0,-1.24,95600.0,2026-08-14,6.302,102900.0,2026-08-18,7.851,104400.0,2026-08-19,8.471,105000.0,2026-08-20,2.583,99300.0,2026-08-21,,,,,,,,,,,,,,,,,,,,,,,,,,,,,,,,,,,,,,,,,,,,,,2026-08-21,8.471,-1.24,14.463,-7.025,,,,,,,
007660,이수페타시스,2026-08-14,2026-08-14,REJECTED,0,NO_RISING_CHANNEL,,영상 방식의 상승 평행채널을 안정적으로 구성하지 못함,,,,,,,,,,,,,,,,,,,,,,,,,,2026-08-01,2026-08-21,95600.0,4,0,7.636,102900.0,2026-08-18,9.205,104400.0,2026-08-19,9.833,105000.0,2026-08-20,3.87,99300.0,2026-08-21,,,,,,,,,,,,,,,,,,,,,,,,,,,,,,,,,,,,,,,,,,,,,,,,,2026-08-21,9.833,3.87,15.9,-0.105,,,,,,,
007660,이수페타시스,2026-08-18,2026-08-18,REJECTED,0,NO_RISING_CHANNEL,,영상 방식의 상승 평행채널을 안정적으로 구성하지 못함,,,,,,,,,,,,,,,,,,,,,,,,,,2026-08-01,2026-08-21,102900.0,3,0,1.458,104400.0,2026-08-19,2.041,105000.0,2026-08-20,-3.499,99300.0,2026-08-21,,,,,,,,,,,,,,,,,,,,,,,,,,,,,,,,,,,,,,,,,,,,,,,,,,,,2026-08-21,2.041,-3.499,7.677,-5.442,,,,,,,
007660,이수페타시스,2026-08-19,2026-08-19,REJECTED,0,NO_RISING_CHANNEL,,영상 방식의 상승 평행채널을 안정적으로 구성하지 못함,,,,,,,,,,,,,,,,,,,,,,,,,,2026-08-01,2026-08-21,104400.0,2,0,0.575,105000.0,2026-08-20,-4.885,99300.0,2026-08-21,,,,,,,,,,,,,,,,,,,,,,,,,,,,,,,,,,,,,,,,,,,,,,,,,,,,,,,2026-08-21,0.575,-4.885,1.533,-6.801,,,,,,,
007660,이수페타시스,2026-08-20,2026-08-20,REJECTED,0,NO_RISING_CHANNEL,,영상 방식의 상승 평행채널을 안정적으로 구성하지 못함,,,,,,,,,,,,,,,,,,,,,,,,,,2026-08-01,2026-08-21,105000.0,1,0,-5.429,99300.0,2026-08-21,,,,,,,,,,,,,,,,,,,,,,,,,,,,,,,,,,,,,,,,,,,,,,,,,,,,,,,,,,2026-08-21,-5.429,-5.429,-0.952,-7.333,,,,,,,
007660,이수페타시스,2026-08-21,2026-08-21,REJECTED,0,NO_RISING_CHANNEL,,영상 방식의 상승 평행채널을 안정적으로 구성하지 못함,,,,,,,,,,,,,,,,,,,,,,,,,,2026-08-01,2026-08-21,99300.0,0,0,,,,,,,,,,,,,,,,,,,,,,,,,,,,,,,,,,,,,,,,,,,,,,,,,,,,,,,,,,,,,,,,,,,,,,,,
005387,현대차2우B,2026-08-03,2026-08-03,REJECTED,0,NO_RISING_CHANNEL,,영상 방식의 상승 평행채널을 안정적으로 구성하지 못함,,,,,,,,,,,,,,,,,,,,,,,,,,2026-08-01,2026-08-21,198100.0,13,0,0.0,198100.0,2026-08-04,3.231,204500.0,2026-08-05,2.221,202500.0,2026-08-06,1.212,200500.0,2026-08-07,1.716,201500.0,2026-08-10,0.656,199400.0,2026-08-11,1.212,200500.0,2026-08-12,1.716,201500.0,2026-08-13,7.521,213000.0,2026-08-14,4.493,207000.0,2026-08-18,0.252,198600.0,2026-08-19,0.303,198700.0,2026-08-20,-1.01,196100.0,2026-08-21,,,,,,,,,,,,,,,,,,,,,,2026-08-21,7.521,-1.01,8.279,-2.019,,,,,,,
005387,현대차2우B,2026-08-04,2026-08-04,REJECTED,0,NO_RISING_CHANNEL,,영상 방식의 상승 평행채널을 안정적으로 구성하지 못함,,,,,,,,,,,,,,,,,,,,,,,,,,2026-08-01,2026-08-21,198100.0,12,0,3.231,204500.0,2026-08-05,2.221,202500.0,2026-08-06,1.212,200500.0,2026-08-07,1.716,201500.0,2026-08-10,0.656,199400.0,2026-08-11,1.212,200500.0,2026-08-12,1.716,201500.0,2026-08-13,7.521,213000.0,2026-08-14,4.493,207000.0,2026-08-18,0.252,198600.0,2026-08-19,0.303,198700.0,2026-08-20,-1.01,196100.0,2026-08-21,,,,,,,,,,,,,,,,,,,,,,,,,2026-08-21,7.521,-1.01,8.279,-1.514,,,,,,,
005387,현대차2우B,2026-08-05,2026-08-05,REJECTED,0,NO_RISING_CHANNEL,,영상 방식의 상승 평행채널을 안정적으로 구성하지 못함,,,,,,,,,,,,,,,,,,,,,,,,,,2026-08-01,2026-08-21,204500.0,11,0,-0.978,202500.0,2026-08-06,-1.956,200500.0,2026-08-07,-1.467,201500.0,2026-08-10,-2.494,199400.0,2026-08-11,-1.956,200500.0,2026-08-12,-1.467,201500.0,2026-08-13,4.156,213000.0,2026-08-14,1.222,207000.0,2026-08-18,-2.885,198600.0,2026-08-19,-2.836,198700.0,2026-08-20,-4.108,196100.0,2026-08-21,,,,,,,,,,,,,,,,,,,,,,,,,,,,2026-08-21,4.156,-4.108,4.89,-4.597,,,,,,,
005387,현대차2우B,2026-08-06,2026-08-06,REJECTED,0,NO_RISING_CHANNEL,,영상 방식의 상승 평행채널을 안정적으로 구성하지 못함,,,,,,,,,,,,,,,,,,,,,,,,,,2026-08-01,2026-08-21,202500.0,10,0,-0.988,200500.0,2026-08-07,-0.494,201500.0,2026-08-10,-1.531,199400.0,2026-08-11,-0.988,200500.0,2026-08-12,-0.494,201500.0,2026-08-13,5.185,213000.0,2026-08-14,2.222,207000.0,2026-08-18,-1.926,198600.0,2026-08-19,-1.877,198700.0,2026-08-20,-3.16,196100.0,2026-08-21,,,,,,,,,,,,,,,,,,,,,,,,,,,,,,,2026-08-21,5.185,-3.16,5.926,-3.654,,,,,,,
005387,현대차2우B,2026-08-07,2026-08-07,REJECTED,0,NO_RISING_CHANNEL,,영상 방식의 상승 평행채널을 안정적으로 구성하지 못함,,,,,,,,,,,,,,,,,,,,,,,,,,2026-08-01,2026-08-21,200500.0,9,0,0.499,201500.0,2026-08-10,-0.549,199400.0,2026-08-11,0.0,200500.0,2026-08-12,0.499,201500.0,2026-08-13,6.234,213000.0,2026-08-14,3.242,207000.0,2026-08-18,-0.948,198600.0,2026-08-19,-0.898,198700.0,2026-08-20,-2.195,196100.0,2026-08-21,,,,,,,,,,,,,,,,,,,,,,,,,,,,,,,,,,2026-08-21,6.234,-2.195,6.983,-2.693,,,,,,,
005387,현대차2우B,2026-08-10,2026-08-10,REJECTED,0,NO_RISING_CHANNEL,,영상 방식의 상승 평행채널을 안정적으로 구성하지 못함,,,,,,,,,,,,,,,,,,,,,,,,,,2026-08-01,2026-08-21,201500.0,8,0,-1.042,199400.0,2026-08-11,-0.496,200500.0,2026-08-12,0.0,201500.0,2026-08-13,5.707,213000.0,2026-08-14,2.73,207000.0,2026-08-18,-1.439,198600.0,2026-08-19,-1.39,198700.0,2026-08-20,-2.68,196100.0,2026-08-21,,,,,,,,,,,,,,,,,,,,,,,,,,,,,,,,,,,,,2026-08-21,5.707,-2.68,6.452,-3.176,,,,,,,
005387,현대차2우B,2026-08-11,2026-08-11,REJECTED,30,TREND_BROKEN_OR_NOT_UPTREND,상승추세 안의 단기 조정 + 전저점 유지 | 상승 평행채널 유효(커버리지 100%) | 최근 추세 하단(싼 구간) 접촉,중기 상승 구조 미확인,199400.0,False,4.13,True,1.0,0.7554,True,171450.0,189950.0,208000.0,208450.0,166306.5,-4.74,4.54,False,False,False,15.02,False,True,False,,False,False,,2026-08-01,2026-08-21,199400.0,7,0,0.552,200500.0,2026-08-12,1.053,201500.0,2026-08-13,6.82,213000.0,2026-08-14,3.811,207000.0,2026-08-18,-0.401,198600.0,2026-08-19,-0.351,198700.0,2026-08-20,-1.655,196100.0,2026-08-21,,,,,,,,,,,,,,,,,,,,,,,,,,,,,,,,,,,,,,,,2026-08-21,6.82,-1.655,7.573,-2.156,,,,,,,
005387,현대차2우B,2026-08-12,2026-08-12,REJECTED,30,TREND_BROKEN_OR_NOT_UPTREND,상승추세 안의 단기 조정 + 전저점 유지 | 상승 평행채널 유효(커버리지 100%) | 최근 추세 하단(싼 구간) 접촉,중기 상승 구조 미확인,200500.0,False,3.61,True,1.0,0.7811,True,171600.0,190100.0,208000.0,208600.0,166452.0,-5.19,4.04,False,False,False,14.26,False,True,False,,False,False,,2026-08-01,2026-08-21,200500.0,6,0,0.499,201500.0,2026-08-13,6.234,213000.0,2026-08-14,3.242,207000.0,2026-08-18,-0.948,198600.0,2026-08-19,-0.898,198700.0,2026-08-20,-2.195,196100.0,2026-08-21,,,,,,,,,,,,,,,,,,,,,,,,,,,,,,,,,,,,,,,,,,,2026-08-21,6.234,-2.195,6.983,-2.693,,,,,,,
005387,현대차2우B,2026-08-13,2026-08-13,REJECTED,50,CONDITIONS_INCOMPLETE,중기 Higher High + Higher Low | 상승추세 안의 단기 조정 + 전저점 유지 | 상승 평행채널 유효(커버리지 100%) | 최근 추세 하단(싼 구간) 접촉,,201500.0,True,3.12,True,1.0,0.8041,True,171750.0,190250.0,208000.0,208750.0,191090.0,-5.58,3.6,False,False,False,13.56,False,True,False,,False,False,,2026-08-01,2026-08-21,201500.0,5,0,5.707,213000.0,2026-08-14,2.73,207000.0,2026-08-18,-1.439,198600.0,2026-08-19,-1.39,198700.0,2026-08-20,-2.68,196100.0,2026-08-21,,,,,,,,,,,,,,,,,,,,,,,,,,,,,,,,,,,,,,,,,,,,,,2026-08-21,5.707,-2.68,6.452,-3.176,,,,,,,
005387,현대차2우B,2026-08-14,2026-08-14,REJECTED,40,CONDITIONS_INCOMPLETE,중기 Higher High + Higher Low | 상승 평행채널 유효(커버리지 94%) | 최근 추세 하단(싼 구간) 접촉,,213000.0,True,0.0,True,0.9412,1.1108,True,171900.0,190400.0,208000.0,208900.0,191090.0,-10.61,-1.92,False,False,False,12.18,False,True,False,,False,False,,2026-08-01,2026-08-21,213000.0,4,0,-2.817,207000.0,2026-08-18,-6.761,198600.0,2026-08-19,-6.714,198700.0,2026-08-20,-7.934,196100.0,2026-08-21,,,,,,,,,,,,,,,,,,,,,,,,,,,,,,,,,,,,,,,,,,,,,,,,,2026-08-21,-2.817,-7.934,0.704,-8.404,,,,,,,
005387,현대차2우B,2026-08-18,2026-08-18,REJECTED,50,CONDITIONS_INCOMPLETE,중기 Higher High + Higher Low | 상승추세 안의 단기 조정 + 전저점 유지 | 상승 평행채널 유효(커버리지 94%) | 최근 추세 하단(싼 구간) 접촉,,207000.0,True,3.5,True,0.9444,0.9446,True,172050.0,190550.0,208000.0,209050.0,191090.0,-7.95,0.99,False,False,False,11.72,False,True,False,,False,False,,2026-08-01,2026-08-21,207000.0,3,0,-4.058,198600.0,2026-08-19,-4.01,198700.0,2026-08-20,-5.266,196100.0,2026-08-21,,,,,,,,,,,,,,,,,,,,,,,,,,,,,,,,,,,,,,,,,,,,,,,,,,,,2026-08-21,-4.01,-5.266,-2.657,-5.749,,,,,,,
005387,현대차2우B,2026-08-19,2026-08-19,REJECTED,50,CONDITIONS_INCOMPLETE,중기 Higher High + Higher Low | 상승추세 안의 단기 조정 + 전저점 유지 | 상승 평행채널 유효(커버리지 95%) | 최근 추세 하단(싼 구간) 접촉,,198600.0,True,7.41,True,0.9474,0.7135,True,172200.0,190700.0,208000.0,209200.0,191090.0,-3.98,5.34,False,False,False,11.42,False,False,False,,False,False,,2026-08-01,2026-08-21,198600.0,2,0,0.05,198700.0,2026-08-20,-1.259,196100.0,2026-08-21,,,,,,,,,,,,,,,,,,,,,,,,,,,,,,,,,,,,,,,,,,,,,,,,,,,,,,,2026-08-21,0.05,-1.259,1.46,-1.762,,,,,,,
005387,현대차2우B,2026-08-20,2026-08-20,REJECTED,50,CONDITIONS_INCOMPLETE,중기 Higher High + Higher Low | 상승추세 안의 단기 조정 + 전저점 유지 | 상승 평행채널 유효(커버리지 95%) | 최근 추세 하단(싼 구간) 접촉,,198700.0,True,7.37,True,0.95,0.7122,True,172350.0,190850.0,208000.0,209350.0,191090.0,-3.95,5.36,False,False,False,10.79,False,False,False,,False,False,,2026-08-01,2026-08-21,198700.0,1,0,-1.309,196100.0,2026-08-21,,,,,,,,,,,,,,,,,,,,,,,,,,,,,,,,,,,,,,,,,,,,,,,,,,,,,,,,,,2026-08-21,-1.309,-1.309,-0.201,-1.812,,,,,,,
005387,현대차2우B,2026-08-21,2026-08-21,REJECTED,40,CONDITIONS_INCOMPLETE,중기 Higher High + Higher Low | 상승추세 안의 단기 조정 + 전저점 유지 | 상승 평행채널 유효(커버리지 100%),,196100.0,True,8.58,True,1.0,0.4825,False,177629.4118,196770.5882,214500.0,215911.7647,191090.0,0.34,10.1,False,False,False,10.52,False,False,False,,False,False,,2026-08-01,2026-08-21,196100.0,0,0,,,,,,,,,,,,,,,,,,,,,,,,,,,,,,,,,,,,,,,,,,,,,,,,,,,,,,,,,,,,,,,,,,,,,,,,
064400,LG씨엔에스,2026-08-03,2026-08-03,REJECTED,0,NO_RISING_CHANNEL,,영상 방식의 상승 평행채널을 안정적으로 구성하지 못함,,,,,,,,,,,,,,,,,,,,,,,,,,2026-08-01,2026-08-21,62500.0,13,0,8.96,68100.0,2026-08-04,17.28,73300.0,2026-08-05,15.36,72100.0,2026-08-06,16.16,72600.0,2026-08-07,17.76,73600.0,2026-08-10,20.96,75600.0,2026-08-11,23.68,77300.0,2026-08-12,25.44,78400.0,2026-08-13,27.84,79900.0,2026-08-14,18.24,73900.0,2026-08-18,13.6,71000.0,2026-08-19,18.08,73800.0,2026-08-20,14.56,71600.0,2026-08-21,,,,,,,,,,,,,,,,,,,,,,2026-08-21,27.84,8.96,34.4,0.8,,,,,,,
064400,LG씨엔에스,2026-08-04,2026-08-04,REJECTED,0,NO_RISING_CHANNEL,,영상 방식의 상승 평행채널을 안정적으로 구성하지 못함,,,,,,,,,,,,,,,,,,,,,,,,,,2026-08-01,2026-08-21,68100.0,12,0,7.636,73300.0,2026-08-05,5.874,72100.0,2026-08-06,6.608,72600.0,2026-08-07,8.076,73600.0,2026-08-10,11.013,75600.0,2026-08-11,13.51,77300.0,2026-08-12,15.125,78400.0,2026-08-13,17.327,79900.0,2026-08-14,8.517,73900.0,2026-08-18,4.258,71000.0,2026-08-19,8.37,73800.0,2026-08-20,5.14,71600.0,2026-08-21,,,,,,,,,,,,,,,,,,,,,,,,,2026-08-21,17.327,4.258,23.348,-0.441,,,,,,,
064400,LG씨엔에스,2026-08-05,2026-08-05,REJECTED,0,NO_RISING_CHANNEL,,영상 방식의 상승 평행채널을 안정적으로 구성하지 못함,,,,,,,,,,,,,,,,,,,,,,,,,,2026-08-01,2026-08-21,73300.0,11,0,-1.637,72100.0,2026-08-06,-0.955,72600.0,2026-08-07,0.409,73600.0,2026-08-10,3.138,75600.0,2026-08-11,5.457,77300.0,2026-08-12,6.958,78400.0,2026-08-13,9.004,79900.0,2026-08-14,0.819,73900.0,2026-08-18,-3.138,71000.0,2026-08-19,0.682,73800.0,2026-08-20,-2.319,71600.0,2026-08-21,,,,,,,,,,,,,,,,,,,,,,,,,,,,2026-08-21,9.004,-3.138,14.598,-4.502,,,,,,,
064400,LG씨엔에스,2026-08-06,2026-08-06,REJECTED,0,NO_RISING_CHANNEL,,영상 방식의 상승 평행채널을 안정적으로 구성하지 못함,,,,,,,,,,,,,,,,,,,,,,,,,,2026-08-01,2026-08-21,72100.0,10,0,0.693,72600.0,2026-08-07,2.08,73600.0,2026-08-10,4.854,75600.0,2026-08-11,7.212,77300.0,2026-08-12,8.738,78400.0,2026-08-13,10.818,79900.0,2026-08-14,2.497,73900.0,2026-08-18,-1.526,71000.0,2026-08-19,2.358,73800.0,2026-08-20,-0.693,71600.0,2026-08-21,,,,,,,,,,,,,,,,,,,,,,,,,,,,,,,2026-08-21,10.818,-1.526,16.505,-2.913,,,,,,,
064400,LG씨엔에스,2026-08-07,2026-08-07,REJECTED,0,NO_RISING_CHANNEL,,영상 방식의 상승 평행채널을 안정적으로 구성하지 못함,,,,,,,,,,,,,,,,,,,,,,,,,,2026-08-01,2026-08-21,72600.0,9,0,1.377,73600.0,2026-08-10,4.132,75600.0,2026-08-11,6.474,77300.0,2026-08-12,7.989,78400.0,2026-08-13,10.055,79900.0,2026-08-14,1.791,73900.0,2026-08-18,-2.204,71000.0,2026-08-19,1.653,73800.0,2026-08-20,-1.377,71600.0,2026-08-21,,,,,,,,,,,,,,,,,,,,,,,,,,,,,,,,,,2026-08-21,10.055,-2.204,15.702,-3.581,,,,,,,
064400,LG씨엔에스,2026-08-10,2026-08-10,REJECTED,0,NO_RISING_CHANNEL,,영상 방식의 상승 평행채널을 안정적으로 구성하지 못함,,,,,,,,,,,,,,,,,,,,,,,,,,2026-08-01,2026-08-21,73600.0,8,0,2.717,75600.0,2026-08-11,5.027,77300.0,2026-08-12,6.522,78400.0,2026-08-13,8.56,79900.0,2026-08-14,0.408,73900.0,2026-08-18,-3.533,71000.0,2026-08-19,0.272,73800.0,2026-08-20,-2.717,71600.0,2026-08-21,,,,,,,,,,,,,,,,,,,,,,,,,,,,,,,,,,,,,2026-08-21,8.56,-3.533,14.13,-4.891,,,,,,,
064400,LG씨엔에스,2026-08-11,2026-08-11,REJECTED,0,NO_RISING_CHANNEL,,영상 방식의 상승 평행채널을 안정적으로 구성하지 못함,,,,,,,,,,,,,,,,,,,,,,,,,,2026-08-01,2026-08-21,75600.0,7,0,2.249,77300.0,2026-08-12,3.704,78400.0,2026-08-13,5.688,79900.0,2026-08-14,-2.249,73900.0,2026-08-18,-6.085,71000.0,2026-08-19,-2.381,73800.0,2026-08-20,-5.291,71600.0,2026-08-21,,,,,,,,,,,,,,,,,,,,,,,,,,,,,,,,,,,,,,,,2026-08-21,5.688,-6.085,11.111,-7.407,,,,,,,
064400,LG씨엔에스,2026-08-12,2026-08-12,REJECTED,0,NO_RISING_CHANNEL,,영상 방식의 상승 평행채널을 안정적으로 구성하지 못함,,,,,,,,,,,,,,,,,,,,,,,,,,2026-08-01,2026-08-21,77300.0,6,0,1.423,78400.0,2026-08-13,3.364,79900.0,2026-08-14,-4.398,73900.0,2026-08-18,-8.15,71000.0,2026-08-19,-4.528,73800.0,2026-08-20,-7.374,71600.0,2026-08-21,,,,,,,,,,,,,,,,,,,,,,,,,,,,,,,,,,,,,,,,,,,2026-08-21,3.364,-8.15,8.668,-9.444,,,,,,,
064400,LG씨엔에스,2026-08-13,2026-08-13,REJECTED,0,NO_RISING_CHANNEL,,영상 방식의 상승 평행채널을 안정적으로 구성하지 못함,,,,,,,,,,,,,,,,,,,,,,,,,,2026-08-01,2026-08-21,78400.0,5,0,1.913,79900.0,2026-08-14,-5.74,73900.0,2026-08-18,-9.439,71000.0,2026-08-19,-5.867,73800.0,2026-08-20,-8.673,71600.0,2026-08-21,,,,,,,,,,,,,,,,,,,,,,,,,,,,,,,,,,,,,,,,,,,,,,2026-08-21,1.913,-9.439,7.143,-10.714,,,,,,,
064400,LG씨엔에스,2026-08-14,2026-08-14,REJECTED,0,NO_RISING_CHANNEL,,영상 방식의 상승 평행채널을 안정적으로 구성하지 못함,,,,,,,,,,,,,,,,,,,,,,,,,,2026-08-01,2026-08-21,79900.0,4,0,-7.509,73900.0,2026-08-18,-11.139,71000.0,2026-08-19,-7.635,73800.0,2026-08-20,-10.388,71600.0,2026-08-21,,,,,,,,,,,,,,,,,,,,,,,,,,,,,,,,,,,,,,,,,,,,,,,,,2026-08-21,-7.509,-11.139,5.006,-12.39,,,,,,,
064400,LG씨엔에스,2026-08-18,2026-08-18,REJECTED,0,NO_RISING_CHANNEL,,영상 방식의 상승 평행채널을 안정적으로 구성하지 못함,,,,,,,,,,,,,,,,,,,,,,,,,,2026-08-01,2026-08-21,73900.0,3,0,-3.924,71000.0,2026-08-19,-0.135,73800.0,2026-08-20,-3.112,71600.0,2026-08-21,,,,,,,,,,,,,,,,,,,,,,,,,,,,,,,,,,,,,,,,,,,,,,,,,,,,2026-08-21,-0.135,-3.924,2.3,-5.277,,,,,,,
064400,LG씨엔에스,2026-08-19,2026-08-19,REJECTED,0,NO_RISING_CHANNEL,,영상 방식의 상승 평행채널을 안정적으로 구성하지 못함,,,,,,,,,,,,,,,,,,,,,,,,,,2026-08-01,2026-08-21,71000.0,2,0,3.944,73800.0,2026-08-20,0.845,71600.0,2026-08-21,,,,,,,,,,,,,,,,,,,,,,,,,,,,,,,,,,,,,,,,,,,,,,,,,,,,,,,2026-08-21,3.944,0.845,6.479,-0.423,,,,,,,
064400,LG씨엔에스,2026-08-20,2026-08-20,REJECTED,30,TREND_BROKEN_OR_NOT_UPTREND,상승추세 안의 단기 조정 + 전저점 유지 | 상승 평행채널 유효(커버리지 100%) | 최근 추세 하단(싼 구간) 접촉,중기 상승 구조 미확인,73800.0,False,12.14,True,1.0,0.5961,True,58493.3333,71331.6667,84000.0,84170.0,56738.5333,-3.34,14.05,False,False,False,14.88,False,False,False,,False,False,,2026-08-01,2026-08-21,73800.0,1,0,-2.981,71600.0,2026-08-21,,,,,,,,,,,,,,,,,,,,,,,,,,,,,,,,,,,,,,,,,,,,,,,,,,,,,,,,,,2026-08-21,-2.981,-2.981,-0.271,-4.201,,,,,,,
064400,LG씨엔에스,2026-08-21,2026-08-21,REJECTED,30,TREND_BROKEN_OR_NOT_UPTREND,상승추세 안의 단기 조정 + 전저점 유지 | 상승 평행채널 유효(커버리지 100%) | 최근 추세 하단(싼 구간) 접촉,중기 상승 구조 미확인,71600.0,False,14.76,True,1.0,0.5082,True,58550.0,71388.3333,84000.0,84226.6667,56793.5,-0.3,17.64,False,False,False,14.96,False,False,False,,False,False,,2026-08-01,2026-08-21,71600.0,0,0,,,,,,,,,,,,,,,,,,,,,,,,,,,,,,,,,,,,,,,,,,,,,,,,,,,,,,,,,,,,,,,,,,,,,,,,
003230,삼양식품,2026-08-03,2026-08-03,REJECTED,43,TREND_BROKEN_OR_NOT_UPTREND,상승추세 안의 단기 조정 + 전저점 유지 | 상승 평행채널 유효(커버리지 100%) | 최근 추세 하단(싼 구간) 접촉 | 추세 하단 부근 쌍바닥/Higher-Low 형태 | 이동평균선 밀집,중기 상승 구조 미확인,1151000.0,False,12.93,True,1.0,0.4118,True,1062000.0,1170055.5556,1322000.0,1278111.1111,1030140.0,1.66,11.04,True,False,True,4.72,False,False,False,,False,False,,2026-08-01,2026-08-21,1151000.0,13,0,5.908,1219000.0,2026-08-04,5.126,1210000.0,2026-08-05,7.124,1233000.0,2026-08-06,13.467,1306000.0,2026-08-07,11.903,1288000.0,2026-08-10,8.949,1254000.0,2026-08-11,4.605,1204000.0,2026-08-12,5.908,1219000.0,2026-08-13,10.339,1270000.0,2026-08-14,15.899,1334000.0,2026-08-18,13.293,1304000.0,2026-08-19,21.373,1397000.0,2026-08-20,18.679,1366000.0,2026-08-21,,,,,,,,,,,,,,,,,,,,,,2026-08-21,21.373,4.605,22.676,-2.606,,,,,,,
003230,삼양식품,2026-08-04,2026-08-04,REJECTED,51,TREND_BROKEN_OR_NOT_UPTREND,상승추세 안의 단기 조정 + 전저점 유지 | 상승 평행채널 유효(커버리지 100%) | 최근 추세 하단(싼 구간) 접촉 | 추세 하단 부근 쌍바닥/Higher-Low 형태 | 이동평균선 밀집 | 이동평균선 재돌파,중기 상승 구조 미확인,1219000.0,False,7.79,True,1.0,0.7177,True,1063888.8889,1171944.4444,1322000.0,1280000.0,1031972.2222,-3.86,5.0,True,False,True,4.55,True,False,False,,False,False,,2026-08-01,2026-08-21,1219000.0,12,0,-0.738,1210000.0,2026-08-05,1.148,1233000.0,2026-08-06,7.137,1306000.0,2026-08-07,5.66,1288000.0,2026-08-10,2.871,1254000.0,2026-08-11,-1.231,1204000.0,2026-08-12,0.0,1219000.0,2026-08-13,4.184,1270000.0,2026-08-14,9.434,1334000.0,2026-08-18,6.973,1304000.0,2026-08-19,14.602,1397000.0,2026-08-20,12.059,1366000.0,2026-08-21,,,,,,,,,,,,,,,,,,,,,,,,,2026-08-21,14.602,-1.231,15.833,-2.215,,,,,,,
003230,삼양식품,2026-08-05,2026-08-05,REJECTED,53,TREND_BROKEN_OR_NOT_UPTREND,상승추세 안의 단기 조정 + 전저점 유지 | 상승 평행채널 유효(커버리지 100%) | 최근 추세 하단(싼 구간) 접촉 | 추세 하단 부근 쌍바닥/Higher-Low 형태 | 이동평균선 밀집 | 이동평균선 재돌파 | 재상승 후 5일선 지지,중기 상승 구조 미확인,1210000.0,False,8.47,True,1.0,0.6674,True,1065777.7778,1173833.3333,1322000.0,1281888.8889,1033804.4444,-2.99,5.94,True,False,True,4.47,True,True,False,,False,False,,2026-08-01,2026-08-21,1210000.0,11,0,1.901,1233000.0,2026-08-06,7.934,1306000.0,2026-08-07,6.446,1288000.0,2026-08-10,3.636,1254000.0,2026-08-11,-0.496,1204000.0,2026-08-12,0.744,1219000.0,2026-08-13,4.959,1270000.0,2026-08-14,10.248,1334000.0,2026-08-18,7.769,1304000.0,2026-08-19,15.455,1397000.0,2026-08-20,12.893,1366000.0,2026-08-21,,,,,,,,,,,,,,,,,,,,,,,,,,,,2026-08-21,15.455,-0.496,16.694,-1.322,,,,,,,
003230,삼양식품,2026-08-06,2026-08-06,REJECTED,53,TREND_BROKEN_OR_NOT_UPTREND,상승추세 안의 단기 조정 + 전저점 유지 | 상승 평행채널 유효(커버리지 100%) | 최근 추세 하단(싼 구간) 접촉 | 추세 하단 부근 쌍바닥/Higher-Low 형태 | 이동평균선 밀집 | 이동평균선 재돌파 | 재상승 후 5일선 지지,중기 상승 구조 미확인,1233000.0,False,6.73,True,1.0,0.765,True,1067666.6667,1175722.2222,1322000.0,1283777.7778,1035636.6667,-4.65,4.12,True,False,True,3.87,True,True,False,,False,False,,2026-08-01,2026-08-21,1233000.0,10,0,5.921,1306000.0,2026-08-07,4.461,1288000.0,2026-08-10,1.703,1254000.0,2026-08-11,-2.352,1204000.0,2026-08-12,-1.135,1219000.0,2026-08-13,3.001,1270000.0,2026-08-14,8.191,1334000.0,2026-08-18,5.758,1304000.0,2026-08-19,13.301,1397000.0,2026-08-20,10.787,1366000.0,2026-08-21,,,,,,,,,,,,,,,,,,,,,,,,,,,,,,,2026-08-21,13.301,-2.352,14.517,-3.163,,,,,,,
003230,삼양식품,2026-08-07,2026-08-07,WATCH,68,LOWER_CHANNEL_WATCH,중기 Higher High + Higher Low | 상승 평행채널 유효(커버리지 100%) | 최근 추세 하단(싼 구간) 접촉 | 추세 하단 부근 쌍바닥/Higher-Low 형태 | 쌍바닥 넥라인 돌파 확인 | 이동평균선 밀집 | 이동평균선 재돌파 | 재상승 후 5일선 지지,,1306000.0,True,1.21,True,1.0,0.8247,True,1117562.5,1231812.5,1322000.0,1346062.5,1087370.0,-5.68,3.07,True,True,True,4.99,True,True,False,,False,False,,2026-08-01,2026-08-21,1306000.0,9,0,-1.378,1288000.0,2026-08-10,-3.982,1254000.0,2026-08-11,-7.81,1204000.0,2026-08-12,-6.662,1219000.0,2026-08-13,-2.757,1270000.0,2026-08-14,2.144,1334000.0,2026-08-18,-0.153,1304000.0,2026-08-19,6.968,1397000.0,2026-08-20,4.594,1366000.0,2026-08-21,,,,,,,,,,,,,,,,,,,,,,,,,,,,,,,,,,2026-08-21,6.968,-7.81,8.116,-8.576,,,1.0,1.0,0.0,UPPER,2026-08-19
003230,삼양식품,2026-08-10,2026-08-10,WATCH,60,LOWER_CHANNEL_WATCH,중기 Higher High + Higher Low | 상승 평행채널 유효(커버리지 100%) | 최근 추세 하단(싼 구간) 접촉 | 추세 하단 부근 쌍바닥/Higher-Low 형태 | 쌍바닥 넥라인 돌파 확인 | 이동평균선 재돌파 | 재상승 후 5일선 지지,,1288000.0,True,2.65,True,1.0,0.7309,True,1121000.0,1235250.0,1322000.0,1349500.0,1087370.0,-4.1,4.77,True,True,False,6.61,True,True,False,,False,False,,2026-08-01,2026-08-21,1288000.0,8,0,-2.64,1254000.0,2026-08-11,-6.522,1204000.0,2026-08-12,-5.357,1219000.0,2026-08-13,-1.398,1270000.0,2026-08-14,3.571,1334000.0,2026-08-18,1.242,1304000.0,2026-08-19,8.463,1397000.0,2026-08-20,6.056,1366000.0,2026-08-21,,,,,,,,,,,,,,,,,,,,,,,,,,,,,,,,,,,,,2026-08-21,8.463,-6.522,9.627,-7.298,,,1.0,1.0,0.0,UPPER,2026-08-19
003230,삼양식품,2026-08-11,2026-08-11,WATCH,60,LOWER_CHANNEL_WATCH,중기 Higher High + Higher Low | 상승추세 안의 단기 조정 + 전저점 유지 | 상승 평행채널 유효(커버리지 100%) | 최근 추세 하단(싼 구간) 접촉 | 추세 하단 부근 쌍바닥/Higher-Low 형태 | 쌍바닥 넥라인 돌파 확인,,1254000.0,True,5.86,True,1.0,0.567,True,1124437.5,1238687.5,1322000.0,1352937.5,1090704.375,-1.22,7.89,True,True,False,6.77,False,True,False,,False,False,,2026-08-01,2026-08-21,1254000.0,7,0,-3.987,1204000.0,2026-08-12,-2.791,1219000.0,2026-08-13,1.276,1270000.0,2026-08-14,6.38,1334000.0,2026-08-18,3.987,1304000.0,2026-08-19,11.404,1397000.0,2026-08-20,8.931,1366000.0,2026-08-21,,,,,,,,,,,,,,,,,,,,,,,,,,,,,,,,,,,,,,,,2026-08-21,11.404,-3.987,12.6,-4.785,,,1.0,1.0,0.0,UPPER,2026-08-19
003230,삼양식품,2026-08-12,2026-08-12,WATCH,60,LOWER_CHANNEL_WATCH,중기 Higher High + Higher Low | 상승추세 안의 단기 조정 + 전저점 유지 | 상승 평행채널 유효(커버리지 100%) | 최근 추세 하단(싼 구간) 접촉 | 현재도 채널 하단권 | 추세 하단 부근 쌍바닥/Higher-Low 형태,,1204000.0,True,9.61,True,1.0,0.3332,True,1127875.0,1242125.0,1322000.0,1356375.0,1094038.75,3.17,12.66,True,False,False,7.18,False,False,False,,False,False,,2026-08-01,2026-08-21,1204000.0,6,0,1.246,1219000.0,2026-08-13,5.482,1270000.0,2026-08-14,10.797,1334000.0,2026-08-18,8.306,1304000.0,2026-08-19,16.03,1397000.0,2026-08-20,13.455,1366000.0,2026-08-21,,,,,,,,,,,,,,,,,,,,,,,,,,,,,,,,,,,,,,,,,,,2026-08-21,16.03,1.246,17.276,-0.831,,1.0,1.0,1.0,0.0,UPPER,2026-08-19
003230,삼양식품,2026-08-13,2026-08-13,REJECTED,55,CONDITIONS_INCOMPLETE,중기 Higher High + Higher Low | 상승추세 안의 단기 조정 + 전저점 유지 | 상승 평행채널 유효(커버리지 100%) | 최근 추세 하단(싼 구간) 접촉 | 추세 하단 부근 쌍바닥/Higher-Low 형태,,1219000.0,True,8.48,True,1.0,0.3838,True,1131312.5,1245562.5,1322000.0,1359812.5,1097373.125,2.18,11.55,True,False,False,7.07,False,False,False,,False,False,,2026-08-01,2026-08-21,1219000.0,5,0,4.184,1270000.0,2026-08-14,9.434,1334000.0,2026-08-18,6.973,1304000.0,2026-08-19,14.602,1397000.0,2026-08-20,12.059,1366000.0,2026-08-21,,,,,,,,,,,,,,,,,,,,,,,,,,,,,,,,,,,,,,,,,,,,,,2026-08-21,14.602,4.184,15.833,-1.887,,,,,,,
003230,삼양식품,2026-08-14,2026-08-14,WATCH,76,LOWER_CHANNEL_WATCH,중기 Higher High + Higher Low | 상승추세 안의 단기 조정 + 전저점 유지 | 상승 평행채널 유효(커버리지 100%) | 최근 추세 하단(싼 구간) 접촉 | 추세 하단 부근 쌍바닥/Higher-Low 형태 | 쌍바닥 넥라인 돌파 확인 | 이동평균선 밀집 | 이동평균선 재돌파,,1270000.0,True,4.65,True,1.0,0.6846,True,1116365.8537,1228573.1707,1332000.0,1340780.4878,1087370.0,-3.26,5.57,True,True,True,6.38,True,False,False,,False,False,,2026-08-01,2026-08-21,1270000.0,4,0,5.039,1334000.0,2026-08-18,2.677,1304000.0,2026-08-19,10.0,1397000.0,2026-08-20,7.559,1366000.0,2026-08-21,,,,,,,,,,,,,,,,,,,,,,,,,,,,,,,,,,,,,,,,,,,,,,,,,2026-08-21,10.0,2.677,11.181,-0.866,,,1.0,1.0,0.0,UPPER,2026-08-18
003230,삼양식품,2026-08-18,2026-08-18,WATCH,60,LOWER_CHANNEL_WATCH,중기 Higher High + Higher Low | 상승 평행채널 유효(커버리지 100%) | 최근 추세 하단(싼 구간) 접촉 | 추세 하단 부근 쌍바닥/Higher-Low 형태 | 쌍바닥 넥라인 돌파 확인 | 이동평균선 재돌파 | 재상승 후 5일선 지지,,1334000.0,True,1.55,True,1.0,0.9567,True,1119292.6829,1231500.0,1332000.0,1343707.3171,1087370.0,-7.68,0.73,True,True,False,6.79,True,True,False,,False,False,,2026-08-01,2026-08-21,1334000.0,3,0,-2.249,1304000.0,2026-08-19,4.723,1397000.0,2026-08-20,2.399,1366000.0,2026-08-21,,,,,,,,,,,,,,,,,,,,,,,,,,,,,,,,,,,,,,,,,,,,,,,,,,,,2026-08-21,4.723,-2.249,5.847,-3.298,,,,1.0,0.0,UPPER,2026-08-19
003230,삼양식품,2026-08-19,2026-08-19,WATCH,70,LOWER_CHANNEL_WATCH,중기 Higher High + Higher Low | 상승추세 안의 단기 조정 + 전저점 유지 | 상승 평행채널 유효(커버리지 100%) | 최근 추세 하단(싼 구간) 접촉 | 추세 하단 부근 쌍바닥/Higher-Low 형태 | 쌍바닥 넥라인 돌파 확인 | 이동평균선 재돌파 | 재상승 후 5일선 지지,,1304000.0,True,6.32,True,1.0,0.81,True,1122219.5122,1234426.8293,1332000.0,1346634.1463,1088552.9268,-5.34,3.27,True,True,False,7.73,True,True,False,,False,False,,2026-08-01,2026-08-21,1304000.0,2,0,7.132,1397000.0,2026-08-20,4.755,1366000.0,2026-08-21,,,,,,,,,,,,,,,,,,,,,,,,,,,,,,,,,,,,,,,,,,,,,,,,,,,,,,,2026-08-21,7.132,4.755,8.282,-1.074,,,1.0,1.0,0.0,UPPER,2026-08-20
003230,삼양식품,2026-08-20,2026-08-20,WATCH,60,LOWER_CHANNEL_WATCH,중기 Higher High + Higher Low | 상승 평행채널 유효(커버리지 98%) | 최근 추세 하단(싼 구간) 접촉 | 추세 하단 부근 쌍바닥/Higher-Low 형태 | 쌍바닥 넥라인 돌파 확인 | 이동평균선 재돌파 | 재상승 후 5일선 지지,,1397000.0,True,1.06,True,0.9792,1.2114,True,1125146.3415,1237353.6585,1332000.0,1349560.9756,1091391.9512,-11.43,-3.4,True,True,False,9.88,True,True,False,,False,False,,2026-08-01,2026-08-21,1397000.0,1,0,-2.219,1366000.0,2026-08-21,,,,,,,,,,,,,,,,,,,,,,,,,,,,,,,,,,,,,,,,,,,,,,,,,,,,,,,,,,2026-08-21,-2.219,-2.219,0.787,-2.792,,,,,0.0,TIMEOUT,2026-08-21
003230,삼양식품,2026-08-21,2026-08-21,WATCH,70,LOWER_CHANNEL_WATCH,중기 Higher High + Higher Low | 상승추세 안의 단기 조정 + 전저점 유지 | 상승 평행채널 유효(커버리지 98%) | 최근 추세 하단(싼 구간) 접촉 | 추세 하단 부근 쌍바닥/Higher-Low 형태 | 쌍바닥 넥라인 돌파 확인 | 이동평균선 재돌파 | 재상승 후 5일선 지지,,1366000.0,True,3.26,True,0.9796,1.0602,True,1128073.1707,1240280.4878,1332000.0,1352487.8049,1094230.9756,-9.2,-0.99,True,True,False,12.17,True,True,False,,False,False,,2026-08-01,2026-08-21,1366000.0,0,0,,,,,,,,,,,,,,,,,,,,,,,,,,,,,,,,,,,,,,,,,,,,,,,,,,,,,,,,,,,,,,,,,,,,,,,,
161390,한국타이어앤테크놀로지,2026-08-03,2026-08-03,WATCH,63,LOWER_CHANNEL_WATCH,중기 Higher High + Higher Low | 상승추세 안의 단기 조정 + 전저점 유지 | 상승 평행채널 유효(커버리지 97%) | 최근 추세 하단(싼 구간) 접촉 | 현재도 채널 하단권 | 이동평균선 밀집,,66800.0,True,13.92,True,0.9706,0.0404,True,66293.3333,72565.0,77600.0,78836.6667,64505.0,8.63,18.02,False,False,True,5.78,False,True,False,,False,False,,2026-08-01,2026-08-21,66800.0,13,0,1.347,67700.0,2026-08-04,1.347,67700.0,2026-08-05,5.539,70500.0,2026-08-06,5.539,70500.0,2026-08-07,4.79,70000.0,2026-08-10,-1.946,65500.0,2026-08-11,4.94,70100.0,2026-08-12,7.036,71500.0,2026-08-13,7.186,71600.0,2026-08-14,3.443,69100.0,2026-08-18,1.946,68100.0,2026-08-19,-0.449,66500.0,2026-08-20,-1.198,66000.0,2026-08-21,,,,,,,,,,,,,,,,,,,,,,2026-08-21,7.186,-1.946,9.581,-4.042,,0.0,0.0,0.0,1.0,STOP,2026-08-11
161390,한국타이어앤테크놀로지,2026-08-04,2026-08-04,REJECTED,43,TREND_BROKEN_OR_NOT_UPTREND,상승추세 안의 단기 조정 + 전저점 유지 | 상승 평행채널 유효(커버리지 100%) | 최근 추세 하단(싼 구간) 접촉 | 현재도 채널 하단권 | 이동평균선 밀집,중기 상승 구조 미확인,67700.0,False,12.76,True,1.0,0.2511,True,64104.0,71264.0,77600.0,78424.0,62180.88,5.26,15.84,False,False,True,5.2,False,True,False,,False,False,,2026-08-01,2026-08-21,67700.0,12,0,0.0,67700.0,2026-08-05,4.136,70500.0,2026-08-06,4.136,70500.0,2026-08-07,3.397,70000.0,2026-08-10,-3.25,65500.0,2026-08-11,3.545,70100.0,2026-08-12,5.613,71500.0,2026-08-13,5.761,71600.0,2026-08-14,2.068,69100.0,2026-08-18,0.591,68100.0,2026-08-19,-1.773,66500.0,2026-08-20,-2.511,66000.0,2026-08-21,,,,,,,,,,,,,,,,,,,,,,,,,2026-08-21,5.761,-3.25,8.124,-5.318,,,,,,,
161390,한국타이어앤테크놀로지,2026-08-05,2026-08-05,REJECTED,43,TREND_BROKEN_OR_NOT_UPTREND,상승추세 안의 단기 조정 + 전저점 유지 | 상승 평행채널 유효(커버리지 100%) | 최근 추세 하단(싼 구간) 접촉 | 현재도 채널 하단권 | 이동평균선 밀집,중기 상승 구조 미확인,67700.0,False,12.76,True,1.0,0.2394,True,64272.0,71432.0,77600.0,78592.0,62343.84,5.51,16.09,False,False,True,4.26,False,True,False,,False,False,,2026-08-01,2026-08-21,67700.0,11,0,4.136,70500.0,2026-08-06,4.136,70500.0,2026-08-07,3.397,70000.0,2026-08-10,-3.25,65500.0,2026-08-11,3.545,70100.0,2026-08-12,5.613,71500.0,2026-08-13,5.761,71600.0,2026-08-14,2.068,69100.0,2026-08-18,0.591,68100.0,2026-08-19,-1.773,66500.0,2026-08-20,-2.511,66000.0,2026-08-21,,,,,,,,,,,,,,,,,,,,,,,,,,,,2026-08-21,5.761,-3.25,8.124,-5.318,,,,,,,
161390,한국타이어앤테크놀로지,2026-08-06,2026-08-06,REJECTED,48,TREND_BROKEN_OR_NOT_UPTREND,상승추세 안의 단기 조정 + 전저점 유지 | 상승 평행채널 유효(커버리지 100%) | 최근 추세 하단(싼 구간) 접촉 | 이동평균선 밀집 | 이동평균선 재돌파 | 재상승 후 5일선 지지,중기 상승 구조 미확인,70500.0,False,9.15,True,1.0,0.4232,True,64440.0,71600.0,77600.0,78760.0,62506.8,1.56,11.72,False,False,True,3.69,True,True,False,,False,False,,2026-08-01,2026-08-21,70500.0,10,0,0.0,70500.0,2026-08-07,-0.709,70000.0,2026-08-10,-7.092,65500.0,2026-08-11,-0.567,70100.0,2026-08-12,1.418,71500.0,2026-08-13,1.56,71600.0,2026-08-14,-1.986,69100.0,2026-08-18,-3.404,68100.0,2026-08-19,-5.674,66500.0,2026-08-20,-6.383,66000.0,2026-08-21,,,,,,,,,,,,,,,,,,,,,,,,,,,,,,,2026-08-21,1.56,-7.092,3.83,-9.078,,,,,,,
161390,한국타이어앤테크놀로지,2026-08-07,2026-08-07,REJECTED,48,TREND_BROKEN_OR_NOT_UPTREND,상승추세 안의 단기 조정 + 전저점 유지 | 상승 평행채널 유효(커버리지 100%) | 최근 추세 하단(싼 구간) 접촉 | 이동평균선 밀집 | 이동평균선 재돌파 | 재상승 후 5일선 지지,중기 상승 구조 미확인,70500.0,False,9.15,True,1.0,0.4115,True,64608.0,71768.0,77600.0,78928.0,62669.76,1.8,11.95,False,False,True,3.41,True,True,False,,False,False,,2026-08-01,2026-08-21,70500.0,9,0,-0.709,70000.0,2026-08-10,-7.092,65500.0,2026-08-11,-0.567,70100.0,2026-08-12,1.418,71500.0,2026-08-13,1.56,71600.0,2026-08-14,-1.986,69100.0,2026-08-18,-3.404,68100.0,2026-08-19,-5.674,66500.0,2026-08-20,-6.383,66000.0,2026-08-21,,,,,,,,,,,,,,,,,,,,,,,,,,,,,,,,,,2026-08-21,1.56,-7.092,3.83,-9.078,,,,,,,
161390,한국타이어앤테크놀로지,2026-08-10,2026-08-10,REJECTED,48,TREND_BROKEN_OR_NOT_UPTREND,상승추세 안의 단기 조정 + 전저점 유지 | 상승 평행채널 유효(커버리지 100%) | 최근 추세 하단(싼 구간) 접촉 | 이동평균선 밀집 | 이동평균선 재돌파 | 재상승 후 5일선 지지,중기 상승 구조 미확인,70000.0,False,9.79,True,1.0,0.3648,True,64776.0,71936.0,77600.0,79096.0,62832.72,2.77,12.99,False,False,True,3.07,True,True,False,,False,False,,2026-08-01,2026-08-21,70000.0,8,0,-6.429,65500.0,2026-08-11,0.143,70100.0,2026-08-12,2.143,71500.0,2026-08-13,2.286,71600.0,2026-08-14,-1.286,69100.0,2026-08-18,-2.714,68100.0,2026-08-19,-5.0,66500.0,2026-08-20,-5.714,66000.0,2026-08-21,,,,,,,,,,,,,,,,,,,,,,,,,,,,,,,,,,,,,2026-08-21,2.286,-6.429,4.571,-8.429,,,,,,,
161390,한국타이어앤테크놀로지,2026-08-11,2026-08-11,REJECTED,43,TREND_BROKEN_OR_NOT_UPTREND,상승추세 안의 단기 조정 + 전저점 유지 | 상승 평행채널 유효(커버리지 95%) | 최근 추세 하단(싼 구간) 접촉 | 현재도 채널 하단권 | 이동평균선 밀집,중기 상승 구조 미확인,65500.0,False,15.59,True,0.9538,0.0457,True,64786.2745,72595.098,71200.0,80403.9216,62842.6863,10.83,22.75,False,False,True,2.87,False,False,False,,False,False,,2026-08-01,2026-08-21,65500.0,7,0,7.023,70100.0,2026-08-12,9.16,71500.0,2026-08-13,9.313,71600.0,2026-08-14,5.496,69100.0,2026-08-18,3.969,68100.0,2026-08-19,1.527,66500.0,2026-08-20,0.763,66000.0,2026-08-21,,,,,,,,,,,,,,,,,,,,,,,,,,,,,,,,,,,,,,,,2026-08-21,9.313,0.763,11.756,-1.374,,,,,,,
161390,한국타이어앤테크놀로지,2026-08-12,2026-08-12,REJECTED,51,TREND_BROKEN_OR_NOT_UPTREND,상승추세 안의 단기 조정 + 전저점 유지 | 상승 평행채널 유효(커버리지 95%) | 최근 추세 하단(싼 구간) 접촉 | 현재도 채널 하단권 | 이동평균선 밀집 | 이동평균선 재돌파,중기 상승 구조 미확인,70100.0,False,9.66,True,0.9545,0.3264,True,65001.9608,72810.7843,71200.0,80619.6078,63051.902,3.87,15.01,False,False,True,2.6,True,False,False,,False,False,,2026-08-01,2026-08-21,70100.0,6,0,1.997,71500.0,2026-08-13,2.14,71600.0,2026-08-14,-1.427,69100.0,2026-08-18,-2.853,68100.0,2026-08-19,-5.136,66500.0,2026-08-20,-5.849,66000.0,2026-08-21,,,,,,,,,,,,,,,,,,,,,,,,,,,,,,,,,,,,,,,,,,,2026-08-21,2.14,-5.849,4.422,-7.846,,,,,,,
161390,한국타이어앤테크놀로지,2026-08-13,2026-08-13,REJECTED,48,TREND_BROKEN_OR_NOT_UPTREND,상승추세 안의 단기 조정 + 전저점 유지 | 상승 평행채널 유효(커버리지 96%) | 최근 추세 하단(싼 구간) 접촉 | 이동평균선 밀집 | 이동평균선 재돌파 | 재상승 후 5일선 지지,중기 상승 구조 미확인,71500.0,False,7.86,True,0.9552,0.4023,True,65217.6471,73026.4706,71200.0,80835.2941,63261.1176,2.13,13.06,False,False,True,2.38,True,True,False,,False,False,,2026-08-01,2026-08-21,71500.0,5,0,0.14,71600.0,2026-08-14,-3.357,69100.0,2026-08-18,-4.755,68100.0,2026-08-19,-6.993,66500.0,2026-08-20,-7.692,66000.0,2026-08-21,,,,,,,,,,,,,,,,,,,,,,,,,,,,,,,,,,,,,,,,,,,,,,2026-08-21,0.14,-7.692,2.378,-9.65,,,,,,,
161390,한국타이어앤테크놀로지,2026-08-14,2026-08-14,REJECTED,58,TREND_BROKEN_OR_NOT_UPTREND,상승추세 안의 단기 조정 + 전저점 유지 | 상승 평행채널 유효(커버리지 96%) | 최근 추세 하단(싼 구간) 접촉 | 추세 하단 부근 쌍바닥/Higher-Low 형태 | 쌍바닥 넥라인 돌파 확인 | 이동평균선 밀집 | 이동평균선 재돌파 | 재상승 후 5일선 지지,중기 상승 구조 미확인,71600.0,False,7.73,True,0.9559,0.3949,True,65433.3333,73242.1569,71200.0,81050.9804,63470.3333,2.29,13.2,True,True,True,2.43,True,True,False,,False,False,,2026-08-01,2026-08-21,71600.0,4,0,-3.492,69100.0,2026-08-18,-4.888,68100.0,2026-08-19,-7.123,66500.0,2026-08-20,-7.821,66000.0,2026-08-21,,,,,,,,,,,,,,,,,,,,,,,,,,,,,,,,,,,,,,,,,,,,,,,,,2026-08-21,-3.492,-7.821,-0.419,-9.777,,,,,,,
161390,한국타이어앤테크놀로지,2026-08-18,2026-08-18,REJECTED,48,TREND_BROKEN_OR_NOT_UPTREND,상승추세 안의 단기 조정 + 전저점 유지 | 상승 평행채널 유효(커버리지 96%) | 최근 추세 하단(싼 구간) 접촉 | 현재도 채널 하단권 | 추세 하단 부근 쌍바닥/Higher-Low 형태 | 이동평균선 밀집,중기 상승 구조 미확인,69100.0,False,10.95,True,0.9565,0.221,True,65649.0196,73457.8431,71200.0,81266.6667,63679.549,6.31,17.61,True,False,True,2.02,False,True,False,,False,False,,2026-08-01,2026-08-21,69100.0,3,0,-1.447,68100.0,2026-08-19,-3.763,66500.0,2026-08-20,-4.486,66000.0,2026-08-21,,,,,,,,,,,,,,,,,,,,,,,,,,,,,,,,,,,,,,,,,,,,,,,,,,,,2026-08-21,-1.447,-4.486,-1.158,-6.512,,,,,,,
161390,한국타이어앤테크놀로지,2026-08-19,2026-08-19,REJECTED,48,TREND_BROKEN_OR_NOT_UPTREND,상승추세 안의 단기 조정 + 전저점 유지 | 상승 평행채널 유효(커버리지 96%) | 최근 추세 하단(싼 구간) 접촉 | 현재도 채널 하단권 | 추세 하단 부근 쌍바닥/Higher-Low 형태 | 이동평균선 밀집,중기 상승 구조 미확인,68100.0,False,12.24,True,0.9571,0.1431,True,65864.7059,73673.5294,71200.0,81482.3529,63888.7647,8.18,19.65,True,False,True,2.66,False,False,False,,False,False,,2026-08-01,2026-08-21,68100.0,2,0,-2.349,66500.0,2026-08-20,-3.084,66000.0,2026-08-21,,,,,,,,,,,,,,,,,,,,,,,,,,,,,,,,,,,,,,,,,,,,,,,,,,,,,,,2026-08-21,-2.349,-3.084,-0.147,-5.14,,,,,,,
161390,한국타이어앤테크놀로지,2026-08-20,2026-08-20,WATCH,68,LOWER_CHANNEL_WATCH,중기 Higher High + Higher Low | 상승추세 안의 단기 조정 + 전저점 유지 | 상승 평행채널 유효(커버리지 100%) | 최근 추세 하단(싼 구간) 접촉 | 현재도 채널 하단권 | 추세 하단 부근 쌍바닥/Higher-Low 형태 | 이동평균선 밀집,,66500.0,True,14.3,True,1.0,-0.0119,True,66680.0,74230.0,73200.0,81780.0,64679.6,11.62,22.98,True,False,True,1.56,False,False,False,,False,False,,2026-08-01,2026-08-21,66500.0,1,0,-0.752,66000.0,2026-08-21,,,,,,,,,,,,,,,,,,,,,,,,,,,,,,,,,,,,,,,,,,,,,,,,,,,,,,,,,,2026-08-21,-0.752,-0.752,0.15,-2.857,,0.0,0.0,0.0,1.0,STOP,2026-08-21
161390,한국타이어앤테크놀로지,2026-08-21,2026-08-21,REJECTED,68,TREND_BROKEN_OR_NOT_UPTREND,중기 Higher High + Higher Low | 상승추세 안의 단기 조정 + 전저점 유지 | 상승 평행채널 유효(커버리지 100%) | 최근 추세 하단(싼 구간) 접촉 | 현재도 채널 하단권 | 추세 하단 부근 쌍바닥/Higher-Low 형태 | 이동평균선 밀집,,66000.0,True,10.93,True,1.0,-0.0596,True,66900.0,74450.0,73200.0,82000.0,64893.0,12.8,24.24,True,False,True,0.16,False,False,False,,False,False,,2026-08-01,2026-08-21,66000.0,0,0,,,,,,,,,,,,,,,,,,,,,,,,,,,,,,,,,,,,,,,,,,,,,,,,,,,,,,,,,,,,,,,,,,,,,,,,
000880,한화,2026-08-03,2026-08-03,REJECTED,0,NO_RISING_CHANNEL,,영상 방식의 상승 평행채널을 안정적으로 구성하지 못함,,,,,,,,,,,,,,,,,,,,,,,,,,2026-08-01,2026-08-21,83800.0,13,0,0.0,83800.0,2026-08-04,0.0,83800.0,2026-08-05,0.0,83800.0,2026-08-06,0.0,83800.0,2026-08-07,0.0,83800.0,2026-08-10,0.0,83800.0,2026-08-11,0.0,83800.0,2026-08-12,0.0,83800.0,2026-08-13,0.0,83800.0,2026-08-14,0.0,83800.0,2026-08-18,0.0,83800.0,2026-08-19,0.0,83800.0,2026-08-20,0.0,83800.0,2026-08-21,,,,,,,,,,,,,,,,,,,,,,2026-08-21,0.0,0.0,-100.0,-100.0,,,,,,,
000880,한화,2026-08-04,2026-08-04,REJECTED,0,NO_RISING_CHANNEL,,영상 방식의 상승 평행채널을 안정적으로 구성하지 못함,,,,,,,,,,,,,,,,,,,,,,,,,,2026-08-01,2026-08-21,83800.0,12,0,0.0,83800.0,2026-08-05,0.0,83800.0,2026-08-06,0.0,83800.0,2026-08-07,0.0,83800.0,2026-08-10,0.0,83800.0,2026-08-11,0.0,83800.0,2026-08-12,0.0,83800.0,2026-08-13,0.0,83800.0,2026-08-14,0.0,83800.0,2026-08-18,0.0,83800.0,2026-08-19,0.0,83800.0,2026-08-20,0.0,83800.0,2026-08-21,,,,,,,,,,,,,,,,,,,,,,,,,2026-08-21,0.0,0.0,-100.0,-100.0,,,,,,,
000880,한화,2026-08-05,2026-08-05,REJECTED,0,NO_RISING_CHANNEL,,영상 방식의 상승 평행채널을 안정적으로 구성하지 못함,,,,,,,,,,,,,,,,,,,,,,,,,,2026-08-01,2026-08-21,83800.0,11,0,0.0,83800.0,2026-08-06,0.0,83800.0,2026-08-07,0.0,83800.0,2026-08-10,0.0,83800.0,2026-08-11,0.0,83800.0,2026-08-12,0.0,83800.0,2026-08-13,0.0,83800.0,2026-08-14,0.0,83800.0,2026-08-18,0.0,83800.0,2026-08-19,0.0,83800.0,2026-08-20,0.0,83800.0,2026-08-21,,,,,,,,,,,,,,,,,,,,,,,,,,,,2026-08-21,0.0,0.0,-100.0,-100.0,,,,,,,
000880,한화,2026-08-06,2026-08-06,REJECTED,0,NO_RISING_CHANNEL,,영상 방식의 상승 평행채널을 안정적으로 구성하지 못함,,,,,,,,,,,,,,,,,,,,,,,,,,2026-08-01,2026-08-21,83800.0,10,0,0.0,83800.0,2026-08-07,0.0,83800.0,2026-08-10,0.0,83800.0,2026-08-11,0.0,83800.0,2026-08-12,0.0,83800.0,2026-08-13,0.0,83800.0,2026-08-14,0.0,83800.0,2026-08-18,0.0,83800.0,2026-08-19,0.0,83800.0,2026-08-20,0.0,83800.0,2026-08-21,,,,,,,,,,,,,,,,,,,,,,,,,,,,,,,2026-08-21,0.0,0.0,-100.0,-100.0,,,,,,,
000880,한화,2026-08-07,2026-08-07,REJECTED,0,NO_RISING_CHANNEL,,영상 방식의 상승 평행채널을 안정적으로 구성하지 못함,,,,,,,,,,,,,,,,,,,,,,,,,,2026-08-01,2026-08-21,83800.0,9,0,0.0,83800.0,2026-08-10,0.0,83800.0,2026-08-11,0.0,83800.0,2026-08-12,0.0,83800.0,2026-08-13,0.0,83800.0,2026-08-14,0.0,83800.0,2026-08-18,0.0,83800.0,2026-08-19,0.0,83800.0,2026-08-20,0.0,83800.0,2026-08-21,,,,,,,,,,,,,,,,,,,,,,,,,,,,,,,,,,2026-08-21,0.0,0.0,-100.0,-100.0,,,,,,,
000880,한화,2026-08-10,2026-08-10,REJECTED,0,NO_RISING_CHANNEL,,영상 방식의 상승 평행채널을 안정적으로 구성하지 못함,,,,,,,,,,,,,,,,,,,,,,,,,,2026-08-01,2026-08-21,83800.0,8,0,0.0,83800.0,2026-08-11,0.0,83800.0,2026-08-12,0.0,83800.0,2026-08-13,0.0,83800.0,2026-08-14,0.0,83800.0,2026-08-18,0.0,83800.0,2026-08-19,0.0,83800.0,2026-08-20,0.0,83800.0,2026-08-21,,,,,,,,,,,,,,,,,,,,,,,,,,,,,,,,,,,,,2026-08-21,0.0,0.0,-100.0,-100.0,,,,,,,
000880,한화,2026-08-11,2026-08-11,REJECTED,0,NO_RISING_CHANNEL,,영상 방식의 상승 평행채널을 안정적으로 구성하지 못함,,,,,,,,,,,,,,,,,,,,,,,,,,2026-08-01,2026-08-21,83800.0,7,0,0.0,83800.0,2026-08-12,0.0,83800.0,2026-08-13,0.0,83800.0,2026-08-14,0.0,83800.0,2026-08-18,0.0,83800.0,2026-08-19,0.0,83800.0,2026-08-20,0.0,83800.0,2026-08-21,,,,,,,,,,,,,,,,,,,,,,,,,,,,,,,,,,,,,,,,2026-08-21,0.0,0.0,-100.0,-100.0,,,,,,,
000880,한화,2026-08-12,2026-08-12,REJECTED,0,NO_RISING_CHANNEL,,영상 방식의 상승 평행채널을 안정적으로 구성하지 못함,,,,,,,,,,,,,,,,,,,,,,,,,,2026-08-01,2026-08-21,83800.0,6,0,0.0,83800.0,2026-08-13,0.0,83800.0,2026-08-14,0.0,83800.0,2026-08-18,0.0,83800.0,2026-08-19,0.0,83800.0,2026-08-20,0.0,83800.0,2026-08-21,,,,,,,,,,,,,,,,,,,,,,,,,,,,,,,,,,,,,,,,,,,2026-08-21,0.0,0.0,-100.0,-100.0,,,,,,,
000880,한화,2026-08-13,2026-08-13,REJECTED,0,NO_RISING_CHANNEL,,영상 방식의 상승 평행채널을 안정적으로 구성하지 못함,,,,,,,,,,,,,,,,,,,,,,,,,,2026-08-01,2026-08-21,83800.0,5,0,0.0,83800.0,2026-08-14,0.0,83800.0,2026-08-18,0.0,83800.0,2026-08-19,0.0,83800.0,2026-08-20,0.0,83800.0,2026-08-21,,,,,,,,,,,,,,,,,,,,,,,,,,,,,,,,,,,,,,,,,,,,,,2026-08-21,0.0,0.0,-100.0,-100.0,,,,,,,
000880,한화,2026-08-14,2026-08-14,REJECTED,0,NO_RISING_CHANNEL,,영상 방식의 상승 평행채널을 안정적으로 구성하지 못함,,,,,,,,,,,,,,,,,,,,,,,,,,2026-08-01,2026-08-21,83800.0,4,0,0.0,83800.0,2026-08-18,0.0,83800.0,2026-08-19,0.0,83800.0,2026-08-20,0.0,83800.0,2026-08-21,,,,,,,,,,,,,,,,,,,,,,,,,,,,,,,,,,,,,,,,,,,,,,,,,2026-08-21,0.0,0.0,-100.0,-100.0,,,,,,,
000880,한화,2026-08-18,2026-08-18,REJECTED,0,NO_RISING_CHANNEL,,영상 방식의 상승 평행채널을 안정적으로 구성하지 못함,,,,,,,,,,,,,,,,,,,,,,,,,,2026-08-01,2026-08-21,83800.0,3,0,0.0,83800.0,2026-08-19,0.0,83800.0,2026-08-20,0.0,83800.0,2026-08-21,,,,,,,,,,,,,,,,,,,,,,,,,,,,,,,,,,,,,,,,,,,,,,,,,,,,2026-08-21,0.0,0.0,-100.0,-100.0,,,,,,,
000880,한화,2026-08-19,2026-08-19,REJECTED,0,NO_RISING_CHANNEL,,영상 방식의 상승 평행채널을 안정적으로 구성하지 못함,,,,,,,,,,,,,,,,,,,,,,,,,,2026-08-01,2026-08-21,83800.0,2,0,0.0,83800.0,2026-08-20,0.0,83800.0,2026-08-21,,,,,,,,,,,,,,,,,,,,,,,,,,,,,,,,,,,,,,,,,,,,,,,,,,,,,,,2026-08-21,0.0,0.0,-100.0,-100.0,,,,,,,
000880,한화,2026-08-20,2026-08-20,REJECTED,0,NO_RISING_CHANNEL,,영상 방식의 상승 평행채널을 안정적으로 구성하지 못함,,,,,,,,,,,,,,,,,,,,,,,,,,2026-08-01,2026-08-21,83800.0,1,0,0.0,83800.0,2026-08-21,,,,,,,,,,,,,,,,,,,,,,,,,,,,,,,,,,,,,,,,,,,,,,,,,,,,,,,,,,2026-08-21,0.0,0.0,-100.0,-100.0,,,,,,,
000880,한화,2026-08-21,2026-08-21,REJECTED,0,NO_RISING_CHANNEL,,영상 방식의 상승 평행채널을 안정적으로 구성하지 못함,,,,,,,,,,,,,,,,,,,,,,,,,,2026-08-01,2026-08-21,83800.0,0,0,,,,,,,,,,,,,,,,,,,,,,,,,,,,,,,,,,,,,,,,,,,,,,,,,,,,,,,,,,,,,,,,,,,,,,,,
180640,한진칼,2026-08-03,2026-08-03,REJECTED,58,TREND_BROKEN_OR_NOT_UPTREND,상승추세 안의 단기 조정 + 전저점 유지 | 상승 평행채널 유효(커버리지 82%) | 최근 추세 하단(싼 구간) 접촉 | 현재도 채널 하단권 | 추세 하단 부근 쌍바닥/Higher-Low 형태 | 이동평균선 밀집 | 이동평균선 재돌파 | 재상승 후 5일선 지지,중기 상승 구조 미확인,119000.0,False,17.19,True,0.8182,0.3403,True,111100.0,122707.6923,140200.0,134315.3846,107767.0,3.12,12.87,True,False,True,3.92,True,True,False,,False,False,,2026-08-01,2026-08-21,119000.0,13,0,1.176,120400.0,2026-08-04,2.941,122500.0,2026-08-05,6.891,127200.0,2026-08-06,-0.084,118900.0,2026-08-07,-1.933,116700.0,2026-08-10,-0.924,117900.0,2026-08-11,-0.672,118200.0,2026-08-12,0.0,119000.0,2026-08-13,0.84,120000.0,2026-08-14,-0.084,118900.0,2026-08-18,-2.269,116300.0,2026-08-19,-3.782,114500.0,2026-08-20,-0.924,117900.0,2026-08-21,,,,,,,,,,,,,,,,,,,,,,2026-08-21,6.891,-3.782,11.345,-5.798,,,,,,,
180640,한진칼,2026-08-04,2026-08-04,REJECTED,53,TREND_BROKEN_OR_NOT_UPTREND,상승추세 안의 단기 조정 + 전저점 유지 | 상승 평행채널 유효(커버리지 82%) | 최근 추세 하단(싼 구간) 접촉 | 추세 하단 부근 쌍바닥/Higher-Low 형태 | 이동평균선 밀집 | 이동평균선 재돌파 | 재상승 후 5일선 지지,중기 상승 구조 미확인,120400.0,False,14.12,True,0.8214,0.3917,True,111307.6923,122915.3846,140200.0,134523.0769,107968.4615,2.09,11.73,True,False,True,2.07,True,True,False,,False,False,,2026-08-01,2026-08-21,120400.0,12,0,1.744,122500.0,2026-08-05,5.648,127200.0,2026-08-06,-1.246,118900.0,2026-08-07,-3.073,116700.0,2026-08-10,-2.076,117900.0,2026-08-11,-1.827,118200.0,2026-08-12,-1.163,119000.0,2026-08-13,-0.332,120000.0,2026-08-14,-1.246,118900.0,2026-08-18,-3.405,116300.0,2026-08-19,-4.9,114500.0,2026-08-20,-2.076,117900.0,2026-08-21,,,,,,,,,,,,,,,,,,,,,,,,,2026-08-21,5.648,-4.9,10.05,-6.894,,,,,,,
180640,한진칼,2026-08-05,2026-08-05,REJECTED,53,TREND_BROKEN_OR_NOT_UPTREND,상승추세 안의 단기 조정 + 전저점 유지 | 상승 평행채널 유효(커버리지 82%) | 최근 추세 하단(싼 구간) 접촉 | 추세 하단 부근 쌍바닥/Higher-Low 형태 | 이동평균선 밀집 | 이동평균선 재돌파 | 재상승 후 5일선 지지,중기 상승 구조 미확인,122500.0,False,12.62,True,0.8246,0.4732,True,111515.3846,123123.0769,140200.0,134730.7692,108169.9231,0.51,9.98,True,False,True,1.53,True,True,False,,False,False,,2026-08-01,2026-08-21,122500.0,11,0,3.837,127200.0,2026-08-06,-2.939,118900.0,2026-08-07,-4.735,116700.0,2026-08-10,-3.755,117900.0,2026-08-11,-3.51,118200.0,2026-08-12,-2.857,119000.0,2026-08-13,-2.041,120000.0,2026-08-14,-2.939,118900.0,2026-08-18,-5.061,116300.0,2026-08-19,-6.531,114500.0,2026-08-20,-3.755,117900.0,2026-08-21,,,,,,,,,,,,,,,,,,,,,,,,,,,,2026-08-21,3.837,-6.531,4.245,-8.49,,,,,,,
180640,한진칼,2026-08-06,2026-08-06,REJECTED,53,TREND_BROKEN_OR_NOT_UPTREND,상승추세 안의 단기 조정 + 전저점 유지 | 상승 평행채널 유효(커버리지 83%) | 최근 추세 하단(싼 구간) 접촉 | 추세 하단 부근 쌍바닥/Higher-Low 형태 | 이동평균선 밀집 | 이동평균선 재돌파 | 재상승 후 5일선 지지,중기 상승 구조 미확인,127200.0,False,9.27,True,0.8276,0.6667,True,111723.0769,123330.7692,140200.0,134938.4615,108371.3846,-3.04,6.08,True,False,True,4.46,True,True,False,,False,False,,2026-08-01,2026-08-21,127200.0,10,0,-6.525,118900.0,2026-08-07,-8.255,116700.0,2026-08-10,-7.311,117900.0,2026-08-11,-7.075,118200.0,2026-08-12,-6.447,119000.0,2026-08-13,-5.66,120000.0,2026-08-14,-6.525,118900.0,2026-08-18,-8.569,116300.0,2026-08-19,-9.984,114500.0,2026-08-20,-7.311,117900.0,2026-08-21,,,,,,,,,,,,,,,,,,,,,,,,,,,,,,,2026-08-21,-5.66,-9.984,-0.157,-11.871,,,,,,,
180640,한진칼,2026-08-07,2026-08-07,REJECTED,48,TREND_BROKEN_OR_NOT_UPTREND,상승추세 안의 단기 조정 + 전저점 유지 | 상승 평행채널 유효(커버리지 83%) | 최근 추세 하단(싼 구간) 접촉 | 현재도 채널 하단권 | 추세 하단 부근 쌍바닥/Higher-Low 형태 | 이동평균선 밀집,중기 상승 구조 미확인,118900.0,False,15.19,True,0.8305,0.3002,True,111930.7692,123538.4615,140200.0,135146.1538,108572.8462,3.9,13.66,True,False,True,6.28,False,False,False,,False,False,,2026-08-01,2026-08-21,118900.0,9,0,-1.85,116700.0,2026-08-10,-0.841,117900.0,2026-08-11,-0.589,118200.0,2026-08-12,0.084,119000.0,2026-08-13,0.925,120000.0,2026-08-14,0.0,118900.0,2026-08-18,-2.187,116300.0,2026-08-19,-3.701,114500.0,2026-08-20,-0.841,117900.0,2026-08-21,,,,,,,,,,,,,,,,,,,,,,,,,,,,,,,,,,2026-08-21,0.925,-3.701,2.944,-5.719,,,,,,,
180640,한진칼,2026-08-10,2026-08-10,REJECTED,40,TREND_BROKEN_OR_NOT_UPTREND,상승추세 안의 단기 조정 + 전저점 유지 | 상승 평행채널 유효(커버리지 100%) | 최근 추세 하단(싼 구간) 접촉 | 현재도 채널 하단권 | 추세 하단 부근 쌍바닥/Higher-Low 형태,중기 상승 구조 미확인,116700.0,False,16.76,True,1.0,0.2094,True,107942.4242,128850.0,132500.0,149757.5758,104704.1515,10.41,28.33,True,False,False,6.77,False,False,False,,False,False,,2026-08-01,2026-08-21,116700.0,8,0,1.028,117900.0,2026-08-11,1.285,118200.0,2026-08-12,1.971,119000.0,2026-08-13,2.828,120000.0,2026-08-14,1.885,118900.0,2026-08-18,-0.343,116300.0,2026-08-19,-1.885,114500.0,2026-08-20,1.028,117900.0,2026-08-21,,,,,,,,,,,,,,,,,,,,,,,,,,,,,,,,,,,,,2026-08-21,2.828,-1.885,4.884,-3.942,,,,,,,
180640,한진칼,2026-08-11,2026-08-11,REJECTED,35,TREND_BROKEN_OR_NOT_UPTREND,상승추세 안의 단기 조정 + 전저점 유지 | 상승 평행채널 유효(커버리지 100%) | 최근 추세 하단(싼 구간) 접촉 | 현재도 채널 하단권,중기 상승 구조 미확인,117900.0,False,13.75,True,1.0,0.2261,True,108445.4545,129353.0303,132500.0,150260.6061,105192.0909,9.71,27.45,False,False,False,6.86,False,False,False,,False,False,,2026-08-01,2026-08-21,117900.0,7,0,0.254,118200.0,2026-08-12,0.933,119000.0,2026-08-13,1.781,120000.0,2026-08-14,0.848,118900.0,2026-08-18,-1.357,116300.0,2026-08-19,-2.884,114500.0,2026-08-20,0.0,117900.0,2026-08-21,,,,,,,,,,,,,,,,,,,,,,,,,,,,,,,,,,,,,,,,2026-08-21,1.781,-2.884,3.817,-4.919,,,,,,,
180640,한진칼,2026-08-12,2026-08-12,REJECTED,43,TREND_BROKEN_OR_NOT_UPTREND,상승추세 안의 단기 조정 + 전저점 유지 | 상승 평행채널 유효(커버리지 100%) | 최근 추세 하단(싼 구간) 접촉 | 현재도 채널 하단권 | 이동평균선 밀집,중기 상승 구조 미확인,118200.0,False,10.79,True,1.0,0.2212,True,108948.4848,129856.0606,132500.0,150763.6364,105680.0303,9.86,27.55,False,False,True,5.83,False,True,False,,False,False,,2026-08-01,2026-08-21,118200.0,6,0,0.677,119000.0,2026-08-13,1.523,120000.0,2026-08-14,0.592,118900.0,2026-08-18,-1.607,116300.0,2026-08-19,-3.13,114500.0,2026-08-20,-0.254,117900.0,2026-08-21,,,,,,,,,,,,,,,,,,,,,,,,,,,,,,,,,,,,,,,,,,,2026-08-21,1.523,-3.13,3.13,-5.161,,,,,,,
180640,한진칼,2026-08-13,2026-08-13,REJECTED,53,TREND_BROKEN_OR_NOT_UPTREND,상승추세 안의 단기 조정 + 전저점 유지 | 상승 평행채널 유효(커버리지 100%) | 최근 추세 하단(싼 구간) 접촉 | 현재도 채널 하단권 | 이동평균선 밀집 | 이동평균선 재돌파 | 재상승 후 5일선 지지,중기 상승 구조 미확인,119000.0,False,10.19,True,1.0,0.2283,True,109451.5152,130359.0909,132500.0,151266.6667,108931.0,9.55,27.11,False,False,True,4.13,True,True,False,,False,False,,2026-08-01,2026-08-21,119000.0,5,0,0.84,120000.0,2026-08-14,-0.084,118900.0,2026-08-18,-2.269,116300.0,2026-08-19,-3.782,114500.0,2026-08-20,-0.924,117900.0,2026-08-21,,,,,,,,,,,,,,,,,,,,,,,,,,,,,,,,,,,,,,,,,,,,,,2026-08-21,0.84,-3.782,1.513,-5.798,,,,,,,
180640,한진칼,2026-08-14,2026-08-14,REJECTED,53,TREND_BROKEN_OR_NOT_UPTREND,상승추세 안의 단기 조정 + 전저점 유지 | 상승 평행채널 유효(커버리지 100%) | 최근 추세 하단(싼 구간) 접촉 | 현재도 채널 하단권 | 이동평균선 밀집 | 이동평균선 재돌파 | 재상승 후 5일선 지지,중기 상승 구조 미확인,120000.0,False,9.43,True,1.0,0.2402,True,109954.5455,130862.1212,132500.0,151769.697,108931.0,9.05,26.47,False,False,True,4.0,True,True,False,,False,False,,2026-08-01,2026-08-21,120000.0,4,0,-0.917,118900.0,2026-08-18,-3.083,116300.0,2026-08-19,-4.583,114500.0,2026-08-20,-1.75,117900.0,2026-08-21,,,,,,,,,,,,,,,,,,,,,,,,,,,,,,,,,,,,,,,,,,,,,,,,,2026-08-21,-0.917,-4.583,-0.5,-6.583,,,,,,,
180640,한진칼,2026-08-18,2026-08-18,REJECTED,51,TREND_BROKEN_OR_NOT_UPTREND,상승추세 안의 단기 조정 + 전저점 유지 | 상승 평행채널 유효(커버리지 100%) | 최근 추세 하단(싼 구간) 접촉 | 현재도 채널 하단권 | 이동평균선 밀집 | 이동평균선 재돌파,중기 상승 구조 미확인,118900.0,False,10.26,True,1.0,0.2019,True,110457.5758,131365.1515,132500.0,152272.7273,108931.0,10.48,28.07,False,False,True,3.86,True,False,False,,False,False,,2026-08-01,2026-08-21,118900.0,3,0,-2.187,116300.0,2026-08-19,-3.701,114500.0,2026-08-20,-0.841,117900.0,2026-08-21,,,,,,,,,,,,,,,,,,,,,,,,,,,,,,,,,,,,,,,,,,,,,,,,,,,,2026-08-21,-0.841,-3.701,-0.084,-5.719,,,,,,,
180640,한진칼,2026-08-19,2026-08-19,REJECTED,43,TREND_BROKEN_OR_NOT_UPTREND,상승추세 안의 단기 조정 + 전저점 유지 | 상승 평행채널 유효(커버리지 100%) | 최근 추세 하단(싼 구간) 접촉 | 현재도 채널 하단권 | 이동평균선 밀집,중기 상승 구조 미확인,116300.0,False,12.23,True,1.0,0.1277,True,110960.6061,131868.1818,132500.0,152775.7576,108931.0,13.39,31.36,False,False,True,3.1,False,False,False,,False,False,,2026-08-01,2026-08-21,116300.0,2,0,-1.548,114500.0,2026-08-20,1.376,117900.0,2026-08-21,,,,,,,,,,,,,,,,,,,,,,,,,,,,,,,,,,,,,,,,,,,,,,,,,,,,,,,2026-08-21,1.376,-1.548,2.15,-3.009,,,,,,,
180640,한진칼,2026-08-20,2026-08-20,REJECTED,43,TREND_BROKEN_OR_NOT_UPTREND,상승추세 안의 단기 조정 + 전저점 유지 | 상승 평행채널 유효(커버리지 100%) | 최근 추세 하단(싼 구간) 접촉 | 현재도 채널 하단권 | 이동평균선 밀집,중기 상승 구조 미확인,114500.0,False,13.58,True,1.0,0.0726,True,111463.6364,132371.2121,132500.0,153278.7879,108931.0,15.61,33.87,False,False,True,1.93,False,False,False,,False,False,,2026-08-01,2026-08-21,114500.0,1,0,2.969,117900.0,2026-08-21,,,,,,,,,,,,,,,,,,,,,,,,,,,,,,,,,,,,,,,,,,,,,,,,,,,,,,,,,,2026-08-21,2.969,2.969,3.755,-1.485,,,,,,,
180640,한진칼,2026-08-21,2026-08-21,REJECTED,51,TREND_BROKEN_OR_NOT_UPTREND,상승추세 안의 단기 조정 + 전저점 유지 | 상승 평행채널 유효(커버리지 100%) | 최근 추세 하단(싼 구간) 접촉 | 현재도 채널 하단권 | 이동평균선 밀집 | 이동평균선 재돌파,중기 상승 구조 미확인,117900.0,False,11.02,True,1.0,0.1419,True,111966.6667,132874.2424,132500.0,153781.8182,108931.0,12.7,30.43,False,False,True,1.19,True,False,False,,False,False,,2026-08-01,2026-08-21,117900.0,0,0,,,,,,,,,,,,,,,,,,,,,,,,,,,,,,,,,,,,,,,,,,,,,,,,,,,,,,,,,,,,,,,,,,,,,,,,
353200,대덕전자,2026-08-03,2026-08-03,REJECTED,0,NO_RISING_CHANNEL,,영상 방식의 상승 평행채널을 안정적으로 구성하지 못함,,,,,,,,,,,,,,,,,,,,,,,,,,2026-08-01,2026-08-21,96700.0,13,0,1.138,97800.0,2026-08-04,9.928,106300.0,2026-08-05,2.896,99500.0,2026-08-06,7.342,103800.0,2026-08-07,11.272,107600.0,2026-08-10,8.273,104700.0,2026-08-11,10.858,107200.0,2026-08-12,16.856,113000.0,2026-08-13,23.164,119100.0,2026-08-14,21.613,117600.0,2026-08-18,18.097,114200.0,2026-08-19,17.27,113400.0,2026-08-20,7.859,104300.0,2026-08-21,,,,,,,,,,,,,,,,,,,,,,2026-08-21,23.164,1.138,30.196,-2.792,,,,,,,
353200,대덕전자,2026-08-04,2026-08-04,REJECTED,0,NO_RISING_CHANNEL,,영상 방식의 상승 평행채널을 안정적으로 구성하지 못함,,,,,,,,,,,,,,,,,,,,,,,,,,2026-08-01,2026-08-21,97800.0,12,0,8.691,106300.0,2026-08-05,1.738,99500.0,2026-08-06,6.135,103800.0,2026-08-07,10.02,107600.0,2026-08-10,7.055,104700.0,2026-08-11,9.611,107200.0,2026-08-12,15.542,113000.0,2026-08-13,21.779,119100.0,2026-08-14,20.245,117600.0,2026-08-18,16.769,114200.0,2026-08-19,15.951,113400.0,2026-08-20,6.646,104300.0,2026-08-21,,,,,,,,,,,,,,,,,,,,,,,,,2026-08-21,21.779,1.738,28.732,0.716,,,,,,,
353200,대덕전자,2026-08-05,2026-08-05,REJECTED,0,NO_RISING_CHANNEL,,영상 방식의 상승 평행채널을 안정적으로 구성하지 못함,,,,,,,,,,,,,,,,,,,,,,,,,,2026-08-01,2026-08-21,106300.0,11,0,-6.397,99500.0,2026-08-06,-2.352,103800.0,2026-08-07,1.223,107600.0,2026-08-10,-1.505,104700.0,2026-08-11,0.847,107200.0,2026-08-12,6.303,113000.0,2026-08-13,12.041,119100.0,2026-08-14,10.63,117600.0,2026-08-18,7.432,114200.0,2026-08-19,6.679,113400.0,2026-08-20,-1.881,104300.0,2026-08-21,,,,,,,,,,,,,,,,,,,,,,,,,,,,2026-08-21,12.041,-6.397,18.438,-6.397,,,,,,,
353200,대덕전자,2026-08-06,2026-08-06,REJECTED,0,NO_RISING_CHANNEL,,영상 방식의 상승 평행채널을 안정적으로 구성하지 못함,,,,,,,,,,,,,,,,,,,,,,,,,,2026-08-01,2026-08-21,99500.0,10,0,4.322,103800.0,2026-08-07,8.141,107600.0,2026-08-10,5.226,104700.0,2026-08-11,7.739,107200.0,2026-08-12,13.568,113000.0,2026-08-13,19.698,119100.0,2026-08-14,18.191,117600.0,2026-08-18,14.774,114200.0,2026-08-19,13.97,113400.0,2026-08-20,4.824,104300.0,2026-08-21,,,,,,,,,,,,,,,,,,,,,,,,,,,,,,,2026-08-21,19.698,4.322,26.533,0.603,,,,,,,
353200,대덕전자,2026-08-07,2026-08-07,REJECTED,0,NO_RISING_CHANNEL,,영상 방식의 상승 평행채널을 안정적으로 구성하지 못함,,,,,,,,,,,,,,,,,,,,,,,,,,2026-08-01,2026-08-21,103800.0,9,0,3.661,107600.0,2026-08-10,0.867,104700.0,2026-08-11,3.276,107200.0,2026-08-12,8.863,113000.0,2026-08-13,14.74,119100.0,2026-08-14,13.295,117600.0,2026-08-18,10.019,114200.0,2026-08-19,9.249,113400.0,2026-08-20,0.482,104300.0,2026-08-21,,,,,,,,,,,,,,,,,,,,,,,,,,,,,,,,,,2026-08-21,14.74,0.482,21.291,-1.349,,,,,,,
353200,대덕전자,2026-08-10,2026-08-10,REJECTED,0,NO_RISING_CHANNEL,,영상 방식의 상승 평행채널을 안정적으로 구성하지 못함,,,,,,,,,,,,,,,,,,,,,,,,,,2026-08-01,2026-08-21,107600.0,8,0,-2.695,104700.0,2026-08-11,-0.372,107200.0,2026-08-12,5.019,113000.0,2026-08-13,10.688,119100.0,2026-08-14,9.294,117600.0,2026-08-18,6.134,114200.0,2026-08-19,5.39,113400.0,2026-08-20,-3.067,104300.0,2026-08-21,,,,,,,,,,,,,,,,,,,,,,,,,,,,,,,,,,,,,2026-08-21,10.688,-3.067,17.007,-3.625,,,,,,,
353200,대덕전자,2026-08-11,2026-08-11,REJECTED,0,NO_RISING_CHANNEL,,영상 방식의 상승 평행채널을 안정적으로 구성하지 못함,,,,,,,,,,,,,,,,,,,,,,,,,,2026-08-01,2026-08-21,104700.0,7,0,2.388,107200.0,2026-08-12,7.927,113000.0,2026-08-13,13.754,119100.0,2026-08-14,12.321,117600.0,2026-08-18,9.074,114200.0,2026-08-19,8.309,113400.0,2026-08-20,-0.382,104300.0,2026-08-21,,,,,,,,,,,,,,,,,,,,,,,,,,,,,,,,,,,,,,,,2026-08-21,13.754,-0.382,20.248,-0.669,,,,,,,
353200,대덕전자,2026-08-12,2026-08-12,REJECTED,0,NO_RISING_CHANNEL,,영상 방식의 상승 평행채널을 안정적으로 구성하지 못함,,,,,,,,,,,,,,,,,,,,,,,,,,2026-08-01,2026-08-21,107200.0,6,0,5.41,113000.0,2026-08-13,11.101,119100.0,2026-08-14,9.701,117600.0,2026-08-18,6.53,114200.0,2026-08-19,5.784,113400.0,2026-08-20,-2.705,104300.0,2026-08-21,,,,,,,,,,,,,,,,,,,,,,,,,,,,,,,,,,,,,,,,,,,2026-08-21,11.101,-2.705,17.444,-2.985,,,,,,,
353200,대덕전자,2026-08-13,2026-08-13,REJECTED,0,NO_RISING_CHANNEL,,영상 방식의 상승 평행채널을 안정적으로 구성하지 못함,,,,,,,,,,,,,,,,,,,,,,,,,,2026-08-01,2026-08-21,113000.0,5,0,5.398,119100.0,2026-08-14,4.071,117600.0,2026-08-18,1.062,114200.0,2026-08-19,0.354,113400.0,2026-08-20,-7.699,104300.0,2026-08-21,,,,,,,,,,,,,,,,,,,,,,,,,,,,,,,,,,,,,,,,,,,,,,2026-08-21,5.398,-7.699,11.416,-7.965,,,,,,,
353200,대덕전자,2026-08-14,2026-08-14,REJECTED,0,NO_RISING_CHANNEL,,영상 방식의 상승 평행채널을 안정적으로 구성하지 못함,,,,,,,,,,,,,,,,,,,,,,,,,,2026-08-01,2026-08-21,119100.0,4,0,-1.259,117600.0,2026-08-18,-4.114,114200.0,2026-08-19,-4.786,113400.0,2026-08-20,-12.427,104300.0,2026-08-21,,,,,,,,,,,,,,,,,,,,,,,,,,,,,,,,,,,,,,,,,,,,,,,,,2026-08-21,-1.259,-12.427,5.709,-12.678,,,,,,,
353200,대덕전자,2026-08-18,2026-08-18,REJECTED,0,NO_RISING_CHANNEL,,영상 방식의 상승 평행채널을 안정적으로 구성하지 못함,,,,,,,,,,,,,,,,,,,,,,,,,,2026-08-01,2026-08-21,117600.0,3,0,-2.891,114200.0,2026-08-19,-3.571,113400.0,2026-08-20,-11.31,104300.0,2026-08-21,,,,,,,,,,,,,,,,,,,,,,,,,,,,,,,,,,,,,,,,,,,,,,,,,,,,2026-08-21,-2.891,-11.31,4.082,-11.565,,,,,,,
353200,대덕전자,2026-08-19,2026-08-19,REJECTED,0,NO_RISING_CHANNEL,,영상 방식의 상승 평행채널을 안정적으로 구성하지 못함,,,,,,,,,,,,,,,,,,,,,,,,,,2026-08-01,2026-08-21,114200.0,2,0,-0.701,113400.0,2026-08-20,-8.669,104300.0,2026-08-21,,,,,,,,,,,,,,,,,,,,,,,,,,,,,,,,,,,,,,,,,,,,,,,,,,,,,,,2026-08-21,-0.701,-8.669,4.991,-8.932,,,,,,,
353200,대덕전자,2026-08-20,2026-08-20,REJECTED,0,NO_RISING_CHANNEL,,영상 방식의 상승 평행채널을 안정적으로 구성하지 못함,,,,,,,,,,,,,,,,,,,,,,,,,,2026-08-01,2026-08-21,113400.0,1,0,-8.025,104300.0,2026-08-21,,,,,,,,,,,,,,,,,,,,,,,,,,,,,,,,,,,,,,,,,,,,,,,,,,,,,,,,,,2026-08-21,-8.025,-8.025,-1.764,-8.289,,,,,,,
353200,대덕전자,2026-08-21,2026-08-21,REJECTED,0,NO_RISING_CHANNEL,,영상 방식의 상승 평행채널을 안정적으로 구성하지 못함,,,,,,,,,,,,,,,,,,,,,,,,,,2026-08-01,2026-08-21,104300.0,0,0,,,,,,,,,,,,,,,,,,,,,,,,,,,,,,,,,,,,,,,,,,,,,,,,,,,,,,,,,,,,,,,,,,,,,,,,
001440,대한전선,2026-08-03,2026-08-03,REJECTED,0,NO_RISING_CHANNEL,,영상 방식의 상승 평행채널을 안정적으로 구성하지 못함,,,,,,,,,,,,,,,,,,,,,,,,,,2026-08-01,2026-08-21,23950.0,13,0,6.472,25500.0,2026-08-04,18.789,28450.0,2026-08-05,14.405,27400.0,2026-08-06,13.152,27100.0,2026-08-07,20.668,28900.0,2026-08-10,18.163,28300.0,2026-08-11,22.965,29450.0,2026-08-12,25.678,30100.0,2026-08-13,25.052,29950.0,2026-08-14,19.833,28700.0,2026-08-18,16.91,28000.0,2026-08-19,18.372,28350.0,2026-08-20,11.273,26650.0,2026-08-21,,,,,,,,,,,,,,,,,,,,,,2026-08-21,25.678,6.472,31.315,0.626,,,,,,,
001440,대한전선,2026-08-04,2026-08-04,REJECTED,0,NO_RISING_CHANNEL,,영상 방식의 상승 평행채널을 안정적으로 구성하지 못함,,,,,,,,,,,,,,,,,,,,,,,,,,2026-08-01,2026-08-21,25500.0,12,0,11.569,28450.0,2026-08-05,7.451,27400.0,2026-08-06,6.275,27100.0,2026-08-07,13.333,28900.0,2026-08-10,10.98,28300.0,2026-08-11,15.49,29450.0,2026-08-12,18.039,30100.0,2026-08-13,17.451,29950.0,2026-08-14,12.549,28700.0,2026-08-18,9.804,28000.0,2026-08-19,11.176,28350.0,2026-08-20,4.51,26650.0,2026-08-21,,,,,,,,,,,,,,,,,,,,,,,,,2026-08-21,18.039,4.51,23.333,1.961,,,,,,,
001440,대한전선,2026-08-05,2026-08-05,REJECTED,0,NO_RISING_CHANNEL,,영상 방식의 상승 평행채널을 안정적으로 구성하지 못함,,,,,,,,,,,,,,,,,,,,,,,,,,2026-08-01,2026-08-21,28450.0,11,0,-3.691,27400.0,2026-08-06,-4.745,27100.0,2026-08-07,1.582,28900.0,2026-08-10,-0.527,28300.0,2026-08-11,3.515,29450.0,2026-08-12,5.8,30100.0,2026-08-13,5.272,29950.0,2026-08-14,0.879,28700.0,2026-08-18,-1.582,28000.0,2026-08-19,-0.351,28350.0,2026-08-20,-6.327,26650.0,2026-08-21,,,,,,,,,,,,,,,,,,,,,,,,,,,,2026-08-21,5.8,-6.327,10.545,-7.909,,,,,,,
001440,대한전선,2026-08-06,2026-08-06,REJECTED,0,NO_RISING_CHANNEL,,영상 방식의 상승 평행채널을 안정적으로 구성하지 못함,,,,,,,,,,,,,,,,,,,,,,,,,,2026-08-01,2026-08-21,27400.0,10,0,-1.095,27100.0,2026-08-07,5.474,28900.0,2026-08-10,3.285,28300.0,2026-08-11,7.482,29450.0,2026-08-12,9.854,30100.0,2026-08-13,9.307,29950.0,2026-08-14,4.745,28700.0,2026-08-18,2.19,28000.0,2026-08-19,3.467,28350.0,2026-08-20,-2.737,26650.0,2026-08-21,,,,,,,,,,,,,,,,,,,,,,,,,,,,,,,2026-08-21,9.854,-2.737,14.781,-4.38,,,,,,,
001440,대한전선,2026-08-07,2026-08-07,REJECTED,0,NO_RISING_CHANNEL,,영상 방식의 상승 평행채널을 안정적으로 구성하지 못함,,,,,,,,,,,,,,,,,,,,,,,,,,2026-08-01,2026-08-21,27100.0,9,0,6.642,28900.0,2026-08-10,4.428,28300.0,2026-08-11,8.672,29450.0,2026-08-12,11.07,30100.0,2026-08-13,10.517,29950.0,2026-08-14,5.904,28700.0,2026-08-18,3.321,28000.0,2026-08-19,4.613,28350.0,2026-08-20,-1.661,26650.0,2026-08-21,,,,,,,,,,,,,,,,,,,,,,,,,,,,,,,,,,2026-08-21,11.07,-1.661,16.052,-2.03,,,,,,,
001440,대한전선,2026-08-10,2026-08-10,REJECTED,0,NO_RISING_CHANNEL,,영상 방식의 상승 평행채널을 안정적으로 구성하지 못함,,,,,,,,,,,,,,,,,,,,,,,,,,2026-08-01,2026-08-21,28900.0,8,0,-2.076,28300.0,2026-08-11,1.903,29450.0,2026-08-12,4.152,30100.0,2026-08-13,3.633,29950.0,2026-08-14,-0.692,28700.0,2026-08-18,-3.114,28000.0,2026-08-19,-1.903,28350.0,2026-08-20,-7.785,26650.0,2026-08-21,,,,,,,,,,,,,,,,,,,,,,,,,,,,,,,,,,,,,2026-08-21,4.152,-7.785,8.824,-8.131,,,,,,,
001440,대한전선,2026-08-11,2026-08-11,REJECTED,0,NO_RISING_CHANNEL,,영상 방식의 상승 평행채널을 안정적으로 구성하지 못함,,,,,,,,,,,,,,,,,,,,,,,,,,2026-08-01,2026-08-21,28300.0,7,0,4.064,29450.0,2026-08-12,6.36,30100.0,2026-08-13,5.83,29950.0,2026-08-14,1.413,28700.0,2026-08-18,-1.06,28000.0,2026-08-19,0.177,28350.0,2026-08-20,-5.83,26650.0,2026-08-21,,,,,,,,,,,,,,,,,,,,,,,,,,,,,,,,,,,,,,,,2026-08-21,6.36,-5.83,11.131,-6.184,,,,,,,
001440,대한전선,2026-08-12,2026-08-12,REJECTED,0,NO_RISING_CHANNEL,,영상 방식의 상승 평행채널을 안정적으로 구성하지 못함,,,,,,,,,,,,,,,,,,,,,,,,,,2026-08-01,2026-08-21,29450.0,6,0,2.207,30100.0,2026-08-13,1.698,29950.0,2026-08-14,-2.547,28700.0,2026-08-18,-4.924,28000.0,2026-08-19,-3.735,28350.0,2026-08-20,-9.508,26650.0,2026-08-21,,,,,,,,,,,,,,,,,,,,,,,,,,,,,,,,,,,,,,,,,,,2026-08-21,2.207,-9.508,6.791,-9.847,,,,,,,
001440,대한전선,2026-08-13,2026-08-13,REJECTED,0,NO_RISING_CHANNEL,,영상 방식의 상승 평행채널을 안정적으로 구성하지 못함,,,,,,,,,,,,,,,,,,,,,,,,,,2026-08-01,2026-08-21,30100.0,5,0,-0.498,29950.0,2026-08-14,-4.651,28700.0,2026-08-18,-6.977,28000.0,2026-08-19,-5.814,28350.0,2026-08-20,-11.462,26650.0,2026-08-21,,,,,,,,,,,,,,,,,,,,,,,,,,,,,,,,,,,,,,,,,,,,,,2026-08-21,-0.498,-11.462,1.661,-11.794,,,,,,,
001440,대한전선,2026-08-14,2026-08-14,REJECTED,0,NO_RISING_CHANNEL,,영상 방식의 상승 평행채널을 안정적으로 구성하지 못함,,,,,,,,,,,,,,,,,,,,,,,,,,2026-08-01,2026-08-21,29950.0,4,0,-4.174,28700.0,2026-08-18,-6.511,28000.0,2026-08-19,-5.342,28350.0,2026-08-20,-11.018,26650.0,2026-08-21,,,,,,,,,,,,,,,,,,,,,,,,,,,,,,,,,,,,,,,,,,,,,,,,,2026-08-21,-4.174,-11.018,1.836,-11.352,,,,,,,
001440,대한전선,2026-08-18,2026-08-18,REJECTED,0,NO_RISING_CHANNEL,,영상 방식의 상승 평행채널을 안정적으로 구성하지 못함,,,,,,,,,,,,,,,,,,,,,,,,,,2026-08-01,2026-08-21,28700.0,3,0,-2.439,28000.0,2026-08-19,-1.22,28350.0,2026-08-20,-7.143,26650.0,2026-08-21,,,,,,,,,,,,,,,,,,,,,,,,,,,,,,,,,,,,,,,,,,,,,,,,,,,,2026-08-21,-1.22,-7.143,1.22,-7.491,,,,,,,
001440,대한전선,2026-08-19,2026-08-19,REJECTED,0,NO_RISING_CHANNEL,,영상 방식의 상승 평행채널을 안정적으로 구성하지 못함,,,,,,,,,,,,,,,,,,,,,,,,,,2026-08-01,2026-08-21,28000.0,2,0,1.25,28350.0,2026-08-20,-4.821,26650.0,2026-08-21,,,,,,,,,,,,,,,,,,,,,,,,,,,,,,,,,,,,,,,,,,,,,,,,,,,,,,,2026-08-21,1.25,-4.821,3.75,-5.179,,,,,,,
001440,대한전선,2026-08-20,2026-08-20,REJECTED,0,NO_RISING_CHANNEL,,영상 방식의 상승 평행채널을 안정적으로 구성하지 못함,,,,,,,,,,,,,,,,,,,,,,,,,,2026-08-01,2026-08-21,28350.0,1,0,-5.996,26650.0,2026-08-21,,,,,,,,,,,,,,,,,,,,,,,,,,,,,,,,,,,,,,,,,,,,,,,,,,,,,,,,,,2026-08-21,-5.996,-5.996,-1.587,-6.349,,,,,,,
001440,대한전선,2026-08-21,2026-08-21,REJECTED,0,NO_RISING_CHANNEL,,영상 방식의 상승 평행채널을 안정적으로 구성하지 못함,,,,,,,,,,,,,,,,,,,,,,,,,,2026-08-01,2026-08-21,26650.0,0,0,,,,,,,,,,,,,,,,,,,,,,,,,,,,,,,,,,,,,,,,,,,,,,,,,,,,,,,,,,,,,,,,,,,,,,,,
062040,산일전기,2026-08-03,2026-08-03,REJECTED,0,NO_RISING_CHANNEL,,영상 방식의 상승 평행채널을 안정적으로 구성하지 못함,,,,,,,,,,,,,,,,,,,,,,,,,,2026-08-01,2026-08-21,145600.0,13,0,5.014,152900.0,2026-08-04,14.835,167200.0,2026-08-05,10.852,161400.0,2026-08-06,8.036,157300.0,2026-08-07,26.236,183800.0,2026-08-10,26.854,184700.0,2026-08-11,29.876,189100.0,2026-08-12,29.121,188000.0,2026-08-13,25.343,182500.0,2026-08-14,23.077,179200.0,2026-08-18,20.673,175700.0,2026-08-19,23.077,179200.0,2026-08-20,13.187,164800.0,2026-08-21,,,,,,,,,,,,,,,,,,,,,,2026-08-21,29.876,5.014,35.92,-0.412,,,,,,,
062040,산일전기,2026-08-04,2026-08-04,REJECTED,0,NO_RISING_CHANNEL,,영상 방식의 상승 평행채널을 안정적으로 구성하지 못함,,,,,,,,,,,,,,,,,,,,,,,,,,2026-08-01,2026-08-21,152900.0,12,0,9.353,167200.0,2026-08-05,5.559,161400.0,2026-08-06,2.878,157300.0,2026-08-07,20.209,183800.0,2026-08-10,20.798,184700.0,2026-08-11,23.676,189100.0,2026-08-12,22.956,188000.0,2026-08-13,19.359,182500.0,2026-08-14,17.201,179200.0,2026-08-18,14.912,175700.0,2026-08-19,17.201,179200.0,2026-08-20,7.783,164800.0,2026-08-21,,,,,,,,,,,,,,,,,,,,,,,,,2026-08-21,23.676,2.878,29.431,1.766,,,,,,,
062040,산일전기,2026-08-05,2026-08-05,REJECTED,0,NO_RISING_CHANNEL,,영상 방식의 상승 평행채널을 안정적으로 구성하지 못함,,,,,,,,,,,,,,,,,,,,,,,,,,2026-08-01,2026-08-21,167200.0,11,0,-3.469,161400.0,2026-08-06,-5.921,157300.0,2026-08-07,9.928,183800.0,2026-08-10,10.467,184700.0,2026-08-11,13.098,189100.0,2026-08-12,12.44,188000.0,2026-08-13,9.151,182500.0,2026-08-14,7.177,179200.0,2026-08-18,5.084,175700.0,2026-08-19,7.177,179200.0,2026-08-20,-1.435,164800.0,2026-08-21,,,,,,,,,,,,,,,,,,,,,,,,,,,,2026-08-21,13.098,-5.921,18.361,-6.938,,,,,,,
062040,산일전기,2026-08-06,2026-08-06,REJECTED,0,NO_RISING_CHANNEL,,영상 방식의 상승 평행채널을 안정적으로 구성하지 못함,,,,,,,,,,,,,,,,,,,,,,,,,,2026-08-01,2026-08-21,161400.0,10,0,-2.54,157300.0,2026-08-07,13.879,183800.0,2026-08-10,14.436,184700.0,2026-08-11,17.162,189100.0,2026-08-12,16.481,188000.0,2026-08-13,13.073,182500.0,2026-08-14,11.029,179200.0,2026-08-18,8.86,175700.0,2026-08-19,11.029,179200.0,2026-08-20,2.107,164800.0,2026-08-21,,,,,,,,,,,,,,,,,,,,,,,,,,,,,,,2026-08-21,17.162,-2.54,22.615,-3.594,,,,,,,
062040,산일전기,2026-08-07,2026-08-07,REJECTED,0,NO_RISING_CHANNEL,,영상 방식의 상승 평행채널을 안정적으로 구성하지 못함,,,,,,,,,,,,,,,,,,,,,,,,,,2026-08-01,2026-08-21,157300.0,9,0,16.847,183800.0,2026-08-10,17.419,184700.0,2026-08-11,20.216,189100.0,2026-08-12,19.517,188000.0,2026-08-13,16.02,182500.0,2026-08-14,13.922,179200.0,2026-08-18,11.697,175700.0,2026-08-19,13.922,179200.0,2026-08-20,4.768,164800.0,2026-08-21,,,,,,,,,,,,,,,,,,,,,,,,,,,,,,,,,,2026-08-21,20.216,4.768,25.811,3.942,,,,,,,
062040,산일전기,2026-08-10,2026-08-10,REJECTED,0,NO_RISING_CHANNEL,,영상 방식의 상승 평행채널을 안정적으로 구성하지 못함,,,,,,,,,,,,,,,,,,,,,,,,,,2026-08-01,2026-08-21,183800.0,8,0,0.49,184700.0,2026-08-11,2.884,189100.0,2026-08-12,2.285,188000.0,2026-08-13,-0.707,182500.0,2026-08-14,-2.503,179200.0,2026-08-18,-4.407,175700.0,2026-08-19,-2.503,179200.0,2026-08-20,-10.337,164800.0,2026-08-21,,,,,,,,,,,,,,,,,,,,,,,,,,,,,,,,,,,,,2026-08-21,2.884,-10.337,7.671,-11.045,,,,,,,
062040,산일전기,2026-08-11,2026-08-11,REJECTED,0,NO_RISING_CHANNEL,,영상 방식의 상승 평행채널을 안정적으로 구성하지 못함,,,,,,,,,,,,,,,,,,,,,,,,,,2026-08-01,2026-08-21,184700.0,7,0,2.382,189100.0,2026-08-12,1.787,188000.0,2026-08-13,-1.191,182500.0,2026-08-14,-2.978,179200.0,2026-08-18,-4.873,175700.0,2026-08-19,-2.978,179200.0,2026-08-20,-10.774,164800.0,2026-08-21,,,,,,,,,,,,,,,,,,,,,,,,,,,,,,,,,,,,,,,,2026-08-21,2.382,-10.774,7.147,-11.478,,,,,,,
062040,산일전기,2026-08-12,2026-08-12,REJECTED,0,NO_RISING_CHANNEL,,영상 방식의 상승 평행채널을 안정적으로 구성하지 못함,,,,,,,,,,,,,,,,,,,,,,,,,,2026-08-01,2026-08-21,189100.0,6,0,-0.582,188000.0,2026-08-13,-3.49,182500.0,2026-08-14,-5.235,179200.0,2026-08-18,-7.086,175700.0,2026-08-19,-5.235,179200.0,2026-08-20,-12.85,164800.0,2026-08-21,,,,,,,,,,,,,,,,,,,,,,,,,,,,,,,,,,,,,,,,,,,2026-08-21,-0.582,-12.85,4.654,-13.538,,,,,,,
062040,산일전기,2026-08-13,2026-08-13,REJECTED,0,NO_RISING_CHANNEL,,영상 방식의 상승 평행채널을 안정적으로 구성하지 못함,,,,,,,,,,,,,,,,,,,,,,,,,,2026-08-01,2026-08-21,188000.0,5,0,-2.926,182500.0,2026-08-14,-4.681,179200.0,2026-08-18,-6.543,175700.0,2026-08-19,-4.681,179200.0,2026-08-20,-12.34,164800.0,2026-08-21,,,,,,,,,,,,,,,,,,,,,,,,,,,,,,,,,,,,,,,,,,,,,,2026-08-21,-2.926,-12.34,1.277,-13.032,,,,,,,
062040,산일전기,2026-08-14,2026-08-14,REJECTED,0,NO_RISING_CHANNEL,,영상 방식의 상승 평행채널을 안정적으로 구성하지 못함,,,,,,,,,,,,,,,,,,,,,,,,,,2026-08-01,2026-08-21,182500.0,4,0,-1.808,179200.0,2026-08-18,-3.726,175700.0,2026-08-19,-1.808,179200.0,2026-08-20,-9.699,164800.0,2026-08-21,,,,,,,,,,,,,,,,,,,,,,,,,,,,,,,,,,,,,,,,,,,,,,,,,2026-08-21,-1.808,-9.699,2.959,-10.411,,,,,,,
062040,산일전기,2026-08-18,2026-08-18,REJECTED,0,NO_RISING_CHANNEL,,영상 방식의 상승 평행채널을 안정적으로 구성하지 못함,,,,,,,,,,,,,,,,,,,,,,,,,,2026-08-01,2026-08-21,179200.0,3,0,-1.953,175700.0,2026-08-19,0.0,179200.0,2026-08-20,-8.036,164800.0,2026-08-21,,,,,,,,,,,,,,,,,,,,,,,,,,,,,,,,,,,,,,,,,,,,,,,,,,,,2026-08-21,0.0,-8.036,1.172,-8.761,,,,,,,
062040,산일전기,2026-08-19,2026-08-19,REJECTED,0,NO_RISING_CHANNEL,,영상 방식의 상승 평행채널을 안정적으로 구성하지 못함,,,,,,,,,,,,,,,,,,,,,,,,,,2026-08-01,2026-08-21,175700.0,2,0,1.992,179200.0,2026-08-20,-6.204,164800.0,2026-08-21,,,,,,,,,,,,,,,,,,,,,,,,,,,,,,,,,,,,,,,,,,,,,,,,,,,,,,,2026-08-21,1.992,-6.204,1.992,-6.944,,,,,,,
062040,산일전기,2026-08-20,2026-08-20,REJECTED,0,NO_RISING_CHANNEL,,영상 방식의 상승 평행채널을 안정적으로 구성하지 못함,,,,,,,,,,,,,,,,,,,,,,,,,,2026-08-01,2026-08-21,179200.0,1,0,-8.036,164800.0,2026-08-21,,,,,,,,,,,,,,,,,,,,,,,,,,,,,,,,,,,,,,,,,,,,,,,,,,,,,,,,,,2026-08-21,-8.036,-8.036,-0.614,-8.761,,,,,,,
062040,산일전기,2026-08-21,2026-08-21,REJECTED,0,NO_RISING_CHANNEL,,영상 방식의 상승 평행채널을 안정적으로 구성하지 못함,,,,,,,,,,,,,,,,,,,,,,,,,,2026-08-01,2026-08-21,164800.0,0,0,,,,,,,,,,,,,,,,,,,,,,,,,,,,,,,,,,,,,,,,,,,,,,,,,,,,,,,,,,,,,,,,,,,,,,,,
326030,SK바이오팜,2026-08-03,2026-08-03,REJECTED,40,TREND_BROKEN_OR_NOT_UPTREND,상승추세 안의 단기 조정 + 전저점 유지 | 상승 평행채널 유효(커버리지 100%) | 최근 추세 하단(싼 구간) 접촉 | 현재도 채널 하단권 | 추세 하단 부근 쌍바닥/Higher-Low 형태,중기 상승 구조 미확인,78400.0,False,9.78,True,1.0,0.1985,True,74472.7273,84363.6364,83300.0,94254.5455,73526.0,7.61,20.22,True,False,False,11.77,False,True,False,,False,False,,2026-08-01,2026-08-21,78400.0,13,0,1.786,79800.0,2026-08-04,4.592,82000.0,2026-08-05,6.505,83500.0,2026-08-06,8.929,85400.0,2026-08-07,13.138,88700.0,2026-08-10,15.434,90500.0,2026-08-11,12.5,88200.0,2026-08-12,11.735,87600.0,2026-08-13,11.352,87300.0,2026-08-14,8.673,85200.0,2026-08-18,8.801,85300.0,2026-08-19,10.332,86500.0,2026-08-20,6.76,83700.0,2026-08-21,,,,,,,,,,,,,,,,,,,,,,2026-08-21,15.434,1.786,18.24,-0.893,,,,,,,
326030,SK바이오팜,2026-08-04,2026-08-04,REJECTED,40,TREND_BROKEN_OR_NOT_UPTREND,상승추세 안의 단기 조정 + 전저점 유지 | 상승 평행채널 유효(커버리지 100%) | 최근 추세 하단(싼 구간) 접촉 | 현재도 채널 하단권 | 추세 하단 부근 쌍바닥/Higher-Low 형태,중기 상승 구조 미확인,79800.0,False,6.78,True,1.0,0.2675,True,74509.0909,84400.0,83300.0,94290.9091,72273.8182,5.76,18.16,True,False,False,11.07,False,True,False,,False,False,,2026-08-01,2026-08-21,79800.0,12,0,2.757,82000.0,2026-08-05,4.637,83500.0,2026-08-06,7.018,85400.0,2026-08-07,11.153,88700.0,2026-08-10,13.409,90500.0,2026-08-11,10.526,88200.0,2026-08-12,9.774,87600.0,2026-08-13,9.398,87300.0,2026-08-14,6.767,85200.0,2026-08-18,6.892,85300.0,2026-08-19,8.396,86500.0,2026-08-20,4.887,83700.0,2026-08-21,,,,,,,,,,,,,,,,,,,,,,,,,2026-08-21,13.409,2.757,16.165,0.627,,,,,,,
326030,SK바이오팜,2026-08-05,2026-08-05,REJECTED,35,TREND_BROKEN_OR_NOT_UPTREND,상승추세 안의 단기 조정 + 전저점 유지 | 상승 평행채널 유효(커버리지 100%) | 최근 추세 하단(싼 구간) 접촉 | 추세 하단 부근 쌍바닥/Higher-Low 형태,중기 상승 구조 미확인,82000.0,False,4.98,True,1.0,0.3768,True,74545.4545,84436.3636,83300.0,94327.2727,72309.0909,2.97,15.03,True,False,False,9.21,False,True,False,,False,False,,2026-08-01,2026-08-21,82000.0,11,0,1.829,83500.0,2026-08-06,4.146,85400.0,2026-08-07,8.171,88700.0,2026-08-10,10.366,90500.0,2026-08-11,7.561,88200.0,2026-08-12,6.829,87600.0,2026-08-13,6.463,87300.0,2026-08-14,3.902,85200.0,2026-08-18,4.024,85300.0,2026-08-19,5.488,86500.0,2026-08-20,2.073,83700.0,2026-08-21,,,,,,,,,,,,,,,,,,,,,,,,,,,,2026-08-21,10.366,1.829,13.049,-2.073,,,,,,,
326030,SK바이오팜,2026-08-06,2026-08-06,REJECTED,40,TREND_BROKEN_OR_NOT_UPTREND,상승추세 안의 단기 조정 + 전저점 유지 | 상승 평행채널 유효(커버리지 100%) | 최근 추세 하단(싼 구간) 접촉 | 추세 하단 부근 쌍바닥/Higher-Low 형태 | 쌍바닥 넥라인 돌파 확인,중기 상승 구조 미확인,83500.0,False,3.24,True,1.0,0.4508,True,74581.8182,84472.7273,83300.0,94363.6364,72344.3636,1.16,13.01,True,True,False,8.66,False,True,False,,False,False,,2026-08-01,2026-08-21,83500.0,10,0,2.275,85400.0,2026-08-07,6.228,88700.0,2026-08-10,8.383,90500.0,2026-08-11,5.629,88200.0,2026-08-12,4.91,87600.0,2026-08-13,4.551,87300.0,2026-08-14,2.036,85200.0,2026-08-18,2.156,85300.0,2026-08-19,3.593,86500.0,2026-08-20,0.24,83700.0,2026-08-21,,,,,,,,,,,,,,,,,,,,,,,,,,,,,,,2026-08-21,8.383,0.24,11.018,-1.916,,,,,,,
326030,SK바이오팜,2026-08-07,2026-08-07,REJECTED,30,TREND_BROKEN_OR_NOT_UPTREND,상승 평행채널 유효(커버리지 100%) | 최근 추세 하단(싼 구간) 접촉 | 추세 하단 부근 쌍바닥/Higher-Low 형태 | 쌍바닥 넥라인 돌파 확인,중기 상승 구조 미확인,85400.0,False,1.04,True,1.0,0.545,True,74618.1818,84509.0909,83300.0,94400.0,72379.6364,-1.04,10.54,True,True,False,7.82,False,True,False,,False,False,,2026-08-01,2026-08-21,85400.0,9,0,3.864,88700.0,2026-08-10,5.972,90500.0,2026-08-11,3.279,88200.0,2026-08-12,2.576,87600.0,2026-08-13,2.225,87300.0,2026-08-14,-0.234,85200.0,2026-08-18,-0.117,85300.0,2026-08-19,1.288,86500.0,2026-08-20,-1.991,83700.0,2026-08-21,,,,,,,,,,,,,,,,,,,,,,,,,,,,,,,,,,2026-08-21,5.972,-1.991,8.548,-4.098,,,,,,,
326030,SK바이오팜,2026-08-10,2026-08-10,REJECTED,40,TREND_BROKEN_OR_NOT_UPTREND,상승 평행채널 유효(커버리지 100%) | 최근 추세 하단(싼 구간) 접촉 | 추세 하단 부근 쌍바닥/Higher-Low 형태 | 쌍바닥 넥라인 돌파 확인 | 이동평균선 재돌파 | 재상승 후 5일선 지지,중기 상승 구조 미확인,88700.0,False,0.34,True,1.0,0.71,True,74654.5455,84545.4545,83300.0,94436.3636,72414.9091,-4.68,6.47,True,True,False,6.98,True,True,False,,False,False,,2026-08-01,2026-08-21,88700.0,8,0,2.029,90500.0,2026-08-11,-0.564,88200.0,2026-08-12,-1.24,87600.0,2026-08-13,-1.578,87300.0,2026-08-14,-3.946,85200.0,2026-08-18,-3.833,85300.0,2026-08-19,-2.48,86500.0,2026-08-20,-5.637,83700.0,2026-08-21,,,,,,,,,,,,,,,,,,,,,,,,,,,,,,,,,,,,,2026-08-21,2.029,-5.637,4.51,-7.666,,,,,,,
326030,SK바이오팜,2026-08-11,2026-08-11,REJECTED,48,TREND_BROKEN_OR_NOT_UPTREND,상승 평행채널 유효(커버리지 100%) | 최근 추세 하단(싼 구간) 접촉 | 추세 하단 부근 쌍바닥/Higher-Low 형태 | 쌍바닥 넥라인 돌파 확인 | 이동평균선 밀집 | 이동평균선 재돌파 | 재상승 후 5일선 지지,중기 상승 구조 미확인,90500.0,False,2.37,True,1.0,0.7992,True,74690.9091,84581.8182,83300.0,94472.7273,72450.1818,-6.54,4.39,True,True,True,6.34,True,True,False,,False,False,,2026-08-01,2026-08-21,90500.0,7,0,-2.541,88200.0,2026-08-12,-3.204,87600.0,2026-08-13,-3.536,87300.0,2026-08-14,-5.856,85200.0,2026-08-18,-5.746,85300.0,2026-08-19,-4.42,86500.0,2026-08-20,-7.514,83700.0,2026-08-21,,,,,,,,,,,,,,,,,,,,,,,,,,,,,,,,,,,,,,,,2026-08-21,-2.541,-7.514,0.11,-9.503,,,,,,,
326030,SK바이오팜,2026-08-12,2026-08-12,REJECTED,50,TREND_BROKEN_OR_NOT_UPTREND,상승추세 안의 단기 조정 + 전저점 유지 | 상승 평행채널 유효(커버리지 100%) | 최근 추세 하단(싼 구간) 접촉 | 추세 하단 부근 쌍바닥/Higher-Low 형태 | 쌍바닥 넥라인 돌파 확인 | 이동평균선 재돌파 | 재상승 후 5일선 지지,중기 상승 구조 미확인,88200.0,False,4.85,True,1.0,0.6811,True,74727.2727,84618.1818,83300.0,94509.0909,72485.4545,-4.06,7.15,True,True,False,7.14,True,True,False,,False,False,,2026-08-01,2026-08-21,88200.0,6,0,-0.68,87600.0,2026-08-13,-1.02,87300.0,2026-08-14,-3.401,85200.0,2026-08-18,-3.288,85300.0,2026-08-19,-1.927,86500.0,2026-08-20,-5.102,83700.0,2026-08-21,,,,,,,,,,,,,,,,,,,,,,,,,,,,,,,,,,,,,,,,,,,2026-08-21,-0.68,-5.102,1.134,-7.143,,,,,,,
326030,SK바이오팜,2026-08-13,2026-08-13,REJECTED,40,TREND_BROKEN_OR_NOT_UPTREND,상승추세 안의 단기 조정 + 전저점 유지 | 상승 평행채널 유효(커버리지 100%) | 최근 추세 하단(싼 구간) 접촉 | 추세 하단 부근 쌍바닥/Higher-Low 형태 | 쌍바닥 넥라인 돌파 확인,중기 상승 구조 미확인,87600.0,False,5.5,True,1.0,0.6489,True,74763.6364,84654.5455,83300.0,94545.4545,72520.7273,-3.36,7.93,True,True,False,7.59,False,True,False,,False,False,,2026-08-01,2026-08-21,87600.0,5,0,-0.342,87300.0,2026-08-14,-2.74,85200.0,2026-08-18,-2.626,85300.0,2026-08-19,-1.256,86500.0,2026-08-20,-4.452,83700.0,2026-08-21,,,,,,,,,,,,,,,,,,,,,,,,,,,,,,,,,,,,,,,,,,,,,,2026-08-21,-0.342,-4.452,1.256,-6.507,,,,,,,
326030,SK바이오팜,2026-08-14,2026-08-14,REJECTED,40,TREND_BROKEN_OR_NOT_UPTREND,상승추세 안의 단기 조정 + 전저점 유지 | 상승 평행채널 유효(커버리지 100%) | 최근 추세 하단(싼 구간) 접촉 | 추세 하단 부근 쌍바닥/Higher-Low 형태 | 쌍바닥 넥라인 돌파 확인,중기 상승 구조 미확인,87300.0,False,5.83,True,1.0,0.6319,True,74800.0,84690.9091,92700.0,94581.8182,72556.0,-2.99,8.34,True,True,False,7.6,False,False,False,,False,False,,2026-08-01,2026-08-21,87300.0,4,0,-2.405,85200.0,2026-08-18,-2.291,85300.0,2026-08-19,-0.916,86500.0,2026-08-20,-4.124,83700.0,2026-08-21,,,,,,,,,,,,,,,,,,,,,,,,,,,,,,,,,,,,,,,,,,,,,,,,,2026-08-21,-0.916,-4.124,1.489,-6.186,,,,,,,
326030,SK바이오팜,2026-08-18,2026-08-18,REJECTED,48,TREND_BROKEN_OR_NOT_UPTREND,상승추세 안의 단기 조정 + 전저점 유지 | 상승 평행채널 유효(커버리지 100%) | 최근 추세 하단(싼 구간) 접촉 | 추세 하단 부근 쌍바닥/Higher-Low 형태 | 쌍바닥 넥라인 돌파 확인 | 이동평균선 밀집,중기 상승 구조 미확인,85200.0,False,8.09,True,1.0,0.5239,True,74836.3636,84727.2727,92700.0,94618.1818,72591.2727,-0.55,11.05,True,True,True,6.47,False,False,False,,False,False,,2026-08-01,2026-08-21,85200.0,3,0,0.117,85300.0,2026-08-19,1.526,86500.0,2026-08-20,-1.761,83700.0,2026-08-21,,,,,,,,,,,,,,,,,,,,,,,,,,,,,,,,,,,,,,,,,,,,,,,,,,,,2026-08-21,1.526,-1.761,3.991,-3.873,,,,,,,
326030,SK바이오팜,2026-08-19,2026-08-19,REJECTED,48,TREND_BROKEN_OR_NOT_UPTREND,상승추세 안의 단기 조정 + 전저점 유지 | 상승 평행채널 유효(커버리지 100%) | 최근 추세 하단(싼 구간) 접촉 | 추세 하단 부근 쌍바닥/Higher-Low 형태 | 쌍바닥 넥라인 돌파 확인 | 이동평균선 밀집,중기 상승 구조 미확인,85300.0,False,7.98,True,1.0,0.5271,True,74872.7273,84763.6364,92700.0,94654.5455,72626.5455,-0.63,10.97,True,True,True,4.79,False,False,False,,False,False,,2026-08-01,2026-08-21,85300.0,2,0,1.407,86500.0,2026-08-20,-1.876,83700.0,2026-08-21,,,,,,,,,,,,,,,,,,,,,,,,,,,,,,,,,,,,,,,,,,,,,,,,,,,,,,,2026-08-21,1.407,-1.876,3.869,-3.986,,,,,,,
326030,SK바이오팜,2026-08-20,2026-08-20,REJECTED,58,TREND_BROKEN_OR_NOT_UPTREND,상승추세 안의 단기 조정 + 전저점 유지 | 상승 평행채널 유효(커버리지 100%) | 최근 추세 하단(싼 구간) 접촉 | 추세 하단 부근 쌍바닥/Higher-Low 형태 | 쌍바닥 넥라인 돌파 확인 | 이동평균선 밀집 | 이동평균선 재돌파 | 재상승 후 5일선 지지,중기 상승 구조 미확인,86500.0,False,6.69,True,1.0,0.5859,True,74909.0909,84800.0,92700.0,94690.9091,72661.8182,-1.97,9.47,True,True,True,3.77,True,True,False,,False,False,,2026-08-01,2026-08-21,86500.0,1,0,-3.237,83700.0,2026-08-21,,,,,,,,,,,,,,,,,,,,,,,,,,,,,,,,,,,,,,,,,,,,,,,,,,,,,,,,,,2026-08-21,-3.237,-3.237,-1.503,-5.318,,,,,,,
326030,SK바이오팜,2026-08-21,2026-08-21,REJECTED,48,TREND_BROKEN_OR_NOT_UPTREND,상승추세 안의 단기 조정 + 전저점 유지 | 상승 평행채널 유효(커버리지 100%) | 최근 추세 하단(싼 구간) 접촉 | 추세 하단 부근 쌍바닥/Higher-Low 형태 | 쌍바닥 넥라인 돌파 확인 | 이동평균선 밀집,중기 상승 구조 미확인,83700.0,False,9.71,True,1.0,0.4426,True,74945.4545,84836.3636,92700.0,94727.2727,72697.0909,1.36,13.17,True,True,True,2.73,False,False,False,,False,False,,2026-08-01,2026-08-21,83700.0,0,0,,,,,,,,,,,,,,,,,,,,,,,,,,,,,,,,,,,,,,,,,,,,,,,,,,,,,,,,,,,,,,,,,,,,,,,,
000990,DB하이텍,2026-08-03,2026-08-03,REJECTED,0,NO_RISING_CHANNEL,,영상 방식의 상승 평행채널을 안정적으로 구성하지 못함,,,,,,,,,,,,,,,,,,,,,,,,,,2026-08-01,2026-08-21,80900.0,13,0,5.068,85000.0,2026-08-04,11.248,90000.0,2026-08-05,9.518,88600.0,2026-08-06,3.956,84100.0,2026-08-07,13.597,91900.0,2026-08-10,15.204,93200.0,2026-08-11,17.553,95100.0,2026-08-12,23.239,99700.0,2026-08-13,27.07,102800.0,2026-08-14,20.643,97600.0,2026-08-18,15.698,93600.0,2026-08-19,19.778,96900.0,2026-08-20,10.878,89700.0,2026-08-21,,,,,,,,,,,,,,,,,,,,,,2026-08-21,27.07,3.956,28.554,-2.596,,,,,,,
000990,DB하이텍,2026-08-04,2026-08-04,REJECTED,0,NO_RISING_CHANNEL,,영상 방식의 상승 평행채널을 안정적으로 구성하지 못함,,,,,,,,,,,,,,,,,,,,,,,,,,2026-08-01,2026-08-21,85000.0,12,0,5.882,90000.0,2026-08-05,4.235,88600.0,2026-08-06,-1.059,84100.0,2026-08-07,8.118,91900.0,2026-08-10,9.647,93200.0,2026-08-11,11.882,95100.0,2026-08-12,17.294,99700.0,2026-08-13,20.941,102800.0,2026-08-14,14.824,97600.0,2026-08-18,10.118,93600.0,2026-08-19,14.0,96900.0,2026-08-20,5.529,89700.0,2026-08-21,,,,,,,,,,,,,,,,,,,,,,,,,2026-08-21,20.941,-1.059,22.353,-3.647,,,,,,,
000990,DB하이텍,2026-08-05,2026-08-05,REJECTED,0,NO_RISING_CHANNEL,,영상 방식의 상승 평행채널을 안정적으로 구성하지 못함,,,,,,,,,,,,,,,,,,,,,,,,,,2026-08-01,2026-08-21,90000.0,11,0,-1.556,88600.0,2026-08-06,-6.556,84100.0,2026-08-07,2.111,91900.0,2026-08-10,3.556,93200.0,2026-08-11,5.667,95100.0,2026-08-12,10.778,99700.0,2026-08-13,14.222,102800.0,2026-08-14,8.444,97600.0,2026-08-18,4.0,93600.0,2026-08-19,7.667,96900.0,2026-08-20,-0.333,89700.0,2026-08-21,,,,,,,,,,,,,,,,,,,,,,,,,,,,2026-08-21,14.222,-6.556,15.556,-9.0,,,,,,,
000990,DB하이텍,2026-08-06,2026-08-06,REJECTED,0,NO_RISING_CHANNEL,,영상 방식의 상승 평행채널을 안정적으로 구성하지 못함,,,,,,,,,,,,,,,,,,,,,,,,,,2026-08-01,2026-08-21,88600.0,10,0,-5.079,84100.0,2026-08-07,3.725,91900.0,2026-08-10,5.192,93200.0,2026-08-11,7.336,95100.0,2026-08-12,12.528,99700.0,2026-08-13,16.027,102800.0,2026-08-14,10.158,97600.0,2026-08-18,5.643,93600.0,2026-08-19,9.368,96900.0,2026-08-20,1.242,89700.0,2026-08-21,,,,,,,,,,,,,,,,,,,,,,,,,,,,,,,2026-08-21,16.027,-5.079,17.381,-7.562,,,,,,,
000990,DB하이텍,2026-08-07,2026-08-07,REJECTED,0,NO_RISING_CHANNEL,,영상 방식의 상승 평행채널을 안정적으로 구성하지 못함,,,,,,,,,,,,,,,,,,,,,,,,,,2026-08-01,2026-08-21,84100.0,9,0,9.275,91900.0,2026-08-10,10.82,93200.0,2026-08-11,13.08,95100.0,2026-08-12,18.549,99700.0,2026-08-13,22.235,102800.0,2026-08-14,16.052,97600.0,2026-08-18,11.296,93600.0,2026-08-19,15.22,96900.0,2026-08-20,6.659,89700.0,2026-08-21,,,,,,,,,,,,,,,,,,,,,,,,,,,,,,,,,,2026-08-21,22.235,6.659,23.662,1.427,,,,,,,
000990,DB하이텍,2026-08-10,2026-08-10,REJECTED,0,NO_RISING_CHANNEL,,영상 방식의 상승 평행채널을 안정적으로 구성하지 못함,,,,,,,,,,,,,,,,,,,,,,,,,,2026-08-01,2026-08-21,91900.0,8,0,1.415,93200.0,2026-08-11,3.482,95100.0,2026-08-12,8.487,99700.0,2026-08-13,11.861,102800.0,2026-08-14,6.202,97600.0,2026-08-18,1.85,93600.0,2026-08-19,5.441,96900.0,2026-08-20,-2.394,89700.0,2026-08-21,,,,,,,,,,,,,,,,,,,,,,,,,,,,,,,,,,,,,2026-08-21,11.861,-2.394,13.166,-3.7,,,,,,,
000990,DB하이텍,2026-08-11,2026-08-11,REJECTED,0,NO_RISING_CHANNEL,,영상 방식의 상승 평행채널을 안정적으로 구성하지 못함,,,,,,,,,,,,,,,,,,,,,,,,,,2026-08-01,2026-08-21,93200.0,7,0,2.039,95100.0,2026-08-12,6.974,99700.0,2026-08-13,10.3,102800.0,2026-08-14,4.721,97600.0,2026-08-18,0.429,93600.0,2026-08-19,3.97,96900.0,2026-08-20,-3.755,89700.0,2026-08-21,,,,,,,,,,,,,,,,,,,,,,,,,,,,,,,,,,,,,,,,2026-08-21,10.3,-3.755,11.588,-5.043,,,,,,,
000990,DB하이텍,2026-08-12,2026-08-12,REJECTED,0,NO_RISING_CHANNEL,,영상 방식의 상승 평행채널을 안정적으로 구성하지 못함,,,,,,,,,,,,,,,,,,,,,,,,,,2026-08-01,2026-08-21,95100.0,6,0,4.837,99700.0,2026-08-13,8.097,102800.0,2026-08-14,2.629,97600.0,2026-08-18,-1.577,93600.0,2026-08-19,1.893,96900.0,2026-08-20,-5.678,89700.0,2026-08-21,,,,,,,,,,,,,,,,,,,,,,,,,,,,,,,,,,,,,,,,,,,2026-08-21,8.097,-5.678,9.359,-6.94,,,,,,,
000990,DB하이텍,2026-08-13,2026-08-13,REJECTED,0,NO_RISING_CHANNEL,,영상 방식의 상승 평행채널을 안정적으로 구성하지 못함,,,,,,,,,,,,,,,,,,,,,,,,,,2026-08-01,2026-08-21,99700.0,5,0,3.109,102800.0,2026-08-14,-2.106,97600.0,2026-08-18,-6.118,93600.0,2026-08-19,-2.808,96900.0,2026-08-20,-10.03,89700.0,2026-08-21,,,,,,,,,,,,,,,,,,,,,,,,,,,,,,,,,,,,,,,,,,,,,,2026-08-21,3.109,-10.03,3.711,-11.234,,,,,,,
000990,DB하이텍,2026-08-14,2026-08-14,REJECTED,0,NO_RISING_CHANNEL,,영상 방식의 상승 평행채널을 안정적으로 구성하지 못함,,,,,,,,,,,,,,,,,,,,,,,,,,2026-08-01,2026-08-21,102800.0,4,0,-5.058,97600.0,2026-08-18,-8.949,93600.0,2026-08-19,-5.739,96900.0,2026-08-20,-12.743,89700.0,2026-08-21,,,,,,,,,,,,,,,,,,,,,,,,,,,,,,,,,,,,,,,,,,,,,,,,,2026-08-21,-5.058,-12.743,0.584,-13.911,,,,,,,
000990,DB하이텍,2026-08-18,2026-08-18,REJECTED,0,NO_RISING_CHANNEL,,영상 방식의 상승 평행채널을 안정적으로 구성하지 못함,,,,,,,,,,,,,,,,,,,,,,,,,,2026-08-01,2026-08-21,97600.0,3,0,-4.098,93600.0,2026-08-19,-0.717,96900.0,2026-08-20,-8.094,89700.0,2026-08-21,,,,,,,,,,,,,,,,,,,,,,,,,,,,,,,,,,,,,,,,,,,,,,,,,,,,2026-08-21,-0.717,-8.094,0.82,-9.324,,,,,,,
000990,DB하이텍,2026-08-19,2026-08-19,REJECTED,0,NO_RISING_CHANNEL,,영상 방식의 상승 평행채널을 안정적으로 구성하지 못함,,,,,,,,,,,,,,,,,,,,,,,,,,2026-08-01,2026-08-21,93600.0,2,0,3.526,96900.0,2026-08-20,-4.167,89700.0,2026-08-21,,,,,,,,,,,,,,,,,,,,,,,,,,,,,,,,,,,,,,,,,,,,,,,,,,,,,,,2026-08-21,3.526,-4.167,4.06,-5.449,,,,,,,
000990,DB하이텍,2026-08-20,2026-08-20,REJECTED,0,NO_RISING_CHANNEL,,영상 방식의 상승 평행채널을 안정적으로 구성하지 못함,,,,,,,,,,,,,,,,,,,,,,,,,,2026-08-01,2026-08-21,96900.0,1,0,-7.43,89700.0,2026-08-21,,,,,,,,,,,,,,,,,,,,,,,,,,,,,,,,,,,,,,,,,,,,,,,,,,,,,,,,,,2026-08-21,-7.43,-7.43,-2.167,-8.669,,,,,,,
000990,DB하이텍,2026-08-21,2026-08-21,REJECTED,0,NO_RISING_CHANNEL,,영상 방식의 상승 평행채널을 안정적으로 구성하지 못함,,,,,,,,,,,,,,,,,,,,,,,,,,2026-08-01,2026-08-21,89700.0,0,0,,,,,,,,,,,,,,,,,,,,,,,,,,,,,,,,,,,,,,,,,,,,,,,,,,,,,,,,,,,,,,,,,,,,,,,,
034220,LG디스플레이,2026-08-03,2026-08-03,REJECTED,0,NO_RISING_CHANNEL,,영상 방식의 상승 평행채널을 안정적으로 구성하지 못함,,,,,,,,,,,,,,,,,,,,,,,,,,2026-08-01,2026-08-21,9160.0,13,0,4.039,9530.0,2026-08-04,6.987,9800.0,2026-08-05,4.367,9560.0,2026-08-06,6.659,9770.0,2026-08-07,8.515,9940.0,2026-08-10,8.515,9940.0,2026-08-11,10.48,10120.0,2026-08-12,8.515,9940.0,2026-08-13,12.118,10270.0,2026-08-14,6.769,9780.0,2026-08-18,4.694,9590.0,2026-08-19,5.349,9650.0,2026-08-20,3.712,9500.0,2026-08-21,,,,,,,,,,,,,,,,,,,,,,2026-08-21,12.118,3.712,13.1,-0.764,,,,,,,
034220,LG디스플레이,2026-08-04,2026-08-04,REJECTED,0,NO_RISING_CHANNEL,,영상 방식의 상승 평행채널을 안정적으로 구성하지 못함,,,,,,,,,,,,,,,,,,,,,,,,,,2026-08-01,2026-08-21,9530.0,12,0,2.833,9800.0,2026-08-05,0.315,9560.0,2026-08-06,2.518,9770.0,2026-08-07,4.302,9940.0,2026-08-10,4.302,9940.0,2026-08-11,6.191,10120.0,2026-08-12,4.302,9940.0,2026-08-13,7.765,10270.0,2026-08-14,2.623,9780.0,2026-08-18,0.63,9590.0,2026-08-19,1.259,9650.0,2026-08-20,-0.315,9500.0,2026-08-21,,,,,,,,,,,,,,,,,,,,,,,,,2026-08-21,7.765,-0.315,8.709,-2.308,,,,,,,
034220,LG디스플레이,2026-08-05,2026-08-05,REJECTED,0,NO_RISING_CHANNEL,,영상 방식의 상승 평행채널을 안정적으로 구성하지 못함,,,,,,,,,,,,,,,,,,,,,,,,,,2026-08-01,2026-08-21,9800.0,11,0,-2.449,9560.0,2026-08-06,-0.306,9770.0,2026-08-07,1.429,9940.0,2026-08-10,1.429,9940.0,2026-08-11,3.265,10120.0,2026-08-12,1.429,9940.0,2026-08-13,4.796,10270.0,2026-08-14,-0.204,9780.0,2026-08-18,-2.143,9590.0,2026-08-19,-1.531,9650.0,2026-08-20,-3.061,9500.0,2026-08-21,,,,,,,,,,,,,,,,,,,,,,,,,,,,2026-08-21,4.796,-3.061,5.714,-5.0,,,,,,,
034220,LG디스플레이,2026-08-06,2026-08-06,REJECTED,0,NO_RISING_CHANNEL,,영상 방식의 상승 평행채널을 안정적으로 구성하지 못함,,,,,,,,,,,,,,,,,,,,,,,,,,2026-08-01,2026-08-21,9560.0,10,0,2.197,9770.0,2026-08-07,3.975,9940.0,2026-08-10,3.975,9940.0,2026-08-11,5.858,10120.0,2026-08-12,3.975,9940.0,2026-08-13,7.427,10270.0,2026-08-14,2.301,9780.0,2026-08-18,0.314,9590.0,2026-08-19,0.941,9650.0,2026-08-20,-0.628,9500.0,2026-08-21,,,,,,,,,,,,,,,,,,,,,,,,,,,,,,,2026-08-21,7.427,-0.628,8.368,-2.51,,,,,,,
034220,LG디스플레이,2026-08-07,2026-08-07,REJECTED,0,NO_RISING_CHANNEL,,영상 방식의 상승 평행채널을 안정적으로 구성하지 못함,,,,,,,,,,,,,,,,,,,,,,,,,,2026-08-01,2026-08-21,9770.0,9,0,1.74,9940.0,2026-08-10,1.74,9940.0,2026-08-11,3.582,10120.0,2026-08-12,1.74,9940.0,2026-08-13,5.118,10270.0,2026-08-14,0.102,9780.0,2026-08-18,-1.842,9590.0,2026-08-19,-1.228,9650.0,2026-08-20,-2.764,9500.0,2026-08-21,,,,,,,,,,,,,,,,,,,,,,,,,,,,,,,,,,2026-08-21,5.118,-2.764,6.039,-4.606,,,,,,,
034220,LG디스플레이,2026-08-10,2026-08-10,REJECTED,0,NO_RISING_CHANNEL,,영상 방식의 상승 평행채널을 안정적으로 구성하지 못함,,,,,,,,,,,,,,,,,,,,,,,,,,2026-08-01,2026-08-21,9940.0,8,0,0.0,9940.0,2026-08-11,1.811,10120.0,2026-08-12,0.0,9940.0,2026-08-13,3.32,10270.0,2026-08-14,-1.61,9780.0,2026-08-18,-3.521,9590.0,2026-08-19,-2.918,9650.0,2026-08-20,-4.427,9500.0,2026-08-21,,,,,,,,,,,,,,,,,,,,,,,,,,,,,,,,,,,,,2026-08-21,3.32,-4.427,4.225,-6.237,,,,,,,
034220,LG디스플레이,2026-08-11,2026-08-11,REJECTED,0,NO_RISING_CHANNEL,,영상 방식의 상승 평행채널을 안정적으로 구성하지 못함,,,,,,,,,,,,,,,,,,,,,,,,,,2026-08-01,2026-08-21,9940.0,7,0,1.811,10120.0,2026-08-12,0.0,9940.0,2026-08-13,3.32,10270.0,2026-08-14,-1.61,9780.0,2026-08-18,-3.521,9590.0,2026-08-19,-2.918,9650.0,2026-08-20,-4.427,9500.0,2026-08-21,,,,,,,,,,,,,,,,,,,,,,,,,,,,,,,,,,,,,,,,2026-08-21,3.32,-4.427,4.225,-6.237,,,,,,,
034220,LG디스플레이,2026-08-12,2026-08-12,REJECTED,0,NO_RISING_CHANNEL,,영상 방식의 상승 평행채널을 안정적으로 구성하지 못함,,,,,,,,,,,,,,,,,,,,,,,,,,2026-08-01,2026-08-21,10120.0,6,0,-1.779,9940.0,2026-08-13,1.482,10270.0,2026-08-14,-3.36,9780.0,2026-08-18,-5.237,9590.0,2026-08-19,-4.644,9650.0,2026-08-20,-6.126,9500.0,2026-08-21,,,,,,,,,,,,,,,,,,,,,,,,,,,,,,,,,,,,,,,,,,,2026-08-21,1.482,-6.126,2.372,-7.905,,,,,,,
034220,LG디스플레이,2026-08-13,2026-08-13,REJECTED,0,NO_RISING_CHANNEL,,영상 방식의 상승 평행채널을 안정적으로 구성하지 못함,,,,,,,,,,,,,,,,,,,,,,,,,,2026-08-01,2026-08-21,9940.0,5,0,3.32,10270.0,2026-08-14,-1.61,9780.0,2026-08-18,-3.521,9590.0,2026-08-19,-2.918,9650.0,2026-08-20,-4.427,9500.0,2026-08-21,,,,,,,,,,,,,,,,,,,,,,,,,,,,,,,,,,,,,,,,,,,,,,2026-08-21,3.32,-4.427,4.225,-6.237,,,,,,,
034220,LG디스플레이,2026-08-14,2026-08-14,REJECTED,0,NO_RISING_CHANNEL,,영상 방식의 상승 평행채널을 안정적으로 구성하지 못함,,,,,,,,,,,,,,,,,,,,,,,,,,2026-08-01,2026-08-21,10270.0,4,0,-4.771,9780.0,2026-08-18,-6.621,9590.0,2026-08-19,-6.037,9650.0,2026-08-20,-7.498,9500.0,2026-08-21,,,,,,,,,,,,,,,,,,,,,,,,,,,,,,,,,,,,,,,,,,,,,,,,,2026-08-21,-4.771,-7.498,0.584,-9.25,,,,,,,
034220,LG디스플레이,2026-08-18,2026-08-18,REJECTED,0,NO_RISING_CHANNEL,,영상 방식의 상승 평행채널을 안정적으로 구성하지 못함,,,,,,,,,,,,,,,,,,,,,,,,,,2026-08-01,2026-08-21,9780.0,3,0,-1.943,9590.0,2026-08-19,-1.329,9650.0,2026-08-20,-2.863,9500.0,2026-08-21,,,,,,,,,,,,,,,,,,,,,,,,,,,,,,,,,,,,,,,,,,,,,,,,,,,,2026-08-21,-1.329,-2.863,0.511,-4.703,,,,,,,
034220,LG디스플레이,2026-08-19,2026-08-19,REJECTED,0,NO_RISING_CHANNEL,,영상 방식의 상승 평행채널을 안정적으로 구성하지 못함,,,,,,,,,,,,,,,,,,,,,,,,,,2026-08-01,2026-08-21,9590.0,2,0,0.626,9650.0,2026-08-20,-0.938,9500.0,2026-08-21,,,,,,,,,,,,,,,,,,,,,,,,,,,,,,,,,,,,,,,,,,,,,,,,,,,,,,,2026-08-21,0.626,-0.938,2.503,-2.815,,,,,,,
034220,LG디스플레이,2026-08-20,2026-08-20,REJECTED,0,NO_RISING_CHANNEL,,영상 방식의 상승 평행채널을 안정적으로 구성하지 못함,,,,,,,,,,,,,,,,,,,,,,,,,,2026-08-01,2026-08-21,9650.0,1,0,-1.554,9500.0,2026-08-21,,,,,,,,,,,,,,,,,,,,,,,,,,,,,,,,,,,,,,,,,,,,,,,,,,,,,,,,,,2026-08-21,-1.554,-1.554,-0.933,-3.42,,,,,,,
034220,LG디스플레이,2026-08-21,2026-08-21,REJECTED,0,NO_RISING_CHANNEL,,영상 방식의 상승 평행채널을 안정적으로 구성하지 못함,,,,,,,,,,,,,,,,,,,,,,,,,,2026-08-01,2026-08-21,9500.0,0,0,,,,,,,,,,,,,,,,,,,,,,,,,,,,,,,,,,,,,,,,,,,,,,,,,,,,,,,,,,,,,,,,,,,,,,,,
004170,신세계,2026-08-03,2026-08-03,REJECTED,25,TREND_BROKEN_OR_NOT_UPTREND,상승 평행채널 유효(커버리지 81%) | 최근 추세 하단(싼 구간) 접촉 | 현재도 채널 하단권,중기 상승 구조 미확인 | 최근 스윙 저점 이탈 위험,405500.0,False,44.68,False,0.8105,-2.0972,True,808817.4603,904972.2222,786000.0,1001126.9841,784552.9365,123.17,146.89,False,False,False,40.79,False,False,False,,False,False,,2026-08-01,2026-08-21,405500.0,13,0,4.932,425500.0,2026-08-04,6.042,430000.0,2026-08-05,5.425,427500.0,2026-08-06,3.576,420000.0,2026-08-07,6.535,432000.0,2026-08-10,5.672,428500.0,2026-08-11,-1.603,399000.0,2026-08-12,3.453,419500.0,2026-08-13,5.302,427000.0,2026-08-14,4.686,424500.0,2026-08-18,-1.233,400500.0,2026-08-19,-0.247,404500.0,2026-08-20,-1.233,400500.0,2026-08-21,,,,,,,,,,,,,,,,,,,,,,2026-08-21,6.535,-1.603,15.043,-4.316,,,,,,,
004170,신세계,2026-08-04,2026-08-04,REJECTED,25,TREND_BROKEN_OR_NOT_UPTREND,상승 평행채널 유효(커버리지 80%) | 최근 추세 하단(싼 구간) 접촉 | 현재도 채널 하단권,중기 상승 구조 미확인,425500.0,False,40.57,True,0.8021,-2.0283,True,815563.4921,911718.254,786000.0,1007873.0159,791096.5873,114.27,136.87,False,False,False,40.72,False,False,False,,False,False,,2026-08-01,2026-08-21,425500.0,12,0,1.058,430000.0,2026-08-05,0.47,427500.0,2026-08-06,-1.293,420000.0,2026-08-07,1.528,432000.0,2026-08-10,0.705,428500.0,2026-08-11,-6.228,399000.0,2026-08-12,-1.41,419500.0,2026-08-13,0.353,427000.0,2026-08-14,-0.235,424500.0,2026-08-18,-5.875,400500.0,2026-08-19,-4.935,404500.0,2026-08-20,-5.875,400500.0,2026-08-21,,,,,,,,,,,,,,,,,,,,,,,,,2026-08-21,1.528,-6.228,9.636,-8.813,,,,,,,
004170,신세계,2026-08-05,2026-08-05,REJECTED,25,TREND_BROKEN_OR_NOT_UPTREND,상승 평행채널 유효(커버리지 79%) | 최근 추세 하단(싼 구간) 접촉 | 현재도 채널 하단권,중기 상승 구조 미확인,430000.0,False,38.48,True,0.7938,-2.04,True,822309.5238,918464.2857,786000.0,1014619.0476,797640.2381,113.6,135.96,False,False,False,40.98,False,True,False,,False,False,,2026-08-01,2026-08-21,430000.0,11,0,-0.581,427500.0,2026-08-06,-2.326,420000.0,2026-08-07,0.465,432000.0,2026-08-10,-0.349,428500.0,2026-08-11,-7.209,399000.0,2026-08-12,-2.442,419500.0,2026-08-13,-0.698,427000.0,2026-08-14,-1.279,424500.0,2026-08-18,-6.86,400500.0,2026-08-19,-5.93,404500.0,2026-08-20,-6.86,400500.0,2026-08-21,,,,,,,,,,,,,,,,,,,,,,,,,,,,2026-08-21,0.465,-7.209,8.488,-9.767,,,,,,,
004170,신세계,2026-08-06,2026-08-06,REJECTED,25,TREND_BROKEN_OR_NOT_UPTREND,상승 평행채널 유효(커버리지 79%) | 최근 추세 하단(싼 구간) 접촉 | 현재도 채널 하단권,중기 상승 구조 미확인,427500.0,False,35.13,True,0.7857,-2.0881,True,829055.5556,925210.3175,786000.0,1021365.0794,804183.8889,116.42,138.92,False,False,False,39.67,False,False,False,,False,False,,2026-08-01,2026-08-21,427500.0,10,0,-1.754,420000.0,2026-08-07,1.053,432000.0,2026-08-10,0.234,428500.0,2026-08-11,-6.667,399000.0,2026-08-12,-1.871,419500.0,2026-08-13,-0.117,427000.0,2026-08-14,-0.702,424500.0,2026-08-18,-6.316,400500.0,2026-08-19,-5.38,404500.0,2026-08-20,-6.316,400500.0,2026-08-21,,,,,,,,,,,,,,,,,,,,,,,,,,,,,,,2026-08-21,1.053,-6.667,9.123,-9.24,,,,,,,
004170,신세계,2026-08-07,2026-08-07,REJECTED,25,TREND_BROKEN_OR_NOT_UPTREND,상승 평행채널 유효(커버리지 78%) | 최근 추세 하단(싼 구간) 접촉 | 현재도 채널 하단권,중기 상승 구조 미확인,420000.0,False,36.27,True,0.7778,-2.1621,True,835801.5873,931956.3492,786000.0,1028111.1111,810727.5397,121.89,144.79,False,False,False,40.44,False,False,False,,False,False,,2026-08-01,2026-08-21,420000.0,9,0,2.857,432000.0,2026-08-10,2.024,428500.0,2026-08-11,-5.0,399000.0,2026-08-12,-0.119,419500.0,2026-08-13,1.667,427000.0,2026-08-14,1.071,424500.0,2026-08-18,-4.643,400500.0,2026-08-19,-3.69,404500.0,2026-08-20,-4.643,400500.0,2026-08-21,,,,,,,,,,,,,,,,,,,,,,,,,,,,,,,,,,2026-08-21,2.857,-5.0,11.071,-7.619,,,,,,,
004170,신세계,2026-08-10,2026-08-10,REJECTED,0,NO_RISING_CHANNEL,,영상 방식의 상승 평행채널을 안정적으로 구성하지 못함,,,,,,,,,,,,,,,,,,,,,,,,,,2026-08-01,2026-08-21,432000.0,8,0,-0.81,428500.0,2026-08-11,-7.639,399000.0,2026-08-12,-2.894,419500.0,2026-08-13,-1.157,427000.0,2026-08-14,-1.736,424500.0,2026-08-18,-7.292,400500.0,2026-08-19,-6.366,404500.0,2026-08-20,-7.292,400500.0,2026-08-21,,,,,,,,,,,,,,,,,,,,,,,,,,,,,,,,,,,,,2026-08-21,-0.81,-7.639,7.986,-10.185,,,,,,,
004170,신세계,2026-08-11,2026-08-11,REJECTED,0,NO_RISING_CHANNEL,,영상 방식의 상승 평행채널을 안정적으로 구성하지 못함,,,,,,,,,,,,,,,,,,,,,,,,,,2026-08-01,2026-08-21,428500.0,7,0,-6.884,399000.0,2026-08-12,-2.1,419500.0,2026-08-13,-0.35,427000.0,2026-08-14,-0.933,424500.0,2026-08-18,-6.534,400500.0,2026-08-19,-5.601,404500.0,2026-08-20,-6.534,400500.0,2026-08-21,,,,,,,,,,,,,,,,,,,,,,,,,,,,,,,,,,,,,,,,2026-08-21,-0.35,-6.884,8.868,-9.452,,,,,,,
004170,신세계,2026-08-12,2026-08-12,REJECTED,0,NO_RISING_CHANNEL,,영상 방식의 상승 평행채널을 안정적으로 구성하지 못함,,,,,,,,,,,,,,,,,,,,,,,,,,2026-08-01,2026-08-21,399000.0,6,0,5.138,419500.0,2026-08-13,7.018,427000.0,2026-08-14,6.391,424500.0,2026-08-18,0.376,400500.0,2026-08-19,1.378,404500.0,2026-08-20,0.376,400500.0,2026-08-21,,,,,,,,,,,,,,,,,,,,,,,,,,,,,,,,,,,,,,,,,,,2026-08-21,7.018,0.376,11.529,-2.757,,,,,,,
004170,신세계,2026-08-13,2026-08-13,REJECTED,0,NO_RISING_CHANNEL,,영상 방식의 상승 평행채널을 안정적으로 구성하지 못함,,,,,,,,,,,,,,,,,,,,,,,,,,2026-08-01,2026-08-21,419500.0,5,0,1.788,427000.0,2026-08-14,1.192,424500.0,2026-08-18,-4.529,400500.0,2026-08-19,-3.576,404500.0,2026-08-20,-4.529,400500.0,2026-08-21,,,,,,,,,,,,,,,,,,,,,,,,,,,,,,,,,,,,,,,,,,,,,,2026-08-21,1.788,-4.529,6.079,-7.509,,,,,,,
004170,신세계,2026-08-14,2026-08-14,REJECTED,0,NO_RISING_CHANNEL,,영상 방식의 상승 평행채널을 안정적으로 구성하지 못함,,,,,,,,,,,,,,,,,,,,,,,,,,2026-08-01,2026-08-21,427000.0,4,0,-0.585,424500.0,2026-08-18,-6.206,400500.0,2026-08-19,-5.269,404500.0,2026-08-20,-6.206,400500.0,2026-08-21,,,,,,,,,,,,,,,,,,,,,,,,,,,,,,,,,,,,,,,,,,,,,,,,,2026-08-21,-0.585,-6.206,4.215,-9.133,,,,,,,
004170,신세계,2026-08-18,2026-08-18,REJECTED,0,NO_RISING_CHANNEL,,영상 방식의 상승 평행채널을 안정적으로 구성하지 못함,,,,,,,,,,,,,,,,,,,,,,,,,,2026-08-01,2026-08-21,424500.0,3,0,-5.654,400500.0,2026-08-19,-4.711,404500.0,2026-08-20,-5.654,400500.0,2026-08-21,,,,,,,,,,,,,,,,,,,,,,,,,,,,,,,,,,,,,,,,,,,,,,,,,,,,2026-08-21,-4.711,-5.654,-2.473,-8.598,,,,,,,
004170,신세계,2026-08-19,2026-08-19,REJECTED,0,NO_RISING_CHANNEL,,영상 방식의 상승 평행채널을 안정적으로 구성하지 못함,,,,,,,,,,,,,,,,,,,,,,,,,,2026-08-01,2026-08-21,400500.0,2,0,0.999,404500.0,2026-08-20,0.0,400500.0,2026-08-21,,,,,,,,,,,,,,,,,,,,,,,,,,,,,,,,,,,,,,,,,,,,,,,,,,,,,,,2026-08-21,0.999,0.0,2.871,-3.121,,,,,,,
004170,신세계,2026-08-20,2026-08-20,REJECTED,0,NO_RISING_CHANNEL,,영상 방식의 상승 평행채널을 안정적으로 구성하지 못함,,,,,,,,,,,,,,,,,,,,,,,,,,2026-08-01,2026-08-21,404500.0,1,0,-0.989,400500.0,2026-08-21,,,,,,,,,,,,,,,,,,,,,,,,,,,,,,,,,,,,,,,,,,,,,,,,,,,,,,,,,,2026-08-21,-0.989,-0.989,-0.124,-4.079,,,,,,,
004170,신세계,2026-08-21,2026-08-21,REJECTED,0,NO_RISING_CHANNEL,,영상 방식의 상승 평행채널을 안정적으로 구성하지 못함,,,,,,,,,,,,,,,,,,,,,,,,,,2026-08-01,2026-08-21,400500.0,0,0,,,,,,,,,,,,,,,,,,,,,,,,,,,,,,,,,,,,,,,,,,,,,,,,,,,,,,,,,,,,,,,,,,,,,,,,
454910,두산로보틱스,2026-08-03,2026-08-03,REJECTED,0,NO_RISING_CHANNEL,,영상 방식의 상승 평행채널을 안정적으로 구성하지 못함,,,,,,,,,,,,,,,,,,,,,,,,,,2026-08-01,2026-08-21,64400.0,13,0,6.366,68500.0,2026-08-04,13.354,73000.0,2026-08-05,9.783,70700.0,2026-08-06,9.783,70700.0,2026-08-07,15.994,74700.0,2026-08-10,15.062,74100.0,2026-08-11,18.478,76300.0,2026-08-12,21.118,78000.0,2026-08-13,22.981,79200.0,2026-08-14,15.528,74400.0,2026-08-18,11.025,71500.0,2026-08-19,12.267,72300.0,2026-08-20,10.093,70900.0,2026-08-21,,,,,,,,,,,,,,,,,,,,,,2026-08-21,22.981,6.366,27.329,-1.553,,,,,,,
454910,두산로보틱스,2026-08-04,2026-08-04,REJECTED,0,NO_RISING_CHANNEL,,영상 방식의 상승 평행채널을 안정적으로 구성하지 못함,,,,,,,,,,,,,,,,,,,,,,,,,,2026-08-01,2026-08-21,68500.0,12,0,6.569,73000.0,2026-08-05,3.212,70700.0,2026-08-06,3.212,70700.0,2026-08-07,9.051,74700.0,2026-08-10,8.175,74100.0,2026-08-11,11.387,76300.0,2026-08-12,13.869,78000.0,2026-08-13,15.62,79200.0,2026-08-14,8.613,74400.0,2026-08-18,4.38,71500.0,2026-08-19,5.547,72300.0,2026-08-20,3.504,70900.0,2026-08-21,,,,,,,,,,,,,,,,,,,,,,,,,2026-08-21,15.62,3.212,19.708,-0.584,,,,,,,
454910,두산로보틱스,2026-08-05,2026-08-05,REJECTED,0,NO_RISING_CHANNEL,,영상 방식의 상승 평행채널을 안정적으로 구성하지 못함,,,,,,,,,,,,,,,,,,,,,,,,,,2026-08-01,2026-08-21,73000.0,11,0,-3.151,70700.0,2026-08-06,-3.151,70700.0,2026-08-07,2.329,74700.0,2026-08-10,1.507,74100.0,2026-08-11,4.521,76300.0,2026-08-12,6.849,78000.0,2026-08-13,8.493,79200.0,2026-08-14,1.918,74400.0,2026-08-18,-2.055,71500.0,2026-08-19,-0.959,72300.0,2026-08-20,-2.877,70900.0,2026-08-21,,,,,,,,,,,,,,,,,,,,,,,,,,,,2026-08-21,8.493,-3.151,12.329,-6.712,,,,,,,
454910,두산로보틱스,2026-08-06,2026-08-06,REJECTED,0,NO_RISING_CHANNEL,,영상 방식의 상승 평행채널을 안정적으로 구성하지 못함,,,,,,,,,,,,,,,,,,,,,,,,,,2026-08-01,2026-08-21,70700.0,10,0,0.0,70700.0,2026-08-07,5.658,74700.0,2026-08-10,4.809,74100.0,2026-08-11,7.921,76300.0,2026-08-12,10.325,78000.0,2026-08-13,12.023,79200.0,2026-08-14,5.233,74400.0,2026-08-18,1.132,71500.0,2026-08-19,2.263,72300.0,2026-08-20,0.283,70900.0,2026-08-21,,,,,,,,,,,,,,,,,,,,,,,,,,,,,,,2026-08-21,12.023,0.0,15.983,-3.678,,,,,,,
454910,두산로보틱스,2026-08-07,2026-08-07,REJECTED,0,NO_RISING_CHANNEL,,영상 방식의 상승 평행채널을 안정적으로 구성하지 못함,,,,,,,,,,,,,,,,,,,,,,,,,,2026-08-01,2026-08-21,70700.0,9,0,5.658,74700.0,2026-08-10,4.809,74100.0,2026-08-11,7.921,76300.0,2026-08-12,10.325,78000.0,2026-08-13,12.023,79200.0,2026-08-14,5.233,74400.0,2026-08-18,1.132,71500.0,2026-08-19,2.263,72300.0,2026-08-20,0.283,70900.0,2026-08-21,,,,,,,,,,,,,,,,,,,,,,,,,,,,,,,,,,2026-08-21,12.023,0.283,15.983,-3.112,,,,,,,
454910,두산로보틱스,2026-08-10,2026-08-10,REJECTED,0,NO_RISING_CHANNEL,,영상 방식의 상승 평행채널을 안정적으로 구성하지 못함,,,,,,,,,,,,,,,,,,,,,,,,,,2026-08-01,2026-08-21,74700.0,8,0,-0.803,74100.0,2026-08-11,2.142,76300.0,2026-08-12,4.418,78000.0,2026-08-13,6.024,79200.0,2026-08-14,-0.402,74400.0,2026-08-18,-4.284,71500.0,2026-08-19,-3.213,72300.0,2026-08-20,-5.087,70900.0,2026-08-21,,,,,,,,,,,,,,,,,,,,,,,,,,,,,,,,,,,,,2026-08-21,6.024,-5.087,9.772,-8.3,,,,,,,
454910,두산로보틱스,2026-08-11,2026-08-11,REJECTED,20,TREND_BROKEN_OR_NOT_UPTREND,상승 평행채널 유효(커버리지 100%) | 최근 추세 하단(싼 구간) 접촉,중기 상승 구조 미확인,74100.0,False,2.5,True,1.0,0.9069,True,54527.2727,65318.1818,76000.0,76109.0909,52891.4545,-11.85,2.71,False,False,False,33.0,False,True,False,,False,False,,2026-08-01,2026-08-21,74100.0,7,0,2.969,76300.0,2026-08-12,5.263,78000.0,2026-08-13,6.883,79200.0,2026-08-14,0.405,74400.0,2026-08-18,-3.509,71500.0,2026-08-19,-2.429,72300.0,2026-08-20,-4.318,70900.0,2026-08-21,,,,,,,,,,,,,,,,,,,,,,,,,,,,,,,,,,,,,,,,2026-08-21,6.883,-4.318,10.661,-7.557,,,,,,,
454910,두산로보틱스,2026-08-12,2026-08-12,REJECTED,20,TREND_BROKEN_OR_NOT_UPTREND,상승 평행채널 유효(커버리지 100%) | 최근 추세 하단(싼 구간) 접촉,중기 상승 구조 미확인,76300.0,False,1.17,True,1.0,1.0072,True,54563.6364,65354.5455,76000.0,76145.4545,52926.7273,-14.35,-0.2,False,False,False,30.3,False,True,False,,False,False,,2026-08-01,2026-08-21,76300.0,6,0,2.228,78000.0,2026-08-13,3.801,79200.0,2026-08-14,-2.49,74400.0,2026-08-18,-6.291,71500.0,2026-08-19,-5.242,72300.0,2026-08-20,-7.077,70900.0,2026-08-21,,,,,,,,,,,,,,,,,,,,,,,,,,,,,,,,,,,,,,,,,,,2026-08-21,3.801,-7.077,7.471,-10.223,,,,,,,
454910,두산로보틱스,2026-08-13,2026-08-13,REJECTED,20,TREND_BROKEN_OR_NOT_UPTREND,상승 평행채널 유효(커버리지 94%) | 최근 추세 하단(싼 구간) 접촉,중기 상승 구조 미확인,78000.0,False,2.01,True,0.9412,1.0842,True,54600.0,65390.9091,76000.0,76181.8182,52962.0,-16.17,-2.33,False,False,False,28.32,False,True,False,,False,False,,2026-08-01,2026-08-21,78000.0,5,0,1.538,79200.0,2026-08-14,-4.615,74400.0,2026-08-18,-8.333,71500.0,2026-08-19,-7.308,72300.0,2026-08-20,-9.103,70900.0,2026-08-21,,,,,,,,,,,,,,,,,,,,,,,,,,,,,,,,,,,,,,,,,,,,,,2026-08-21,1.538,-9.103,5.128,-12.179,,,,,,,
454910,두산로보틱스,2026-08-14,2026-08-14,REJECTED,30,TREND_BROKEN_OR_NOT_UPTREND,상승추세 안의 단기 조정 + 전저점 유지 | 상승 평행채널 유효(커버리지 89%) | 최근 추세 하단(싼 구간) 접촉,중기 상승 구조 미확인,79200.0,False,3.41,True,0.8889,1.1382,True,54636.3636,65427.2727,76000.0,76218.1818,52997.2727,-17.39,-3.76,False,False,False,26.68,False,True,False,,False,False,,2026-08-01,2026-08-21,79200.0,4,0,-6.061,74400.0,2026-08-18,-9.722,71500.0,2026-08-19,-8.712,72300.0,2026-08-20,-10.48,70900.0,2026-08-21,,,,,,,,,,,,,,,,,,,,,,,,,,,,,,,,,,,,,,,,,,,,,,,,,2026-08-21,-6.061,-10.48,1.894,-13.51,,,,,,,
454910,두산로보틱스,2026-08-18,2026-08-18,REJECTED,30,TREND_BROKEN_OR_NOT_UPTREND,상승추세 안의 단기 조정 + 전저점 유지 | 상승 평행채널 유효(커버리지 89%) | 최근 추세 하단(싼 구간) 접촉,중기 상승 구조 미확인,74400.0,False,9.27,True,0.8947,0.9141,True,54672.7273,65463.6364,76000.0,76254.5455,53032.5455,-12.01,2.49,False,False,False,27.08,False,False,False,,False,False,,2026-08-01,2026-08-21,74400.0,3,0,-3.898,71500.0,2026-08-19,-2.823,72300.0,2026-08-20,-4.704,70900.0,2026-08-21,,,,,,,,,,,,,,,,,,,,,,,,,,,,,,,,,,,,,,,,,,,,,,,,,,,,2026-08-21,-2.823,-4.704,0.403,-7.93,,,,,,,
454910,두산로보틱스,2026-08-19,2026-08-19,REJECTED,30,TREND_BROKEN_OR_NOT_UPTREND,상승추세 안의 단기 조정 + 전저점 유지 | 상승 평행채널 유효(커버리지 90%) | 최근 추세 하단(싼 구간) 접촉,중기 상승 구조 미확인,71500.0,False,12.8,True,0.9,0.778,True,54709.0909,65500.0,76000.0,76290.9091,53067.8182,-8.39,6.7,False,False,False,26.8,False,False,False,,False,False,,2026-08-01,2026-08-21,71500.0,2,0,1.119,72300.0,2026-08-20,-0.839,70900.0,2026-08-21,,,,,,,,,,,,,,,,,,,,,,,,,,,,,,,,,,,,,,,,,,,,,,,,,,,,,,,2026-08-21,1.119,-0.839,3.357,-4.196,,,,,,,
454910,두산로보틱스,2026-08-20,2026-08-20,REJECTED,30,TREND_BROKEN_OR_NOT_UPTREND,상승추세 안의 단기 조정 + 전저점 유지 | 상승 평행채널 유효(커버리지 100%) | 최근 추세 하단(싼 구간) 접촉,중기 상승 구조 미확인,72300.0,False,11.83,True,1.0,0.5349,True,59847.0588,71488.2353,82000.0,83129.4118,58051.6471,-1.12,14.98,False,False,False,25.39,False,False,False,,False,False,,2026-08-01,2026-08-21,72300.0,1,0,-1.936,70900.0,2026-08-21,,,,,,,,,,,,,,,,,,,,,,,,,,,,,,,,,,,,,,,,,,,,,,,,,,,,,,,,,,2026-08-21,-1.936,-1.936,-1.936,-5.256,,,,,,,
454910,두산로보틱스,2026-08-21,2026-08-21,REJECTED,30,TREND_BROKEN_OR_NOT_UPTREND,상승추세 안의 단기 조정 + 전저점 유지 | 상승 평행채널 유효(커버리지 100%) | 최근 추세 하단(싼 구간) 접촉,중기 상승 구조 미확인,70900.0,False,13.54,True,1.0,0.4586,True,60223.5294,71864.7059,82000.0,83505.8824,58416.8235,1.36,17.78,False,False,False,24.97,False,False,False,,False,False,,2026-08-01,2026-08-21,70900.0,0,0,,,,,,,,,,,,,,,,,,,,,,,,,,,,,,,,,,,,,,,,,,,,,,,,,,,,,,,,,,,,,,,,,,,,,,,,
267270,HD건설기계,2026-08-03,2026-08-03,REJECTED,40,TREND_BROKEN_OR_NOT_UPTREND,상승추세 안의 단기 조정 + 전저점 유지 | 상승 평행채널 유효(커버리지 96%) | 최근 추세 하단(싼 구간) 접촉 | 현재도 채널 하단권 | 추세 하단 부근 쌍바닥/Higher-Low 형태,중기 상승 구조 미확인,126500.0,False,9.96,True,0.9565,0.2638,True,120425.0,131937.5,140500.0,143450.0,116812.25,4.3,13.4,True,False,False,15.52,False,True,False,,False,False,,2026-08-01,2026-08-21,126500.0,13,0,0.474,127100.0,2026-08-04,12.174,141900.0,2026-08-05,12.174,141900.0,2026-08-06,9.17,138100.0,2026-08-07,13.676,143800.0,2026-08-10,12.253,142000.0,2026-08-11,9.486,138500.0,2026-08-12,10.277,139500.0,2026-08-13,9.565,138600.0,2026-08-14,5.534,133500.0,2026-08-18,2.134,129200.0,2026-08-19,-3.636,121900.0,2026-08-20,-8.696,115500.0,2026-08-21,,,,,,,,,,,,,,,,,,,,,,2026-08-21,13.676,-8.696,17.866,-9.486,,,,,,,
267270,HD건설기계,2026-08-04,2026-08-04,REJECTED,40,TREND_BROKEN_OR_NOT_UPTREND,상승추세 안의 단기 조정 + 전저점 유지 | 상승 평행채널 유효(커버리지 96%) | 최근 추세 하단(싼 구간) 접촉 | 현재도 채널 하단권 | 추세 하단 부근 쌍바닥/Higher-Low 형태,중기 상승 구조 미확인,127100.0,False,9.54,True,0.9583,0.2671,True,120950.0,132462.5,140500.0,143975.0,117321.5,4.22,13.28,True,False,False,13.91,False,False,False,,False,False,,2026-08-01,2026-08-21,127100.0,12,0,11.644,141900.0,2026-08-05,11.644,141900.0,2026-08-06,8.655,138100.0,2026-08-07,13.139,143800.0,2026-08-10,11.723,142000.0,2026-08-11,8.969,138500.0,2026-08-12,9.756,139500.0,2026-08-13,9.048,138600.0,2026-08-14,5.035,133500.0,2026-08-18,1.652,129200.0,2026-08-19,-4.091,121900.0,2026-08-20,-9.127,115500.0,2026-08-21,,,,,,,,,,,,,,,,,,,,,,,,,2026-08-21,13.139,-9.127,17.309,-9.913,,,,,,,
267270,HD건설기계,2026-08-05,2026-08-05,REJECTED,40,TREND_BROKEN_OR_NOT_UPTREND,상승 평행채널 유효(커버리지 96%) | 최근 추세 하단(싼 구간) 접촉 | 추세 하단 부근 쌍바닥/Higher-Low 형태 | 쌍바닥 넥라인 돌파 확인 | 이동평균선 재돌파 | 재상승 후 5일선 지지,중기 상승 구조 미확인,141900.0,False,1.11,True,0.96,0.8871,True,121475.0,132987.5,140500.0,144500.0,117830.75,-6.28,1.83,True,True,False,8.62,True,True,False,,False,False,,2026-08-01,2026-08-21,141900.0,11,0,0.0,141900.0,2026-08-06,-2.678,138100.0,2026-08-07,1.339,143800.0,2026-08-10,0.07,142000.0,2026-08-11,-2.396,138500.0,2026-08-12,-1.691,139500.0,2026-08-13,-2.326,138600.0,2026-08-14,-5.92,133500.0,2026-08-18,-8.95,129200.0,2026-08-19,-14.094,121900.0,2026-08-20,-18.605,115500.0,2026-08-21,,,,,,,,,,,,,,,,,,,,,,,,,,,,2026-08-21,1.339,-18.605,5.074,-19.309,,,,,,,
267270,HD건설기계,2026-08-06,2026-08-06,REJECTED,50,TREND_BROKEN_OR_NOT_UPTREND,상승추세 안의 단기 조정 + 전저점 유지 | 상승 평행채널 유효(커버리지 96%) | 최근 추세 하단(싼 구간) 접촉 | 추세 하단 부근 쌍바닥/Higher-Low 형태 | 쌍바닥 넥라인 돌파 확인 | 이동평균선 재돌파 | 재상승 후 5일선 지지,중기 상승 구조 미확인,141900.0,False,3.4,True,0.9615,0.8643,True,122000.0,133512.5,140500.0,145025.0,118340.0,-5.91,2.2,True,True,False,7.53,True,True,False,,False,False,,2026-08-01,2026-08-21,141900.0,10,0,-2.678,138100.0,2026-08-07,1.339,143800.0,2026-08-10,0.07,142000.0,2026-08-11,-2.396,138500.0,2026-08-12,-1.691,139500.0,2026-08-13,-2.326,138600.0,2026-08-14,-5.92,133500.0,2026-08-18,-8.95,129200.0,2026-08-19,-14.094,121900.0,2026-08-20,-18.605,115500.0,2026-08-21,,,,,,,,,,,,,,,,,,,,,,,,,,,,,,,2026-08-21,1.339,-18.605,5.074,-19.309,,,,,,,
267270,HD건설기계,2026-08-07,2026-08-07,REJECTED,50,TREND_BROKEN_OR_NOT_UPTREND,상승추세 안의 단기 조정 + 전저점 유지 | 상승 평행채널 유효(커버리지 96%) | 최근 추세 하단(싼 구간) 접촉 | 추세 하단 부근 쌍바닥/Higher-Low 형태 | 쌍바닥 넥라인 돌파 확인 | 이동평균선 재돌파 | 재상승 후 5일선 지지,중기 상승 구조 미확인,138100.0,False,5.99,True,0.963,0.6764,True,122525.0,134037.5,140500.0,145550.0,118849.25,-2.94,5.39,True,True,False,6.63,True,True,False,,False,False,,2026-08-01,2026-08-21,138100.0,9,0,4.127,143800.0,2026-08-10,2.824,142000.0,2026-08-11,0.29,138500.0,2026-08-12,1.014,139500.0,2026-08-13,0.362,138600.0,2026-08-14,-3.331,133500.0,2026-08-18,-6.445,129200.0,2026-08-19,-11.731,121900.0,2026-08-20,-16.365,115500.0,2026-08-21,,,,,,,,,,,,,,,,,,,,,,,,,,,,,,,,,,2026-08-21,4.127,-16.365,7.965,-17.089,,,,,,,
267270,HD건설기계,2026-08-10,2026-08-10,REJECTED,48,TREND_BROKEN_OR_NOT_UPTREND,상승 평행채널 유효(커버리지 96%) | 최근 추세 하단(싼 구간) 접촉 | 추세 하단 부근 쌍바닥/Higher-Low 형태 | 쌍바닥 넥라인 돌파 확인 | 이동평균선 밀집 | 이동평균선 재돌파 | 재상승 후 5일선 지지,중기 상승 구조 미확인,143800.0,False,2.11,True,0.9643,0.9012,True,123050.0,134562.5,140500.0,146075.0,119358.5,-6.42,1.58,True,True,True,6.4,True,True,False,,False,False,,2026-08-01,2026-08-21,143800.0,8,0,-1.252,142000.0,2026-08-11,-3.686,138500.0,2026-08-12,-2.99,139500.0,2026-08-13,-3.616,138600.0,2026-08-14,-7.163,133500.0,2026-08-18,-10.153,129200.0,2026-08-19,-15.229,121900.0,2026-08-20,-19.68,115500.0,2026-08-21,,,,,,,,,,,,,,,,,,,,,,,,,,,,,,,,,,,,,2026-08-21,-1.252,-19.68,3.686,-20.376,,,,,,,
267270,HD건설기계,2026-08-11,2026-08-11,REJECTED,50,TREND_BROKEN_OR_NOT_UPTREND,상승추세 안의 단기 조정 + 전저점 유지 | 상승 평행채널 유효(커버리지 97%) | 최근 추세 하단(싼 구간) 접촉 | 추세 하단 부근 쌍바닥/Higher-Low 형태 | 쌍바닥 넥라인 돌파 확인 | 이동평균선 재돌파 | 재상승 후 5일선 지지,중기 상승 구조 미확인,142000.0,False,4.76,True,0.9655,0.8002,True,123575.0,135087.5,140500.0,146600.0,119867.75,-4.87,3.24,True,True,False,8.06,True,True,False,,False,False,,2026-08-01,2026-08-21,142000.0,7,0,-2.465,138500.0,2026-08-12,-1.761,139500.0,2026-08-13,-2.394,138600.0,2026-08-14,-5.986,133500.0,2026-08-18,-9.014,129200.0,2026-08-19,-14.155,121900.0,2026-08-20,-18.662,115500.0,2026-08-21,,,,,,,,,,,,,,,,,,,,,,,,,,,,,,,,,,,,,,,,2026-08-21,-1.761,-18.662,1.056,-19.366,,,,,,,
267270,HD건설기계,2026-08-12,2026-08-12,REJECTED,40,TREND_BROKEN_OR_NOT_UPTREND,상승추세 안의 단기 조정 + 전저점 유지 | 상승 평행채널 유효(커버리지 97%) | 최근 추세 하단(싼 구간) 접촉 | 추세 하단 부근 쌍바닥/Higher-Low 형태 | 쌍바닥 넥라인 돌파 확인,중기 상승 구조 미확인,138500.0,False,7.11,True,0.9667,0.6254,True,124100.0,135612.5,140500.0,147125.0,120377.0,-2.08,6.23,True,True,False,7.2,False,True,False,,False,False,,2026-08-01,2026-08-21,138500.0,6,0,0.722,139500.0,2026-08-13,0.072,138600.0,2026-08-14,-3.61,133500.0,2026-08-18,-6.715,129200.0,2026-08-19,-11.986,121900.0,2026-08-20,-16.606,115500.0,2026-08-21,,,,,,,,,,,,,,,,,,,,,,,,,,,,,,,,,,,,,,,,,,,2026-08-21,0.722,-16.606,3.61,-17.329,,,,,,,
267270,HD건설기계,2026-08-13,2026-08-13,REJECTED,48,TREND_BROKEN_OR_NOT_UPTREND,상승추세 안의 단기 조정 + 전저점 유지 | 상승 평행채널 유효(커버리지 97%) | 최근 추세 하단(싼 구간) 접촉 | 추세 하단 부근 쌍바닥/Higher-Low 형태 | 쌍바닥 넥라인 돌파 확인 | 이동평균선 밀집,중기 상승 구조 미확인,139500.0,False,6.44,True,0.9677,0.646,True,124625.0,136137.5,140500.0,147650.0,120886.25,-2.41,5.84,True,True,True,6.45,False,True,False,,False,False,,2026-08-01,2026-08-21,139500.0,5,0,-0.645,138600.0,2026-08-14,-4.301,133500.0,2026-08-18,-7.384,129200.0,2026-08-19,-12.616,121900.0,2026-08-20,-17.204,115500.0,2026-08-21,,,,,,,,,,,,,,,,,,,,,,,,,,,,,,,,,,,,,,,,,,,,,,2026-08-21,-0.645,-17.204,1.29,-17.921,,,,,,,
267270,HD건설기계,2026-08-14,2026-08-14,REJECTED,48,TREND_BROKEN_OR_NOT_UPTREND,상승추세 안의 단기 조정 + 전저점 유지 | 상승 평행채널 유효(커버리지 97%) | 최근 추세 하단(싼 구간) 접촉 | 추세 하단 부근 쌍바닥/Higher-Low 형태 | 쌍바닥 넥라인 돌파 확인 | 이동평균선 밀집,중기 상승 구조 미확인,138600.0,False,7.04,True,0.9688,0.5841,True,125150.0,136662.5,149100.0,148175.0,121395.5,-1.4,6.91,True,True,True,6.26,False,False,False,,False,False,,2026-08-01,2026-08-21,138600.0,4,0,-3.68,133500.0,2026-08-18,-6.782,129200.0,2026-08-19,-12.049,121900.0,2026-08-20,-16.667,115500.0,2026-08-21,,,,,,,,,,,,,,,,,,,,,,,,,,,,,,,,,,,,,,,,,,,,,,,,,2026-08-21,-3.68,-16.667,0.072,-17.388,,,,,,,
267270,HD건설기계,2026-08-18,2026-08-18,REJECTED,48,TREND_BROKEN_OR_NOT_UPTREND,상승추세 안의 단기 조정 + 전저점 유지 | 상승 평행채널 유효(커버리지 97%) | 최근 추세 하단(싼 구간) 접촉 | 현재도 채널 하단권 | 추세 하단 부근 쌍바닥/Higher-Low 형태 | 이동평균선 밀집,중기 상승 구조 미확인,133500.0,False,10.46,True,0.9697,0.3398,True,125675.0,137187.5,149100.0,148700.0,121904.75,2.76,11.39,True,False,True,4.49,False,False,False,,False,False,,2026-08-01,2026-08-21,133500.0,3,0,-3.221,129200.0,2026-08-19,-8.689,121900.0,2026-08-20,-13.483,115500.0,2026-08-21,,,,,,,,,,,,,,,,,,,,,,,,,,,,,,,,,,,,,,,,,,,,,,,,,,,,2026-08-21,-3.221,-13.483,-1.798,-14.232,,,,,,,
267270,HD건설기계,2026-08-19,2026-08-19,REJECTED,48,TREND_BROKEN_OR_NOT_UPTREND,상승추세 안의 단기 조정 + 전저점 유지 | 상승 평행채널 유효(커버리지 97%) | 최근 추세 하단(싼 구간) 접촉 | 현재도 채널 하단권 | 추세 하단 부근 쌍바닥/Higher-Low 형태 | 이동평균선 밀집,중기 상승 구조 미확인,129200.0,False,13.35,True,0.9706,0.1303,True,126200.0,137712.5,149100.0,149225.0,122414.0,6.59,15.5,True,False,True,2.39,False,False,False,,False,False,,2026-08-01,2026-08-21,129200.0,2,0,-5.65,121900.0,2026-08-20,-10.604,115500.0,2026-08-21,,,,,,,,,,,,,,,,,,,,,,,,,,,,,,,,,,,,,,,,,,,,,,,,,,,,,,,2026-08-21,-5.65,-10.604,-0.077,-11.378,,,,,,,
267270,HD건설기계,2026-08-20,2026-08-20,REJECTED,48,TREND_BROKEN_OR_NOT_UPTREND,상승추세 안의 단기 조정 + 전저점 유지 | 상승 평행채널 유효(커버리지 94%) | 최근 추세 하단(싼 구간) 접촉 | 현재도 채널 하단권 | 추세 하단 부근 쌍바닥/Higher-Low 형태 | 이동평균선 밀집,중기 상승 구조 미확인,121900.0,False,18.24,True,0.9429,-0.2096,True,126725.0,138237.5,149100.0,149750.0,122923.25,13.4,22.85,True,False,True,1.22,False,False,False,,False,False,,2026-08-01,2026-08-21,121900.0,1,0,-5.25,115500.0,2026-08-21,,,,,,,,,,,,,,,,,,,,,,,,,,,,,,,,,,,,,,,,,,,,,,,,,,,,,,,,,,2026-08-21,-5.25,-5.25,-0.246,-6.071,,,,,,,
267270,HD건설기계,2026-08-21,2026-08-21,REJECTED,48,TREND_BROKEN_OR_NOT_UPTREND,상승추세 안의 단기 조정 + 전저점 유지 | 상승 평행채널 유효(커버리지 92%) | 최근 추세 하단(싼 구간) 접촉 | 현재도 채널 하단권 | 추세 하단 부근 쌍바닥/Higher-Low 형태 | 이동평균선 밀집,중기 상승 구조 미확인,115500.0,False,22.54,True,0.9167,-0.5103,True,127250.0,138762.5,149100.0,150275.0,123432.5,20.14,30.11,True,False,True,4.72,False,False,False,,False,False,,2026-08-01,2026-08-21,115500.0,0,0,,,,,,,,,,,,,,,,,,,,,,,,,,,,,,,,,,,,,,,,,,,,,,,,,,,,,,,,,,,,,,,,,,,,,,,,
009830,한화솔루션,2026-08-03,2026-08-03,REJECTED,0,NO_RISING_CHANNEL,,영상 방식의 상승 평행채널을 안정적으로 구성하지 못함,,,,,,,,,,,,,,,,,,,,,,,,,,2026-08-01,2026-08-21,24800.0,13,0,8.065,26800.0,2026-08-04,21.573,30150.0,2026-08-05,22.581,30400.0,2026-08-06,36.694,33900.0,2026-08-07,42.137,35250.0,2026-08-10,46.573,36350.0,2026-08-11,43.952,35700.0,2026-08-12,47.379,36550.0,2026-08-13,42.742,35400.0,2026-08-14,37.097,34000.0,2026-08-18,39.718,34650.0,2026-08-19,41.935,35200.0,2026-08-20,29.234,32050.0,2026-08-21,,,,,,,,,,,,,,,,,,,,,,2026-08-21,47.379,8.065,55.444,4.637,,,,,,,
009830,한화솔루션,2026-08-04,2026-08-04,REJECTED,0,NO_RISING_CHANNEL,,영상 방식의 상승 평행채널을 안정적으로 구성하지 못함,,,,,,,,,,,,,,,,,,,,,,,,,,2026-08-01,2026-08-21,26800.0,12,0,12.5,30150.0,2026-08-05,13.433,30400.0,2026-08-06,26.493,33900.0,2026-08-07,31.53,35250.0,2026-08-10,35.634,36350.0,2026-08-11,33.209,35700.0,2026-08-12,36.381,36550.0,2026-08-13,32.09,35400.0,2026-08-14,26.866,34000.0,2026-08-18,29.291,34650.0,2026-08-19,31.343,35200.0,2026-08-20,19.59,32050.0,2026-08-21,,,,,,,,,,,,,,,,,,,,,,,,,2026-08-21,36.381,12.5,43.843,-1.119,,,,,,,
009830,한화솔루션,2026-08-05,2026-08-05,REJECTED,0,NO_RISING_CHANNEL,,영상 방식의 상승 평행채널을 안정적으로 구성하지 못함,,,,,,,,,,,,,,,,,,,,,,,,,,2026-08-01,2026-08-21,30150.0,11,0,0.829,30400.0,2026-08-06,12.438,33900.0,2026-08-07,16.915,35250.0,2026-08-10,20.564,36350.0,2026-08-11,18.408,35700.0,2026-08-12,21.227,36550.0,2026-08-13,17.413,35400.0,2026-08-14,12.769,34000.0,2026-08-18,14.925,34650.0,2026-08-19,16.75,35200.0,2026-08-20,6.302,32050.0,2026-08-21,,,,,,,,,,,,,,,,,,,,,,,,,,,,2026-08-21,21.227,0.829,27.861,-1.99,,,,,,,
009830,한화솔루션,2026-08-06,2026-08-06,REJECTED,0,NO_RISING_CHANNEL,,영상 방식의 상승 평행채널을 안정적으로 구성하지 못함,,,,,,,,,,,,,,,,,,,,,,,,,,2026-08-01,2026-08-21,30400.0,10,0,11.513,33900.0,2026-08-07,15.954,35250.0,2026-08-10,19.572,36350.0,2026-08-11,17.434,35700.0,2026-08-12,20.23,36550.0,2026-08-13,16.447,35400.0,2026-08-14,11.842,34000.0,2026-08-18,13.98,34650.0,2026-08-19,15.789,35200.0,2026-08-20,5.428,32050.0,2026-08-21,,,,,,,,,,,,,,,,,,,,,,,,,,,,,,,2026-08-21,20.23,5.428,26.809,4.77,,,,,,,
009830,한화솔루션,2026-08-07,2026-08-07,REJECTED,0,NO_RISING_CHANNEL,,영상 방식의 상승 평행채널을 안정적으로 구성하지 못함,,,,,,,,,,,,,,,,,,,,,,,,,,2026-08-01,2026-08-21,33900.0,9,0,3.982,35250.0,2026-08-10,7.227,36350.0,2026-08-11,5.31,35700.0,2026-08-12,7.817,36550.0,2026-08-13,4.425,35400.0,2026-08-14,0.295,34000.0,2026-08-18,2.212,34650.0,2026-08-19,3.835,35200.0,2026-08-20,-5.457,32050.0,2026-08-21,,,,,,,,,,,,,,,,,,,,,,,,,,,,,,,,,,2026-08-21,7.817,-5.457,12.832,-6.047,,,,,,,
009830,한화솔루션,2026-08-10,2026-08-10,REJECTED,0,NO_RISING_CHANNEL,,영상 방식의 상승 평행채널을 안정적으로 구성하지 못함,,,,,,,,,,,,,,,,,,,,,,,,,,2026-08-01,2026-08-21,35250.0,8,0,3.121,36350.0,2026-08-11,1.277,35700.0,2026-08-12,3.688,36550.0,2026-08-13,0.426,35400.0,2026-08-14,-3.546,34000.0,2026-08-18,-1.702,34650.0,2026-08-19,-0.142,35200.0,2026-08-20,-9.078,32050.0,2026-08-21,,,,,,,,,,,,,,,,,,,,,,,,,,,,,,,,,,,,,2026-08-21,3.688,-9.078,8.511,-9.645,,,,,,,
009830,한화솔루션,2026-08-11,2026-08-11,REJECTED,0,NO_RISING_CHANNEL,,영상 방식의 상승 평행채널을 안정적으로 구성하지 못함,,,,,,,,,,,,,,,,,,,,,,,,,,2026-08-01,2026-08-21,36350.0,7,0,-1.788,35700.0,2026-08-12,0.55,36550.0,2026-08-13,-2.613,35400.0,2026-08-14,-6.465,34000.0,2026-08-18,-4.677,34650.0,2026-08-19,-3.164,35200.0,2026-08-20,-11.829,32050.0,2026-08-21,,,,,,,,,,,,,,,,,,,,,,,,,,,,,,,,,,,,,,,,2026-08-21,0.55,-11.829,2.889,-12.38,,,,,,,
009830,한화솔루션,2026-08-12,2026-08-12,REJECTED,59,TREND_BROKEN_OR_NOT_UPTREND,상승추세 안의 단기 조정 + 전저점 유지 | 상승 평행채널 유효(커버리지 73%) | 최근 추세 하단(싼 구간) 접촉 | 이동평균선 재돌파 | 추세 바닥권 거래량 급증 양봉 | 거래량 기준봉 저가 지지 | 거래량 기준봉 고가 돌파 | 재상승 후 5일선 지지,중기 상승 구조 미확인,35700.0,False,7.39,True,0.7273,0.656,True,29011.1111,34109.7222,38550.0,39208.3333,28140.7778,-4.45,9.83,False,False,False,15.71,True,True,True,2026-08-05,True,True,2.36,2026-08-01,2026-08-21,35700.0,6,0,2.381,36550.0,2026-08-13,-0.84,35400.0,2026-08-14,-4.762,34000.0,2026-08-18,-2.941,34650.0,2026-08-19,-1.401,35200.0,2026-08-20,-10.224,32050.0,2026-08-21,,,,,,,,,,,,,,,,,,,,,,,,,,,,,,,,,,,,,,,,,,,2026-08-21,2.381,-10.224,4.762,-10.784,,,,,,,
009830,한화솔루션,2026-08-13,2026-08-13,REJECTED,40,TREND_BROKEN_OR_NOT_UPTREND,상승추세 안의 단기 조정 + 전저점 유지 | 상승 평행채널 유효(커버리지 100%) | 최근 추세 하단(싼 구간) 접촉 | 이동평균선 재돌파 | 재상승 후 5일선 지지,중기 상승 구조 미확인,36550.0,False,5.19,True,1.0,0.6339,True,28550.0,34860.0,38550.0,41170.0,27693.5,-4.62,12.64,False,False,False,17.92,True,True,False,,False,False,,2026-08-01,2026-08-21,36550.0,5,0,-3.146,35400.0,2026-08-14,-6.977,34000.0,2026-08-18,-5.198,34650.0,2026-08-19,-3.694,35200.0,2026-08-20,-12.312,32050.0,2026-08-21,,,,,,,,,,,,,,,,,,,,,,,,,,,,,,,,,,,,,,,,,,,,,,2026-08-21,-3.146,-12.312,0.821,-12.859,,,,,,,
009830,한화솔루션,2026-08-14,2026-08-14,REJECTED,30,TREND_BROKEN_OR_NOT_UPTREND,상승추세 안의 단기 조정 + 전저점 유지 | 상승 평행채널 유효(커버리지 100%) | 최근 추세 하단(싼 구간) 접촉,중기 상승 구조 미확인,35400.0,False,8.17,True,1.0,0.4909,True,29205.0,35515.0,38550.0,41825.0,28328.85,0.32,18.15,False,False,False,18.25,False,False,False,,False,False,,2026-08-01,2026-08-21,35400.0,4,0,-3.955,34000.0,2026-08-18,-2.119,34650.0,2026-08-19,-0.565,35200.0,2026-08-20,-9.463,32050.0,2026-08-21,,,,,,,,,,,,,,,,,,,,,,,,,,,,,,,,,,,,,,,,,,,,,,,,,2026-08-21,-0.565,-9.463,3.814,-10.028,,,,,,,
009830,한화솔루션,2026-08-18,2026-08-18,REJECTED,35,TREND_BROKEN_OR_NOT_UPTREND,상승추세 안의 단기 조정 + 전저점 유지 | 상승 평행채널 유효(커버리지 100%) | 최근 추세 하단(싼 구간) 접촉 | 현재도 채널 하단권,중기 상승 구조 미확인,34000.0,False,11.8,True,1.0,0.3281,True,29860.0,36170.0,38550.0,42480.0,28964.2,6.38,24.94,False,False,False,17.2,False,False,False,,False,False,,2026-08-01,2026-08-21,34000.0,3,0,1.912,34650.0,2026-08-19,3.529,35200.0,2026-08-20,-5.735,32050.0,2026-08-21,,,,,,,,,,,,,,,,,,,,,,,,,,,,,,,,,,,,,,,,,,,,,,,,,,,,2026-08-21,3.529,-5.735,8.088,-6.324,,,,,,,
009830,한화솔루션,2026-08-19,2026-08-19,REJECTED,35,TREND_BROKEN_OR_NOT_UPTREND,상승추세 안의 단기 조정 + 전저점 유지 | 상승 평행채널 유효(커버리지 100%) | 최근 추세 하단(싼 구간) 접촉 | 현재도 채널 하단권,중기 상승 구조 미확인,34650.0,False,10.12,True,1.0,0.3277,True,30515.0,36825.0,38550.0,43135.0,29599.55,6.28,24.49,False,False,False,14.73,False,False,False,,False,False,,2026-08-01,2026-08-21,34650.0,2,0,1.587,35200.0,2026-08-20,-7.504,32050.0,2026-08-21,,,,,,,,,,,,,,,,,,,,,,,,,,,,,,,,,,,,,,,,,,,,,,,,,,,,,,,2026-08-21,1.587,-7.504,6.061,-8.081,,,,,,,
009830,한화솔루션,2026-08-20,2026-08-20,REJECTED,45,TREND_BROKEN_OR_NOT_UPTREND,상승추세 안의 단기 조정 + 전저점 유지 | 상승 평행채널 유효(커버리지 100%) | 최근 추세 하단(싼 구간) 접촉 | 현재도 채널 하단권 | 이동평균선 재돌파 | 재상승 후 5일선 지지,중기 상승 구조 미확인,35200.0,False,8.69,True,1.0,0.3193,True,31170.0,37480.0,38550.0,43790.0,30234.9,6.48,24.4,False,False,False,13.08,True,True,False,,False,False,,2026-08-01,2026-08-21,35200.0,1,0,-8.949,32050.0,2026-08-21,,,,,,,,,,,,,,,,,,,,,,,,,,,,,,,,,,,,,,,,,,,,,,,,,,,,,,,,,,2026-08-21,-8.949,-8.949,-1.989,-9.517,,,,,,,
009830,한화솔루션,2026-08-21,2026-08-21,REJECTED,35,TREND_BROKEN_OR_NOT_UPTREND,상승추세 안의 단기 조정 + 전저점 유지 | 상승 평행채널 유효(커버리지 100%) | 최근 추세 하단(싼 구간) 접촉 | 현재도 채널 하단권,중기 상승 구조 미확인,32050.0,False,16.86,True,1.0,0.0178,True,31825.0,38135.0,38550.0,44445.0,30870.25,18.99,38.67,False,False,False,11.23,False,False,False,,False,False,,2026-08-01,2026-08-21,32050.0,0,0,,,,,,,,,,,,,,,,,,,,,,,,,,,,,,,,,,,,,,,,,,,,,,,,,,,,,,,,,,,,,,,,,,,,,,,,
078930,GS,2026-08-03,2026-08-03,REJECTED,35,TREND_BROKEN_OR_NOT_UPTREND,상승추세 안의 단기 조정 + 전저점 유지 | 상승 평행채널 유효(커버리지 100%) | 최근 추세 하단(싼 구간) 접촉 | 현재도 채널 하단권,중기 상승 구조 미확인,84600.0,False,15.23,True,1.0,0.2906,True,76800.0,90220.0,99800.0,103640.0,74496.0,6.64,22.51,False,False,False,11.52,False,False,False,,False,False,,2026-08-01,2026-08-21,84600.0,13,0,14.539,96900.0,2026-08-04,12.293,95000.0,2026-08-05,16.785,98800.0,2026-08-06,16.903,98900.0,2026-08-07,15.012,97300.0,2026-08-10,15.248,97500.0,2026-08-11,19.385,101000.0,2026-08-12,26.95,107400.0,2026-08-13,38.298,117000.0,2026-08-14,41.017,119300.0,2026-08-18,41.489,119700.0,2026-08-19,34.279,113600.0,2026-08-20,37.352,116200.0,2026-08-21,,,,,,,,,,,,,,,,,,,,,,2026-08-21,41.489,12.293,43.262,-1.3,,,,,,,
078930,GS,2026-08-04,2026-08-04,REJECTED,28,TREND_BROKEN_OR_NOT_UPTREND,상승 평행채널 유효(커버리지 100%) | 최근 추세 하단(싼 구간) 접촉 | 이동평균선 재돌파,중기 상승 구조 미확인,96900.0,False,2.91,True,1.0,0.725,True,77440.0,90860.0,99800.0,104280.0,75116.8,-6.23,7.62,False,False,False,11.68,True,False,False,,False,False,,2026-08-01,2026-08-21,96900.0,12,0,-1.961,95000.0,2026-08-05,1.961,98800.0,2026-08-06,2.064,98900.0,2026-08-07,0.413,97300.0,2026-08-10,0.619,97500.0,2026-08-11,4.231,101000.0,2026-08-12,10.836,107400.0,2026-08-13,20.743,117000.0,2026-08-14,23.117,119300.0,2026-08-18,23.529,119700.0,2026-08-19,17.234,113600.0,2026-08-20,19.917,116200.0,2026-08-21,,,,,,,,,,,,,,,,,,,,,,,,,2026-08-21,23.529,-1.961,25.077,-3.922,,,,,,,
078930,GS,2026-08-05,2026-08-05,WATCH,60,LOWER_CHANNEL_WATCH,중기 Higher High + Higher Low | 상승추세 안의 단기 조정 + 전저점 유지 | 상승 평행채널 유효(커버리지 100%) | 최근 추세 하단(싼 구간) 접촉 | 이동평균선 재돌파 | 재상승 후 5일선 지지,,95000.0,True,6.77,True,1.0,0.7084,True,73904.878,88793.9024,99800.0,103682.9268,71687.7317,-6.53,9.14,False,False,False,13.94,True,True,False,,False,False,,2026-08-01,2026-08-21,95000.0,11,0,4.0,98800.0,2026-08-06,4.105,98900.0,2026-08-07,2.421,97300.0,2026-08-10,2.632,97500.0,2026-08-11,6.316,101000.0,2026-08-12,13.053,107400.0,2026-08-13,23.158,117000.0,2026-08-14,25.579,119300.0,2026-08-18,26.0,119700.0,2026-08-19,19.579,113600.0,2026-08-20,22.316,116200.0,2026-08-21,,,,,,,,,,,,,,,,,,,,,,,,,,,,2026-08-21,26.0,2.421,27.579,-0.579,,,1.0,1.0,0.0,UPPER,2026-08-12
078930,GS,2026-08-06,2026-08-06,WATCH,60,LOWER_CHANNEL_WATCH,중기 Higher High + Higher Low | 상승추세 안의 단기 조정 + 전저점 유지 | 상승 평행채널 유효(커버리지 100%) | 최근 추세 하단(싼 구간) 접촉 | 이동평균선 재돌파 | 재상승 후 5일선 지지,,98800.0,True,3.04,True,1.0,0.8893,True,70614.8936,86461.7021,99800.0,102308.5106,68496.4468,-12.49,3.55,False,False,False,15.53,True,True,False,,False,False,,2026-08-01,2026-08-21,98800.0,10,0,0.101,98900.0,2026-08-07,-1.518,97300.0,2026-08-10,-1.316,97500.0,2026-08-11,2.227,101000.0,2026-08-12,8.704,107400.0,2026-08-13,18.421,117000.0,2026-08-14,20.749,119300.0,2026-08-18,21.154,119700.0,2026-08-19,14.98,113600.0,2026-08-20,17.611,116200.0,2026-08-21,,,,,,,,,,,,,,,,,,,,,,,,,,,,,,,2026-08-21,21.154,-1.518,22.672,-4.403,,,1.0,1.0,0.0,UPPER,2026-08-12
078930,GS,2026-08-07,2026-08-07,REJECTED,50,CONDITIONS_INCOMPLETE,중기 Higher High + Higher Low | 상승 평행채널 유효(커버리지 100%) | 최근 추세 하단(싼 구간) 접촉 | 이동평균선 재돌파 | 재상승 후 5일선 지지,,98900.0,True,2.94,True,1.0,0.8837,True,70893.617,86740.4255,99800.0,102587.234,68766.8085,-12.29,3.73,False,False,False,17.13,True,True,False,,False,False,,2026-08-01,2026-08-21,98900.0,9,0,-1.618,97300.0,2026-08-10,-1.416,97500.0,2026-08-11,2.123,101000.0,2026-08-12,8.595,107400.0,2026-08-13,18.301,117000.0,2026-08-14,20.627,119300.0,2026-08-18,21.031,119700.0,2026-08-19,14.863,113600.0,2026-08-20,17.492,116200.0,2026-08-21,,,,,,,,,,,,,,,,,,,,,,,,,,,,,,,,,,2026-08-21,21.031,-1.618,22.548,-4.499,,,,,,,
078930,GS,2026-08-10,2026-08-10,REJECTED,50,CONDITIONS_INCOMPLETE,중기 Higher High + Higher Low | 상승추세 안의 단기 조정 + 전저점 유지 | 상승 평행채널 유효(커버리지 100%) | 최근 추세 하단(싼 구간) 접촉,,97300.0,True,4.51,True,1.0,0.7948,True,74269.3878,88758.1633,101900.0,103246.9388,72041.3061,-8.78,6.11,False,False,False,19.59,False,False,False,,False,False,,2026-08-01,2026-08-21,97300.0,8,0,0.206,97500.0,2026-08-11,3.803,101000.0,2026-08-12,10.38,107400.0,2026-08-13,20.247,117000.0,2026-08-14,22.61,119300.0,2026-08-18,23.022,119700.0,2026-08-19,16.752,113600.0,2026-08-20,19.424,116200.0,2026-08-21,,,,,,,,,,,,,,,,,,,,,,,,,,,,,,,,,,,,,2026-08-21,23.022,0.206,24.563,-1.336,,,,,,,
078930,GS,2026-08-11,2026-08-11,REJECTED,50,CONDITIONS_INCOMPLETE,중기 Higher High + Higher Low | 상승추세 안의 단기 조정 + 전저점 유지 | 상승 평행채널 유효(커버리지 100%) | 최근 추세 하단(싼 구간) 접촉,,97500.0,True,4.32,True,1.0,0.7862,True,74718.3673,89207.1429,101900.0,103695.9184,72476.8163,-8.51,6.35,False,False,False,19.28,False,True,False,,False,False,,2026-08-01,2026-08-21,97500.0,7,0,3.59,101000.0,2026-08-12,10.154,107400.0,2026-08-13,20.0,117000.0,2026-08-14,22.359,119300.0,2026-08-18,22.769,119700.0,2026-08-19,16.513,113600.0,2026-08-20,19.179,116200.0,2026-08-21,,,,,,,,,,,,,,,,,,,,,,,,,,,,,,,,,,,,,,,,2026-08-21,22.769,3.59,24.308,1.128,,,,,,,
078930,GS,2026-08-12,2026-08-12,WATCH,60,LOWER_CHANNEL_WATCH,중기 Higher High + Higher Low | 상승추세 안의 단기 조정 + 전저점 유지 | 상승 평행채널 유효(커버리지 100%) | 최근 추세 하단(싼 구간) 접촉 | 이동평균선 재돌파 | 재상승 후 5일선 지지,,101000.0,True,5.08,True,1.0,0.8915,True,75167.3469,89656.1224,101900.0,104144.898,72912.3265,-11.23,3.11,False,False,False,19.41,True,True,False,,False,False,,2026-08-01,2026-08-21,101000.0,6,0,6.337,107400.0,2026-08-13,15.842,117000.0,2026-08-14,18.119,119300.0,2026-08-18,18.515,119700.0,2026-08-19,12.475,113600.0,2026-08-20,15.05,116200.0,2026-08-21,,,,,,,,,,,,,,,,,,,,,,,,,,,,,,,,,,,,,,,,,,,2026-08-21,18.515,6.337,20.0,-1.188,,,1.0,1.0,0.0,UPPER,2026-08-13
078930,GS,2026-08-13,2026-08-13,WATCH,60,LOWER_CHANNEL_WATCH,중기 Higher High + Higher Low | 상승추세 안의 단기 조정 + 전저점 유지 | 상승 평행채널 유효(커버리지 100%) | 최근 추세 하단(싼 구간) 접촉 | 이동평균선 재돌파 | 재상승 후 5일선 지지,,107400.0,True,4.96,True,1.0,1.027,True,76817.0732,91706.0976,101900.0,106595.122,74512.561,-14.61,-0.75,False,False,False,19.35,True,True,False,,False,False,,2026-08-01,2026-08-21,107400.0,5,0,8.939,117000.0,2026-08-14,11.08,119300.0,2026-08-18,11.453,119700.0,2026-08-19,5.773,113600.0,2026-08-20,8.194,116200.0,2026-08-21,,,,,,,,,,,,,,,,,,,,,,,,,,,,,,,,,,,,,,,,,,,,,,2026-08-21,11.453,5.773,12.849,-0.466,,,,,0.0,TIMEOUT,2026-08-21
078930,GS,2026-08-14,2026-08-14,REJECTED,50,CONDITIONS_INCOMPLETE,중기 Higher High + Higher Low | 상승 평행채널 유효(커버리지 98%) | 최근 추세 하단(싼 구간) 접촉 | 이동평균선 재돌파 | 재상승 후 5일선 지지,,117000.0,True,1.43,True,0.9825,1.3331,True,77302.439,92191.4634,101900.0,107080.4878,74983.3659,-21.2,-8.48,False,False,False,20.26,True,True,False,,False,False,,2026-08-01,2026-08-21,117000.0,4,0,1.966,119300.0,2026-08-18,2.308,119700.0,2026-08-19,-2.906,113600.0,2026-08-20,-0.684,116200.0,2026-08-21,,,,,,,,,,,,,,,,,,,,,,,,,,,,,,,,,,,,,,,,,,,,,,,,,2026-08-21,2.308,-2.906,3.59,-5.385,,,,,,,
078930,GS,2026-08-18,2026-08-18,REJECTED,50,CONDITIONS_INCOMPLETE,중기 Higher High + Higher Low | 상승 평행채널 유효(커버리지 97%) | 최근 추세 하단(싼 구간) 접촉 | 이동평균선 재돌파 | 재상승 후 5일선 지지,,119300.0,True,0.67,True,0.9655,1.3941,True,77787.8049,92676.8293,101900.0,107565.8537,75454.1707,-22.32,-9.84,False,False,False,22.93,True,True,False,,False,False,,2026-08-01,2026-08-21,119300.0,3,0,0.335,119700.0,2026-08-19,-4.778,113600.0,2026-08-20,-2.598,116200.0,2026-08-21,,,,,,,,,,,,,,,,,,,,,,,,,,,,,,,,,,,,,,,,,,,,,,,,,,,,2026-08-21,0.335,-4.778,1.593,-7.209,,,,,,,
078930,GS,2026-08-19,2026-08-19,REJECTED,50,CONDITIONS_INCOMPLETE,중기 Higher High + Higher Low | 상승 평행채널 유효(커버리지 95%) | 최근 추세 하단(싼 구간) 접촉 | 이동평균선 재돌파 | 재상승 후 5일선 지지,,119700.0,True,0.91,True,0.9492,1.3912,True,78273.1707,93162.1951,101900.0,108051.2195,75924.9756,-22.17,-9.73,False,False,False,25.94,True,True,False,,False,False,,2026-08-01,2026-08-21,119700.0,2,0,-5.096,113600.0,2026-08-20,-2.924,116200.0,2026-08-21,,,,,,,,,,,,,,,,,,,,,,,,,,,,,,,,,,,,,,,,,,,,,,,,,,,,,,,2026-08-21,-2.924,-5.096,1.253,-7.519,,,,,,,
078930,GS,2026-08-20,2026-08-20,REJECTED,50,CONDITIONS_INCOMPLETE,중기 Higher High + Higher Low | 상승추세 안의 단기 조정 + 전저점 유지 | 상승 평행채널 유효(커버리지 93%) | 최근 추세 하단(싼 구간) 접촉,,113600.0,True,6.27,True,0.9333,1.17,True,78758.5366,93647.561,101900.0,108536.5854,76395.7805,-17.56,-4.46,False,False,False,29.02,False,True,False,,False,False,,2026-08-01,2026-08-21,113600.0,1,0,2.289,116200.0,2026-08-21,,,,,,,,,,,,,,,,,,,,,,,,,,,,,,,,,,,,,,,,,,,,,,,,,,,,,,,,,,2026-08-21,2.289,2.289,3.345,-2.553,,,,,,,
078930,GS,2026-08-21,2026-08-21,REJECTED,50,CONDITIONS_INCOMPLETE,중기 Higher High + Higher Low | 상승추세 안의 단기 조정 + 전저점 유지 | 상승 평행채널 유효(커버리지 92%) | 최근 추세 하단(싼 구간) 접촉,,116200.0,True,4.13,True,0.918,1.2411,True,79243.9024,94132.9268,101900.0,109021.9512,76866.5854,-18.99,-6.18,False,False,False,29.32,False,False,False,,False,False,,2026-08-01,2026-08-21,116200.0,0,0,,,,,,,,,,,,,,,,,,,,,,,,,,,,,,,,,,,,,,,,,,,,,,,,,,,,,,,,,,,,,,,,,,,,,,,,
241560,두산밥캣,2026-08-03,2026-08-03,REJECTED,54,TREND_BROKEN_OR_NOT_UPTREND,상승추세 안의 단기 조정 + 전저점 유지 | 상승 평행채널 유효(커버리지 100%) | 최근 추세 하단(싼 구간) 접촉 | 현재도 채널 하단권 | 추세 바닥권 거래량 급증 양봉 | 거래량 기준봉 저가 지지 | 거래량 기준봉 고가 돌파,중기 상승 구조 미확인,60400.0,False,12.84,True,1.0,0.2383,True,57018.1818,64113.6364,69300.0,71209.0909,55307.6364,6.15,17.9,False,False,False,9.29,False,True,True,2026-07-30,True,True,1.86,2026-08-01,2026-08-21,60400.0,13,0,3.808,62700.0,2026-08-04,6.457,64300.0,2026-08-05,5.96,64000.0,2026-08-06,5.298,63600.0,2026-08-07,7.45,64900.0,2026-08-10,5.629,63800.0,2026-08-11,5.298,63600.0,2026-08-12,7.45,64900.0,2026-08-13,9.437,66100.0,2026-08-14,6.457,64300.0,2026-08-18,2.318,61800.0,2026-08-19,-2.649,58800.0,2026-08-20,-4.139,57900.0,2026-08-21,,,,,,,,,,,,,,,,,,,,,,2026-08-21,9.437,-4.139,11.258,-5.298,,,,,,,
241560,두산밥캣,2026-08-04,2026-08-04,REJECTED,49,TREND_BROKEN_OR_NOT_UPTREND,상승추세 안의 단기 조정 + 전저점 유지 | 상승 평행채널 유효(커버리지 100%) | 최근 추세 하단(싼 구간) 접촉 | 추세 바닥권 거래량 급증 양봉 | 거래량 기준봉 저가 지지 | 거래량 기준봉 고가 돌파,중기 상승 구조 미확인,62700.0,False,9.52,True,1.0,0.3812,True,57290.9091,64386.3636,69300.0,71481.8182,55572.1818,2.69,14.01,False,False,False,7.84,False,True,True,2026-07-30,True,True,1.86,2026-08-01,2026-08-21,62700.0,12,0,2.552,64300.0,2026-08-05,2.073,64000.0,2026-08-06,1.435,63600.0,2026-08-07,3.509,64900.0,2026-08-10,1.754,63800.0,2026-08-11,1.435,63600.0,2026-08-12,3.509,64900.0,2026-08-13,5.423,66100.0,2026-08-14,2.552,64300.0,2026-08-18,-1.435,61800.0,2026-08-19,-6.22,58800.0,2026-08-20,-7.656,57900.0,2026-08-21,,,,,,,,,,,,,,,,,,,,,,,,,2026-08-21,5.423,-7.656,7.177,-8.772,,,,,,,
241560,두산밥캣,2026-08-05,2026-08-05,REJECTED,57,TREND_BROKEN_OR_NOT_UPTREND,상승추세 안의 단기 조정 + 전저점 유지 | 상승 평행채널 유효(커버리지 100%) | 최근 추세 하단(싼 구간) 접촉 | 이동평균선 밀집 | 추세 바닥권 거래량 급증 양봉 | 거래량 기준봉 저가 지지 | 거래량 기준봉 고가 돌파,중기 상승 구조 미확인,64300.0,False,7.22,True,1.0,0.4747,True,57563.6364,64659.0909,69300.0,71754.5455,55836.7273,0.56,11.59,False,False,True,5.54,False,True,True,2026-07-30,True,True,1.86,2026-08-01,2026-08-21,64300.0,11,0,-0.467,64000.0,2026-08-06,-1.089,63600.0,2026-08-07,0.933,64900.0,2026-08-10,-0.778,63800.0,2026-08-11,-1.089,63600.0,2026-08-12,0.933,64900.0,2026-08-13,2.799,66100.0,2026-08-14,0.0,64300.0,2026-08-18,-3.888,61800.0,2026-08-19,-8.554,58800.0,2026-08-20,-9.953,57900.0,2026-08-21,,,,,,,,,,,,,,,,,,,,,,,,,,,,2026-08-21,2.799,-9.953,4.51,-11.042,,,,,,,
241560,두산밥캣,2026-08-06,2026-08-06,REJECTED,57,TREND_BROKEN_OR_NOT_UPTREND,상승추세 안의 단기 조정 + 전저점 유지 | 상승 평행채널 유효(커버리지 100%) | 최근 추세 하단(싼 구간) 접촉 | 이동평균선 밀집 | 추세 바닥권 거래량 급증 양봉 | 거래량 기준봉 저가 지지 | 거래량 기준봉 고가 돌파,중기 상승 구조 미확인,64000.0,False,7.65,True,1.0,0.4343,True,57836.3636,64931.8182,69300.0,72027.2727,56101.2727,1.46,12.54,False,False,True,3.47,False,True,True,2026-07-30,True,True,1.86,2026-08-01,2026-08-21,64000.0,10,0,-0.625,63600.0,2026-08-07,1.406,64900.0,2026-08-10,-0.313,63800.0,2026-08-11,-0.625,63600.0,2026-08-12,1.406,64900.0,2026-08-13,3.281,66100.0,2026-08-14,0.469,64300.0,2026-08-18,-3.438,61800.0,2026-08-19,-8.125,58800.0,2026-08-20,-9.531,57900.0,2026-08-21,,,,,,,,,,,,,,,,,,,,,,,,,,,,,,,2026-08-21,3.281,-9.531,5.0,-10.625,,,,,,,
241560,두산밥캣,2026-08-07,2026-08-07,REJECTED,57,TREND_BROKEN_OR_NOT_UPTREND,상승추세 안의 단기 조정 + 전저점 유지 | 상승 평행채널 유효(커버리지 100%) | 최근 추세 하단(싼 구간) 접촉 | 이동평균선 밀집 | 추세 바닥권 거래량 급증 양봉 | 거래량 기준봉 저가 지지 | 거래량 기준봉 고가 돌파,중기 상승 구조 미확인,63600.0,False,8.23,True,1.0,0.3869,True,58109.0909,65204.5455,69300.0,72300.0,56365.8182,2.52,13.68,False,False,True,3.01,False,True,True,2026-07-30,True,True,1.86,2026-08-01,2026-08-21,63600.0,9,0,2.044,64900.0,2026-08-10,0.314,63800.0,2026-08-11,0.0,63600.0,2026-08-12,2.044,64900.0,2026-08-13,3.931,66100.0,2026-08-14,1.101,64300.0,2026-08-18,-2.83,61800.0,2026-08-19,-7.547,58800.0,2026-08-20,-8.962,57900.0,2026-08-21,,,,,,,,,,,,,,,,,,,,,,,,,,,,,,,,,,2026-08-21,3.931,-8.962,5.66,-10.063,,,,,,,
241560,두산밥캣,2026-08-10,2026-08-10,REJECTED,65,TREND_BROKEN_OR_NOT_UPTREND,상승추세 안의 단기 조정 + 전저점 유지 | 상승 평행채널 유효(커버리지 100%) | 최근 추세 하단(싼 구간) 접촉 | 이동평균선 밀집 | 이동평균선 재돌파 | 추세 바닥권 거래량 급증 양봉 | 거래량 기준봉 저가 지지 | 거래량 기준봉 고가 돌파,중기 상승 구조 미확인,64900.0,False,6.35,True,1.0,0.4593,True,58381.8182,65477.2727,65500.0,72572.7273,56630.3636,0.89,11.82,False,False,True,2.65,True,False,True,2026-07-30,True,True,1.86,2026-08-01,2026-08-21,64900.0,8,0,-1.695,63800.0,2026-08-11,-2.003,63600.0,2026-08-12,0.0,64900.0,2026-08-13,1.849,66100.0,2026-08-14,-0.924,64300.0,2026-08-18,-4.777,61800.0,2026-08-19,-9.399,58800.0,2026-08-20,-10.786,57900.0,2026-08-21,,,,,,,,,,,,,,,,,,,,,,,,,,,,,,,,,,,,,2026-08-21,1.849,-10.786,3.544,-11.864,,,,,,,
241560,두산밥캣,2026-08-11,2026-08-11,REJECTED,57,TREND_BROKEN_OR_NOT_UPTREND,상승추세 안의 단기 조정 + 전저점 유지 | 상승 평행채널 유효(커버리지 100%) | 최근 추세 하단(싼 구간) 접촉 | 이동평균선 밀집 | 추세 바닥권 거래량 급증 양봉 | 거래량 기준봉 저가 지지 | 거래량 기준봉 고가 돌파,중기 상승 구조 미확인,63800.0,False,7.94,True,1.0,0.3626,True,58654.5455,65750.0,65500.0,72845.4545,56894.9091,3.06,14.18,False,False,True,2.49,False,True,True,2026-07-30,True,True,1.86,2026-08-01,2026-08-21,63800.0,7,0,-0.313,63600.0,2026-08-12,1.724,64900.0,2026-08-13,3.605,66100.0,2026-08-14,0.784,64300.0,2026-08-18,-3.135,61800.0,2026-08-19,-7.837,58800.0,2026-08-20,-9.248,57900.0,2026-08-21,,,,,,,,,,,,,,,,,,,,,,,,,,,,,,,,,,,,,,,,2026-08-21,3.605,-9.248,5.329,-10.345,,,,,,,
241560,두산밥캣,2026-08-12,2026-08-12,REJECTED,62,TREND_BROKEN_OR_NOT_UPTREND,상승추세 안의 단기 조정 + 전저점 유지 | 상승 평행채널 유효(커버리지 100%) | 최근 추세 하단(싼 구간) 접촉 | 현재도 채널 하단권 | 이동평균선 밀집 | 추세 바닥권 거래량 급증 양봉 | 거래량 기준봉 저가 지지 | 거래량 기준봉 고가 돌파,중기 상승 구조 미확인,63600.0,False,8.23,True,1.0,0.3293,True,58927.2727,66022.7273,65500.0,73118.1818,57159.4545,3.81,14.97,False,False,True,2.25,False,True,True,2026-07-30,True,True,1.86,2026-08-01,2026-08-21,63600.0,6,0,2.044,64900.0,2026-08-13,3.931,66100.0,2026-08-14,1.101,64300.0,2026-08-18,-2.83,61800.0,2026-08-19,-7.547,58800.0,2026-08-20,-8.962,57900.0,2026-08-21,,,,,,,,,,,,,,,,,,,,,,,,,,,,,,,,,,,,,,,,,,,2026-08-21,3.931,-8.962,5.66,-10.063,,,,,,,
241560,두산밥캣,2026-08-13,2026-08-13,REJECTED,67,TREND_BROKEN_OR_NOT_UPTREND,상승추세 안의 단기 조정 + 전저점 유지 | 상승 평행채널 유효(커버리지 100%) | 최근 추세 하단(싼 구간) 접촉 | 이동평균선 밀집 | 이동평균선 재돌파 | 추세 바닥권 거래량 급증 양봉 | 거래량 기준봉 저가 지지 | 거래량 기준봉 고가 돌파 | 재상승 후 5일선 지지,중기 상승 구조 미확인,64900.0,False,6.35,True,1.0,0.4017,True,59200.0,66295.4545,65500.0,73390.9091,57424.0,2.15,13.08,False,False,True,2.34,True,True,True,2026-07-30,True,True,1.86,2026-08-01,2026-08-21,64900.0,5,0,1.849,66100.0,2026-08-14,-0.924,64300.0,2026-08-18,-4.777,61800.0,2026-08-19,-9.399,58800.0,2026-08-20,-10.786,57900.0,2026-08-21,,,,,,,,,,,,,,,,,,,,,,,,,,,,,,,,,,,,,,,,,,,,,,2026-08-21,1.849,-10.786,3.544,-11.864,,,,,,,
241560,두산밥캣,2026-08-14,2026-08-14,REJECTED,67,TREND_BROKEN_OR_NOT_UPTREND,상승추세 안의 단기 조정 + 전저점 유지 | 상승 평행채널 유효(커버리지 100%) | 최근 추세 하단(싼 구간) 접촉 | 이동평균선 밀집 | 이동평균선 재돌파 | 추세 바닥권 거래량 급증 양봉 | 거래량 기준봉 저가 지지 | 거래량 기준봉 고가 돌파 | 재상승 후 5일선 지지,중기 상승 구조 미확인,66100.0,False,4.62,True,1.0,0.467,True,59472.7273,66568.1818,65500.0,73663.6364,57688.5455,0.71,11.44,False,False,True,2.92,True,True,True,2026-07-30,True,True,1.86,2026-08-01,2026-08-21,66100.0,4,0,-2.723,64300.0,2026-08-18,-6.505,61800.0,2026-08-19,-11.044,58800.0,2026-08-20,-12.405,57900.0,2026-08-21,,,,,,,,,,,,,,,,,,,,,,,,,,,,,,,,,,,,,,,,,,,,,,,,,2026-08-21,-2.723,-12.405,1.664,-13.464,,,,,,,
241560,두산밥캣,2026-08-18,2026-08-18,REJECTED,62,TREND_BROKEN_OR_NOT_UPTREND,상승추세 안의 단기 조정 + 전저점 유지 | 상승 평행채널 유효(커버리지 100%) | 최근 추세 하단(싼 구간) 접촉 | 현재도 채널 하단권 | 이동평균선 밀집 | 추세 바닥권 거래량 급증 양봉 | 거래량 기준봉 저가 지지 | 거래량 기준봉 고가 돌파,중기 상승 구조 미확인,64300.0,False,7.22,True,1.0,0.3209,True,59745.4545,66840.9091,65500.0,73936.3636,57953.0909,3.95,14.99,False,False,True,2.47,False,True,True,2026-07-30,True,True,1.86,2026-08-01,2026-08-21,64300.0,3,0,-3.888,61800.0,2026-08-19,-8.554,58800.0,2026-08-20,-9.953,57900.0,2026-08-21,,,,,,,,,,,,,,,,,,,,,,,,,,,,,,,,,,,,,,,,,,,,,,,,,,,,2026-08-21,-3.888,-9.953,-1.089,-11.042,,,,,,,
241560,두산밥캣,2026-08-19,2026-08-19,REJECTED,62,TREND_BROKEN_OR_NOT_UPTREND,상승추세 안의 단기 조정 + 전저점 유지 | 상승 평행채널 유효(커버리지 100%) | 최근 추세 하단(싼 구간) 접촉 | 현재도 채널 하단권 | 이동평균선 밀집 | 추세 바닥권 거래량 급증 양봉 | 거래량 기준봉 저가 지지 | 거래량 기준봉 고가 돌파,중기 상승 구조 미확인,61800.0,False,10.82,True,1.0,0.1256,True,60018.1818,67113.6364,65500.0,74209.0909,58217.6364,8.6,20.08,False,False,True,1.83,False,False,True,2026-07-30,True,True,1.86,2026-08-01,2026-08-21,61800.0,2,0,-4.854,58800.0,2026-08-20,-6.311,57900.0,2026-08-21,,,,,,,,,,,,,,,,,,,,,,,,,,,,,,,,,,,,,,,,,,,,,,,,,,,,,,,2026-08-21,-4.854,-6.311,0.0,-7.443,,,,,,,
241560,두산밥캣,2026-08-20,2026-08-20,REJECTED,57,TREND_BROKEN_OR_NOT_UPTREND,상승추세 안의 단기 조정 + 전저점 유지 | 상승 평행채널 유효(커버리지 97%) | 최근 추세 하단(싼 구간) 접촉 | 현재도 채널 하단권 | 이동평균선 밀집 | 추세 바닥권 거래량 급증 양봉 | 거래량 기준봉 저가 지지,중기 상승 구조 미확인,58800.0,False,15.15,True,0.9677,-0.1051,True,60290.9091,67386.3636,65500.0,74481.8182,58482.1818,14.6,26.67,False,False,True,1.41,False,False,True,2026-07-30,True,False,1.86,2026-08-01,2026-08-21,58800.0,1,0,-1.531,57900.0,2026-08-21,,,,,,,,,,,,,,,,,,,,,,,,,,,,,,,,,,,,,,,,,,,,,,,,,,,,,,,,,,2026-08-21,-1.531,-1.531,-0.34,-2.721,,,,,,,
241560,두산밥캣,2026-08-21,2026-08-21,REJECTED,62,TREND_BROKEN_OR_NOT_UPTREND,상승추세 안의 단기 조정 + 전저점 유지 | 상승 평행채널 유효(커버리지 97%) | 최근 추세 하단(싼 구간) 접촉 | 현재도 채널 하단권 | 추세 하단 부근 쌍바닥/Higher-Low 형태 | 이동평균선 밀집 | 추세 바닥권 거래량 급증 양봉 | 거래량 기준봉 저가 지지,중기 상승 구조 미확인,57900.0,False,13.84,True,0.9688,0.112,True,56714.2857,62005.3571,67200.0,67296.4286,55012.8571,7.09,16.23,True,False,True,2.85,False,False,True,2026-07-30,True,False,1.86,2026-08-01,2026-08-21,57900.0,0,0,,,,,,,,,,,,,,,,,,,,,,,,,,,,,,,,,,,,,,,,,,,,,,,,,,,,,,,,,,,,,,,,,,,,,,,,
032640,LG유플러스,2026-08-03,2026-08-03,REJECTED,65,TREND_BROKEN_OR_NOT_UPTREND,상승추세 안의 단기 조정 + 전저점 유지 | 상승 평행채널 유효(커버리지 100%) | 최근 추세 하단(싼 구간) 접촉 | 현재도 채널 하단권 | 추세 하단 부근 쌍바닥/Higher-Low 형태 | 이동평균선 밀집 | 추세 바닥권 거래량 급증 양봉 | 거래량 기준봉 저가 지지 | 기준봉 지지 후 재상승 전환,중기 상승 구조 미확인,14840.0,False,5.78,True,1.0,0.0569,True,14660.0,16241.0,15200.0,17822.0,14220.2,9.44,20.09,True,False,True,2.49,False,True,True,2026-07-30,True,False,2.02,2026-08-01,2026-08-21,14840.0,13,0,0.606,14930.0,2026-08-04,0.539,14920.0,2026-08-05,1.078,15000.0,2026-08-06,0.809,14960.0,2026-08-07,0.741,14950.0,2026-08-10,5.054,15590.0,2026-08-11,0.27,14880.0,2026-08-12,-0.943,14700.0,2026-08-13,1.482,15060.0,2026-08-14,0.606,14930.0,2026-08-18,-0.741,14730.0,2026-08-19,-1.213,14660.0,2026-08-20,0.202,14870.0,2026-08-21,,,,,,,,,,,,,,,,,,,,,,2026-08-21,5.054,-1.213,5.997,-2.83,,,,,,,
032640,LG유플러스,2026-08-04,2026-08-04,CONFIRMED,90,LOWER_CHANNEL_CONFIRMED_REVERSAL,중기 Higher High + Higher Low | 상승추세 안의 단기 조정 + 전저점 유지 | 상승 평행채널 유효(커버리지 100%) | 최근 추세 하단(싼 구간) 접촉 | 현재도 채널 하단권 | 추세 하단 부근 쌍바닥/Higher-Low 형태 | 쌍바닥 넥라인 돌파 확인 | 이동평균선 밀집 | 추세 바닥권 거래량 급증 양봉 | 거래량 기준봉 저가 지지 | 기준봉 지지 후 재상승 전환,,14930.0,True,5.21,True,1.0,0.0746,True,14694.0,16275.0,15750.0,17856.0,14253.18,9.01,19.6,True,True,True,2.18,False,True,True,2026-07-30,True,False,2.02,2026-08-01,2026-08-21,14930.0,12,0,-0.067,14920.0,2026-08-05,0.469,15000.0,2026-08-06,0.201,14960.0,2026-08-07,0.134,14950.0,2026-08-10,4.421,15590.0,2026-08-11,-0.335,14880.0,2026-08-12,-1.541,14700.0,2026-08-13,0.871,15060.0,2026-08-14,0.0,14930.0,2026-08-18,-1.34,14730.0,2026-08-19,-1.808,14660.0,2026-08-20,-0.402,14870.0,2026-08-21,,,,,,,,,,,,,,,,,,,,,,,,,2026-08-21,4.421,-1.808,5.358,-3.416,,0.0,0.0,0.0,1.0,STOP,2026-08-19
032640,LG유플러스,2026-08-05,2026-08-05,WATCH,82,LOWER_CHANNEL_WATCH,중기 Higher High + Higher Low | 상승추세 안의 단기 조정 + 전저점 유지 | 상승 평행채널 유효(커버리지 100%) | 최근 추세 하단(싼 구간) 접촉 | 현재도 채널 하단권 | 추세 하단 부근 쌍바닥/Higher-Low 형태 | 이동평균선 밀집 | 추세 바닥권 거래량 급증 양봉 | 거래량 기준봉 저가 지지,,14920.0,True,5.27,True,1.0,0.0607,True,14728.0,16309.0,15750.0,17890.0,14286.16,9.31,19.91,True,False,True,2.19,False,True,True,2026-07-30,True,False,2.02,2026-08-01,2026-08-21,14920.0,11,0,0.536,15000.0,2026-08-06,0.268,14960.0,2026-08-07,0.201,14950.0,2026-08-10,4.491,15590.0,2026-08-11,-0.268,14880.0,2026-08-12,-1.475,14700.0,2026-08-13,0.938,15060.0,2026-08-14,0.067,14930.0,2026-08-18,-1.273,14730.0,2026-08-19,-1.743,14660.0,2026-08-20,-0.335,14870.0,2026-08-21,,,,,,,,,,,,,,,,,,,,,,,,,,,,2026-08-21,4.491,-1.743,5.429,-3.351,,0.0,0.0,0.0,1.0,STOP,2026-08-19
032640,LG유플러스,2026-08-06,2026-08-06,CONFIRMED,90,LOWER_CHANNEL_CONFIRMED_REVERSAL,중기 Higher High + Higher Low | 상승추세 안의 단기 조정 + 전저점 유지 | 상승 평행채널 유효(커버리지 100%) | 최근 추세 하단(싼 구간) 접촉 | 현재도 채널 하단권 | 추세 하단 부근 쌍바닥/Higher-Low 형태 | 쌍바닥 넥라인 돌파 확인 | 이동평균선 밀집 | 추세 바닥권 거래량 급증 양봉 | 거래량 기준봉 저가 지지 | 기준봉 지지 후 재상승 전환,,15000.0,True,4.76,True,1.0,0.0753,True,14762.0,16343.0,15750.0,17924.0,14319.14,8.95,19.49,True,True,True,2.08,False,True,True,2026-07-30,True,False,2.02,2026-08-01,2026-08-21,15000.0,10,0,-0.267,14960.0,2026-08-07,-0.333,14950.0,2026-08-10,3.933,15590.0,2026-08-11,-0.8,14880.0,2026-08-12,-2.0,14700.0,2026-08-13,0.4,15060.0,2026-08-14,-0.467,14930.0,2026-08-18,-1.8,14730.0,2026-08-19,-2.267,14660.0,2026-08-20,-0.867,14870.0,2026-08-21,,,,,,,,,,,,,,,,,,,,,,,,,,,,,,,2026-08-21,3.933,-2.267,4.867,-3.867,,0.0,0.0,0.0,1.0,STOP,2026-08-19
032640,LG유플러스,2026-08-07,2026-08-07,CONFIRMED,87,LOWER_CHANNEL_CONFIRMED_REVERSAL,중기 Higher High + Higher Low | 상승추세 안의 단기 조정 + 전저점 유지 | 상승 평행채널 유효(커버리지 100%) | 최근 추세 하단(싼 구간) 접촉 | 현재도 채널 하단권 | 추세 하단 부근 쌍바닥/Higher-Low 형태 | 쌍바닥 넥라인 돌파 확인 | 이동평균선 밀집 | 추세 바닥권 거래량 급증 양봉 | 거래량 기준봉 저가 지지,,14960.0,True,5.02,True,1.0,0.0519,True,14796.0,16377.0,15750.0,17958.0,14352.12,9.47,20.04,True,True,True,2.08,False,True,True,2026-07-30,True,False,2.02,2026-08-01,2026-08-21,14960.0,9,0,-0.067,14950.0,2026-08-10,4.211,15590.0,2026-08-11,-0.535,14880.0,2026-08-12,-1.738,14700.0,2026-08-13,0.668,15060.0,2026-08-14,-0.201,14930.0,2026-08-18,-1.537,14730.0,2026-08-19,-2.005,14660.0,2026-08-20,-0.602,14870.0,2026-08-21,,,,,,,,,,,,,,,,,,,,,,,,,,,,,,,,,,2026-08-21,4.211,-2.005,5.147,-3.61,,0.0,0.0,0.0,1.0,STOP,2026-08-19
032640,LG유플러스,2026-08-10,2026-08-10,CONFIRMED,87,LOWER_CHANNEL_CONFIRMED_REVERSAL,중기 Higher High + Higher Low | 상승추세 안의 단기 조정 + 전저점 유지 | 상승 평행채널 유효(커버리지 100%) | 최근 추세 하단(싼 구간) 접촉 | 현재도 채널 하단권 | 추세 하단 부근 쌍바닥/Higher-Low 형태 | 쌍바닥 넥라인 돌파 확인 | 이동평균선 밀집 | 추세 바닥권 거래량 급증 양봉 | 거래량 기준봉 저가 지지,,14950.0,True,5.08,True,1.0,0.038,True,14830.0,16411.0,15750.0,17992.0,14385.1,9.77,20.35,True,True,True,2.02,False,True,True,2026-07-30,True,False,2.02,2026-08-01,2026-08-21,14950.0,8,0,4.281,15590.0,2026-08-11,-0.468,14880.0,2026-08-12,-1.672,14700.0,2026-08-13,0.736,15060.0,2026-08-14,-0.134,14930.0,2026-08-18,-1.472,14730.0,2026-08-19,-1.94,14660.0,2026-08-20,-0.535,14870.0,2026-08-21,,,,,,,,,,,,,,,,,,,,,,,,,,,,,,,,,,,,,2026-08-21,4.281,-1.94,5.217,-3.545,,0.0,0.0,0.0,1.0,STOP,2026-08-19
032640,LG유플러스,2026-08-11,2026-08-11,CONFIRMED,90,LOWER_CHANNEL_CONFIRMED_REVERSAL,중기 Higher High + Higher Low | 상승 평행채널 유효(커버리지 100%) | 최근 추세 하단(싼 구간) 접촉 | 현재도 채널 하단권 | 추세 하단 부근 쌍바닥/Higher-Low 형태 | 쌍바닥 넥라인 돌파 확인 | 이동평균선 밀집 | 이동평균선 재돌파 | 추세 바닥권 거래량 급증 양봉 | 거래량 기준봉 저가 지지 | 기준봉 지지 후 재상승 전환 | 재상승 후 5일선 지지,,15590.0,True,1.02,True,1.0,0.2296,True,14864.0,16445.0,15750.0,18026.0,14418.08,5.48,15.63,True,True,True,2.08,True,True,True,2026-07-30,True,False,2.02,2026-08-01,2026-08-21,15590.0,7,0,-4.554,14880.0,2026-08-12,-5.709,14700.0,2026-08-13,-3.4,15060.0,2026-08-14,-4.233,14930.0,2026-08-18,-5.516,14730.0,2026-08-19,-5.965,14660.0,2026-08-20,-4.618,14870.0,2026-08-21,,,,,,,,,,,,,,,,,,,,,,,,,,,,,,,,,,,,,,,,2026-08-21,-3.4,-5.965,-1.219,-7.505,,0.0,0.0,0.0,1.0,STOP,2026-08-19
032640,LG유플러스,2026-08-12,2026-08-12,WATCH,82,LOWER_CHANNEL_WATCH,중기 Higher High + Higher Low | 상승추세 안의 단기 조정 + 전저점 유지 | 상승 평행채널 유효(커버리지 100%) | 최근 추세 하단(싼 구간) 접촉 | 현재도 채널 하단권 | 추세 하단 부근 쌍바닥/Higher-Low 형태 | 이동평균선 밀집 | 추세 바닥권 거래량 급증 양봉 | 거래량 기준봉 저가 지지,,14880.0,True,5.52,True,1.0,-0.0057,True,14898.0,16479.0,15750.0,18060.0,14451.06,10.75,21.37,True,False,True,1.91,False,True,True,2026-07-30,True,False,2.02,2026-08-01,2026-08-21,14880.0,6,0,-1.21,14700.0,2026-08-13,1.21,15060.0,2026-08-14,0.336,14930.0,2026-08-18,-1.008,14730.0,2026-08-19,-1.478,14660.0,2026-08-20,-0.067,14870.0,2026-08-21,,,,,,,,,,,,,,,,,,,,,,,,,,,,,,,,,,,,,,,,,,,2026-08-21,1.21,-1.478,1.411,-3.091,,0.0,0.0,0.0,1.0,STOP,2026-08-19
032640,LG유플러스,2026-08-13,2026-08-13,WATCH,82,LOWER_CHANNEL_WATCH,중기 Higher High + Higher Low | 상승추세 안의 단기 조정 + 전저점 유지 | 상승 평행채널 유효(커버리지 100%) | 최근 추세 하단(싼 구간) 접촉 | 현재도 채널 하단권 | 추세 하단 부근 쌍바닥/Higher-Low 형태 | 이동평균선 밀집 | 추세 바닥권 거래량 급증 양봉 | 거래량 기준봉 저가 지지,,14700.0,True,6.67,True,1.0,-0.0734,True,14932.0,16513.0,15750.0,18094.0,14484.04,12.33,23.09,True,False,True,1.35,False,False,True,2026-07-30,True,False,2.02,2026-08-01,2026-08-21,14700.0,5,0,2.449,15060.0,2026-08-14,1.565,14930.0,2026-08-18,0.204,14730.0,2026-08-19,-0.272,14660.0,2026-08-20,1.156,14870.0,2026-08-21,,,,,,,,,,,,,,,,,,,,,,,,,,,,,,,,,,,,,,,,,,,,,,2026-08-21,2.449,-0.272,2.653,-1.905,,0.0,0.0,0.0,1.0,STOP,2026-08-19
032640,LG유플러스,2026-08-14,2026-08-14,REJECTED,78,TREND_BROKEN_OR_NOT_UPTREND,상승추세 안의 단기 조정 + 전저점 유지 | 상승 평행채널 유효(커버리지 100%) | 최근 추세 하단(싼 구간) 접촉 | 현재도 채널 하단권 | 추세 하단 부근 쌍바닥/Higher-Low 형태 | 쌍바닥 넥라인 돌파 확인 | 이동평균선 밀집 | 이동평균선 재돌파 | 추세 바닥권 거래량 급증 양봉 | 거래량 기준봉 저가 지지 | 기준봉 지지 후 재상승 전환,중기 상승 구조 미확인,15060.0,False,4.38,True,1.0,0.0297,True,14966.0,16547.0,15730.0,18128.0,14517.02,9.87,20.37,True,True,True,1.31,True,False,True,2026-07-30,True,False,2.02,2026-08-01,2026-08-21,15060.0,4,0,-0.863,14930.0,2026-08-18,-2.191,14730.0,2026-08-19,-2.656,14660.0,2026-08-20,-1.262,14870.0,2026-08-21,,,,,,,,,,,,,,,,,,,,,,,,,,,,,,,,,,,,,,,,,,,,,,,,,2026-08-21,-0.863,-2.656,0.133,-4.25,,,,,,,
032640,LG유플러스,2026-08-18,2026-08-18,REJECTED,67,TREND_BROKEN_OR_NOT_UPTREND,상승추세 안의 단기 조정 + 전저점 유지 | 상승 평행채널 유효(커버리지 100%) | 최근 추세 하단(싼 구간) 접촉 | 현재도 채널 하단권 | 추세 하단 부근 쌍바닥/Higher-Low 형태 | 쌍바닥 넥라인 돌파 확인 | 이동평균선 밀집 | 추세 바닥권 거래량 급증 양봉 | 거래량 기준봉 저가 지지,중기 상승 구조 미확인,14930.0,False,5.21,True,1.0,-0.0221,True,15000.0,16581.0,15730.0,18162.0,14550.0,11.06,21.65,True,True,True,1.15,False,True,True,2026-07-30,True,False,2.02,2026-08-01,2026-08-21,14930.0,3,0,-1.34,14730.0,2026-08-19,-1.808,14660.0,2026-08-20,-0.402,14870.0,2026-08-21,,,,,,,,,,,,,,,,,,,,,,,,,,,,,,,,,,,,,,,,,,,,,,,,,,,,2026-08-21,-0.402,-1.808,-0.067,-3.416,,,,,,,
032640,LG유플러스,2026-08-19,2026-08-19,REJECTED,62,TREND_BROKEN_OR_NOT_UPTREND,상승추세 안의 단기 조정 + 전저점 유지 | 상승 평행채널 유효(커버리지 100%) | 최근 추세 하단(싼 구간) 접촉 | 현재도 채널 하단권 | 추세 하단 부근 쌍바닥/Higher-Low 형태 | 이동평균선 밀집 | 추세 바닥권 거래량 급증 양봉 | 거래량 기준봉 저가 지지,중기 상승 구조 미확인,14730.0,False,6.48,True,1.0,-0.0684,True,14952.0,16574.0,15730.0,18196.0,14503.44,12.52,23.53,True,False,True,0.46,False,False,True,2026-07-30,True,False,2.02,2026-08-01,2026-08-21,14730.0,2,0,-0.475,14660.0,2026-08-20,0.95,14870.0,2026-08-21,,,,,,,,,,,,,,,,,,,,,,,,,,,,,,,,,,,,,,,,,,,,,,,,,,,,,,,2026-08-21,0.95,-0.475,1.29,-1.154,,,,,,,
032640,LG유플러스,2026-08-20,2026-08-20,REJECTED,62,TREND_BROKEN_OR_NOT_UPTREND,상승추세 안의 단기 조정 + 전저점 유지 | 상승 평행채널 유효(커버리지 100%) | 최근 추세 하단(싼 구간) 접촉 | 현재도 채널 하단권 | 추세 하단 부근 쌍바닥/Higher-Low 형태 | 이동평균선 밀집 | 추세 바닥권 거래량 급증 양봉 | 거래량 기준봉 저가 지지,중기 상승 구조 미확인,14660.0,False,6.92,True,1.0,-0.0229,True,14740.0,16485.0,15730.0,18230.0,14297.8,12.45,24.35,True,False,True,0.63,False,True,True,2026-07-30,True,False,2.02,2026-08-01,2026-08-21,14660.0,1,0,1.432,14870.0,2026-08-21,,,,,,,,,,,,,,,,,,,,,,,,,,,,,,,,,,,,,,,,,,,,,,,,,,,,,,,,,,2026-08-21,1.432,1.432,1.774,-0.682,,,,,,,
032640,LG유플러스,2026-08-21,2026-08-21,REJECTED,65,TREND_BROKEN_OR_NOT_UPTREND,상승추세 안의 단기 조정 + 전저점 유지 | 상승 평행채널 유효(커버리지 100%) | 최근 추세 하단(싼 구간) 접촉 | 현재도 채널 하단권 | 추세 하단 부근 쌍바닥/Higher-Low 형태 | 이동평균선 밀집 | 추세 바닥권 거래량 급증 양봉 | 거래량 기준봉 저가 지지 | 기준봉 지지 후 재상승 전환,중기 상승 구조 미확인,14870.0,False,5.59,True,1.0,0.0275,True,14774.0,16519.0,15730.0,18264.0,14330.78,11.09,22.82,True,False,True,0.32,False,True,True,2026-07-30,True,False,2.02,2026-08-01,2026-08-21,14870.0,0,0,,,,,,,,,,,,,,,,,,,,,,,,,,,,,,,,,,,,,,,,,,,,,,,,,,,,,,,,,,,,,,,,,,,,,,,,
021240,코웨이,2026-08-03,2026-08-03,REJECTED,43,TREND_BROKEN_OR_NOT_UPTREND,상승추세 안의 단기 조정 + 전저점 유지 | 상승 평행채널 유효(커버리지 100%) | 최근 추세 하단(싼 구간) 접촉 | 추세 하단 부근 쌍바닥/Higher-Low 형태 | 이동평균선 밀집,중기 상승 구조 미확인,92200.0,False,7.8,True,1.0,0.5499,True,84410.3448,91493.1034,95300.0,98575.8621,85360.0,-0.77,6.92,True,False,True,1.04,False,False,False,,False,False,,2026-08-01,2026-08-21,92200.0,13,0,2.278,94300.0,2026-08-04,0.651,92800.0,2026-08-05,4.772,96600.0,2026-08-06,3.796,95700.0,2026-08-07,2.278,94300.0,2026-08-10,5.857,97600.0,2026-08-11,3.905,95800.0,2026-08-12,5.423,97200.0,2026-08-13,6.508,98200.0,2026-08-14,4.664,96500.0,2026-08-18,1.41,93500.0,2026-08-19,1.302,93400.0,2026-08-20,4.013,95900.0,2026-08-21,,,,,,,,,,,,,,,,,,,,,,2026-08-21,6.508,0.651,10.304,-3.688,,,,,,,
021240,코웨이,2026-08-04,2026-08-04,REJECTED,53,TREND_BROKEN_OR_NOT_UPTREND,상승추세 안의 단기 조정 + 전저점 유지 | 상승 평행채널 유효(커버리지 100%) | 최근 추세 하단(싼 구간) 접촉 | 추세 하단 부근 쌍바닥/Higher-Low 형태 | 이동평균선 밀집 | 이동평균선 재돌파 | 재상승 후 5일선 지지,중기 상승 구조 미확인,94300.0,False,5.7,True,1.0,0.6977,True,84417.2414,91500.0,95300.0,98582.7586,85360.0,-2.97,4.54,True,False,True,0.6,True,True,False,,False,False,,2026-08-01,2026-08-21,94300.0,12,0,-1.591,92800.0,2026-08-05,2.439,96600.0,2026-08-06,1.485,95700.0,2026-08-07,0.0,94300.0,2026-08-10,3.499,97600.0,2026-08-11,1.591,95800.0,2026-08-12,3.075,97200.0,2026-08-13,4.136,98200.0,2026-08-14,2.333,96500.0,2026-08-18,-0.848,93500.0,2026-08-19,-0.954,93400.0,2026-08-20,1.697,95900.0,2026-08-21,,,,,,,,,,,,,,,,,,,,,,,,,2026-08-21,4.136,-1.591,7.847,-5.832,,,,,,,
021240,코웨이,2026-08-05,2026-08-05,REJECTED,53,TREND_BROKEN_OR_NOT_UPTREND,상승추세 안의 단기 조정 + 전저점 유지 | 상승 평행채널 유효(커버리지 100%) | 최근 추세 하단(싼 구간) 접촉 | 추세 하단 부근 쌍바닥/Higher-Low 형태 | 이동평균선 밀집 | 이동평균선 재돌파 | 재상승 후 5일선 지지,중기 상승 구조 미확인,92800.0,False,7.2,True,1.0,0.5913,True,84424.1379,91506.8966,95300.0,98589.6552,85360.0,-1.39,6.24,True,False,True,0.67,True,True,False,,False,False,,2026-08-01,2026-08-21,92800.0,11,0,4.095,96600.0,2026-08-06,3.125,95700.0,2026-08-07,1.616,94300.0,2026-08-10,5.172,97600.0,2026-08-11,3.233,95800.0,2026-08-12,4.741,97200.0,2026-08-13,5.819,98200.0,2026-08-14,3.987,96500.0,2026-08-18,0.754,93500.0,2026-08-19,0.647,93400.0,2026-08-20,3.341,95900.0,2026-08-21,,,,,,,,,,,,,,,,,,,,,,,,,,,,2026-08-21,5.819,0.647,9.591,-4.31,,,,,,,
021240,코웨이,2026-08-06,2026-08-06,REJECTED,43,TREND_BROKEN_OR_NOT_UPTREND,상승 평행채널 유효(커버리지 100%) | 최근 추세 하단(싼 구간) 접촉 | 추세 하단 부근 쌍바닥/Higher-Low 형태 | 이동평균선 밀집 | 이동평균선 재돌파 | 재상승 후 5일선 지지,중기 상승 구조 미확인,96600.0,False,1.93,True,1.0,0.8591,True,84431.0345,91513.7931,95300.0,98596.5517,85360.0,-5.27,2.07,True,False,True,1.69,True,True,False,,False,False,,2026-08-01,2026-08-21,96600.0,10,0,-0.932,95700.0,2026-08-07,-2.381,94300.0,2026-08-10,1.035,97600.0,2026-08-11,-0.828,95800.0,2026-08-12,0.621,97200.0,2026-08-13,1.656,98200.0,2026-08-14,-0.104,96500.0,2026-08-18,-3.209,93500.0,2026-08-19,-3.313,93400.0,2026-08-20,-0.725,95900.0,2026-08-21,,,,,,,,,,,,,,,,,,,,,,,,,,,,,,,2026-08-21,1.656,-3.313,5.28,-8.075,,,,,,,
021240,코웨이,2026-08-07,2026-08-07,REJECTED,43,TREND_BROKEN_OR_NOT_UPTREND,상승 평행채널 유효(커버리지 100%) | 최근 추세 하단(싼 구간) 접촉 | 추세 하단 부근 쌍바닥/Higher-Low 형태 | 이동평균선 밀집 | 이동평균선 재돌파 | 재상승 후 5일선 지지,중기 상승 구조 미확인,95700.0,False,2.84,True,1.0,0.795,True,84437.931,91520.6897,95300.0,98603.4483,85360.0,-4.37,3.03,True,False,True,2.52,True,True,False,,False,False,,2026-08-01,2026-08-21,95700.0,9,0,-1.463,94300.0,2026-08-10,1.985,97600.0,2026-08-11,0.104,95800.0,2026-08-12,1.567,97200.0,2026-08-13,2.612,98200.0,2026-08-14,0.836,96500.0,2026-08-18,-2.299,93500.0,2026-08-19,-2.403,93400.0,2026-08-20,0.209,95900.0,2026-08-21,,,,,,,,,,,,,,,,,,,,,,,,,,,,,,,,,,2026-08-21,2.612,-2.403,6.27,-7.21,,,,,,,
021240,코웨이,2026-08-10,2026-08-10,REJECTED,43,TREND_BROKEN_OR_NOT_UPTREND,상승추세 안의 단기 조정 + 전저점 유지 | 상승 평행채널 유효(커버리지 100%) | 최근 추세 하단(싼 구간) 접촉 | 추세 하단 부근 쌍바닥/Higher-Low 형태 | 이동평균선 밀집,중기 상승 구조 미확인,94300.0,False,4.26,True,1.0,0.6957,True,84444.8276,91527.5862,95300.0,98610.3448,85360.0,-2.94,4.57,True,False,True,3.01,False,False,False,,False,False,,2026-08-01,2026-08-21,94300.0,8,0,3.499,97600.0,2026-08-11,1.591,95800.0,2026-08-12,3.075,97200.0,2026-08-13,4.136,98200.0,2026-08-14,2.333,96500.0,2026-08-18,-0.848,93500.0,2026-08-19,-0.954,93400.0,2026-08-20,1.697,95900.0,2026-08-21,,,,,,,,,,,,,,,,,,,,,,,,,,,,,,,,,,,,,2026-08-21,4.136,-0.954,7.847,-2.651,,,,,,,
021240,코웨이,2026-08-11,2026-08-11,REJECTED,43,TREND_BROKEN_OR_NOT_UPTREND,상승 평행채널 유효(커버리지 100%) | 최근 추세 하단(싼 구간) 접촉 | 추세 하단 부근 쌍바닥/Higher-Low 형태 | 이동평균선 밀집 | 이동평균선 재돌파 | 재상승 후 5일선 지지,중기 상승 구조 미확인,97600.0,False,2.79,True,1.0,0.9282,True,84451.7241,91534.4828,95300.0,98617.2414,85360.0,-6.21,1.04,True,False,True,3.56,True,True,False,,False,False,,2026-08-01,2026-08-21,97600.0,7,0,-1.844,95800.0,2026-08-12,-0.41,97200.0,2026-08-13,0.615,98200.0,2026-08-14,-1.127,96500.0,2026-08-18,-4.201,93500.0,2026-08-19,-4.303,93400.0,2026-08-20,-1.742,95900.0,2026-08-21,,,,,,,,,,,,,,,,,,,,,,,,,,,,,,,,,,,,,,,,2026-08-21,0.615,-4.303,4.201,-5.943,,,,,,,
021240,코웨이,2026-08-12,2026-08-12,REJECTED,43,TREND_BROKEN_OR_NOT_UPTREND,상승추세 안의 단기 조정 + 전저점 유지 | 상승 평행채널 유효(커버리지 100%) | 최근 추세 하단(싼 구간) 접촉 | 추세 하단 부근 쌍바닥/Higher-Low 형태 | 이동평균선 밀집,중기 상승 구조 미확인,95800.0,False,5.8,True,1.0,0.8006,True,84458.6207,91541.3793,95300.0,98624.1379,85360.0,-4.45,2.95,True,False,True,4.23,False,True,False,,False,False,,2026-08-01,2026-08-21,95800.0,6,0,1.461,97200.0,2026-08-13,2.505,98200.0,2026-08-14,0.731,96500.0,2026-08-18,-2.401,93500.0,2026-08-19,-2.505,93400.0,2026-08-20,0.104,95900.0,2026-08-21,,,,,,,,,,,,,,,,,,,,,,,,,,,,,,,,,,,,,,,,,,,2026-08-21,2.505,-2.505,3.34,-4.175,,,,,,,
021240,코웨이,2026-08-13,2026-08-13,REJECTED,58,TREND_BROKEN_OR_NOT_UPTREND,상승추세 안의 단기 조정 + 전저점 유지 | 상승 평행채널 유효(커버리지 100%) | 최근 추세 하단(싼 구간) 접촉 | 추세 하단 부근 쌍바닥/Higher-Low 형태 | 쌍바닥 넥라인 돌파 확인 | 이동평균선 밀집 | 이동평균선 재돌파 | 재상승 후 5일선 지지,중기 상승 구조 미확인,97200.0,False,4.42,True,1.0,0.899,True,84465.5172,91548.2759,95300.0,98631.0345,86136.0,-5.81,1.47,True,True,True,4.21,True,True,False,,False,False,,2026-08-01,2026-08-21,97200.0,5,0,1.029,98200.0,2026-08-14,-0.72,96500.0,2026-08-18,-3.807,93500.0,2026-08-19,-3.909,93400.0,2026-08-20,-1.337,95900.0,2026-08-21,,,,,,,,,,,,,,,,,,,,,,,,,,,,,,,,,,,,,,,,,,,,,,2026-08-21,1.029,-3.909,1.852,-5.556,,,,,,,
021240,코웨이,2026-08-14,2026-08-14,REJECTED,58,TREND_BROKEN_OR_NOT_UPTREND,상승추세 안의 단기 조정 + 전저점 유지 | 상승 평행채널 유효(커버리지 100%) | 최근 추세 하단(싼 구간) 접촉 | 추세 하단 부근 쌍바닥/Higher-Low 형태 | 쌍바닥 넥라인 돌파 확인 | 이동평균선 밀집 | 이동평균선 재돌파 | 재상승 후 5일선 지지,중기 상승 구조 미확인,98200.0,False,3.44,True,1.0,0.9691,True,84472.4138,91555.1724,95300.0,98637.931,86136.0,-6.77,0.45,True,True,True,4.56,True,True,False,,False,False,,2026-08-01,2026-08-21,98200.0,4,0,-1.731,96500.0,2026-08-18,-4.786,93500.0,2026-08-19,-4.888,93400.0,2026-08-20,-2.342,95900.0,2026-08-21,,,,,,,,,,,,,,,,,,,,,,,,,,,,,,,,,,,,,,,,,,,,,,,,,2026-08-21,-1.731,-4.888,-0.305,-6.517,,,,,,,
021240,코웨이,2026-08-18,2026-08-18,WATCH,63,LOWER_CHANNEL_WATCH,중기 Higher High + Higher Low | 상승추세 안의 단기 조정 + 전저점 유지 | 상승 평행채널 유효(커버리지 100%) | 최근 추세 하단(싼 구간) 접촉 | 추세 하단 부근 쌍바닥/Higher-Low 형태 | 이동평균선 밀집,,96500.0,True,5.11,True,1.0,0.4908,True,90879.4872,96605.1282,101700.0,102330.7692,88153.1026,0.11,6.04,True,False,True,4.95,False,True,False,,False,False,,2026-08-01,2026-08-21,96500.0,3,0,-3.109,93500.0,2026-08-19,-3.212,93400.0,2026-08-20,-0.622,95900.0,2026-08-21,,,,,,,,,,,,,,,,,,,,,,,,,,,,,,,,,,,,,,,,,,,,,,,,,,,,2026-08-21,-0.622,-3.212,0.207,-4.87,,0.0,0.0,0.0,0.0,TIMEOUT,2026-08-21
021240,코웨이,2026-08-19,2026-08-19,WATCH,68,LOWER_CHANNEL_WATCH,중기 Higher High + Higher Low | 상승추세 안의 단기 조정 + 전저점 유지 | 상승 평행채널 유효(커버리지 100%) | 최근 추세 하단(싼 구간) 접촉 | 현재도 채널 하단권 | 추세 하단 부근 쌍바닥/Higher-Low 형태 | 이동평균선 밀집,,93500.0,True,8.06,True,1.0,0.2105,True,91089.7436,96815.3846,101700.0,102541.0256,88357.0513,3.55,9.67,True,False,True,4.24,False,False,False,,False,False,,2026-08-01,2026-08-21,93500.0,2,0,-0.107,93400.0,2026-08-20,2.567,95900.0,2026-08-21,,,,,,,,,,,,,,,,,,,,,,,,,,,,,,,,,,,,,,,,,,,,,,,,,,,,,,,2026-08-21,2.567,-0.107,3.422,-1.818,,0.0,0.0,0.0,0.0,TIMEOUT,2026-08-21
021240,코웨이,2026-08-20,2026-08-20,WATCH,68,LOWER_CHANNEL_WATCH,중기 Higher High + Higher Low | 상승추세 안의 단기 조정 + 전저점 유지 | 상승 평행채널 유효(커버리지 100%) | 최근 추세 하단(싼 구간) 접촉 | 현재도 채널 하단권 | 추세 하단 부근 쌍바닥/Higher-Low 형태 | 이동평균선 밀집,,93400.0,True,8.16,True,1.0,0.1834,True,91300.0,97025.641,101700.0,102751.2821,88561.0,3.88,10.01,True,False,True,3.74,False,False,False,,False,False,,2026-08-01,2026-08-21,93400.0,1,0,2.677,95900.0,2026-08-21,,,,,,,,,,,,,,,,,,,,,,,,,,,,,,,,,,,,,,,,,,,,,,,,,,,,,,,,,,2026-08-21,2.677,2.677,3.533,-1.713,,0.0,0.0,0.0,0.0,TIMEOUT,2026-08-21
021240,코웨이,2026-08-21,2026-08-21,WATCH,71,LOWER_CHANNEL_WATCH,중기 Higher High + Higher Low | 상승추세 안의 단기 조정 + 전저점 유지 | 상승 평행채널 유효(커버리지 100%) | 최근 추세 하단(싼 구간) 접촉 | 추세 하단 부근 쌍바닥/Higher-Low 형태 | 이동평균선 밀집 | 이동평균선 재돌파,,95900.0,True,5.7,True,1.0,0.3833,True,91510.2564,97235.8974,101700.0,102961.5385,88764.9487,1.39,7.36,True,False,True,3.34,True,False,False,,False,False,,2026-08-01,2026-08-21,95900.0,0,0,,,,,,,,,,,,,,,,,,,,,,,,,,,,,,,,,,,,,,,,,,,,,,,,,,,,,,,,,,,,,,,,,,,,,,,,
090430,아모레퍼시픽,2026-08-03,2026-08-03,REJECTED,50,CONDITIONS_INCOMPLETE,중기 Higher High + Higher Low | 상승추세 안의 단기 조정 + 전저점 유지 | 상승 평행채널 유효(커버리지 100%) | 이동평균선 재돌파 | 재상승 후 5일선 지지,,129800.0,True,3.13,True,1.0,0.8565,False,100250.0,117500.0,130500.0,134750.0,111744.0,-9.48,3.81,False,False,False,8.06,True,True,False,,False,False,,2026-08-01,2026-08-21,129800.0,13,0,1.618,131900.0,2026-08-04,1.156,131300.0,2026-08-05,6.163,137800.0,2026-08-06,9.245,141800.0,2026-08-07,4.622,135800.0,2026-08-10,5.778,137300.0,2026-08-11,4.545,135700.0,2026-08-12,3.621,134500.0,2026-08-13,4.545,135700.0,2026-08-14,1.849,132200.0,2026-08-18,2.542,133100.0,2026-08-19,5.239,136600.0,2026-08-20,6.317,138000.0,2026-08-21,,,,,,,,,,,,,,,,,,,,,,2026-08-21,9.245,1.156,9.399,-1.464,,,,,,,
090430,아모레퍼시픽,2026-08-04,2026-08-04,REJECTED,40,CONDITIONS_INCOMPLETE,중기 Higher High + Higher Low | 상승 평행채널 유효(커버리지 100%) | 이동평균선 재돌파 | 재상승 후 5일선 지지,,131900.0,True,1.57,True,1.0,0.9101,False,100500.0,117750.0,130500.0,135000.0,111744.0,-10.73,2.35,False,False,False,9.89,True,True,False,,False,False,,2026-08-01,2026-08-21,131900.0,12,0,-0.455,131300.0,2026-08-05,4.473,137800.0,2026-08-06,7.506,141800.0,2026-08-07,2.957,135800.0,2026-08-10,4.094,137300.0,2026-08-11,2.881,135700.0,2026-08-12,1.971,134500.0,2026-08-13,2.881,135700.0,2026-08-14,0.227,132200.0,2026-08-18,0.91,133100.0,2026-08-19,3.563,136600.0,2026-08-20,4.625,138000.0,2026-08-21,,,,,,,,,,,,,,,,,,,,,,,,,2026-08-21,7.506,-0.455,7.657,-1.289,,,,,,,
090430,아모레퍼시픽,2026-08-05,2026-08-05,REJECTED,40,CONDITIONS_INCOMPLETE,중기 Higher High + Higher Low | 상승추세 안의 단기 조정 + 전저점 유지 | 상승 평행채널 유효(커버리지 100%),,131300.0,True,3.24,True,1.0,0.8855,False,100750.0,118000.0,130500.0,135250.0,111744.0,-10.13,3.01,False,False,False,11.34,False,True,False,,False,False,,2026-08-01,2026-08-21,131300.0,11,0,4.95,137800.0,2026-08-06,7.997,141800.0,2026-08-07,3.427,135800.0,2026-08-10,4.57,137300.0,2026-08-11,3.351,135700.0,2026-08-12,2.437,134500.0,2026-08-13,3.351,135700.0,2026-08-14,0.685,132200.0,2026-08-18,1.371,133100.0,2026-08-19,4.037,136600.0,2026-08-20,5.103,138000.0,2026-08-21,,,,,,,,,,,,,,,,,,,,,,,,,,,,2026-08-21,7.997,0.685,8.149,-0.838,,,,,,,
090430,아모레퍼시픽,2026-08-06,2026-08-06,REJECTED,40,CONDITIONS_INCOMPLETE,중기 Higher High + Higher Low | 상승 평행채널 유효(커버리지 100%) | 이동평균선 재돌파 | 재상승 후 5일선 지지,,137800.0,True,0.22,True,1.0,1.0667,False,101000.0,118250.0,130500.0,135500.0,111744.0,-14.19,-1.67,False,False,False,11.24,True,True,False,,False,False,,2026-08-01,2026-08-21,137800.0,10,0,2.903,141800.0,2026-08-07,-1.451,135800.0,2026-08-10,-0.363,137300.0,2026-08-11,-1.524,135700.0,2026-08-12,-2.395,134500.0,2026-08-13,-1.524,135700.0,2026-08-14,-4.064,132200.0,2026-08-18,-3.411,133100.0,2026-08-19,-0.871,136600.0,2026-08-20,0.145,138000.0,2026-08-21,,,,,,,,,,,,,,,,,,,,,,,,,,,,,,,2026-08-21,2.903,-4.064,3.048,-5.515,,,,,,,
090430,아모레퍼시픽,2026-08-07,2026-08-07,WATCH,60,LOWER_CHANNEL_WATCH,중기 Higher High + Higher Low | 상승 평행채널 유효(커버리지 100%) | 최근 추세 하단(싼 구간) 접촉 | 추세 하단 부근 쌍바닥/Higher-Low 형태 | 쌍바닥 넥라인 돌파 확인 | 이동평균선 재돌파 | 재상승 후 5일선 지지,,141800.0,True,0.14,True,1.0,0.722,True,120782.3529,135338.2353,130500.0,149894.1176,117158.8824,-4.56,5.71,True,True,False,12.37,True,True,False,,False,False,,2026-08-01,2026-08-21,141800.0,9,0,-4.231,135800.0,2026-08-10,-3.173,137300.0,2026-08-11,-4.302,135700.0,2026-08-12,-5.148,134500.0,2026-08-13,-4.302,135700.0,2026-08-14,-6.77,132200.0,2026-08-18,-6.135,133100.0,2026-08-19,-3.667,136600.0,2026-08-20,-2.68,138000.0,2026-08-21,,,,,,,,,,,,,,,,,,,,,,,,,,,,,,,,,,2026-08-21,-2.68,-6.77,-0.494,-8.181,,,,0.0,0.0,TIMEOUT,2026-08-21
090430,아모레퍼시픽,2026-08-10,2026-08-10,WATCH,68,LOWER_CHANNEL_WATCH,중기 Higher High + Higher Low | 상승추세 안의 단기 조정 + 전저점 유지 | 상승 평행채널 유효(커버리지 100%) | 최근 추세 하단(싼 구간) 접촉 | 추세 하단 부근 쌍바닥/Higher-Low 형태 | 쌍바닥 넥라인 돌파 확인 | 이동평균선 재돌파,,135800.0,True,4.37,True,1.0,0.4841,True,121705.8824,136261.7647,130500.0,150817.6471,118054.7059,0.34,11.06,True,True,False,13.61,True,False,False,,False,False,,2026-08-01,2026-08-21,135800.0,8,0,1.105,137300.0,2026-08-11,-0.074,135700.0,2026-08-12,-0.957,134500.0,2026-08-13,-0.074,135700.0,2026-08-14,-2.651,132200.0,2026-08-18,-1.988,133100.0,2026-08-19,0.589,136600.0,2026-08-20,1.62,138000.0,2026-08-21,,,,,,,,,,,,,,,,,,,,,,,,,,,,,,,,,,,,,2026-08-21,1.62,-2.651,3.903,-4.124,,1.0,,0.0,0.0,TIMEOUT,2026-08-21
090430,아모레퍼시픽,2026-08-11,2026-08-11,WATCH,70,LOWER_CHANNEL_WATCH,중기 Higher High + Higher Low | 상승추세 안의 단기 조정 + 전저점 유지 | 상승 평행채널 유효(커버리지 100%) | 최근 추세 하단(싼 구간) 접촉 | 추세 하단 부근 쌍바닥/Higher-Low 형태 | 쌍바닥 넥라인 돌파 확인 | 이동평균선 재돌파 | 재상승 후 5일선 지지,,137300.0,True,3.31,True,1.0,0.5039,True,122629.4118,137185.2941,130500.0,151741.1765,118950.5294,-0.08,10.52,True,True,False,14.16,True,True,False,,False,False,,2026-08-01,2026-08-21,137300.0,7,0,-1.165,135700.0,2026-08-12,-2.039,134500.0,2026-08-13,-1.165,135700.0,2026-08-14,-3.714,132200.0,2026-08-18,-3.059,133100.0,2026-08-19,-0.51,136600.0,2026-08-20,0.51,138000.0,2026-08-21,,,,,,,,,,,,,,,,,,,,,,,,,,,,,,,,,,,,,,,,2026-08-21,0.51,-3.714,2.768,-5.171,,,,0.0,0.0,TIMEOUT,2026-08-21
090430,아모레퍼시픽,2026-08-12,2026-08-12,WATCH,60,LOWER_CHANNEL_WATCH,중기 Higher High + Higher Low | 상승추세 안의 단기 조정 + 전저점 유지 | 상승 평행채널 유효(커버리지 89%) | 최근 추세 하단(싼 구간) 접촉 | 추세 하단 부근 쌍바닥/Higher-Low 형태 | 쌍바닥 넥라인 돌파 확인,,135700.0,True,4.44,True,0.8909,0.6894,True,119237.2549,131177.451,142000.0,143117.6471,115660.1373,-3.33,5.47,True,True,False,14.81,False,True,False,,False,False,,2026-08-01,2026-08-21,135700.0,6,0,-0.884,134500.0,2026-08-13,0.0,135700.0,2026-08-14,-2.579,132200.0,2026-08-18,-1.916,133100.0,2026-08-19,0.663,136600.0,2026-08-20,1.695,138000.0,2026-08-21,,,,,,,,,,,,,,,,,,,,,,,,,,,,,,,,,,,,,,,,,,,2026-08-21,1.695,-2.579,2.063,-4.053,,,0.0,0.0,0.0,TIMEOUT,2026-08-21
090430,아모레퍼시픽,2026-08-13,2026-08-13,WATCH,60,LOWER_CHANNEL_WATCH,중기 Higher High + Higher Low | 상승추세 안의 단기 조정 + 전저점 유지 | 상승 평행채널 유효(커버리지 89%) | 최근 추세 하단(싼 구간) 접촉 | 추세 하단 부근 쌍바닥/Higher-Low 형태 | 쌍바닥 넥라인 돌파 확인,,134500.0,True,5.28,True,0.8929,0.6235,True,119609.8039,131550.0,142000.0,143490.1961,116021.5098,-2.19,6.68,True,True,False,14.28,False,False,False,,False,False,,2026-08-01,2026-08-21,134500.0,5,0,0.892,135700.0,2026-08-14,-1.71,132200.0,2026-08-18,-1.041,133100.0,2026-08-19,1.561,136600.0,2026-08-20,2.602,138000.0,2026-08-21,,,,,,,,,,,,,,,,,,,,,,,,,,,,,,,,,,,,,,,,,,,,,,2026-08-21,2.602,-1.71,2.974,-3.197,,,0.0,0.0,0.0,TIMEOUT,2026-08-21
090430,아모레퍼시픽,2026-08-14,2026-08-14,WATCH,60,LOWER_CHANNEL_WATCH,중기 Higher High + Higher Low | 상승추세 안의 단기 조정 + 전저점 유지 | 상승 평행채널 유효(커버리지 89%) | 최근 추세 하단(싼 구간) 접촉 | 추세 하단 부근 쌍바닥/Higher-Low 형태 | 쌍바닥 넥라인 돌파 확인,,135700.0,True,4.44,True,0.8947,0.6582,True,119982.3529,131922.549,142000.0,143862.7451,116382.8824,-2.78,6.02,True,True,False,13.06,False,False,False,,False,False,,2026-08-01,2026-08-21,135700.0,4,0,-2.579,132200.0,2026-08-18,-1.916,133100.0,2026-08-19,0.663,136600.0,2026-08-20,1.695,138000.0,2026-08-21,,,,,,,,,,,,,,,,,,,,,,,,,,,,,,,,,,,,,,,,,,,,,,,,,2026-08-21,1.695,-2.579,2.063,-4.053,,,0.0,0.0,0.0,TIMEOUT,2026-08-21
090430,아모레퍼시픽,2026-08-18,2026-08-18,WATCH,60,LOWER_CHANNEL_WATCH,중기 Higher High + Higher Low | 상승추세 안의 단기 조정 + 전저점 유지 | 상승 평행채널 유효(커버리지 90%) | 최근 추세 하단(싼 구간) 접촉 | 추세 하단 부근 쌍바닥/Higher-Low 형태 | 쌍바닥 넥라인 돌파 확인,,132200.0,True,6.9,True,0.8966,0.496,True,120354.902,132295.098,142000.0,144235.2941,116744.2549,0.07,9.1,True,True,False,12.66,False,False,False,,False,False,,2026-08-01,2026-08-21,132200.0,3,0,0.681,133100.0,2026-08-19,3.328,136600.0,2026-08-20,4.387,138000.0,2026-08-21,,,,,,,,,,,,,,,,,,,,,,,,,,,,,,,,,,,,,,,,,,,,,,,,,,,,2026-08-21,4.387,0.681,4.766,-1.286,,1.0,0.0,0.0,0.0,TIMEOUT,2026-08-21
090430,아모레퍼시픽,2026-08-19,2026-08-19,WATCH,60,LOWER_CHANNEL_WATCH,중기 Higher High + Higher Low | 상승추세 안의 단기 조정 + 전저점 유지 | 상승 평행채널 유효(커버리지 90%) | 최근 추세 하단(싼 구간) 접촉 | 추세 하단 부근 쌍바닥/Higher-Low 형태 | 쌍바닥 넥라인 돌파 확인,,133100.0,True,6.27,True,0.8983,0.5181,True,120727.451,132667.6471,142000.0,144607.8431,117105.6275,-0.32,8.65,True,True,False,11.74,False,False,False,,False,False,,2026-08-01,2026-08-21,133100.0,2,0,2.63,136600.0,2026-08-20,3.681,138000.0,2026-08-21,,,,,,,,,,,,,,,,,,,,,,,,,,,,,,,,,,,,,,,,,,,,,,,,,,,,,,,2026-08-21,3.681,2.63,4.057,-0.526,,,0.0,0.0,0.0,TIMEOUT,2026-08-21
090430,아모레퍼시픽,2026-08-20,2026-08-20,WATCH,70,LOWER_CHANNEL_WATCH,중기 Higher High + Higher Low | 상승추세 안의 단기 조정 + 전저점 유지 | 상승 평행채널 유효(커버리지 90%) | 최근 추세 하단(싼 구간) 접촉 | 추세 하단 부근 쌍바닥/Higher-Low 형태 | 쌍바닥 넥라인 돌파 확인 | 이동평균선 재돌파 | 재상승 후 5일선 지지,,136600.0,True,3.8,True,0.9,0.6491,True,121100.0,133040.1961,142000.0,144980.3922,117467.0,-2.61,6.13,True,True,False,11.37,True,True,False,,False,False,,2026-08-01,2026-08-21,136600.0,1,0,1.025,138000.0,2026-08-21,,,,,,,,,,,,,,,,,,,,,,,,,,,,,,,,,,,,,,,,,,,,,,,,,,,,,,,,,,2026-08-21,1.025,1.025,1.391,-1.025,,,0.0,0.0,0.0,TIMEOUT,2026-08-21
090430,아모레퍼시픽,2026-08-21,2026-08-21,WATCH,60,LOWER_CHANNEL_WATCH,중기 Higher High + Higher Low | 상승 평행채널 유효(커버리지 90%) | 최근 추세 하단(싼 구간) 접촉 | 추세 하단 부근 쌍바닥/Higher-Low 형태 | 쌍바닥 넥라인 돌파 확인 | 이동평균선 재돌파 | 재상승 후 5일선 지지,,138000.0,True,2.82,True,0.9016,0.6921,True,121472.549,133412.7451,142000.0,145352.9412,126294.0,-3.32,5.33,True,True,False,11.53,True,True,False,,False,False,,2026-08-01,2026-08-21,138000.0,0,0,,,,,,,,,,,,,,,,,,,,,,,,,,,,,,,,,,,,,,,,,,,,,,,,,,,,,,,,,,,,,,,,,,,,,,,,
000100,유한양행,2026-08-03,2026-08-03,REJECTED,0,NO_RISING_CHANNEL,,영상 방식의 상승 평행채널을 안정적으로 구성하지 못함,,,,,,,,,,,,,,,,,,,,,,,,,,2026-08-01,2026-08-21,73600.0,13,0,1.63,74800.0,2026-08-04,2.038,75100.0,2026-08-05,5.707,77800.0,2026-08-06,9.511,80600.0,2026-08-07,11.413,82000.0,2026-08-10,16.304,85600.0,2026-08-11,12.908,83100.0,2026-08-12,12.092,82500.0,2026-08-13,13.723,83700.0,2026-08-14,8.152,79600.0,2026-08-18,8.152,79600.0,2026-08-19,13.315,83400.0,2026-08-20,11.821,82300.0,2026-08-21,,,,,,,,,,,,,,,,,,,,,,2026-08-21,16.304,1.63,18.886,-1.087,,,,,,,
000100,유한양행,2026-08-04,2026-08-04,REJECTED,0,NO_RISING_CHANNEL,,영상 방식의 상승 평행채널을 안정적으로 구성하지 못함,,,,,,,,,,,,,,,,,,,,,,,,,,2026-08-01,2026-08-21,74800.0,12,0,0.401,75100.0,2026-08-05,4.011,77800.0,2026-08-06,7.754,80600.0,2026-08-07,9.626,82000.0,2026-08-10,14.439,85600.0,2026-08-11,11.096,83100.0,2026-08-12,10.294,82500.0,2026-08-13,11.898,83700.0,2026-08-14,6.417,79600.0,2026-08-18,6.417,79600.0,2026-08-19,11.497,83400.0,2026-08-20,10.027,82300.0,2026-08-21,,,,,,,,,,,,,,,,,,,,,,,,,2026-08-21,14.439,0.401,16.979,0.134,,,,,,,
000100,유한양행,2026-08-05,2026-08-05,REJECTED,0,NO_RISING_CHANNEL,,영상 방식의 상승 평행채널을 안정적으로 구성하지 못함,,,,,,,,,,,,,,,,,,,,,,,,,,2026-08-01,2026-08-21,75100.0,11,0,3.595,77800.0,2026-08-06,7.324,80600.0,2026-08-07,9.188,82000.0,2026-08-10,13.981,85600.0,2026-08-11,10.652,83100.0,2026-08-12,9.854,82500.0,2026-08-13,11.451,83700.0,2026-08-14,5.992,79600.0,2026-08-18,5.992,79600.0,2026-08-19,11.052,83400.0,2026-08-20,9.587,82300.0,2026-08-21,,,,,,,,,,,,,,,,,,,,,,,,,,,,2026-08-21,13.981,3.595,16.511,-0.133,,,,,,,
000100,유한양행,2026-08-06,2026-08-06,REJECTED,0,NO_RISING_CHANNEL,,영상 방식의 상승 평행채널을 안정적으로 구성하지 못함,,,,,,,,,,,,,,,,,,,,,,,,,,2026-08-01,2026-08-21,77800.0,10,0,3.599,80600.0,2026-08-07,5.398,82000.0,2026-08-10,10.026,85600.0,2026-08-11,6.812,83100.0,2026-08-12,6.041,82500.0,2026-08-13,7.584,83700.0,2026-08-14,2.314,79600.0,2026-08-18,2.314,79600.0,2026-08-19,7.198,83400.0,2026-08-20,5.784,82300.0,2026-08-21,,,,,,,,,,,,,,,,,,,,,,,,,,,,,,,2026-08-21,10.026,2.314,12.468,-1.285,,,,,,,
000100,유한양행,2026-08-07,2026-08-07,REJECTED,0,NO_RISING_CHANNEL,,영상 방식의 상승 평행채널을 안정적으로 구성하지 못함,,,,,,,,,,,,,,,,,,,,,,,,,,2026-08-01,2026-08-21,80600.0,9,0,1.737,82000.0,2026-08-10,6.203,85600.0,2026-08-11,3.102,83100.0,2026-08-12,2.357,82500.0,2026-08-13,3.846,83700.0,2026-08-14,-1.241,79600.0,2026-08-18,-1.241,79600.0,2026-08-19,3.474,83400.0,2026-08-20,2.109,82300.0,2026-08-21,,,,,,,,,,,,,,,,,,,,,,,,,,,,,,,,,,2026-08-21,6.203,-1.241,8.561,-3.846,,,,,,,
000100,유한양행,2026-08-10,2026-08-10,REJECTED,0,NO_RISING_CHANNEL,,영상 방식의 상승 평행채널을 안정적으로 구성하지 못함,,,,,,,,,,,,,,,,,,,,,,,,,,2026-08-01,2026-08-21,82000.0,8,0,4.39,85600.0,2026-08-11,1.341,83100.0,2026-08-12,0.61,82500.0,2026-08-13,2.073,83700.0,2026-08-14,-2.927,79600.0,2026-08-18,-2.927,79600.0,2026-08-19,1.707,83400.0,2026-08-20,0.366,82300.0,2026-08-21,,,,,,,,,,,,,,,,,,,,,,,,,,,,,,,,,,,,,2026-08-21,4.39,-2.927,6.707,-5.488,,,,,,,
000100,유한양행,2026-08-11,2026-08-11,REJECTED,0,NO_RISING_CHANNEL,,영상 방식의 상승 평행채널을 안정적으로 구성하지 못함,,,,,,,,,,,,,,,,,,,,,,,,,,2026-08-01,2026-08-21,85600.0,7,0,-2.921,83100.0,2026-08-12,-3.621,82500.0,2026-08-13,-2.22,83700.0,2026-08-14,-7.009,79600.0,2026-08-18,-7.009,79600.0,2026-08-19,-2.57,83400.0,2026-08-20,-3.855,82300.0,2026-08-21,,,,,,,,,,,,,,,,,,,,,,,,,,,,,,,,,,,,,,,,2026-08-21,-2.22,-7.009,0.234,-9.463,,,,,,,
000100,유한양행,2026-08-12,2026-08-12,REJECTED,0,NO_RISING_CHANNEL,,영상 방식의 상승 평행채널을 안정적으로 구성하지 못함,,,,,,,,,,,,,,,,,,,,,,,,,,2026-08-01,2026-08-21,83100.0,6,0,-0.722,82500.0,2026-08-13,0.722,83700.0,2026-08-14,-4.212,79600.0,2026-08-18,-4.212,79600.0,2026-08-19,0.361,83400.0,2026-08-20,-0.963,82300.0,2026-08-21,,,,,,,,,,,,,,,,,,,,,,,,,,,,,,,,,,,,,,,,,,,2026-08-21,0.722,-4.212,2.286,-6.739,,,,,,,
000100,유한양행,2026-08-13,2026-08-13,REJECTED,0,NO_RISING_CHANNEL,,영상 방식의 상승 평행채널을 안정적으로 구성하지 못함,,,,,,,,,,,,,,,,,,,,,,,,,,2026-08-01,2026-08-21,82500.0,5,0,1.455,83700.0,2026-08-14,-3.515,79600.0,2026-08-18,-3.515,79600.0,2026-08-19,1.091,83400.0,2026-08-20,-0.242,82300.0,2026-08-21,,,,,,,,,,,,,,,,,,,,,,,,,,,,,,,,,,,,,,,,,,,,,,2026-08-21,1.455,-3.515,3.03,-6.061,,,,,,,
000100,유한양행,2026-08-14,2026-08-14,WATCH,70,LOWER_CHANNEL_WATCH,중기 Higher High + Higher Low | 상승추세 안의 단기 조정 + 전저점 유지 | 상승 평행채널 유효(커버리지 100%) | 최근 추세 하단(싼 구간) 접촉 | 추세 하단 부근 쌍바닥/Higher-Low 형태 | 쌍바닥 넥라인 돌파 확인 | 이동평균선 재돌파 | 재상승 후 5일선 지지,,83700.0,True,4.34,True,1.0,0.7525,True,70636.8421,79317.1053,87500.0,87997.3684,68517.7368,-5.24,5.13,True,True,False,9.43,True,True,False,,False,False,,2026-08-01,2026-08-21,83700.0,4,0,-4.898,79600.0,2026-08-18,-4.898,79600.0,2026-08-19,-0.358,83400.0,2026-08-20,-1.673,82300.0,2026-08-21,,,,,,,,,,,,,,,,,,,,,,,,,,,,,,,,,,,,,,,,,,,,,,,,,2026-08-21,-0.358,-4.898,0.717,-7.407,,,0.0,0.0,0.0,TIMEOUT,2026-08-21
000100,유한양행,2026-08-18,2026-08-18,WATCH,60,LOWER_CHANNEL_WATCH,중기 Higher High + Higher Low | 상승추세 안의 단기 조정 + 전저점 유지 | 상승 평행채널 유효(커버리지 100%) | 최근 추세 하단(싼 구간) 접촉 | 추세 하단 부근 쌍바닥/Higher-Low 형태 | 쌍바닥 넥라인 돌파 확인,,79600.0,True,9.03,True,1.0,0.5067,True,70802.6316,79482.8947,87500.0,88163.1579,68678.5526,-0.15,10.76,True,True,False,9.36,False,False,False,,False,False,,2026-08-01,2026-08-21,79600.0,3,0,0.0,79600.0,2026-08-19,4.774,83400.0,2026-08-20,3.392,82300.0,2026-08-21,,,,,,,,,,,,,,,,,,,,,,,,,,,,,,,,,,,,,,,,,,,,,,,,,,,,2026-08-21,4.774,0.0,5.905,-2.638,,,0.0,0.0,0.0,TIMEOUT,2026-08-21
000100,유한양행,2026-08-19,2026-08-19,WATCH,60,LOWER_CHANNEL_WATCH,중기 Higher High + Higher Low | 상승추세 안의 단기 조정 + 전저점 유지 | 상승 평행채널 유효(커버리지 100%) | 최근 추세 하단(싼 구간) 접촉 | 추세 하단 부근 쌍바닥/Higher-Low 형태 | 쌍바닥 넥라인 돌파 확인,,79600.0,True,9.03,True,1.0,0.4972,True,70968.4211,79648.6842,87500.0,88328.9474,68839.3684,0.06,10.97,True,True,False,7.94,False,False,False,,False,False,,2026-08-01,2026-08-21,79600.0,2,0,4.774,83400.0,2026-08-20,3.392,82300.0,2026-08-21,,,,,,,,,,,,,,,,,,,,,,,,,,,,,,,,,,,,,,,,,,,,,,,,,,,,,,,2026-08-21,4.774,3.392,5.905,1.382,,1.0,0.0,0.0,0.0,TIMEOUT,2026-08-21
000100,유한양행,2026-08-20,2026-08-20,WATCH,70,LOWER_CHANNEL_WATCH,중기 Higher High + Higher Low | 상승추세 안의 단기 조정 + 전저점 유지 | 상승 평행채널 유효(커버리지 100%) | 최근 추세 하단(싼 구간) 접촉 | 추세 하단 부근 쌍바닥/Higher-Low 형태 | 쌍바닥 넥라인 돌파 확인 | 이동평균선 재돌파 | 재상승 후 5일선 지지,,83400.0,True,4.69,True,1.0,0.7065,True,71134.2105,79814.4737,87500.0,88494.7368,69000.1842,-4.3,6.11,True,True,False,7.75,True,True,False,,False,False,,2026-08-01,2026-08-21,83400.0,1,0,-1.319,82300.0,2026-08-21,,,,,,,,,,,,,,,,,,,,,,,,,,,,,,,,,,,,,,,,,,,,,,,,,,,,,,,,,,2026-08-21,-1.319,-1.319,0.6,-3.237,,,0.0,0.0,0.0,TIMEOUT,2026-08-21
000100,유한양행,2026-08-21,2026-08-21,WATCH,70,LOWER_CHANNEL_WATCH,중기 Higher High + Higher Low | 상승추세 안의 단기 조정 + 전저점 유지 | 상승 평행채널 유효(커버리지 100%) | 최근 추세 하단(싼 구간) 접촉 | 추세 하단 부근 쌍바닥/Higher-Low 형태 | 쌍바닥 넥라인 돌파 확인 | 이동평균선 재돌파 | 재상승 후 5일선 지지,,82300.0,True,5.94,True,1.0,0.6336,True,71300.0,79980.2632,87500.0,88660.5263,69161.0,-2.82,7.73,True,True,False,7.88,True,True,False,,False,False,,2026-08-01,2026-08-21,82300.0,0,0,,,,,,,,,,,,,,,,,,,,,,,,,,,,,,,,,,,,,,,,,,,,,,,,,,,,,,,,,,,,,,,,,,,,,,,,
036570,NC,2026-08-03,2026-08-03,REJECTED,30,TREND_BROKEN_OR_NOT_UPTREND,상승추세 안의 단기 조정 + 전저점 유지 | 상승 평행채널 유효(커버리지 100%) | 최근 추세 하단(싼 구간) 접촉,중기 상승 구조 미확인,232000.0,False,11.62,True,1.0,0.3863,True,204038.4615,240230.7692,274000.0,276423.0769,210005.0,3.55,19.15,False,False,False,11.22,False,True,False,,False,False,,2026-08-01,2026-08-21,232000.0,13,0,3.664,240500.0,2026-08-04,1.293,235000.0,2026-08-05,3.233,239500.0,2026-08-06,7.112,248500.0,2026-08-07,4.957,243500.0,2026-08-10,10.129,255500.0,2026-08-11,6.25,246500.0,2026-08-12,4.957,243500.0,2026-08-13,6.681,247500.0,2026-08-14,-0.862,230000.0,2026-08-18,-5.388,219500.0,2026-08-19,-4.957,220500.0,2026-08-20,-3.233,224500.0,2026-08-21,,,,,,,,,,,,,,,,,,,,,,2026-08-21,10.129,-5.388,15.517,-7.328,,,,,,,
036570,NC,2026-08-04,2026-08-04,REJECTED,30,TREND_BROKEN_OR_NOT_UPTREND,상승추세 안의 단기 조정 + 전저점 유지 | 상승 평행채널 유효(커버리지 100%) | 최근 추세 하단(싼 구간) 접촉,중기 상승 구조 미확인,240500.0,False,7.85,True,1.0,0.5021,True,204153.8462,240346.1538,274000.0,276538.4615,210005.0,-0.06,14.98,False,False,False,9.45,False,True,False,,False,False,,2026-08-01,2026-08-21,240500.0,12,0,-2.287,235000.0,2026-08-05,-0.416,239500.0,2026-08-06,3.326,248500.0,2026-08-07,1.247,243500.0,2026-08-10,6.237,255500.0,2026-08-11,2.495,246500.0,2026-08-12,1.247,243500.0,2026-08-13,2.911,247500.0,2026-08-14,-4.366,230000.0,2026-08-18,-8.732,219500.0,2026-08-19,-8.316,220500.0,2026-08-20,-6.653,224500.0,2026-08-21,,,,,,,,,,,,,,,,,,,,,,,,,2026-08-21,6.237,-8.732,11.435,-10.603,,,,,,,
036570,NC,2026-08-05,2026-08-05,REJECTED,30,TREND_BROKEN_OR_NOT_UPTREND,상승추세 안의 단기 조정 + 전저점 유지 | 상승 평행채널 유효(커버리지 100%) | 최근 추세 하단(싼 구간) 접촉,중기 상승 구조 미확인,235000.0,False,9.96,True,1.0,0.4245,True,204269.2308,240461.5385,274000.0,276653.8462,210005.0,2.32,17.73,False,False,False,9.82,False,True,False,,False,False,,2026-08-01,2026-08-21,235000.0,11,0,1.915,239500.0,2026-08-06,5.745,248500.0,2026-08-07,3.617,243500.0,2026-08-10,8.723,255500.0,2026-08-11,4.894,246500.0,2026-08-12,3.617,243500.0,2026-08-13,5.319,247500.0,2026-08-14,-2.128,230000.0,2026-08-18,-6.596,219500.0,2026-08-19,-6.17,220500.0,2026-08-20,-4.468,224500.0,2026-08-21,,,,,,,,,,,,,,,,,,,,,,,,,,,,2026-08-21,8.723,-6.596,14.043,-8.511,,,,,,,
036570,NC,2026-08-06,2026-08-06,REJECTED,30,TREND_BROKEN_OR_NOT_UPTREND,상승추세 안의 단기 조정 + 전저점 유지 | 상승 평행채널 유효(커버리지 100%) | 최근 추세 하단(싼 구간) 접촉,중기 상승 구조 미확인,239500.0,False,8.06,True,1.0,0.4851,True,204384.6154,240576.9231,274000.0,276769.2308,210005.0,0.45,15.56,False,False,False,9.95,False,True,False,,False,False,,2026-08-01,2026-08-21,239500.0,10,0,3.758,248500.0,2026-08-07,1.67,243500.0,2026-08-10,6.681,255500.0,2026-08-11,2.923,246500.0,2026-08-12,1.67,243500.0,2026-08-13,3.34,247500.0,2026-08-14,-3.967,230000.0,2026-08-18,-8.351,219500.0,2026-08-19,-7.933,220500.0,2026-08-20,-6.263,224500.0,2026-08-21,,,,,,,,,,,,,,,,,,,,,,,,,,,,,,,2026-08-21,6.681,-8.351,11.9,-10.23,,,,,,,
036570,NC,2026-08-07,2026-08-07,REJECTED,20,TREND_BROKEN_OR_NOT_UPTREND,상승 평행채널 유효(커버리지 100%) | 최근 추세 하단(싼 구간) 접촉,중기 상승 구조 미확인,248500.0,False,2.93,True,1.0,0.6079,True,204500.0,240692.3077,274000.0,276884.6154,210005.0,-3.14,11.42,False,False,False,9.6,False,True,False,,False,False,,2026-08-01,2026-08-21,248500.0,9,0,-2.012,243500.0,2026-08-10,2.817,255500.0,2026-08-11,-0.805,246500.0,2026-08-12,-2.012,243500.0,2026-08-13,-0.402,247500.0,2026-08-14,-7.445,230000.0,2026-08-18,-11.67,219500.0,2026-08-19,-11.268,220500.0,2026-08-20,-9.658,224500.0,2026-08-21,,,,,,,,,,,,,,,,,,,,,,,,,,,,,,,,,,2026-08-21,2.817,-11.67,7.847,-13.481,,,,,,,
036570,NC,2026-08-10,2026-08-10,REJECTED,20,TREND_BROKEN_OR_NOT_UPTREND,상승 평행채널 유효(커버리지 100%) | 최근 추세 하단(싼 구간) 접촉,중기 상승 구조 미확인,243500.0,False,2.99,True,1.0,0.5372,True,204615.3846,240807.6923,274000.0,277000.0,210005.0,-1.11,13.76,False,False,False,9.77,False,True,False,,False,False,,2026-08-01,2026-08-21,243500.0,8,0,4.928,255500.0,2026-08-11,1.232,246500.0,2026-08-12,0.0,243500.0,2026-08-13,1.643,247500.0,2026-08-14,-5.544,230000.0,2026-08-18,-9.856,219500.0,2026-08-19,-9.446,220500.0,2026-08-20,-7.803,224500.0,2026-08-21,,,,,,,,,,,,,,,,,,,,,,,,,,,,,,,,,,,,,2026-08-21,4.928,-9.856,10.062,-11.704,,,,,,,
036570,NC,2026-08-11,2026-08-11,REJECTED,40,TREND_BROKEN_OR_NOT_UPTREND,상승추세 안의 단기 조정 + 전저점 유지 | 상승 평행채널 유효(커버리지 100%) | 최근 추세 하단(싼 구간) 접촉 | 이동평균선 재돌파 | 재상승 후 5일선 지지,중기 상승 구조 미확인,255500.0,False,4.66,True,1.0,0.7014,True,204730.7692,240923.0769,274000.0,277115.3846,210005.0,-5.71,8.46,False,False,False,8.86,True,True,False,,False,False,,2026-08-01,2026-08-21,255500.0,7,0,-3.523,246500.0,2026-08-12,-4.697,243500.0,2026-08-13,-3.131,247500.0,2026-08-14,-9.98,230000.0,2026-08-18,-14.09,219500.0,2026-08-19,-13.699,220500.0,2026-08-20,-12.133,224500.0,2026-08-21,,,,,,,,,,,,,,,,,,,,,,,,,,,,,,,,,,,,,,,,2026-08-21,-3.131,-14.09,3.718,-15.851,,,,,,,
036570,NC,2026-08-12,2026-08-12,REJECTED,30,TREND_BROKEN_OR_NOT_UPTREND,상승추세 안의 단기 조정 + 전저점 유지 | 상승 평행채널 유효(커버리지 100%) | 최근 추세 하단(싼 구간) 접촉,중기 상승 구조 미확인,246500.0,False,8.02,True,1.0,0.5755,True,204846.1538,241038.4615,274000.0,277230.7692,210005.0,-2.22,12.47,False,False,False,8.63,False,True,False,,False,False,,2026-08-01,2026-08-21,246500.0,6,0,-1.217,243500.0,2026-08-13,0.406,247500.0,2026-08-14,-6.694,230000.0,2026-08-18,-10.953,219500.0,2026-08-19,-10.548,220500.0,2026-08-20,-8.925,224500.0,2026-08-21,,,,,,,,,,,,,,,,,,,,,,,,,,,,,,,,,,,,,,,,,,,2026-08-21,0.406,-10.953,1.623,-12.779,,,,,,,
036570,NC,2026-08-13,2026-08-13,REJECTED,30,TREND_BROKEN_OR_NOT_UPTREND,상승추세 안의 단기 조정 + 전저점 유지 | 상승 평행채널 유효(커버리지 100%) | 최근 추세 하단(싼 구간) 접촉,중기 상승 구조 미확인,243500.0,False,9.14,True,1.0,0.5324,True,204961.5385,241153.8462,274000.0,277346.1538,210005.0,-0.96,13.9,False,False,False,8.29,False,False,False,,False,False,,2026-08-01,2026-08-21,243500.0,5,0,1.643,247500.0,2026-08-14,-5.544,230000.0,2026-08-18,-9.856,219500.0,2026-08-19,-9.446,220500.0,2026-08-20,-7.803,224500.0,2026-08-21,,,,,,,,,,,,,,,,,,,,,,,,,,,,,,,,,,,,,,,,,,,,,,2026-08-21,1.643,-9.856,1.848,-11.704,,,,,,,
036570,NC,2026-08-14,2026-08-14,REJECTED,30,TREND_BROKEN_OR_NOT_UPTREND,상승추세 안의 단기 조정 + 전저점 유지 | 상승 평행채널 유효(커버리지 100%) | 최근 추세 하단(싼 구간) 접촉,중기 상승 구조 미확인,247500.0,False,7.65,True,1.0,0.5861,True,205076.9231,241269.2308,268000.0,277461.5385,210005.0,-2.52,12.11,False,False,False,7.54,False,False,False,,False,False,,2026-08-01,2026-08-21,247500.0,4,0,-7.071,230000.0,2026-08-18,-11.313,219500.0,2026-08-19,-10.909,220500.0,2026-08-20,-9.293,224500.0,2026-08-21,,,,,,,,,,,,,,,,,,,,,,,,,,,,,,,,,,,,,,,,,,,,,,,,,2026-08-21,-7.071,-11.313,-1.414,-13.131,,,,,,,
036570,NC,2026-08-18,2026-08-18,REJECTED,35,TREND_BROKEN_OR_NOT_UPTREND,상승추세 안의 단기 조정 + 전저점 유지 | 상승 평행채널 유효(커버리지 100%) | 최근 추세 하단(싼 구간) 접촉 | 현재도 채널 하단권,중기 상승 구조 미확인,230000.0,False,14.18,True,1.0,0.3427,True,205192.3077,241384.6154,268000.0,277576.9231,210005.0,4.95,20.69,False,False,False,7.47,False,False,False,,False,False,,2026-08-01,2026-08-21,230000.0,3,0,-4.565,219500.0,2026-08-19,-4.13,220500.0,2026-08-20,-2.391,224500.0,2026-08-21,,,,,,,,,,,,,,,,,,,,,,,,,,,,,,,,,,,,,,,,,,,,,,,,,,,,2026-08-21,-2.391,-4.565,-1.739,-6.522,,,,,,,
036570,NC,2026-08-19,2026-08-19,REJECTED,35,TREND_BROKEN_OR_NOT_UPTREND,상승추세 안의 단기 조정 + 전저점 유지 | 상승 평행채널 유효(커버리지 100%) | 최근 추세 하단(싼 구간) 접촉 | 현재도 채널 하단권,중기 상승 구조 미확인,219500.0,False,18.1,True,1.0,0.1961,True,205307.6923,241500.0,268000.0,277692.3077,210005.0,10.02,26.51,False,False,False,7.36,False,False,False,,False,False,,2026-08-01,2026-08-21,219500.0,2,0,0.456,220500.0,2026-08-20,2.278,224500.0,2026-08-21,,,,,,,,,,,,,,,,,,,,,,,,,,,,,,,,,,,,,,,,,,,,,,,,,,,,,,,2026-08-21,2.278,0.456,2.961,-0.911,,,,,,,
036570,NC,2026-08-20,2026-08-20,REJECTED,35,TREND_BROKEN_OR_NOT_UPTREND,상승추세 안의 단기 조정 + 전저점 유지 | 상승 평행채널 유효(커버리지 100%) | 최근 추세 하단(싼 구간) 접촉 | 현재도 채널 하단권,중기 상승 구조 미확인,220500.0,False,17.72,True,1.0,0.2083,True,205423.0769,241615.3846,268000.0,277807.6923,210005.0,9.58,25.99,False,False,False,8.08,False,False,False,,False,False,,2026-08-01,2026-08-21,220500.0,1,0,1.814,224500.0,2026-08-21,,,,,,,,,,,,,,,,,,,,,,,,,,,,,,,,,,,,,,,,,,,,,,,,,,,,,,,,,,2026-08-21,1.814,1.814,2.494,-1.361,,,,,,,
036570,NC,2026-08-21,2026-08-21,REJECTED,35,TREND_BROKEN_OR_NOT_UPTREND,상승추세 안의 단기 조정 + 전저점 유지 | 상승 평행채널 유효(커버리지 100%) | 최근 추세 하단(싼 구간) 접촉 | 현재도 채널 하단권,중기 상승 구조 미확인,224500.0,False,16.23,True,1.0,0.262,True,205538.4615,241730.7692,268000.0,277923.0769,210005.0,7.68,23.8,False,False,False,9.28,False,False,False,,False,False,,2026-08-01,2026-08-21,224500.0,0,0,,,,,,,,,,,,,,,,,,,,,,,,,,,,,,,,,,,,,,,,,,,,,,,,,,,,,,,,,,,,,,,,,,,,,,,,
377300,카카오페이,2026-08-03,2026-08-03,WATCH,65,LOWER_CHANNEL_WATCH,중기 Higher High + Higher Low | 상승추세 안의 단기 조정 + 전저점 유지 | 상승 평행채널 유효(커버리지 100%) | 최근 추세 하단(싼 구간) 접촉 | 현재도 채널 하단권 | 추세 하단 부근 쌍바닥/Higher-Low 형태 | 쌍바닥 넥라인 돌파 확인,,42950.0,True,7.03,True,1.0,0.3456,True,40420.0,44080.0,46200.0,47740.0,39207.4,2.63,11.15,True,True,False,9.01,False,True,False,,False,False,,2026-08-01,2026-08-21,42950.0,13,0,1.979,43800.0,2026-08-04,-3.26,41550.0,2026-08-05,-2.678,41800.0,2026-08-06,-2.212,42000.0,2026-08-07,2.91,44200.0,2026-08-10,4.54,44900.0,2026-08-11,2.328,43950.0,2026-08-12,4.075,44700.0,2026-08-13,5.122,45150.0,2026-08-14,-0.233,42850.0,2026-08-18,-3.958,41250.0,2026-08-19,4.657,44950.0,2026-08-20,-1.048,42500.0,2026-08-21,,,,,,,,,,,,,,,,,,,,,,2026-08-21,5.122,-3.958,9.08,-5.471,,1.0,1.0,0.0,1.0,STOP,2026-08-19
377300,카카오페이,2026-08-04,2026-08-04,WATCH,60,LOWER_CHANNEL_WATCH,중기 Higher High + Higher Low | 상승추세 안의 단기 조정 + 전저점 유지 | 상승 평행채널 유효(커버리지 100%) | 최근 추세 하단(싼 구간) 접촉 | 추세 하단 부근 쌍바닥/Higher-Low 형태 | 쌍바닥 넥라인 돌파 확인,,43800.0,True,5.19,True,1.0,0.4317,True,40640.0,44300.0,46200.0,47960.0,39420.8,1.14,9.5,True,True,False,7.83,False,True,False,,False,False,,2026-08-01,2026-08-21,43800.0,12,0,-5.137,41550.0,2026-08-05,-4.566,41800.0,2026-08-06,-4.11,42000.0,2026-08-07,0.913,44200.0,2026-08-10,2.511,44900.0,2026-08-11,0.342,43950.0,2026-08-12,2.055,44700.0,2026-08-13,3.082,45150.0,2026-08-14,-2.169,42850.0,2026-08-18,-5.822,41250.0,2026-08-19,2.626,44950.0,2026-08-20,-2.968,42500.0,2026-08-21,,,,,,,,,,,,,,,,,,,,,,,,,2026-08-21,3.082,-5.822,6.963,-7.306,,1.0,1.0,0.0,1.0,STOP,2026-08-19
377300,카카오페이,2026-08-05,2026-08-05,WATCH,60,LOWER_CHANNEL_WATCH,중기 Higher High + Higher Low | 상승추세 안의 단기 조정 + 전저점 유지 | 상승 평행채널 유효(커버리지 100%) | 최근 추세 하단(싼 구간) 접촉 | 현재도 채널 하단권 | 추세 하단 부근 쌍바닥/Higher-Low 형태,,41550.0,True,11.12,True,1.0,0.0943,True,40860.0,44520.0,46200.0,48180.0,39634.2,7.15,15.96,True,False,False,7.39,False,True,False,,False,False,,2026-08-01,2026-08-21,41550.0,11,0,0.602,41800.0,2026-08-06,1.083,42000.0,2026-08-07,6.378,44200.0,2026-08-10,8.063,44900.0,2026-08-11,5.776,43950.0,2026-08-12,7.581,44700.0,2026-08-13,8.664,45150.0,2026-08-14,3.129,42850.0,2026-08-18,-0.722,41250.0,2026-08-19,8.183,44950.0,2026-08-20,2.286,42500.0,2026-08-21,,,,,,,,,,,,,,,,,,,,,,,,,,,,2026-08-21,8.664,-0.722,12.756,-2.286,,1.0,0.0,0.0,1.0,STOP,2026-08-19
377300,카카오페이,2026-08-06,2026-08-06,WATCH,68,LOWER_CHANNEL_WATCH,중기 Higher High + Higher Low | 상승추세 안의 단기 조정 + 전저점 유지 | 상승 평행채널 유효(커버리지 100%) | 최근 추세 하단(싼 구간) 접촉 | 현재도 채널 하단권 | 추세 하단 부근 쌍바닥/Higher-Low 형태 | 이동평균선 밀집,,41800.0,True,10.59,True,1.0,0.0984,True,41080.0,44740.0,46200.0,48400.0,39847.6,7.03,15.79,True,False,True,6.21,False,False,False,,False,False,,2026-08-01,2026-08-21,41800.0,10,0,0.478,42000.0,2026-08-07,5.742,44200.0,2026-08-10,7.416,44900.0,2026-08-11,5.144,43950.0,2026-08-12,6.938,44700.0,2026-08-13,8.014,45150.0,2026-08-14,2.512,42850.0,2026-08-18,-1.316,41250.0,2026-08-19,7.536,44950.0,2026-08-20,1.675,42500.0,2026-08-21,,,,,,,,,,,,,,,,,,,,,,,,,,,,,,,2026-08-21,8.014,-1.316,12.081,-2.751,,1.0,0.0,0.0,1.0,STOP,2026-08-19
377300,카카오페이,2026-08-07,2026-08-07,WATCH,68,LOWER_CHANNEL_WATCH,중기 Higher High + Higher Low | 상승추세 안의 단기 조정 + 전저점 유지 | 상승 평행채널 유효(커버리지 100%) | 최근 추세 하단(싼 구간) 접촉 | 현재도 채널 하단권 | 추세 하단 부근 쌍바닥/Higher-Low 형태 | 이동평균선 밀집,,42000.0,True,10.16,True,1.0,0.0956,True,41300.0,44960.0,46200.0,48620.0,40061.0,7.05,15.76,True,False,True,5.02,False,False,False,,False,False,,2026-08-01,2026-08-21,42000.0,9,0,5.238,44200.0,2026-08-10,6.905,44900.0,2026-08-11,4.643,43950.0,2026-08-12,6.429,44700.0,2026-08-13,7.5,45150.0,2026-08-14,2.024,42850.0,2026-08-18,-1.786,41250.0,2026-08-19,7.024,44950.0,2026-08-20,1.19,42500.0,2026-08-21,,,,,,,,,,,,,,,,,,,,,,,,,,,,,,,,,,2026-08-21,7.5,-1.786,11.548,-3.214,,1.0,0.0,0.0,1.0,STOP,2026-08-19
377300,카카오페이,2026-08-10,2026-08-10,CONFIRMED,78,LOWER_CHANNEL_CONFIRMED_REVERSAL,중기 Higher High + Higher Low | 상승추세 안의 단기 조정 + 전저점 유지 | 상승 평행채널 유효(커버리지 100%) | 최근 추세 하단(싼 구간) 접촉 | 추세 하단 부근 쌍바닥/Higher-Low 형태 | 쌍바닥 넥라인 돌파 확인 | 이동평균선 밀집 | 이동평균선 재돌파 | 재상승 후 5일선 지지,,44200.0,True,5.45,True,1.0,0.5646,True,40268.75,43750.0,46750.0,47231.25,39060.6875,-1.02,6.86,True,True,True,3.9,True,True,False,,False,False,,2026-08-01,2026-08-21,44200.0,8,0,1.584,44900.0,2026-08-11,-0.566,43950.0,2026-08-12,1.131,44700.0,2026-08-13,2.149,45150.0,2026-08-14,-3.054,42850.0,2026-08-18,-6.674,41250.0,2026-08-19,1.697,44950.0,2026-08-20,-3.846,42500.0,2026-08-21,,,,,,,,,,,,,,,,,,,,,,,,,,,,,,,,,,,,,2026-08-21,2.149,-6.674,5.995,-8.032,,,1.0,0.0,0.0,TIMEOUT,2026-08-21
377300,카카오페이,2026-08-11,2026-08-11,WATCH,78,LOWER_CHANNEL_WATCH,중기 Higher High + Higher Low | 상승추세 안의 단기 조정 + 전저점 유지 | 상승 평행채널 유효(커버리지 100%) | 최근 추세 하단(싼 구간) 접촉 | 추세 하단 부근 쌍바닥/Higher-Low 형태 | 쌍바닥 넥라인 돌파 확인 | 이동평균선 밀집 | 이동평균선 재돌파 | 재상승 후 5일선 지지,,44900.0,True,3.96,True,1.0,0.6421,True,40429.1667,43910.4167,46750.0,47391.6667,39382.0,-2.2,5.55,True,True,True,2.79,True,True,False,,False,False,,2026-08-01,2026-08-21,44900.0,7,0,-2.116,43950.0,2026-08-12,-0.445,44700.0,2026-08-13,0.557,45150.0,2026-08-14,-4.566,42850.0,2026-08-18,-8.129,41250.0,2026-08-19,0.111,44950.0,2026-08-20,-5.345,42500.0,2026-08-21,,,,,,,,,,,,,,,,,,,,,,,,,,,,,,,,,,,,,,,,2026-08-21,0.557,-8.129,4.343,-9.465,,,1.0,0.0,0.0,TIMEOUT,2026-08-21
377300,카카오페이,2026-08-12,2026-08-12,CONFIRMED,78,LOWER_CHANNEL_CONFIRMED_REVERSAL,중기 Higher High + Higher Low | 상승추세 안의 단기 조정 + 전저점 유지 | 상승 평행채널 유효(커버리지 100%) | 최근 추세 하단(싼 구간) 접촉 | 추세 하단 부근 쌍바닥/Higher-Low 형태 | 쌍바닥 넥라인 돌파 확인 | 이동평균선 밀집 | 이동평균선 재돌파 | 재상승 후 5일선 지지,,43950.0,True,5.99,True,1.0,0.4826,True,40589.5833,44070.8333,46750.0,47552.0833,39382.0,0.27,8.2,True,True,True,2.88,True,True,False,,False,False,,2026-08-01,2026-08-21,43950.0,6,0,1.706,44700.0,2026-08-13,2.73,45150.0,2026-08-14,-2.503,42850.0,2026-08-18,-6.143,41250.0,2026-08-19,2.275,44950.0,2026-08-20,-3.299,42500.0,2026-08-21,,,,,,,,,,,,,,,,,,,,,,,,,,,,,,,,,,,,,,,,,,,2026-08-21,2.73,-6.143,6.598,-7.509,,1.0,1.0,0.0,0.0,TIMEOUT,2026-08-21
377300,카카오페이,2026-08-13,2026-08-13,CONFIRMED,78,LOWER_CHANNEL_CONFIRMED_REVERSAL,중기 Higher High + Higher Low | 상승추세 안의 단기 조정 + 전저점 유지 | 상승 평행채널 유효(커버리지 100%) | 최근 추세 하단(싼 구간) 접촉 | 추세 하단 부근 쌍바닥/Higher-Low 형태 | 쌍바닥 넥라인 돌파 확인 | 이동평균선 밀집 | 이동평균선 재돌파 | 재상승 후 5일선 지지,,44700.0,True,4.39,True,1.0,0.5673,True,40750.0,44231.25,46750.0,47712.5,39527.5,-1.05,6.74,True,True,True,3.66,True,True,False,,False,False,,2026-08-01,2026-08-21,44700.0,5,0,1.007,45150.0,2026-08-14,-4.139,42850.0,2026-08-18,-7.718,41250.0,2026-08-19,0.559,44950.0,2026-08-20,-4.922,42500.0,2026-08-21,,,,,,,,,,,,,,,,,,,,,,,,,,,,,,,,,,,,,,,,,,,,,,2026-08-21,1.007,-7.718,4.81,-9.06,,,1.0,0.0,0.0,TIMEOUT,2026-08-21
377300,카카오페이,2026-08-14,2026-08-14,REJECTED,58,TREND_BROKEN_OR_NOT_UPTREND,상승추세 안의 단기 조정 + 전저점 유지 | 상승 평행채널 유효(커버리지 100%) | 최근 추세 하단(싼 구간) 접촉 | 추세 하단 부근 쌍바닥/Higher-Low 형태 | 쌍바닥 넥라인 돌파 확인 | 이동평균선 밀집 | 이동평균선 재돌파 | 재상승 후 5일선 지지,중기 상승 구조 미확인,45150.0,False,3.42,True,1.0,0.6089,True,40910.4167,44391.6667,46100.0,47872.9167,39683.1042,-1.68,6.03,True,True,True,4.55,True,True,False,,False,False,,2026-08-01,2026-08-21,45150.0,4,0,-5.094,42850.0,2026-08-18,-8.638,41250.0,2026-08-19,-0.443,44950.0,2026-08-20,-5.869,42500.0,2026-08-21,,,,,,,,,,,,,,,,,,,,,,,,,,,,,,,,,,,,,,,,,,,,,,,,,2026-08-21,-0.443,-8.638,3.765,-9.967,,,,,,,
377300,카카오페이,2026-08-18,2026-08-18,REJECTED,48,TREND_BROKEN_OR_NOT_UPTREND,상승추세 안의 단기 조정 + 전저점 유지 | 상승 평행채널 유효(커버리지 100%) | 최근 추세 하단(싼 구간) 접촉 | 현재도 채널 하단권 | 추세 하단 부근 쌍바닥/Higher-Low 형태 | 이동평균선 밀집,중기 상승 구조 미확인,42850.0,False,8.34,True,1.0,0.2555,True,41070.8333,44552.0833,46100.0,48033.3333,39838.7083,3.97,12.1,True,False,True,3.8,False,False,False,,False,False,,2026-08-01,2026-08-21,42850.0,3,0,-3.734,41250.0,2026-08-19,4.901,44950.0,2026-08-20,-0.817,42500.0,2026-08-21,,,,,,,,,,,,,,,,,,,,,,,,,,,,,,,,,,,,,,,,,,,,,,,,,,,,2026-08-21,4.901,-3.734,9.335,-5.134,,,,,,,
377300,카카오페이,2026-08-19,2026-08-19,REJECTED,48,TREND_BROKEN_OR_NOT_UPTREND,상승추세 안의 단기 조정 + 전저점 유지 | 상승 평행채널 유효(커버리지 100%) | 최근 추세 하단(싼 구간) 접촉 | 현재도 채널 하단권 | 추세 하단 부근 쌍바닥/Higher-Low 형태 | 이동평균선 밀집,중기 상승 구조 미확인,41250.0,False,11.76,True,1.0,0.0027,True,41231.25,44712.5,46100.0,48193.75,39994.3125,8.39,16.83,True,False,True,2.18,False,False,False,,False,False,,2026-08-01,2026-08-21,41250.0,2,0,8.97,44950.0,2026-08-20,3.03,42500.0,2026-08-21,,,,,,,,,,,,,,,,,,,,,,,,,,,,,,,,,,,,,,,,,,,,,,,,,,,,,,,2026-08-21,8.97,3.03,13.576,0.606,,,,,,,
377300,카카오페이,2026-08-20,2026-08-20,REJECTED,58,TREND_BROKEN_OR_NOT_UPTREND,상승추세 안의 단기 조정 + 전저점 유지 | 상승 평행채널 유효(커버리지 100%) | 최근 추세 하단(싼 구간) 접촉 | 추세 하단 부근 쌍바닥/Higher-Low 형태 | 쌍바닥 넥라인 돌파 확인 | 이동평균선 밀집 | 이동평균선 재돌파 | 재상승 후 5일선 지지,중기 상승 구조 미확인,44950.0,False,4.06,True,1.0,0.5111,True,41391.6667,44872.9167,46100.0,48354.1667,40149.9167,-0.17,7.57,True,True,True,2.63,True,True,False,,False,False,,2026-08-01,2026-08-21,44950.0,1,0,-5.451,42500.0,2026-08-21,,,,,,,,,,,,,,,,,,,,,,,,,,,,,,,,,,,,,,,,,,,,,,,,,,,,,,,,,,2026-08-21,-5.451,-5.451,2.336,-7.675,,,,,,,
377300,카카오페이,2026-08-21,2026-08-21,REJECTED,48,TREND_BROKEN_OR_NOT_UPTREND,상승추세 안의 단기 조정 + 전저점 유지 | 상승 평행채널 유효(커버리지 100%) | 최근 추세 하단(싼 구간) 접촉 | 현재도 채널 하단권 | 추세 하단 부근 쌍바닥/Higher-Low 형태 | 이동평균선 밀집,중기 상승 구조 미확인,42500.0,False,9.28,True,1.0,0.1361,True,41552.0833,45033.3333,46100.0,48514.5833,40305.5208,5.96,14.15,True,False,True,1.99,False,False,False,,False,False,,2026-08-01,2026-08-21,42500.0,0,0,,,,,,,,,,,,,,,,,,,,,,,,,,,,,,,,,,,,,,,,,,,,,,,,,,,,,,,,,,,,,,,,,,,,,,,,
011790,SKC,2026-08-03,2026-08-03,REJECTED,0,NO_RISING_CHANNEL,,영상 방식의 상승 평행채널을 안정적으로 구성하지 못함,,,,,,,,,,,,,,,,,,,,,,,,,,2026-08-01,2026-08-21,72800.0,13,0,7.28,78100.0,2026-08-04,11.813,81400.0,2026-08-05,10.302,80300.0,2026-08-06,11.538,81200.0,2026-08-07,18.544,86300.0,2026-08-10,17.17,85300.0,2026-08-11,19.505,87000.0,2026-08-12,22.527,89200.0,2026-08-13,23.352,89800.0,2026-08-14,18.407,86200.0,2026-08-18,14.56,83400.0,2026-08-19,18.544,86300.0,2026-08-20,14.56,83400.0,2026-08-21,,,,,,,,,,,,,,,,,,,,,,2026-08-21,23.352,7.28,25.137,-0.687,,,,,,,
011790,SKC,2026-08-04,2026-08-04,REJECTED,0,NO_RISING_CHANNEL,,영상 방식의 상승 평행채널을 안정적으로 구성하지 못함,,,,,,,,,,,,,,,,,,,,,,,,,,2026-08-01,2026-08-21,78100.0,12,0,4.225,81400.0,2026-08-05,2.817,80300.0,2026-08-06,3.969,81200.0,2026-08-07,10.499,86300.0,2026-08-10,9.219,85300.0,2026-08-11,11.396,87000.0,2026-08-12,14.213,89200.0,2026-08-13,14.981,89800.0,2026-08-14,10.371,86200.0,2026-08-18,6.786,83400.0,2026-08-19,10.499,86300.0,2026-08-20,6.786,83400.0,2026-08-21,,,,,,,,,,,,,,,,,,,,,,,,,2026-08-21,14.981,2.817,16.645,-0.64,,,,,,,
011790,SKC,2026-08-05,2026-08-05,REJECTED,0,NO_RISING_CHANNEL,,영상 방식의 상승 평행채널을 안정적으로 구성하지 못함,,,,,,,,,,,,,,,,,,,,,,,,,,2026-08-01,2026-08-21,81400.0,11,0,-1.351,80300.0,2026-08-06,-0.246,81200.0,2026-08-07,6.02,86300.0,2026-08-10,4.791,85300.0,2026-08-11,6.88,87000.0,2026-08-12,9.582,89200.0,2026-08-13,10.319,89800.0,2026-08-14,5.897,86200.0,2026-08-18,2.457,83400.0,2026-08-19,6.02,86300.0,2026-08-20,2.457,83400.0,2026-08-21,,,,,,,,,,,,,,,,,,,,,,,,,,,,2026-08-21,10.319,-1.351,11.916,-4.668,,,,,,,
011790,SKC,2026-08-06,2026-08-06,REJECTED,0,NO_RISING_CHANNEL,,영상 방식의 상승 평행채널을 안정적으로 구성하지 못함,,,,,,,,,,,,,,,,,,,,,,,,,,2026-08-01,2026-08-21,80300.0,10,0,1.121,81200.0,2026-08-07,7.472,86300.0,2026-08-10,6.227,85300.0,2026-08-11,8.344,87000.0,2026-08-12,11.083,89200.0,2026-08-13,11.831,89800.0,2026-08-14,7.347,86200.0,2026-08-18,3.861,83400.0,2026-08-19,7.472,86300.0,2026-08-20,3.861,83400.0,2026-08-21,,,,,,,,,,,,,,,,,,,,,,,,,,,,,,,2026-08-21,11.831,1.121,13.45,-2.864,,,,,,,
011790,SKC,2026-08-07,2026-08-07,REJECTED,0,NO_RISING_CHANNEL,,영상 방식의 상승 평행채널을 안정적으로 구성하지 못함,,,,,,,,,,,,,,,,,,,,,,,,,,2026-08-01,2026-08-21,81200.0,9,0,6.281,86300.0,2026-08-10,5.049,85300.0,2026-08-11,7.143,87000.0,2026-08-12,9.852,89200.0,2026-08-13,10.591,89800.0,2026-08-14,6.158,86200.0,2026-08-18,2.709,83400.0,2026-08-19,6.281,86300.0,2026-08-20,2.709,83400.0,2026-08-21,,,,,,,,,,,,,,,,,,,,,,,,,,,,,,,,,,2026-08-21,10.591,2.709,12.192,-0.246,,,,,,,
011790,SKC,2026-08-10,2026-08-10,REJECTED,0,NO_RISING_CHANNEL,,영상 방식의 상승 평행채널을 안정적으로 구성하지 못함,,,,,,,,,,,,,,,,,,,,,,,,,,2026-08-01,2026-08-21,86300.0,8,0,-1.159,85300.0,2026-08-11,0.811,87000.0,2026-08-12,3.36,89200.0,2026-08-13,4.056,89800.0,2026-08-14,-0.116,86200.0,2026-08-18,-3.36,83400.0,2026-08-19,0.0,86300.0,2026-08-20,-3.36,83400.0,2026-08-21,,,,,,,,,,,,,,,,,,,,,,,,,,,,,,,,,,,,,2026-08-21,4.056,-3.36,5.562,-6.025,,,,,,,
011790,SKC,2026-08-11,2026-08-11,REJECTED,0,NO_RISING_CHANNEL,,영상 방식의 상승 평행채널을 안정적으로 구성하지 못함,,,,,,,,,,,,,,,,,,,,,,,,,,2026-08-01,2026-08-21,85300.0,7,0,1.993,87000.0,2026-08-12,4.572,89200.0,2026-08-13,5.275,89800.0,2026-08-14,1.055,86200.0,2026-08-18,-2.227,83400.0,2026-08-19,1.172,86300.0,2026-08-20,-2.227,83400.0,2026-08-21,,,,,,,,,,,,,,,,,,,,,,,,,,,,,,,,,,,,,,,,2026-08-21,5.275,-2.227,6.8,-4.924,,,,,,,
011790,SKC,2026-08-12,2026-08-12,REJECTED,0,NO_RISING_CHANNEL,,영상 방식의 상승 평행채널을 안정적으로 구성하지 못함,,,,,,,,,,,,,,,,,,,,,,,,,,2026-08-01,2026-08-21,87000.0,6,0,2.529,89200.0,2026-08-13,3.218,89800.0,2026-08-14,-0.92,86200.0,2026-08-18,-4.138,83400.0,2026-08-19,-0.805,86300.0,2026-08-20,-4.138,83400.0,2026-08-21,,,,,,,,,,,,,,,,,,,,,,,,,,,,,,,,,,,,,,,,,,,2026-08-21,3.218,-4.138,4.713,-6.782,,,,,,,
011790,SKC,2026-08-13,2026-08-13,REJECTED,0,NO_RISING_CHANNEL,,영상 방식의 상승 평행채널을 안정적으로 구성하지 못함,,,,,,,,,,,,,,,,,,,,,,,,,,2026-08-01,2026-08-21,89200.0,5,0,0.673,89800.0,2026-08-14,-3.363,86200.0,2026-08-18,-6.502,83400.0,2026-08-19,-3.251,86300.0,2026-08-20,-6.502,83400.0,2026-08-21,,,,,,,,,,,,,,,,,,,,,,,,,,,,,,,,,,,,,,,,,,,,,,2026-08-21,0.673,-6.502,2.13,-9.081,,,,,,,
011790,SKC,2026-08-14,2026-08-14,REJECTED,0,NO_RISING_CHANNEL,,영상 방식의 상승 평행채널을 안정적으로 구성하지 못함,,,,,,,,,,,,,,,,,,,,,,,,,,2026-08-01,2026-08-21,89800.0,4,0,-4.009,86200.0,2026-08-18,-7.127,83400.0,2026-08-19,-3.898,86300.0,2026-08-20,-7.127,83400.0,2026-08-21,,,,,,,,,,,,,,,,,,,,,,,,,,,,,,,,,,,,,,,,,,,,,,,,,2026-08-21,-3.898,-7.127,1.448,-9.688,,,,,,,
011790,SKC,2026-08-18,2026-08-18,REJECTED,0,NO_RISING_CHANNEL,,영상 방식의 상승 평행채널을 안정적으로 구성하지 못함,,,,,,,,,,,,,,,,,,,,,,,,,,2026-08-01,2026-08-21,86200.0,3,0,-3.248,83400.0,2026-08-19,0.116,86300.0,2026-08-20,-3.248,83400.0,2026-08-21,,,,,,,,,,,,,,,,,,,,,,,,,,,,,,,,,,,,,,,,,,,,,,,,,,,,2026-08-21,0.116,-3.248,1.276,-5.916,,,,,,,
011790,SKC,2026-08-19,2026-08-19,REJECTED,0,NO_RISING_CHANNEL,,영상 방식의 상승 평행채널을 안정적으로 구성하지 못함,,,,,,,,,,,,,,,,,,,,,,,,,,2026-08-01,2026-08-21,83400.0,2,0,3.477,86300.0,2026-08-20,0.0,83400.0,2026-08-21,,,,,,,,,,,,,,,,,,,,,,,,,,,,,,,,,,,,,,,,,,,,,,,,,,,,,,,2026-08-21,3.477,0.0,4.676,-2.758,,,,,,,
011790,SKC,2026-08-20,2026-08-20,REJECTED,0,NO_RISING_CHANNEL,,영상 방식의 상승 평행채널을 안정적으로 구성하지 못함,,,,,,,,,,,,,,,,,,,,,,,,,,2026-08-01,2026-08-21,86300.0,1,0,-3.36,83400.0,2026-08-21,,,,,,,,,,,,,,,,,,,,,,,,,,,,,,,,,,,,,,,,,,,,,,,,,,,,,,,,,,2026-08-21,-3.36,-3.36,-1.738,-6.025,,,,,,,
011790,SKC,2026-08-21,2026-08-21,REJECTED,30,TREND_BROKEN_OR_NOT_UPTREND,상승추세 안의 단기 조정 + 전저점 유지 | 상승 평행채널 유효(커버리지 100%) | 최근 추세 하단(싼 구간) 접촉,중기 상승 구조 미확인,83400.0,False,8.45,True,1.0,0.7015,True,64017.6471,77832.3529,91100.0,91647.0588,62097.1176,-6.68,9.89,False,False,False,27.16,False,False,False,,False,False,,2026-08-01,2026-08-21,83400.0,0,0,,,,,,,,,,,,,,,,,,,,,,,,,,,,,,,,,,,,,,,,,,,,,,,,,,,,,,,,,,,,,,,,,,,,,,,,
