Ticker,Name,Target_Date,Actual_Date,Status,Score,Primary_Signal,Reasons,Warnings,Close,Uptrend_HH_HL,Pullback_Pct,Prior_Low_Held,Channel_Coverage,Channel_Position,Recent_Lower_Touch,Channel_Lower,Channel_Mid,Prior_High_Target,Channel_Upper,Stop_Price,Room_To_Mid_Pct,Room_To_Upper_Pct,Double_Bottom,Double_Bottom_Confirmed,MA_Clustered,MA_Spread_Pct,MA_Reclaimed,MA5_Held,Bottom_Volume_Surge,Reference_Date,Reference_Low_Held,Reference_High_Break,Reference_Volume_Ratio,Requested_Range_Start,Requested_Range_End,Forward_Entry_Close,Forward_Available_Bars,Forward_Complete_20D,D+1_Close_Return_Pct,D+1_Close,D+1_Date,D+2_Close_Return_Pct,D+2_Close,D+2_Date,D+3_Close_Return_Pct,D+3_Close,D+3_Date,D+4_Close_Return_Pct,D+4_Close,D+4_Date,D+5_Close_Return_Pct,D+5_Close,D+5_Date,D+6_Close_Return_Pct,D+6_Close,D+6_Date,D+7_Close_Return_Pct,D+7_Close,D+7_Date,D+8_Close_Return_Pct,D+8_Close,D+8_Date,D+9_Close_Return_Pct,D+9_Close,D+9_Date,D+10_Close_Return_Pct,D+10_Close,D+10_Date,D+11_Close_Return_Pct,D+11_Close,D+11_Date,D+12_Close_Return_Pct,D+12_Close,D+12_Date,D+13_Close_Return_Pct,D+13_Close,D+13_Date,D+14_Close_Return_Pct,D+14_Close,D+14_Date,D+15_Close_Return_Pct,D+15_Close,D+15_Date,D+16_Close_Return_Pct,D+16_Close,D+16_Date,D+17_Close_Return_Pct,D+17_Close,D+17_Date,D+18_Close_Return_Pct,D+18_Close,D+18_Date,D+19_Close_Return_Pct,D+19_Close,D+19_Date,D+20_Close_Return_Pct,D+20_Close,D+20_Date,Forward_Last_Date,Max_Close_Return_20D_Pct,Min_Close_Return_20D_Pct,MFE_20D_Pct,MAE_20D_Pct,Positive_D20,Hit_Mid_Before_Stop,Hit_PriorHigh_Before_Stop,Hit_Upper_Before_Stop,Stop_Hit,First_Event,Exit_Date
402340,SK스퀘어,2026-07-01,2026-07-01,WATCH,58,LOWER_CHANNEL_WATCH,중기 Higher High + Higher Low | 상승추세 안의 단기 조정 + 전저점 유지 | 상승 평행채널 유효(커버리지 86%) | 최근 추세 하단(싼 구간) 접촉 | 이동평균선 재돌파,,1757000.0,True,19.74,True,0.8611,1.2523,True,1314519.2308,1491192.3077,2189000.0,1667865.3846,1275083.6538,-15.13,-5.07,False,False,False,35.19,True,False,False,,False,False,,2026-07-01,2026-07-31,1757000.0,20,1,-13.204,1525000.0,2026-07-02,-9.562,1589000.0,2026-07-03,-14.912,1495000.0,2026-07-06,-22.823,1356000.0,2026-07-07,-27.718,1270000.0,2026-07-08,-24.474,1327000.0,2026-07-09,-19.806,1409000.0,2026-07-10,-33.921,1161000.0,2026-07-13,-32.271,1190000.0,2026-07-14,-21.343,1382000.0,2026-07-15,-31.019,1212000.0,2026-07-16,-33.011,1177000.0,2026-07-20,-28.685,1253000.0,2026-07-21,-29.994,1230000.0,2026-07-22,-30.507,1221000.0,2026-07-23,-36.881,1109000.0,2026-07-24,-37.621,1096000.0,2026-07-27,-47.353,925000.0,2026-07-28,-51.622,850000.0,2026-07-29,-54.525,799000.0,2026-07-30,2026-07-30,-9.562,-54.525,-3.699,-56.289,0.0,,0.0,,1.0,STOP,2026-07-07
005935,삼성전자우,2026-07-01,2026-07-01,WATCH,60,LOWER_CHANNEL_WATCH,중기 Higher High + Higher Low | 상승추세 안의 단기 조정 + 전저점 유지 | 상승 평행채널 유효(커버리지 96%) | 최근 추세 하단(싼 구간) 접촉 | 현재도 채널 하단권 | 추세 하단 부근 쌍바닥/Higher-Low 형태,,204500.0,True,14.97,True,0.961,-0.0006,True,204525.0,226321.3235,240500.0,248117.6471,198389.25,10.67,21.33,True,False,False,16.19,False,False,False,,False,False,,2026-07-01,2026-07-31,204500.0,20,1,-7.726,188700.0,2026-07-02,1.711,208000.0,2026-07-03,3.912,212500.0,2026-07-06,-2.543,199300.0,2026-07-07,-8.606,186900.0,2026-07-08,-9.242,185600.0,2026-07-09,-4.988,194300.0,2026-07-10,-13.496,176900.0,2026-07-13,-10.905,182200.0,2026-07-14,-6.112,192000.0,2026-07-15,-15.892,172000.0,2026-07-16,-17.262,169200.0,2026-07-20,-11.491,181000.0,2026-07-21,-9.487,185100.0,2026-07-22,-6.553,191100.0,2026-07-23,-13.399,177100.0,2026-07-24,-12.078,179800.0,2026-07-27,-22.641,158200.0,2026-07-28,-24.988,153400.0,2026-07-29,-26.161,151000.0,2026-07-30,2026-07-30,3.912,-26.161,7.824,-31.736,0.0,0.0,0.0,0.0,1.0,STOP,2026-07-02
005935,삼성전자우,2026-07-06,2026-07-06,WATCH,70,LOWER_CHANNEL_WATCH,중기 Higher High + Higher Low | 상승추세 안의 단기 조정 + 전저점 유지 | 상승 평행채널 유효(커버리지 95%) | 최근 추세 하단(싼 구간) 접촉 | 현재도 채널 하단권 | 추세 하단 부근 쌍바닥/Higher-Low 형태 | 이동평균선 재돌파 | 재상승 후 5일선 지지,,212500.0,True,11.64,True,0.95,0.0873,True,208694.1176,230490.4412,240500.0,252286.7647,202433.2941,8.47,18.72,True,False,False,11.8,True,True,False,,False,False,,2026-07-01,2026-07-31,212500.0,20,1,-6.212,199300.0,2026-07-07,-12.047,186900.0,2026-07-08,-12.659,185600.0,2026-07-09,-8.565,194300.0,2026-07-10,-16.753,176900.0,2026-07-13,-14.259,182200.0,2026-07-14,-9.647,192000.0,2026-07-15,-19.059,172000.0,2026-07-16,-20.376,169200.0,2026-07-20,-14.824,181000.0,2026-07-21,-12.894,185100.0,2026-07-22,-10.071,191100.0,2026-07-23,-16.659,177100.0,2026-07-24,-15.388,179800.0,2026-07-27,-25.553,158200.0,2026-07-28,-27.812,153400.0,2026-07-29,-28.941,151000.0,2026-07-30,-10.118,191000.0,2026-07-31,-16.235,178000.0,2026-08-03,-16.988,176400.0,2026-08-04,2026-08-04,-6.212,-28.941,0.706,-34.306,0.0,0.0,0.0,0.0,1.0,STOP,2026-07-07
009150,삼성전기,2026-07-01,2026-07-01,WATCH,65,LOWER_CHANNEL_WATCH,중기 Higher High + Higher Low | 상승추세 안의 단기 조정 + 전저점 유지 | 상승 평행채널 유효(커버리지 100%) | 최근 추세 하단(싼 구간) 접촉 | 현재도 채널 하단권 | 이동평균선 재돌파 | 재상승 후 5일선 지지,,2205000.0,True,8.77,True,1.0,0.1353,True,2082223.4043,2535803.1915,2417000.0,2989382.9787,2019756.7021,15.0,35.57,False,False,False,35.56,True,True,False,,False,False,,2026-07-01,2026-07-31,2205000.0,20,1,-12.653,1926000.0,2026-07-02,-9.796,1989000.0,2026-07-03,-17.098,1828000.0,2026-07-06,-25.261,1648000.0,2026-07-07,-32.925,1479000.0,2026-07-08,-32.29,1493000.0,2026-07-09,-28.163,1584000.0,2026-07-10,-41.542,1289000.0,2026-07-13,-42.857,1260000.0,2026-07-14,-35.918,1413000.0,2026-07-15,-42.086,1277000.0,2026-07-16,-42.177,1275000.0,2026-07-20,-40.59,1310000.0,2026-07-21,-39.002,1345000.0,2026-07-22,-34.331,1448000.0,2026-07-23,-39.864,1326000.0,2026-07-24,-39.909,1325000.0,2026-07-27,-49.478,1114000.0,2026-07-28,-53.333,1029000.0,2026-07-29,-60.136,879000.0,2026-07-30,2026-07-30,-9.796,-60.136,-5.397,-60.771,0.0,0.0,0.0,0.0,1.0,STOP,2026-07-02
207940,삼성바이오로직스,2026-07-02,2026-07-02,WATCH,63,LOWER_CHANNEL_WATCH,중기 Higher High + Higher Low | 상승추세 안의 단기 조정 + 전저점 유지 | 상승 평행채널 유효(커버리지 100%) | 최근 추세 하단(싼 구간) 접촉 | 추세 하단 부근 쌍바닥/Higher-Low 형태 | 이동평균선 밀집,,1406000.0,True,3.63,True,1.0,0.3782,True,1260400.0,1452900.0,1456000.0,1645400.0,1222588.0,3.34,17.03,True,False,True,6.29,False,False,False,,False,False,,2026-07-01,2026-07-31,1406000.0,20,1,1.067,1421000.0,2026-07-03,-0.071,1405000.0,2026-07-06,1.138,1422000.0,2026-07-07,-3.058,1363000.0,2026-07-08,-5.761,1325000.0,2026-07-09,-0.782,1395000.0,2026-07-10,-0.427,1400000.0,2026-07-13,-2.703,1368000.0,2026-07-14,-1.636,1383000.0,2026-07-15,-0.711,1396000.0,2026-07-16,-4.339,1345000.0,2026-07-20,-0.782,1395000.0,2026-07-21,-2.418,1372000.0,2026-07-22,-1.92,1379000.0,2026-07-23,7.966,1518000.0,2026-07-24,9.886,1545000.0,2026-07-27,10.171,1549000.0,2026-07-28,5.192,1479000.0,2026-07-29,8.606,1527000.0,2026-07-30,5.619,1485000.0,2026-07-31,2026-07-31,10.171,-5.761,12.02,-7.255,1.0,1.0,1.0,0.0,0.0,TIMEOUT,2026-07-31
207940,삼성바이오로직스,2026-07-06,2026-07-06,WATCH,63,LOWER_CHANNEL_WATCH,중기 Higher High + Higher Low | 상승추세 안의 단기 조정 + 전저점 유지 | 상승 평행채널 유효(커버리지 100%) | 최근 추세 하단(싼 구간) 접촉 | 추세 하단 부근 쌍바닥/Higher-Low 형태 | 이동평균선 밀집,,1405000.0,True,3.77,True,1.0,0.3735,True,1261200.0,1453700.0,1456000.0,1646200.0,1223364.0,3.47,17.17,True,False,True,5.06,False,True,False,,False,False,,2026-07-01,2026-07-31,1405000.0,20,1,1.21,1422000.0,2026-07-07,-2.989,1363000.0,2026-07-08,-5.694,1325000.0,2026-07-09,-0.712,1395000.0,2026-07-10,-0.356,1400000.0,2026-07-13,-2.633,1368000.0,2026-07-14,-1.566,1383000.0,2026-07-15,-0.641,1396000.0,2026-07-16,-4.27,1345000.0,2026-07-20,-0.712,1395000.0,2026-07-21,-2.349,1372000.0,2026-07-22,-1.851,1379000.0,2026-07-23,8.043,1518000.0,2026-07-24,9.964,1545000.0,2026-07-27,10.249,1549000.0,2026-07-28,5.267,1479000.0,2026-07-29,8.683,1527000.0,2026-07-30,5.694,1485000.0,2026-07-31,1.281,1423000.0,2026-08-03,5.053,1476000.0,2026-08-04,2026-08-04,10.249,-5.694,12.1,-7.189,1.0,1.0,1.0,0.0,0.0,TIMEOUT,2026-08-04
207940,삼성바이오로직스,2026-07-08,2026-07-08,WATCH,63,LOWER_CHANNEL_WATCH,중기 Higher High + Higher Low | 상승추세 안의 단기 조정 + 전저점 유지 | 상승 평행채널 유효(커버리지 100%) | 최근 추세 하단(싼 구간) 접촉 | 추세 하단 부근 쌍바닥/Higher-Low 형태 | 이동평균선 밀집,,1363000.0,True,6.64,True,1.0,0.5536,True,1240571.4286,1351142.8571,1460000.0,1461714.2857,1220260.0,-0.87,7.24,True,False,True,4.03,False,False,False,,False,False,,2026-07-01,2026-07-31,1363000.0,20,1,-2.788,1325000.0,2026-07-09,2.348,1395000.0,2026-07-10,2.715,1400000.0,2026-07-13,0.367,1368000.0,2026-07-14,1.467,1383000.0,2026-07-15,2.421,1396000.0,2026-07-16,-1.321,1345000.0,2026-07-20,2.348,1395000.0,2026-07-21,0.66,1372000.0,2026-07-22,1.174,1379000.0,2026-07-23,11.372,1518000.0,2026-07-24,13.353,1545000.0,2026-07-27,13.646,1549000.0,2026-07-28,8.511,1479000.0,2026-07-29,12.032,1527000.0,2026-07-30,8.951,1485000.0,2026-07-31,4.402,1423000.0,2026-08-03,8.291,1476000.0,2026-08-04,9.391,1491000.0,2026-08-05,11.079,1514000.0,2026-08-06,2026-08-06,13.646,-2.788,15.554,-4.329,1.0,,1.0,1.0,0.0,UPPER,2026-07-24
207940,삼성바이오로직스,2026-07-09,2026-07-09,WATCH,63,LOWER_CHANNEL_WATCH,중기 Higher High + Higher Low | 상승추세 안의 단기 조정 + 전저점 유지 | 상승 평행채널 유효(커버리지 100%) | 최근 추세 하단(싼 구간) 접촉 | 추세 하단 부근 쌍바닥/Higher-Low 형태 | 이동평균선 밀집,,1325000.0,True,9.25,True,1.0,0.3792,True,1241142.8571,1351714.2857,1460000.0,1462285.7143,1220260.0,2.02,10.36,True,False,True,3.69,False,False,False,,False,False,,2026-07-01,2026-07-31,1325000.0,20,1,5.283,1395000.0,2026-07-10,5.66,1400000.0,2026-07-13,3.245,1368000.0,2026-07-14,4.377,1383000.0,2026-07-15,5.358,1396000.0,2026-07-16,1.509,1345000.0,2026-07-20,5.283,1395000.0,2026-07-21,3.547,1372000.0,2026-07-22,4.075,1379000.0,2026-07-23,14.566,1518000.0,2026-07-24,16.604,1545000.0,2026-07-27,16.906,1549000.0,2026-07-28,11.623,1479000.0,2026-07-29,15.245,1527000.0,2026-07-30,12.075,1485000.0,2026-07-31,7.396,1423000.0,2026-08-03,11.396,1476000.0,2026-08-04,12.528,1491000.0,2026-08-05,14.264,1514000.0,2026-08-06,17.434,1556000.0,2026-08-07,2026-08-07,17.434,1.509,18.868,0.604,1.0,1.0,1.0,1.0,0.0,UPPER,2026-07-24
207940,삼성바이오로직스,2026-07-10,2026-07-10,WATCH,63,LOWER_CHANNEL_WATCH,중기 Higher High + Higher Low | 상승추세 안의 단기 조정 + 전저점 유지 | 상승 평행채널 유효(커버리지 100%) | 최근 추세 하단(싼 구간) 접촉 | 추세 하단 부근 쌍바닥/Higher-Low 형태 | 이동평균선 밀집,,1395000.0,True,4.45,True,1.0,0.6932,True,1241714.2857,1352285.7143,1460000.0,1462857.1429,1220260.0,-3.06,4.86,True,False,True,2.96,False,False,False,,False,False,,2026-07-01,2026-07-31,1395000.0,20,1,0.358,1400000.0,2026-07-13,-1.935,1368000.0,2026-07-14,-0.86,1383000.0,2026-07-15,0.072,1396000.0,2026-07-16,-3.584,1345000.0,2026-07-20,0.0,1395000.0,2026-07-21,-1.649,1372000.0,2026-07-22,-1.147,1379000.0,2026-07-23,8.817,1518000.0,2026-07-24,10.753,1545000.0,2026-07-27,11.039,1549000.0,2026-07-28,6.022,1479000.0,2026-07-29,9.462,1527000.0,2026-07-30,6.452,1485000.0,2026-07-31,2.007,1423000.0,2026-08-03,5.806,1476000.0,2026-08-04,6.882,1491000.0,2026-08-05,8.53,1514000.0,2026-08-06,11.541,1556000.0,2026-08-07,12.473,1569000.0,2026-08-10,2026-08-10,12.473,-3.584,12.903,-4.014,1.0,,1.0,1.0,0.0,UPPER,2026-07-24
207940,삼성바이오로직스,2026-07-13,2026-07-13,WATCH,63,LOWER_CHANNEL_WATCH,중기 Higher High + Higher Low | 상승추세 안의 단기 조정 + 전저점 유지 | 상승 평행채널 유효(커버리지 100%) | 최근 추세 하단(싼 구간) 접촉 | 추세 하단 부근 쌍바닥/Higher-Low 형태 | 이동평균선 밀집,,1400000.0,True,4.11,True,1.0,0.7132,True,1242285.7143,1352857.1429,1460000.0,1463428.5714,1220260.0,-3.37,4.53,True,False,True,2.55,False,True,False,,False,False,,2026-07-01,2026-07-31,1400000.0,20,1,-2.286,1368000.0,2026-07-14,-1.214,1383000.0,2026-07-15,-0.286,1396000.0,2026-07-16,-3.929,1345000.0,2026-07-20,-0.357,1395000.0,2026-07-21,-2.0,1372000.0,2026-07-22,-1.5,1379000.0,2026-07-23,8.429,1518000.0,2026-07-24,10.357,1545000.0,2026-07-27,10.643,1549000.0,2026-07-28,5.643,1479000.0,2026-07-29,9.071,1527000.0,2026-07-30,6.071,1485000.0,2026-07-31,1.643,1423000.0,2026-08-03,5.429,1476000.0,2026-08-04,6.5,1491000.0,2026-08-05,8.143,1514000.0,2026-08-06,11.143,1556000.0,2026-08-07,12.071,1569000.0,2026-08-10,14.929,1609000.0,2026-08-11,2026-08-11,14.929,-3.929,15.929,-4.357,1.0,,1.0,1.0,0.0,UPPER,2026-07-24
207940,삼성바이오로직스,2026-07-14,2026-07-14,WATCH,63,LOWER_CHANNEL_WATCH,중기 Higher High + Higher Low | 상승추세 안의 단기 조정 + 전저점 유지 | 상승 평행채널 유효(커버리지 100%) | 최근 추세 하단(싼 구간) 접촉 | 추세 하단 부근 쌍바닥/Higher-Low 형태 | 이동평균선 밀집,,1368000.0,True,6.3,True,1.0,0.3965,True,1295600.0,1386900.0,1460000.0,1478200.0,1264880.0,1.38,8.06,True,False,True,2.9,False,True,False,,False,False,,2026-07-01,2026-07-31,1368000.0,20,1,1.096,1383000.0,2026-07-15,2.047,1396000.0,2026-07-16,-1.681,1345000.0,2026-07-20,1.974,1395000.0,2026-07-21,0.292,1372000.0,2026-07-22,0.804,1379000.0,2026-07-23,10.965,1518000.0,2026-07-24,12.939,1545000.0,2026-07-27,13.231,1549000.0,2026-07-28,8.114,1479000.0,2026-07-29,11.623,1527000.0,2026-07-30,8.553,1485000.0,2026-07-31,4.02,1423000.0,2026-08-03,7.895,1476000.0,2026-08-04,8.991,1491000.0,2026-08-05,10.673,1514000.0,2026-08-06,13.743,1556000.0,2026-08-07,14.693,1569000.0,2026-08-10,17.617,1609000.0,2026-08-11,13.231,1549000.0,2026-08-12,2026-08-12,17.617,-1.681,19.006,-1.974,1.0,1.0,1.0,1.0,0.0,UPPER,2026-07-24
207940,삼성바이오로직스,2026-07-15,2026-07-15,WATCH,63,LOWER_CHANNEL_WATCH,중기 Higher High + Higher Low | 상승추세 안의 단기 조정 + 전저점 유지 | 상승 평행채널 유효(커버리지 100%) | 최근 추세 하단(싼 구간) 접촉 | 추세 하단 부근 쌍바닥/Higher-Low 형태 | 이동평균선 밀집,,1383000.0,True,5.27,True,1.0,0.4644,True,1298200.0,1389500.0,1460000.0,1480800.0,1264880.0,0.47,7.07,True,False,True,2.3,False,True,False,,False,False,,2026-07-01,2026-07-31,1383000.0,20,1,0.94,1396000.0,2026-07-16,-2.748,1345000.0,2026-07-20,0.868,1395000.0,2026-07-21,-0.795,1372000.0,2026-07-22,-0.289,1379000.0,2026-07-23,9.761,1518000.0,2026-07-24,11.714,1545000.0,2026-07-27,12.003,1549000.0,2026-07-28,6.941,1479000.0,2026-07-29,10.412,1527000.0,2026-07-30,7.375,1485000.0,2026-07-31,2.892,1423000.0,2026-08-03,6.725,1476000.0,2026-08-04,7.809,1491000.0,2026-08-05,9.472,1514000.0,2026-08-06,12.509,1556000.0,2026-08-07,13.449,1569000.0,2026-08-10,16.341,1609000.0,2026-08-11,12.003,1549000.0,2026-08-12,13.087,1564000.0,2026-08-13,2026-08-13,16.341,-2.748,17.715,-3.037,1.0,1.0,1.0,1.0,0.0,UPPER,2026-07-24
105560,KB금융,2026-07-24,2026-07-24,WATCH,60,LOWER_CHANNEL_WATCH,중기 Higher High + Higher Low | 상승추세 안의 단기 조정 + 전저점 유지 | 상승 평행채널 유효(커버리지 100%) | 최근 추세 하단(싼 구간) 접촉 | 현재도 채널 하단권 | 추세 하단 부근 쌍바닥/Higher-Low 형태,,171500.0,True,11.83,True,1.0,0.2406,True,161953.8462,181796.1538,194500.0,201638.4615,159177.0,6.0,17.57,True,False,False,6.52,False,False,False,,False,False,,2026-07-01,2026-07-31,171500.0,19,0,0.641,172600.0,2026-07-27,-3.673,165200.0,2026-07-28,-6.647,160100.0,2026-07-29,-2.391,167400.0,2026-07-30,-1.749,168500.0,2026-07-31,-1.166,169500.0,2026-08-03,-1.574,168800.0,2026-08-04,-0.466,170700.0,2026-08-05,0.0,171500.0,2026-08-06,2.507,175800.0,2026-08-07,0.117,171700.0,2026-08-10,-2.857,166600.0,2026-08-11,-3.207,166000.0,2026-08-12,-1.983,168100.0,2026-08-13,-1.749,168500.0,2026-08-14,-1.749,168500.0,2026-08-18,-2.974,166400.0,2026-08-19,-6.706,160000.0,2026-08-20,-4.198,164300.0,2026-08-21,,,,2026-08-21,2.507,-6.706,3.149,-9.038,,0.0,0.0,0.0,1.0,STOP,2026-07-29
105560,KB금융,2026-07-27,2026-07-27,WATCH,60,LOWER_CHANNEL_WATCH,중기 Higher High + Higher Low | 상승추세 안의 단기 조정 + 전저점 유지 | 상승 평행채널 유효(커버리지 100%) | 최근 추세 하단(싼 구간) 접촉 | 현재도 채널 하단권 | 추세 하단 부근 쌍바닥/Higher-Low 형태,,172600.0,True,11.26,True,1.0,0.2458,True,162846.1538,182688.4615,194500.0,202530.7692,159177.0,5.84,17.34,True,False,False,6.77,False,True,False,,False,False,,2026-07-01,2026-07-31,172600.0,18,0,-4.287,165200.0,2026-07-28,-7.242,160100.0,2026-07-29,-3.013,167400.0,2026-07-30,-2.375,168500.0,2026-07-31,-1.796,169500.0,2026-08-03,-2.202,168800.0,2026-08-04,-1.101,170700.0,2026-08-05,-0.637,171500.0,2026-08-06,1.854,175800.0,2026-08-07,-0.521,171700.0,2026-08-10,-3.476,166600.0,2026-08-11,-3.824,166000.0,2026-08-12,-2.607,168100.0,2026-08-13,-2.375,168500.0,2026-08-14,-2.375,168500.0,2026-08-18,-3.592,166400.0,2026-08-19,-7.3,160000.0,2026-08-20,-4.809,164300.0,2026-08-21,,,,,,,2026-08-21,1.854,-7.3,2.491,-9.618,,0.0,0.0,0.0,1.0,STOP,2026-07-29
012330,현대모비스,2026-07-27,2026-07-27,WATCH,60,LOWER_CHANNEL_WATCH,중기 Higher High + Higher Low | 상승추세 안의 단기 조정 + 전저점 유지 | 상승 평행채널 유효(커버리지 100%) | 최근 추세 하단(싼 구간) 접촉 | 현재도 채널 하단권 | 추세 하단 부근 쌍바닥/Higher-Low 형태,,463500.0,True,14.33,True,1.0,0.0246,True,461454.5455,503000.0,541000.0,544545.4545,447610.9091,8.52,17.49,True,False,False,14.31,False,False,False,,False,False,,2026-07-01,2026-07-31,463500.0,18,0,-5.07,440000.0,2026-07-28,-3.991,445000.0,2026-07-29,-3.991,445000.0,2026-07-30,2.697,476000.0,2026-07-31,6.472,493500.0,2026-08-03,3.883,481500.0,2026-08-04,8.522,503000.0,2026-08-05,9.601,508000.0,2026-08-06,7.12,496500.0,2026-08-07,8.954,505000.0,2026-08-10,6.904,495500.0,2026-08-11,7.551,498500.0,2026-08-12,10.248,511000.0,2026-08-13,18.015,547000.0,2026-08-14,11.758,518000.0,2026-08-18,9.817,509000.0,2026-08-19,9.385,507000.0,2026-08-20,7.012,496000.0,2026-08-21,,,,,,,2026-08-21,18.015,-5.07,19.957,-9.277,,0.0,0.0,0.0,1.0,STOP,2026-07-28
055550,신한지주,2026-07-22,2026-07-22,WATCH,68,LOWER_CHANNEL_WATCH,중기 Higher High + Higher Low | 상승추세 안의 단기 조정 + 전저점 유지 | 상승 평행채널 유효(커버리지 99%) | 최근 추세 하단(싼 구간) 접촉 | 현재도 채널 하단권 | 추세 하단 부근 쌍바닥/Higher-Low 형태 | 이동평균선 밀집,,104500.0,True,7.77,True,0.9867,0.3195,True,99705.8824,107208.8235,113300.0,114711.7647,100880.0,2.59,9.77,True,False,True,5.26,False,True,False,,False,False,,2026-07-01,2026-07-31,104500.0,20,1,-0.67,103800.0,2026-07-23,-0.096,104400.0,2026-07-24,0.478,105000.0,2026-07-27,-3.445,100900.0,2026-07-28,-5.933,98300.0,2026-07-29,-3.541,100800.0,2026-07-30,-3.636,100700.0,2026-07-31,-1.722,102700.0,2026-08-03,-2.105,102300.0,2026-08-04,-0.861,103600.0,2026-08-05,2.775,107400.0,2026-08-06,5.263,110000.0,2026-08-07,1.818,106400.0,2026-08-10,0.0,104500.0,2026-08-11,-0.67,103800.0,2026-08-12,2.01,106600.0,2026-08-13,2.775,107400.0,2026-08-14,1.914,106500.0,2026-08-18,0.478,105000.0,2026-08-19,-3.254,101100.0,2026-08-20,2026-08-20,5.263,-5.933,5.55,-8.421,0.0,1.0,0.0,0.0,1.0,STOP,2026-07-28
055550,신한지주,2026-07-23,2026-07-23,WATCH,68,LOWER_CHANNEL_WATCH,중기 Higher High + Higher Low | 상승추세 안의 단기 조정 + 전저점 유지 | 상승 평행채널 유효(커버리지 99%) | 최근 추세 하단(싼 구간) 접촉 | 현재도 채널 하단권 | 추세 하단 부근 쌍바닥/Higher-Low 형태 | 이동평균선 밀집,,103800.0,True,8.38,True,0.9868,0.2572,True,99941.1765,107444.1176,113300.0,114947.0588,100880.0,3.51,10.74,True,False,True,4.55,False,True,False,,False,False,,2026-07-01,2026-07-31,103800.0,20,1,0.578,104400.0,2026-07-24,1.156,105000.0,2026-07-27,-2.794,100900.0,2026-07-28,-5.299,98300.0,2026-07-29,-2.89,100800.0,2026-07-30,-2.987,100700.0,2026-07-31,-1.06,102700.0,2026-08-03,-1.445,102300.0,2026-08-04,-0.193,103600.0,2026-08-05,3.468,107400.0,2026-08-06,5.973,110000.0,2026-08-07,2.505,106400.0,2026-08-10,0.674,104500.0,2026-08-11,0.0,103800.0,2026-08-12,2.697,106600.0,2026-08-13,3.468,107400.0,2026-08-14,2.601,106500.0,2026-08-18,1.156,105000.0,2026-08-19,-2.601,101100.0,2026-08-20,0.289,104100.0,2026-08-21,2026-08-21,5.973,-5.299,6.262,-7.803,1.0,1.0,0.0,0.0,1.0,STOP,2026-07-28
068270,셀트리온,2026-07-01,2026-07-01,WATCH,68,LOWER_CHANNEL_WATCH,중기 Higher High + Higher Low | 상승추세 안의 단기 조정 + 전저점 유지 | 상승 평행채널 유효(커버리지 100%) | 최근 추세 하단(싼 구간) 접촉 | 현재도 채널 하단권 | 추세 하단 부근 쌍바닥/Higher-Low 형태 | 이동평균선 밀집,,174500.0,True,4.07,True,1.0,0.2389,True,162551.3125,187554.0312,180300.0,212556.75,157674.7731,7.48,21.81,True,False,True,6.43,False,True,False,,False,False,,2026-07-01,2026-07-31,174500.0,20,1,1.203,176600.0,2026-07-02,5.215,183600.0,2026-07-03,0.802,175900.0,2026-07-06,2.12,178200.0,2026-07-07,1.318,176800.0,2026-07-08,-0.802,173100.0,2026-07-09,0.401,175200.0,2026-07-10,0.344,175100.0,2026-07-13,-0.974,172800.0,2026-07-14,0.688,175700.0,2026-07-15,0.745,175800.0,2026-07-16,-1.089,172600.0,2026-07-20,-1.662,171600.0,2026-07-21,-2.521,170100.0,2026-07-22,-1.318,172200.0,2026-07-23,1.777,177600.0,2026-07-24,2.407,178700.0,2026-07-27,1.662,177400.0,2026-07-28,3.152,180000.0,2026-07-29,8.883,190000.0,2026-07-30,2026-07-30,8.883,-2.521,9.857,-3.61,1.0,0.0,1.0,0.0,0.0,TIMEOUT,2026-07-30
068270,셀트리온,2026-07-02,2026-07-02,WATCH,68,LOWER_CHANNEL_WATCH,중기 Higher High + Higher Low | 상승추세 안의 단기 조정 + 전저점 유지 | 상승 평행채널 유효(커버리지 100%) | 최근 추세 하단(싼 구간) 접촉 | 현재도 채널 하단권 | 추세 하단 부근 쌍바닥/Higher-Low 형태 | 이동평균선 밀집,,176600.0,True,3.6,True,1.0,0.2762,True,162789.625,187792.3438,180300.0,212795.0625,157905.9362,6.34,20.5,True,False,True,6.26,False,False,False,,False,False,,2026-07-01,2026-07-31,176600.0,20,1,3.964,183600.0,2026-07-03,-0.396,175900.0,2026-07-06,0.906,178200.0,2026-07-07,0.113,176800.0,2026-07-08,-1.982,173100.0,2026-07-09,-0.793,175200.0,2026-07-10,-0.849,175100.0,2026-07-13,-2.152,172800.0,2026-07-14,-0.51,175700.0,2026-07-15,-0.453,175800.0,2026-07-16,-2.265,172600.0,2026-07-20,-2.831,171600.0,2026-07-21,-3.681,170100.0,2026-07-22,-2.492,172200.0,2026-07-23,0.566,177600.0,2026-07-24,1.189,178700.0,2026-07-27,0.453,177400.0,2026-07-28,1.925,180000.0,2026-07-29,7.588,190000.0,2026-07-30,5.719,186700.0,2026-07-31,2026-07-31,7.588,-3.681,8.55,-4.757,1.0,0.0,1.0,0.0,0.0,TIMEOUT,2026-07-31
068270,셀트리온,2026-07-03,2026-07-03,WATCH,68,LOWER_CHANNEL_WATCH,중기 Higher High + Higher Low | 상승 평행채널 유효(커버리지 100%) | 최근 추세 하단(싼 구간) 접촉 | 추세 하단 부근 쌍바닥/Higher-Low 형태 | 쌍바닥 넥라인 돌파 확인 | 이동평균선 밀집 | 이동평균선 재돌파 | 재상승 후 5일선 지지,,183600.0,True,2.34,True,1.0,0.4114,True,163027.9375,188030.6562,180300.0,213033.375,158137.0994,2.41,16.03,True,True,True,5.66,True,True,False,,False,False,,2026-07-01,2026-07-31,183600.0,20,1,-4.194,175900.0,2026-07-06,-2.941,178200.0,2026-07-07,-3.704,176800.0,2026-07-08,-5.719,173100.0,2026-07-09,-4.575,175200.0,2026-07-10,-4.63,175100.0,2026-07-13,-5.882,172800.0,2026-07-14,-4.303,175700.0,2026-07-15,-4.248,175800.0,2026-07-16,-5.991,172600.0,2026-07-20,-6.536,171600.0,2026-07-21,-7.353,170100.0,2026-07-22,-6.209,172200.0,2026-07-23,-3.268,177600.0,2026-07-24,-2.669,178700.0,2026-07-27,-3.377,177400.0,2026-07-28,-1.961,180000.0,2026-07-29,3.486,190000.0,2026-07-30,1.688,186700.0,2026-07-31,-0.763,182200.0,2026-08-03,2026-08-03,3.486,-7.353,4.412,-8.388,0.0,0.0,,0.0,0.0,TIMEOUT,2026-08-03
068270,셀트리온,2026-07-06,2026-07-06,WATCH,68,LOWER_CHANNEL_WATCH,중기 Higher High + Higher Low | 상승추세 안의 단기 조정 + 전저점 유지 | 상승 평행채널 유효(커버리지 100%) | 최근 추세 하단(싼 구간) 접촉 | 현재도 채널 하단권 | 추세 하단 부근 쌍바닥/Higher-Low 형태 | 이동평균선 밀집,,175900.0,True,6.44,True,1.0,0.2526,True,163266.25,188268.9688,180300.0,213271.6875,158368.2625,7.03,21.25,True,False,True,5.36,False,True,False,,False,False,,2026-07-01,2026-07-31,175900.0,20,1,1.308,178200.0,2026-07-07,0.512,176800.0,2026-07-08,-1.592,173100.0,2026-07-09,-0.398,175200.0,2026-07-10,-0.455,175100.0,2026-07-13,-1.762,172800.0,2026-07-14,-0.114,175700.0,2026-07-15,-0.057,175800.0,2026-07-16,-1.876,172600.0,2026-07-20,-2.445,171600.0,2026-07-21,-3.297,170100.0,2026-07-22,-2.103,172200.0,2026-07-23,0.966,177600.0,2026-07-24,1.592,178700.0,2026-07-27,0.853,177400.0,2026-07-28,2.331,180000.0,2026-07-29,8.016,190000.0,2026-07-30,6.14,186700.0,2026-07-31,3.582,182200.0,2026-08-03,5.628,185800.0,2026-08-04,2026-08-04,8.016,-3.297,8.982,-4.377,1.0,0.0,1.0,0.0,0.0,TIMEOUT,2026-08-04
068270,셀트리온,2026-07-07,2026-07-07,WATCH,73,LOWER_CHANNEL_WATCH,중기 Higher High + Higher Low | 상승추세 안의 단기 조정 + 전저점 유지 | 상승 평행채널 유효(커버리지 100%) | 최근 추세 하단(싼 구간) 접촉 | 현재도 채널 하단권 | 추세 하단 부근 쌍바닥/Higher-Low 형태 | 쌍바닥 넥라인 돌파 확인 | 이동평균선 밀집,,178200.0,True,5.21,True,1.0,0.2939,True,163504.5625,188507.2812,180300.0,213510.0,158599.4256,5.78,19.81,True,True,True,4.93,False,False,False,,False,False,,2026-07-01,2026-07-31,178200.0,20,1,-0.786,176800.0,2026-07-08,-2.862,173100.0,2026-07-09,-1.684,175200.0,2026-07-10,-1.74,175100.0,2026-07-13,-3.03,172800.0,2026-07-14,-1.403,175700.0,2026-07-15,-1.347,175800.0,2026-07-16,-3.143,172600.0,2026-07-20,-3.704,171600.0,2026-07-21,-4.545,170100.0,2026-07-22,-3.367,172200.0,2026-07-23,-0.337,177600.0,2026-07-24,0.281,178700.0,2026-07-27,-0.449,177400.0,2026-07-28,1.01,180000.0,2026-07-29,6.622,190000.0,2026-07-30,4.77,186700.0,2026-07-31,2.245,182200.0,2026-08-03,4.265,185800.0,2026-08-04,6.79,190300.0,2026-08-05,2026-08-05,6.79,-4.545,8.305,-5.612,1.0,0.0,1.0,0.0,0.0,TIMEOUT,2026-08-05
068270,셀트리온,2026-07-08,2026-07-08,WATCH,68,LOWER_CHANNEL_WATCH,중기 Higher High + Higher Low | 상승추세 안의 단기 조정 + 전저점 유지 | 상승 평행채널 유효(커버리지 100%) | 최근 추세 하단(싼 구간) 접촉 | 현재도 채널 하단권 | 추세 하단 부근 쌍바닥/Higher-Low 형태 | 이동평균선 밀집,,176800.0,True,5.96,True,1.0,0.1036,True,170732.0,200023.5,188000.0,229315.0,165610.04,13.14,29.7,True,False,True,4.55,False,True,False,,False,False,,2026-07-01,2026-07-31,176800.0,20,1,-2.093,173100.0,2026-07-09,-0.905,175200.0,2026-07-10,-0.962,175100.0,2026-07-13,-2.262,172800.0,2026-07-14,-0.622,175700.0,2026-07-15,-0.566,175800.0,2026-07-16,-2.376,172600.0,2026-07-20,-2.941,171600.0,2026-07-21,-3.79,170100.0,2026-07-22,-2.602,172200.0,2026-07-23,0.452,177600.0,2026-07-24,1.075,178700.0,2026-07-27,0.339,177400.0,2026-07-28,1.81,180000.0,2026-07-29,7.466,190000.0,2026-07-30,5.6,186700.0,2026-07-31,3.054,182200.0,2026-08-03,5.09,185800.0,2026-08-04,7.636,190300.0,2026-08-05,10.294,195000.0,2026-08-06,2026-08-06,10.294,-3.79,11.029,-4.864,1.0,0.0,0.0,0.0,1.0,STOP,2026-07-21
068270,셀트리온,2026-07-09,2026-07-09,WATCH,68,LOWER_CHANNEL_WATCH,중기 Higher High + Higher Low | 상승추세 안의 단기 조정 + 전저점 유지 | 상승 평행채널 유효(커버리지 100%) | 최근 추세 하단(싼 구간) 접촉 | 현재도 채널 하단권 | 추세 하단 부근 쌍바닥/Higher-Low 형태 | 이동평균선 밀집,,173100.0,True,7.93,True,1.0,0.0309,True,171288.0,200579.5,188000.0,229871.0,166149.36,15.87,32.8,True,False,True,4.29,False,False,False,,False,False,,2026-07-01,2026-07-31,173100.0,20,1,1.213,175200.0,2026-07-10,1.155,175100.0,2026-07-13,-0.173,172800.0,2026-07-14,1.502,175700.0,2026-07-15,1.56,175800.0,2026-07-16,-0.289,172600.0,2026-07-20,-0.867,171600.0,2026-07-21,-1.733,170100.0,2026-07-22,-0.52,172200.0,2026-07-23,2.6,177600.0,2026-07-24,3.235,178700.0,2026-07-27,2.484,177400.0,2026-07-28,3.986,180000.0,2026-07-29,9.763,190000.0,2026-07-30,7.857,186700.0,2026-07-31,5.257,182200.0,2026-08-03,7.337,185800.0,2026-08-04,9.936,190300.0,2026-08-05,12.652,195000.0,2026-08-06,15.136,199300.0,2026-08-07,2026-08-07,15.136,-1.733,15.136,-2.831,1.0,0.0,0.0,0.0,1.0,STOP,2026-07-21
068270,셀트리온,2026-07-10,2026-07-10,WATCH,68,LOWER_CHANNEL_WATCH,중기 Higher High + Higher Low | 상승추세 안의 단기 조정 + 전저점 유지 | 상승 평행채널 유효(커버리지 100%) | 최근 추세 하단(싼 구간) 접촉 | 현재도 채널 하단권 | 추세 하단 부근 쌍바닥/Higher-Low 형태 | 이동평균선 밀집,,175200.0,True,6.81,True,1.0,0.0573,True,171844.0,201135.5,188000.0,230427.0,166688.68,14.8,31.52,True,False,True,4.07,False,True,False,,False,False,,2026-07-01,2026-07-31,175200.0,20,1,-0.057,175100.0,2026-07-13,-1.37,172800.0,2026-07-14,0.285,175700.0,2026-07-15,0.342,175800.0,2026-07-16,-1.484,172600.0,2026-07-20,-2.055,171600.0,2026-07-21,-2.911,170100.0,2026-07-22,-1.712,172200.0,2026-07-23,1.37,177600.0,2026-07-24,1.998,178700.0,2026-07-27,1.256,177400.0,2026-07-28,2.74,180000.0,2026-07-29,8.447,190000.0,2026-07-30,6.564,186700.0,2026-07-31,3.995,182200.0,2026-08-03,6.05,185800.0,2026-08-04,8.619,190300.0,2026-08-05,11.301,195000.0,2026-08-06,13.756,199300.0,2026-08-07,14.726,201000.0,2026-08-10,2026-08-10,14.726,-2.911,15.297,-3.995,1.0,0.0,0.0,0.0,1.0,STOP,2026-07-21
068270,셀트리온,2026-07-13,2026-07-13,WATCH,68,LOWER_CHANNEL_WATCH,중기 Higher High + Higher Low | 상승추세 안의 단기 조정 + 전저점 유지 | 상승 평행채널 유효(커버리지 100%) | 최근 추세 하단(싼 구간) 접촉 | 현재도 채널 하단권 | 추세 하단 부근 쌍바닥/Higher-Low 형태 | 이동평균선 밀집,,175100.0,True,6.86,True,1.0,0.0461,True,172400.0,201691.5,188000.0,230983.0,167228.0,15.19,31.91,True,False,True,3.93,False,True,False,,False,False,,2026-07-01,2026-07-31,175100.0,20,1,-1.314,172800.0,2026-07-14,0.343,175700.0,2026-07-15,0.4,175800.0,2026-07-16,-1.428,172600.0,2026-07-20,-1.999,171600.0,2026-07-21,-2.856,170100.0,2026-07-22,-1.656,172200.0,2026-07-23,1.428,177600.0,2026-07-24,2.056,178700.0,2026-07-27,1.314,177400.0,2026-07-28,2.798,180000.0,2026-07-29,8.509,190000.0,2026-07-30,6.625,186700.0,2026-07-31,4.055,182200.0,2026-08-03,6.111,185800.0,2026-08-04,8.681,190300.0,2026-08-05,11.365,195000.0,2026-08-06,13.821,199300.0,2026-08-07,14.792,201000.0,2026-08-10,20.217,210500.0,2026-08-11,2026-08-11,20.217,-2.856,21.074,-3.941,1.0,0.0,0.0,0.0,1.0,STOP,2026-07-21
068270,셀트리온,2026-07-14,2026-07-14,WATCH,68,LOWER_CHANNEL_WATCH,중기 Higher High + Higher Low | 상승추세 안의 단기 조정 + 전저점 유지 | 상승 평행채널 유효(커버리지 100%) | 최근 추세 하단(싼 구간) 접촉 | 현재도 채널 하단권 | 추세 하단 부근 쌍바닥/Higher-Low 형태 | 이동평균선 밀집,,172800.0,True,8.09,True,1.0,-0.0027,True,172956.0,202247.5,188000.0,231539.0,167767.32,17.04,33.99,True,False,True,3.84,False,True,False,,False,False,,2026-07-01,2026-07-31,172800.0,20,1,1.678,175700.0,2026-07-15,1.736,175800.0,2026-07-16,-0.116,172600.0,2026-07-20,-0.694,171600.0,2026-07-21,-1.562,170100.0,2026-07-22,-0.347,172200.0,2026-07-23,2.778,177600.0,2026-07-24,3.414,178700.0,2026-07-27,2.662,177400.0,2026-07-28,4.167,180000.0,2026-07-29,9.954,190000.0,2026-07-30,8.044,186700.0,2026-07-31,5.44,182200.0,2026-08-03,7.523,185800.0,2026-08-04,10.127,190300.0,2026-08-05,12.847,195000.0,2026-08-06,15.336,199300.0,2026-08-07,16.319,201000.0,2026-08-10,21.817,210500.0,2026-08-11,16.898,202000.0,2026-08-12,2026-08-12,21.817,-1.562,22.685,-2.662,1.0,0.0,0.0,0.0,1.0,STOP,2026-07-21
068270,셀트리온,2026-07-15,2026-07-15,WATCH,68,LOWER_CHANNEL_WATCH,중기 Higher High + Higher Low | 상승추세 안의 단기 조정 + 전저점 유지 | 상승 평행채널 유효(커버리지 100%) | 최근 추세 하단(싼 구간) 접촉 | 현재도 채널 하단권 | 추세 하단 부근 쌍바닥/Higher-Low 형태 | 이동평균선 밀집,,175700.0,True,6.54,True,1.0,0.0373,True,173512.0,202803.5,188000.0,232095.0,168306.64,15.43,32.1,True,False,True,3.52,False,True,False,,False,False,,2026-07-01,2026-07-31,175700.0,20,1,0.057,175800.0,2026-07-16,-1.764,172600.0,2026-07-20,-2.334,171600.0,2026-07-21,-3.187,170100.0,2026-07-22,-1.992,172200.0,2026-07-23,1.081,177600.0,2026-07-24,1.707,178700.0,2026-07-27,0.968,177400.0,2026-07-28,2.447,180000.0,2026-07-29,8.139,190000.0,2026-07-30,6.261,186700.0,2026-07-31,3.699,182200.0,2026-08-03,5.748,185800.0,2026-08-04,8.31,190300.0,2026-08-05,10.985,195000.0,2026-08-06,13.432,199300.0,2026-08-07,14.4,201000.0,2026-08-10,19.806,210500.0,2026-08-11,14.969,202000.0,2026-08-12,14.969,202000.0,2026-08-13,2026-08-13,19.806,-3.187,20.66,-4.269,1.0,0.0,0.0,0.0,1.0,STOP,2026-07-21
068270,셀트리온,2026-07-16,2026-07-16,WATCH,68,LOWER_CHANNEL_WATCH,중기 Higher High + Higher Low | 상승추세 안의 단기 조정 + 전저점 유지 | 상승 평행채널 유효(커버리지 100%) | 최근 추세 하단(싼 구간) 접촉 | 현재도 채널 하단권 | 추세 하단 부근 쌍바닥/Higher-Low 형태 | 이동평균선 밀집,,175800.0,True,6.49,True,1.0,0.0296,True,174068.0,203359.5,188000.0,232651.0,168845.96,15.68,32.34,True,False,True,3.25,False,True,False,,False,False,,2026-07-01,2026-07-31,175800.0,20,1,-1.82,172600.0,2026-07-20,-2.389,171600.0,2026-07-21,-3.242,170100.0,2026-07-22,-2.048,172200.0,2026-07-23,1.024,177600.0,2026-07-24,1.65,178700.0,2026-07-27,0.91,177400.0,2026-07-28,2.389,180000.0,2026-07-29,8.077,190000.0,2026-07-30,6.2,186700.0,2026-07-31,3.641,182200.0,2026-08-03,5.688,185800.0,2026-08-04,8.248,190300.0,2026-08-05,10.922,195000.0,2026-08-06,13.367,199300.0,2026-08-07,14.334,201000.0,2026-08-10,19.738,210500.0,2026-08-11,14.903,202000.0,2026-08-12,14.903,202000.0,2026-08-13,14.334,201000.0,2026-08-14,2026-08-14,19.738,-3.242,20.592,-4.323,1.0,0.0,0.0,0.0,1.0,STOP,2026-07-21
068270,셀트리온,2026-07-20,2026-07-20,WATCH,68,LOWER_CHANNEL_WATCH,중기 Higher High + Higher Low | 상승추세 안의 단기 조정 + 전저점 유지 | 상승 평행채널 유효(커버리지 100%) | 최근 추세 하단(싼 구간) 접촉 | 현재도 채널 하단권 | 추세 하단 부근 쌍바닥/Higher-Low 형태 | 이동평균선 밀집,,172600.0,True,8.19,True,1.0,-0.0345,True,174624.0,203915.5,188000.0,233207.0,169385.28,18.14,35.11,True,False,True,3.02,False,True,False,,False,False,,2026-07-01,2026-07-31,172600.0,20,1,-0.579,171600.0,2026-07-21,-1.448,170100.0,2026-07-22,-0.232,172200.0,2026-07-23,2.897,177600.0,2026-07-24,3.534,178700.0,2026-07-27,2.781,177400.0,2026-07-28,4.287,180000.0,2026-07-29,10.081,190000.0,2026-07-30,8.169,186700.0,2026-07-31,5.562,182200.0,2026-08-03,7.648,185800.0,2026-08-04,10.255,190300.0,2026-08-05,12.978,195000.0,2026-08-06,15.469,199300.0,2026-08-07,16.454,201000.0,2026-08-10,21.958,210500.0,2026-08-11,17.034,202000.0,2026-08-12,17.034,202000.0,2026-08-13,16.454,201000.0,2026-08-14,13.268,195500.0,2026-08-18,2026-08-18,21.958,-1.448,22.827,-2.549,1.0,0.0,0.0,0.0,1.0,STOP,2026-07-21
068270,셀트리온,2026-07-22,2026-07-22,WATCH,68,LOWER_CHANNEL_WATCH,중기 Higher High + Higher Low | 상승추세 안의 단기 조정 + 전저점 유지 | 상승 평행채널 유효(커버리지 100%) | 최근 추세 하단(싼 구간) 접촉 | 현재도 채널 하단권 | 추세 하단 부근 쌍바닥/Higher-Low 형태 | 이동평균선 밀집,,170100.0,True,9.52,True,1.0,0.0052,True,169764.0,202041.5,188000.0,234319.0,165870.0,18.78,37.75,True,False,True,3.08,False,True,False,,False,False,,2026-07-01,2026-07-31,170100.0,20,1,1.235,172200.0,2026-07-23,4.409,177600.0,2026-07-24,5.056,178700.0,2026-07-27,4.292,177400.0,2026-07-28,5.82,180000.0,2026-07-29,11.699,190000.0,2026-07-30,9.759,186700.0,2026-07-31,7.113,182200.0,2026-08-03,9.23,185800.0,2026-08-04,11.875,190300.0,2026-08-05,14.638,195000.0,2026-08-06,17.166,199300.0,2026-08-07,18.166,201000.0,2026-08-10,23.751,210500.0,2026-08-11,18.754,202000.0,2026-08-12,18.754,202000.0,2026-08-13,18.166,201000.0,2026-08-14,14.932,195500.0,2026-08-18,14.109,194100.0,2026-08-19,14.109,194100.0,2026-08-20,2026-08-20,23.751,1.235,24.633,0.0,1.0,1.0,1.0,0.0,0.0,TIMEOUT,2026-08-20
068270,셀트리온,2026-07-23,2026-07-23,WATCH,68,LOWER_CHANNEL_WATCH,중기 Higher High + Higher Low | 상승추세 안의 단기 조정 + 전저점 유지 | 상승 평행채널 유효(커버리지 100%) | 최근 추세 하단(싼 구간) 접촉 | 현재도 채널 하단권 | 추세 하단 부근 쌍바닥/Higher-Low 형태 | 이동평균선 밀집,,172200.0,True,8.4,True,1.0,0.0291,True,170320.0,202597.5,188000.0,234875.0,165870.0,17.65,36.4,True,False,True,3.21,False,True,False,,False,False,,2026-07-01,2026-07-31,172200.0,20,1,3.136,177600.0,2026-07-24,3.775,178700.0,2026-07-27,3.02,177400.0,2026-07-28,4.53,180000.0,2026-07-29,10.337,190000.0,2026-07-30,8.42,186700.0,2026-07-31,5.807,182200.0,2026-08-03,7.898,185800.0,2026-08-04,10.511,190300.0,2026-08-05,13.24,195000.0,2026-08-06,15.738,199300.0,2026-08-07,16.725,201000.0,2026-08-10,22.242,210500.0,2026-08-11,17.305,202000.0,2026-08-12,17.305,202000.0,2026-08-13,16.725,201000.0,2026-08-14,13.531,195500.0,2026-08-18,12.718,194100.0,2026-08-19,12.718,194100.0,2026-08-20,11.672,192300.0,2026-08-21,2026-08-21,22.242,3.02,23.113,-0.813,1.0,1.0,1.0,0.0,0.0,TIMEOUT,2026-08-21
086790,하나금융지주,2026-07-14,2026-07-14,WATCH,68,LOWER_CHANNEL_WATCH,중기 Higher High + Higher Low | 상승 평행채널 유효(커버리지 91%) | 최근 추세 하단(싼 구간) 접촉 | 추세 하단 부근 쌍바닥/Higher-Low 형태 | 쌍바닥 넥라인 돌파 확인 | 이동평균선 밀집 | 이동평균선 재돌파 | 재상승 후 5일선 지지,,134000.0,True,2.69,True,0.9123,0.6751,True,119916.6667,130347.2222,136000.0,140777.7778,116319.1667,-2.73,5.06,True,True,True,4.77,True,True,False,,False,False,,2026-07-01,2026-07-31,134000.0,20,1,2.09,136800.0,2026-07-15,2.09,136800.0,2026-07-16,-0.448,133400.0,2026-07-20,-1.045,132600.0,2026-07-21,-1.791,131600.0,2026-07-22,-2.612,130500.0,2026-07-23,-1.194,132400.0,2026-07-24,-2.537,130600.0,2026-07-27,-8.209,123000.0,2026-07-28,-10.149,120400.0,2026-07-29,-7.015,124600.0,2026-07-30,-6.418,125400.0,2026-07-31,-5.299,126900.0,2026-08-03,-4.776,127600.0,2026-08-04,-4.03,128600.0,2026-08-05,-0.522,133300.0,2026-08-06,0.522,134700.0,2026-08-07,-2.687,130400.0,2026-08-10,-4.701,127700.0,2026-08-11,-4.552,127900.0,2026-08-12,2026-08-12,2.09,-10.149,6.343,-12.239,0.0,,1.0,1.0,0.0,UPPER,2026-07-16
086790,하나금융지주,2026-07-15,2026-07-15,WATCH,60,LOWER_CHANNEL_WATCH,중기 Higher High + Higher Low | 상승 평행채널 유효(커버리지 91%) | 최근 추세 하단(싼 구간) 접촉 | 추세 하단 부근 쌍바닥/Higher-Low 형태 | 쌍바닥 넥라인 돌파 확인 | 이동평균선 재돌파 | 재상승 후 5일선 지지,,136800.0,True,2.15,True,0.9138,0.7979,True,120155.5556,130586.1111,136000.0,141016.6667,116550.8889,-4.54,3.08,True,True,False,6.62,True,True,False,,False,False,,2026-07-01,2026-07-31,136800.0,20,1,0.0,136800.0,2026-07-16,-2.485,133400.0,2026-07-20,-3.07,132600.0,2026-07-21,-3.801,131600.0,2026-07-22,-4.605,130500.0,2026-07-23,-3.216,132400.0,2026-07-24,-4.532,130600.0,2026-07-27,-10.088,123000.0,2026-07-28,-11.988,120400.0,2026-07-29,-8.918,124600.0,2026-07-30,-8.333,125400.0,2026-07-31,-7.237,126900.0,2026-08-03,-6.725,127600.0,2026-08-04,-5.994,128600.0,2026-08-05,-2.558,133300.0,2026-08-06,-1.535,134700.0,2026-08-07,-4.678,130400.0,2026-08-10,-6.652,127700.0,2026-08-11,-6.506,127900.0,2026-08-12,-4.24,131000.0,2026-08-13,2026-08-13,0.0,-11.988,4.167,-14.035,0.0,,,1.0,0.0,UPPER,2026-07-16
086790,하나금융지주,2026-07-16,2026-07-16,WATCH,70,LOWER_CHANNEL_WATCH,중기 Higher High + Higher Low | 상승추세 안의 단기 조정 + 전저점 유지 | 상승 평행채널 유효(커버리지 92%) | 최근 추세 하단(싼 구간) 접촉 | 추세 하단 부근 쌍바닥/Higher-Low 형태 | 쌍바닥 넥라인 돌파 확인 | 이동평균선 재돌파 | 재상승 후 5일선 지지,,136800.0,True,4.0,True,0.9153,0.7864,True,120394.4444,130825.0,136000.0,141255.5556,116782.6111,-4.37,3.26,True,True,False,8.53,True,True,False,,False,False,,2026-07-01,2026-07-31,136800.0,20,1,-2.485,133400.0,2026-07-20,-3.07,132600.0,2026-07-21,-3.801,131600.0,2026-07-22,-4.605,130500.0,2026-07-23,-3.216,132400.0,2026-07-24,-4.532,130600.0,2026-07-27,-10.088,123000.0,2026-07-28,-11.988,120400.0,2026-07-29,-8.918,124600.0,2026-07-30,-8.333,125400.0,2026-07-31,-7.237,126900.0,2026-08-03,-6.725,127600.0,2026-08-04,-5.994,128600.0,2026-08-05,-2.558,133300.0,2026-08-06,-1.535,134700.0,2026-08-07,-4.678,130400.0,2026-08-10,-6.652,127700.0,2026-08-11,-6.506,127900.0,2026-08-12,-4.24,131000.0,2026-08-13,-2.778,133000.0,2026-08-14,2026-08-14,-1.535,-11.988,2.924,-14.035,0.0,,,0.0,1.0,STOP,2026-07-29
086790,하나금융지주,2026-07-20,2026-07-20,WATCH,60,LOWER_CHANNEL_WATCH,중기 Higher High + Higher Low | 상승추세 안의 단기 조정 + 전저점 유지 | 상승 평행채널 유효(커버리지 92%) | 최근 추세 하단(싼 구간) 접촉 | 추세 하단 부근 쌍바닥/Higher-Low 형태 | 쌍바닥 넥라인 돌파 확인,,133400.0,True,6.39,True,0.9167,0.612,True,120633.3333,131063.8889,136000.0,141494.4444,117014.3333,-1.75,6.07,True,True,False,9.35,False,False,False,,False,False,,2026-07-01,2026-07-31,133400.0,20,1,-0.6,132600.0,2026-07-21,-1.349,131600.0,2026-07-22,-2.174,130500.0,2026-07-23,-0.75,132400.0,2026-07-24,-2.099,130600.0,2026-07-27,-7.796,123000.0,2026-07-28,-9.745,120400.0,2026-07-29,-6.597,124600.0,2026-07-30,-5.997,125400.0,2026-07-31,-4.873,126900.0,2026-08-03,-4.348,127600.0,2026-08-04,-3.598,128600.0,2026-08-05,-0.075,133300.0,2026-08-06,0.975,134700.0,2026-08-07,-2.249,130400.0,2026-08-10,-4.273,127700.0,2026-08-11,-4.123,127900.0,2026-08-12,-1.799,131000.0,2026-08-13,-0.3,133000.0,2026-08-14,-2.024,130700.0,2026-08-18,2026-08-18,0.975,-9.745,1.799,-11.844,0.0,,0.0,0.0,1.0,STOP,2026-07-29
086790,하나금융지주,2026-07-21,2026-07-21,WATCH,60,LOWER_CHANNEL_WATCH,중기 Higher High + Higher Low | 상승추세 안의 단기 조정 + 전저점 유지 | 상승 평행채널 유효(커버리지 92%) | 최근 추세 하단(싼 구간) 접촉 | 추세 하단 부근 쌍바닥/Higher-Low 형태 | 쌍바닥 넥라인 돌파 확인,,132600.0,True,6.95,True,0.918,0.5622,True,120872.2222,131302.7778,136000.0,141733.3333,117246.0556,-0.98,6.89,True,True,False,9.28,False,False,False,,False,False,,2026-07-01,2026-07-31,132600.0,20,1,-0.754,131600.0,2026-07-22,-1.584,130500.0,2026-07-23,-0.151,132400.0,2026-07-24,-1.508,130600.0,2026-07-27,-7.24,123000.0,2026-07-28,-9.201,120400.0,2026-07-29,-6.033,124600.0,2026-07-30,-5.43,125400.0,2026-07-31,-4.299,126900.0,2026-08-03,-3.771,127600.0,2026-08-04,-3.017,128600.0,2026-08-05,0.528,133300.0,2026-08-06,1.584,134700.0,2026-08-07,-1.659,130400.0,2026-08-10,-3.695,127700.0,2026-08-11,-3.544,127900.0,2026-08-12,-1.207,131000.0,2026-08-13,0.302,133000.0,2026-08-14,-1.433,130700.0,2026-08-18,-3.846,127500.0,2026-08-19,2026-08-19,1.584,-9.201,2.413,-11.312,0.0,,0.0,0.0,1.0,STOP,2026-07-29
086790,하나금융지주,2026-07-22,2026-07-22,WATCH,60,LOWER_CHANNEL_WATCH,중기 Higher High + Higher Low | 상승추세 안의 단기 조정 + 전저점 유지 | 상승 평행채널 유효(커버리지 92%) | 최근 추세 하단(싼 구간) 접촉 | 추세 하단 부근 쌍바닥/Higher-Low 형태 | 쌍바닥 넥라인 돌파 확인,,131600.0,True,7.65,True,0.9194,0.469,True,121282.7586,132281.8966,142500.0,143281.0345,117644.2759,0.52,8.88,True,True,False,8.84,False,True,False,,False,False,,2026-07-01,2026-07-31,131600.0,20,1,-0.836,130500.0,2026-07-23,0.608,132400.0,2026-07-24,-0.76,130600.0,2026-07-27,-6.535,123000.0,2026-07-28,-8.511,120400.0,2026-07-29,-5.319,124600.0,2026-07-30,-4.711,125400.0,2026-07-31,-3.571,126900.0,2026-08-03,-3.04,127600.0,2026-08-04,-2.28,128600.0,2026-08-05,1.292,133300.0,2026-08-06,2.356,134700.0,2026-08-07,-0.912,130400.0,2026-08-10,-2.964,127700.0,2026-08-11,-2.812,127900.0,2026-08-12,-0.456,131000.0,2026-08-13,1.064,133000.0,2026-08-14,-0.684,130700.0,2026-08-18,-3.116,127500.0,2026-08-19,-6.231,123400.0,2026-08-20,2026-08-20,2.356,-8.511,2.508,-10.638,0.0,1.0,0.0,0.0,1.0,STOP,2026-07-29
086790,하나금융지주,2026-07-23,2026-07-23,WATCH,60,LOWER_CHANNEL_WATCH,중기 Higher High + Higher Low | 상승추세 안의 단기 조정 + 전저점 유지 | 상승 평행채널 유효(커버리지 92%) | 최근 추세 하단(싼 구간) 접촉 | 추세 하단 부근 쌍바닥/Higher-Low 형태 | 쌍바닥 넥라인 돌파 확인,,130500.0,True,8.42,True,0.9206,0.4072,True,121543.1034,132542.2414,142500.0,143541.3793,117896.8103,1.56,9.99,True,True,False,7.82,False,False,False,,False,False,,2026-07-01,2026-07-31,130500.0,20,1,1.456,132400.0,2026-07-24,0.077,130600.0,2026-07-27,-5.747,123000.0,2026-07-28,-7.739,120400.0,2026-07-29,-4.521,124600.0,2026-07-30,-3.908,125400.0,2026-07-31,-2.759,126900.0,2026-08-03,-2.222,127600.0,2026-08-04,-1.456,128600.0,2026-08-05,2.146,133300.0,2026-08-06,3.218,134700.0,2026-08-07,-0.077,130400.0,2026-08-10,-2.146,127700.0,2026-08-11,-1.992,127900.0,2026-08-12,0.383,131000.0,2026-08-13,1.916,133000.0,2026-08-14,0.153,130700.0,2026-08-18,-2.299,127500.0,2026-08-19,-5.441,123400.0,2026-08-20,-1.303,128800.0,2026-08-21,2026-08-21,3.218,-7.739,3.372,-9.885,0.0,1.0,0.0,0.0,1.0,STOP,2026-07-29
086790,하나금융지주,2026-07-24,2026-07-24,WATCH,65,LOWER_CHANNEL_WATCH,중기 Higher High + Higher Low | 상승추세 안의 단기 조정 + 전저점 유지 | 상승 평행채널 유효(커버리지 100%) | 최근 추세 하단(싼 구간) 접촉 | 현재도 채널 하단권 | 이동평균선 재돌파 | 재상승 후 5일선 지지,,132400.0,True,7.09,True,1.0,0.1363,True,128057.1429,143985.7143,142500.0,159914.2857,124215.4286,8.75,20.78,False,False,False,6.93,True,True,False,,False,False,,2026-07-01,2026-07-31,132400.0,19,0,-1.36,130600.0,2026-07-27,-7.1,123000.0,2026-07-28,-9.063,120400.0,2026-07-29,-5.891,124600.0,2026-07-30,-5.287,125400.0,2026-07-31,-4.154,126900.0,2026-08-03,-3.625,127600.0,2026-08-04,-2.87,128600.0,2026-08-05,0.68,133300.0,2026-08-06,1.737,134700.0,2026-08-07,-1.511,130400.0,2026-08-10,-3.55,127700.0,2026-08-11,-3.399,127900.0,2026-08-12,-1.057,131000.0,2026-08-13,0.453,133000.0,2026-08-14,-1.284,130700.0,2026-08-18,-3.701,127500.0,2026-08-19,-6.798,123400.0,2026-08-20,-2.719,128800.0,2026-08-21,,,,2026-08-21,1.737,-9.063,1.813,-11.178,,0.0,0.0,0.0,1.0,STOP,2026-07-28
000810,삼성화재,2026-07-22,2026-07-22,WATCH,60,LOWER_CHANNEL_WATCH,중기 Higher High + Higher Low | 상승추세 안의 단기 조정 + 전저점 유지 | 상승 평행채널 유효(커버리지 96%) | 최근 추세 하단(싼 구간) 접촉 | 현재도 채널 하단권 | 추세 하단 부근 쌍바닥/Higher-Low 형태,,630000.0,True,10.13,True,0.9577,-0.0598,True,642833.3333,750187.5,701000.0,857541.6667,623548.3333,19.08,36.12,True,False,False,6.99,False,False,False,,False,False,,2026-07-01,2026-07-31,630000.0,20,1,1.27,638000.0,2026-07-23,2.222,644000.0,2026-07-24,2.381,645000.0,2026-07-27,-3.333,609000.0,2026-07-28,-6.825,587000.0,2026-07-29,-1.905,618000.0,2026-07-30,0.317,632000.0,2026-07-31,-2.222,616000.0,2026-08-03,-1.587,620000.0,2026-08-04,1.111,637000.0,2026-08-05,2.857,648000.0,2026-08-06,2.381,645000.0,2026-08-07,0.0,630000.0,2026-08-10,1.746,641000.0,2026-08-11,-0.317,628000.0,2026-08-12,-3.016,611000.0,2026-08-13,-2.381,615000.0,2026-08-14,-0.635,626000.0,2026-08-18,-2.698,613000.0,2026-08-19,-1.27,622000.0,2026-08-20,2026-08-20,2.857,-6.825,4.603,-9.365,0.0,0.0,0.0,0.0,1.0,STOP,2026-07-23
015760,한국전력,2026-07-10,2026-07-10,WATCH,60,LOWER_CHANNEL_WATCH,중기 Higher High + Higher Low | 상승추세 안의 단기 조정 + 전저점 유지 | 상승 평행채널 유효(커버리지 97%) | 최근 추세 하단(싼 구간) 접촉 | 현재도 채널 하단권 | 추세 하단 부근 쌍바닥/Higher-Low 형태,,36200.0,True,16.01,True,0.9697,-0.0577,True,36660.0,40645.0,39500.0,44630.0,35560.2,12.28,23.29,True,False,False,8.85,False,False,False,,False,False,,2026-07-01,2026-07-31,36200.0,20,1,-5.387,34250.0,2026-07-13,-6.215,33950.0,2026-07-14,-6.354,33900.0,2026-07-15,-5.939,34050.0,2026-07-16,-8.84,33000.0,2026-07-20,-6.906,33700.0,2026-07-21,-6.354,33900.0,2026-07-22,-1.657,35600.0,2026-07-23,-2.21,35400.0,2026-07-24,0.0,36200.0,2026-07-27,-7.044,33650.0,2026-07-28,-8.564,33100.0,2026-07-29,-8.702,33050.0,2026-07-30,-3.867,34800.0,2026-07-31,-4.696,34500.0,2026-08-03,-2.901,35150.0,2026-08-04,-1.381,35700.0,2026-08-05,-0.691,35950.0,2026-08-06,-1.657,35600.0,2026-08-07,-1.381,35700.0,2026-08-10,2026-08-10,0.0,-8.84,0.829,-11.602,0.0,0.0,0.0,0.0,1.0,STOP,2026-07-13
316140,우리금융지주,2026-07-14,2026-07-14,WATCH,63,LOWER_CHANNEL_WATCH,중기 Higher High + Higher Low | 상승추세 안의 단기 조정 + 전저점 유지 | 상승 평행채널 유효(커버리지 100%) | 최근 추세 하단(싼 구간) 접촉 | 현재도 채널 하단권 | 이동평균선 밀집,,30700.0,True,8.9,True,1.0,0.1265,True,29750.0,33506.25,33700.0,37262.5,29100.0,9.14,21.38,False,False,True,3.84,False,True,False,,False,False,,2026-07-01,2026-07-31,30700.0,20,1,1.954,31300.0,2026-07-15,2.606,31500.0,2026-07-16,-0.489,30550.0,2026-07-20,-0.651,30500.0,2026-07-21,-0.163,30650.0,2026-07-22,0.651,30900.0,2026-07-23,0.489,30850.0,2026-07-24,7.818,33100.0,2026-07-27,3.42,31750.0,2026-07-28,4.397,32050.0,2026-07-29,6.515,32700.0,2026-07-30,9.446,33600.0,2026-07-31,8.632,33350.0,2026-08-03,8.143,33200.0,2026-08-04,8.632,33350.0,2026-08-05,9.121,33500.0,2026-08-06,13.355,34800.0,2026-08-07,8.632,33350.0,2026-08-10,10.098,33800.0,2026-08-11,7.492,33000.0,2026-08-12,2026-08-12,13.355,-0.651,13.518,-2.606,1.0,0.0,0.0,0.0,1.0,STOP,2026-07-24
316140,우리금융지주,2026-07-15,2026-07-15,WATCH,63,LOWER_CHANNEL_WATCH,중기 Higher High + Higher Low | 상승추세 안의 단기 조정 + 전저점 유지 | 상승 평행채널 유효(커버리지 100%) | 최근 추세 하단(싼 구간) 접촉 | 현재도 채널 하단권 | 이동평균선 밀집,,31300.0,True,4.86,True,1.0,0.1814,True,29937.5,33693.75,33700.0,37450.0,29100.0,7.65,19.65,False,False,True,3.67,False,True,False,,False,False,,2026-07-01,2026-07-31,31300.0,20,1,0.639,31500.0,2026-07-16,-2.396,30550.0,2026-07-20,-2.556,30500.0,2026-07-21,-2.077,30650.0,2026-07-22,-1.278,30900.0,2026-07-23,-1.438,30850.0,2026-07-24,5.751,33100.0,2026-07-27,1.438,31750.0,2026-07-28,2.396,32050.0,2026-07-29,4.473,32700.0,2026-07-30,7.348,33600.0,2026-07-31,6.55,33350.0,2026-08-03,6.07,33200.0,2026-08-04,6.55,33350.0,2026-08-05,7.029,33500.0,2026-08-06,11.182,34800.0,2026-08-07,6.55,33350.0,2026-08-10,7.987,33800.0,2026-08-11,5.431,33000.0,2026-08-12,6.39,33300.0,2026-08-13,2026-08-13,11.182,-2.556,11.342,-4.473,1.0,0.0,0.0,0.0,1.0,STOP,2026-07-24
316140,우리금융지주,2026-07-16,2026-07-16,WATCH,73,LOWER_CHANNEL_WATCH,중기 Higher High + Higher Low | 상승추세 안의 단기 조정 + 전저점 유지 | 상승 평행채널 유효(커버리지 100%) | 최근 추세 하단(싼 구간) 접촉 | 현재도 채널 하단권 | 이동평균선 밀집 | 이동평균선 재돌파 | 재상승 후 5일선 지지,,31500.0,True,4.26,True,1.0,0.183,True,30125.0,33881.25,33700.0,37637.5,29221.25,7.56,19.48,False,False,True,3.43,True,True,False,,False,False,,2026-07-01,2026-07-31,31500.0,20,1,-3.016,30550.0,2026-07-20,-3.175,30500.0,2026-07-21,-2.698,30650.0,2026-07-22,-1.905,30900.0,2026-07-23,-2.063,30850.0,2026-07-24,5.079,33100.0,2026-07-27,0.794,31750.0,2026-07-28,1.746,32050.0,2026-07-29,3.81,32700.0,2026-07-30,6.667,33600.0,2026-07-31,5.873,33350.0,2026-08-03,5.397,33200.0,2026-08-04,5.873,33350.0,2026-08-05,6.349,33500.0,2026-08-06,10.476,34800.0,2026-08-07,5.873,33350.0,2026-08-10,7.302,33800.0,2026-08-11,4.762,33000.0,2026-08-12,5.714,33300.0,2026-08-13,6.984,33700.0,2026-08-14,2026-08-14,10.476,-3.175,10.635,-5.079,1.0,0.0,0.0,0.0,1.0,STOP,2026-07-24
316140,우리금융지주,2026-07-20,2026-07-20,WATCH,63,LOWER_CHANNEL_WATCH,중기 Higher High + Higher Low | 상승추세 안의 단기 조정 + 전저점 유지 | 상승 평행채널 유효(커버리지 100%) | 최근 추세 하단(싼 구간) 접촉 | 현재도 채널 하단권 | 이동평균선 밀집,,30550.0,True,7.14,True,1.0,0.0316,True,30312.5,34068.75,33700.0,37825.0,29403.125,11.52,23.81,False,False,True,3.34,False,False,False,,False,False,,2026-07-01,2026-07-31,30550.0,20,1,-0.164,30500.0,2026-07-21,0.327,30650.0,2026-07-22,1.146,30900.0,2026-07-23,0.982,30850.0,2026-07-24,8.347,33100.0,2026-07-27,3.928,31750.0,2026-07-28,4.91,32050.0,2026-07-29,7.038,32700.0,2026-07-30,9.984,33600.0,2026-07-31,9.165,33350.0,2026-08-03,8.674,33200.0,2026-08-04,9.165,33350.0,2026-08-05,9.656,33500.0,2026-08-06,13.912,34800.0,2026-08-07,9.165,33350.0,2026-08-10,10.638,33800.0,2026-08-11,8.02,33000.0,2026-08-12,9.002,33300.0,2026-08-13,10.311,33700.0,2026-08-14,10.475,33750.0,2026-08-18,2026-08-18,13.912,-0.164,14.075,-2.128,1.0,0.0,0.0,0.0,1.0,STOP,2026-07-24
316140,우리금융지주,2026-07-21,2026-07-21,WATCH,63,LOWER_CHANNEL_WATCH,중기 Higher High + Higher Low | 상승추세 안의 단기 조정 + 전저점 유지 | 상승 평행채널 유효(커버리지 100%) | 최근 추세 하단(싼 구간) 접촉 | 현재도 채널 하단권 | 이동평균선 밀집,,30500.0,True,7.29,True,1.0,0.0,True,30500.0,34256.25,33700.0,38012.5,29585.0,12.32,24.63,False,False,True,2.95,False,False,False,,False,False,,2026-07-01,2026-07-31,30500.0,20,1,0.492,30650.0,2026-07-22,1.311,30900.0,2026-07-23,1.148,30850.0,2026-07-24,8.525,33100.0,2026-07-27,4.098,31750.0,2026-07-28,5.082,32050.0,2026-07-29,7.213,32700.0,2026-07-30,10.164,33600.0,2026-07-31,9.344,33350.0,2026-08-03,8.852,33200.0,2026-08-04,9.344,33350.0,2026-08-05,9.836,33500.0,2026-08-06,14.098,34800.0,2026-08-07,9.344,33350.0,2026-08-10,10.82,33800.0,2026-08-11,8.197,33000.0,2026-08-12,9.18,33300.0,2026-08-13,10.492,33700.0,2026-08-14,10.656,33750.0,2026-08-18,9.836,33500.0,2026-08-19,2026-08-19,14.098,0.492,14.262,-1.311,1.0,0.0,0.0,0.0,1.0,STOP,2026-07-24
316140,우리금융지주,2026-07-22,2026-07-22,WATCH,63,LOWER_CHANNEL_WATCH,중기 Higher High + Higher Low | 상승추세 안의 단기 조정 + 전저점 유지 | 상승 평행채널 유효(커버리지 100%) | 최근 추세 하단(싼 구간) 접촉 | 현재도 채널 하단권 | 이동평균선 밀집,,30650.0,True,6.84,True,1.0,-0.005,True,30687.5,34443.75,33700.0,38200.0,29766.875,12.38,24.63,False,False,True,2.5,False,True,False,,False,False,,2026-07-01,2026-07-31,30650.0,20,1,0.816,30900.0,2026-07-23,0.653,30850.0,2026-07-24,7.993,33100.0,2026-07-27,3.589,31750.0,2026-07-28,4.568,32050.0,2026-07-29,6.688,32700.0,2026-07-30,9.625,33600.0,2026-07-31,8.809,33350.0,2026-08-03,8.32,33200.0,2026-08-04,8.809,33350.0,2026-08-05,9.299,33500.0,2026-08-06,13.54,34800.0,2026-08-07,8.809,33350.0,2026-08-10,10.277,33800.0,2026-08-11,7.667,33000.0,2026-08-12,8.646,33300.0,2026-08-13,9.951,33700.0,2026-08-14,10.114,33750.0,2026-08-18,9.299,33500.0,2026-08-19,2.936,31550.0,2026-08-20,2026-08-20,13.54,0.653,13.703,-1.794,1.0,0.0,0.0,0.0,1.0,STOP,2026-07-24
316140,우리금융지주,2026-07-23,2026-07-23,WATCH,63,LOWER_CHANNEL_WATCH,중기 Higher High + Higher Low | 상승추세 안의 단기 조정 + 전저점 유지 | 상승 평행채널 유효(커버리지 100%) | 최근 추세 하단(싼 구간) 접촉 | 현재도 채널 하단권 | 이동평균선 밀집,,30900.0,True,6.08,True,1.0,0.0033,True,30875.0,34631.25,33700.0,38387.5,29948.75,12.08,24.23,False,False,True,2.0,False,True,False,,False,False,,2026-07-01,2026-07-31,30900.0,20,1,-0.162,30850.0,2026-07-24,7.12,33100.0,2026-07-27,2.751,31750.0,2026-07-28,3.722,32050.0,2026-07-29,5.825,32700.0,2026-07-30,8.738,33600.0,2026-07-31,7.929,33350.0,2026-08-03,7.443,33200.0,2026-08-04,7.929,33350.0,2026-08-05,8.414,33500.0,2026-08-06,12.621,34800.0,2026-08-07,7.929,33350.0,2026-08-10,9.385,33800.0,2026-08-11,6.796,33000.0,2026-08-12,7.767,33300.0,2026-08-13,9.061,33700.0,2026-08-14,9.223,33750.0,2026-08-18,8.414,33500.0,2026-08-19,2.104,31550.0,2026-08-20,2.751,31750.0,2026-08-21,2026-08-21,12.621,-0.162,12.783,-2.589,1.0,0.0,0.0,0.0,1.0,STOP,2026-07-24
011200,HMM,2026-07-23,2026-07-23,WATCH,63,LOWER_CHANNEL_WATCH,중기 Higher High + Higher Low | 상승 평행채널 유효(커버리지 100%) | 최근 추세 하단(싼 구간) 접촉 | 추세 하단 부근 쌍바닥/Higher-Low 형태 | 이동평균선 밀집 | 이동평균선 재돌파 | 재상승 후 5일선 지지,,21000.0,True,0.24,True,1.0,0.4217,True,18856.8182,21397.7273,23200.0,23938.6364,18633.7,1.89,13.99,True,False,True,3.71,True,True,False,,False,False,,2026-07-01,2026-07-31,21000.0,20,1,3.095,21650.0,2026-07-24,-1.667,20650.0,2026-07-27,-4.762,20000.0,2026-07-28,-3.571,20250.0,2026-07-29,-1.667,20650.0,2026-07-30,-0.238,20950.0,2026-07-31,-1.19,20750.0,2026-08-03,0.952,21200.0,2026-08-04,0.476,21100.0,2026-08-05,1.905,21400.0,2026-08-06,3.81,21800.0,2026-08-07,2.143,21450.0,2026-08-10,3.095,21650.0,2026-08-11,1.667,21350.0,2026-08-12,0.238,21050.0,2026-08-13,1.19,21250.0,2026-08-14,7.857,22650.0,2026-08-18,3.333,21700.0,2026-08-19,0.952,21200.0,2026-08-20,2.857,21600.0,2026-08-21,2026-08-21,7.857,-4.762,11.429,-5.857,1.0,1.0,1.0,0.0,0.0,TIMEOUT,2026-08-21
011200,HMM,2026-07-24,2026-07-24,WATCH,63,LOWER_CHANNEL_WATCH,중기 Higher High + Higher Low | 상승 평행채널 유효(커버리지 100%) | 최근 추세 하단(싼 구간) 접촉 | 추세 하단 부근 쌍바닥/Higher-Low 형태 | 이동평균선 밀집 | 이동평균선 재돌파 | 재상승 후 5일선 지지,,21650.0,True,2.04,True,1.0,0.5438,True,18886.3636,21427.2727,23200.0,23968.1818,18633.7,-1.03,10.71,True,False,True,4.38,True,True,False,,False,False,,2026-07-01,2026-07-31,21650.0,19,0,-4.619,20650.0,2026-07-27,-7.621,20000.0,2026-07-28,-6.467,20250.0,2026-07-29,-4.619,20650.0,2026-07-30,-3.233,20950.0,2026-07-31,-4.157,20750.0,2026-08-03,-2.079,21200.0,2026-08-04,-2.54,21100.0,2026-08-05,-1.155,21400.0,2026-08-06,0.693,21800.0,2026-08-07,-0.924,21450.0,2026-08-10,0.0,21650.0,2026-08-11,-1.386,21350.0,2026-08-12,-2.771,21050.0,2026-08-13,-1.848,21250.0,2026-08-14,4.619,22650.0,2026-08-18,0.231,21700.0,2026-08-19,-2.079,21200.0,2026-08-20,-0.231,21600.0,2026-08-21,,,,2026-08-21,4.619,-7.621,8.083,-8.684,,,1.0,0.0,0.0,TIMEOUT,2026-08-21
011200,HMM,2026-07-27,2026-07-27,WATCH,68,LOWER_CHANNEL_WATCH,중기 Higher High + Higher Low | 상승추세 안의 단기 조정 + 전저점 유지 | 상승 평행채널 유효(커버리지 100%) | 최근 추세 하단(싼 구간) 접촉 | 현재도 채널 하단권 | 추세 하단 부근 쌍바닥/Higher-Low 형태 | 이동평균선 밀집,,20650.0,True,6.56,True,1.0,0.3412,True,18915.9091,21456.8182,23200.0,23997.7273,18633.7,3.91,16.21,True,False,True,4.51,False,True,False,,False,False,,2026-07-01,2026-07-31,20650.0,18,0,-3.148,20000.0,2026-07-28,-1.937,20250.0,2026-07-29,0.0,20650.0,2026-07-30,1.453,20950.0,2026-07-31,0.484,20750.0,2026-08-03,2.663,21200.0,2026-08-04,2.179,21100.0,2026-08-05,3.632,21400.0,2026-08-06,5.569,21800.0,2026-08-07,3.874,21450.0,2026-08-10,4.843,21650.0,2026-08-11,3.39,21350.0,2026-08-12,1.937,21050.0,2026-08-13,2.906,21250.0,2026-08-14,9.685,22650.0,2026-08-18,5.085,21700.0,2026-08-19,2.663,21200.0,2026-08-20,4.6,21600.0,2026-08-21,,,,,,,2026-08-21,9.685,-3.148,13.317,-4.262,,1.0,1.0,0.0,0.0,TIMEOUT,2026-08-21
011200,HMM,2026-07-28,2026-07-28,WATCH,68,LOWER_CHANNEL_WATCH,중기 Higher High + Higher Low | 상승추세 안의 단기 조정 + 전저점 유지 | 상승 평행채널 유효(커버리지 100%) | 최근 추세 하단(싼 구간) 접촉 | 현재도 채널 하단권 | 추세 하단 부근 쌍바닥/Higher-Low 형태 | 이동평균선 밀집,,20000.0,True,9.5,True,1.0,0.2075,True,18945.4545,21486.3636,23200.0,24027.2727,18633.7,7.43,20.14,True,False,True,4.37,False,False,False,,False,False,,2026-07-01,2026-07-31,20000.0,17,0,1.25,20250.0,2026-07-29,3.25,20650.0,2026-07-30,4.75,20950.0,2026-07-31,3.75,20750.0,2026-08-03,6.0,21200.0,2026-08-04,5.5,21100.0,2026-08-05,7.0,21400.0,2026-08-06,9.0,21800.0,2026-08-07,7.25,21450.0,2026-08-10,8.25,21650.0,2026-08-11,6.75,21350.0,2026-08-12,5.25,21050.0,2026-08-13,6.25,21250.0,2026-08-14,13.25,22650.0,2026-08-18,8.5,21700.0,2026-08-19,6.0,21200.0,2026-08-20,8.0,21600.0,2026-08-21,,,,,,,,,,2026-08-21,13.25,1.25,17.0,-1.15,,1.0,1.0,0.0,0.0,TIMEOUT,2026-08-21
267250,HD현대,2026-07-28,2026-07-28,WATCH,60,LOWER_CHANNEL_WATCH,중기 Higher High + Higher Low | 상승추세 안의 단기 조정 + 전저점 유지 | 상승 평행채널 유효(커버리지 100%) | 최근 추세 하단(싼 구간) 접촉 | 현재도 채널 하단권 | 추세 하단 부근 쌍바닥/Higher-Low 형태,,194600.0,True,16.48,True,1.0,-0.0647,True,197135.7143,216728.5714,233000.0,236321.4286,191221.6429,11.37,21.44,True,False,False,20.2,False,False,False,,False,False,,2026-07-01,2026-07-31,194600.0,17,0,-3.546,187700.0,2026-07-29,-0.36,193900.0,2026-07-30,2.569,199600.0,2026-07-31,2.055,198600.0,2026-08-03,7.143,208500.0,2026-08-04,12.539,219000.0,2026-08-05,12.539,219000.0,2026-08-06,15.622,225000.0,2026-08-07,16.136,226000.0,2026-08-10,15.365,224500.0,2026-08-11,18.448,230500.0,2026-08-12,17.677,229000.0,2026-08-13,21.017,235500.0,2026-08-14,20.504,234500.0,2026-08-18,17.163,228000.0,2026-08-19,13.823,221500.0,2026-08-20,9.455,213000.0,2026-08-21,,,,,,,,,,2026-08-21,21.017,-3.546,23.844,-8.53,,0.0,0.0,0.0,1.0,STOP,2026-07-29
138040,메리츠금융지주,2026-07-14,2026-07-14,WATCH,68,LOWER_CHANNEL_WATCH,중기 Higher High + Higher Low | 상승추세 안의 단기 조정 + 전저점 유지 | 상승 평행채널 유효(커버리지 99%) | 최근 추세 하단(싼 구간) 접촉 | 현재도 채널 하단권 | 추세 하단 부근 쌍바닥/Higher-Low 형태 | 이동평균선 밀집,,113600.0,True,4.54,True,0.9857,0.0552,True,111200.0,132950.0,116800.0,154700.0,107864.0,17.03,36.18,True,False,True,4.48,False,True,False,,False,False,,2026-07-01,2026-07-31,113600.0,20,1,2.905,116900.0,2026-07-15,4.137,118300.0,2026-07-16,-0.528,113000.0,2026-07-20,-0.528,113000.0,2026-07-21,0.704,114400.0,2026-07-22,2.641,116600.0,2026-07-23,8.539,123300.0,2026-07-24,10.563,125600.0,2026-07-27,3.961,118100.0,2026-07-28,3.521,117600.0,2026-07-29,9.243,124100.0,2026-07-30,9.155,124000.0,2026-07-31,5.898,120300.0,2026-08-03,5.194,119500.0,2026-08-04,5.986,120400.0,2026-08-05,10.651,125700.0,2026-08-06,11.18,126300.0,2026-08-07,8.715,123500.0,2026-08-10,8.979,123800.0,2026-08-11,4.754,119000.0,2026-08-12,2026-08-12,11.18,-0.528,12.676,-2.113,1.0,0.0,1.0,0.0,1.0,STOP,2026-08-12
138040,메리츠금융지주,2026-07-15,2026-07-15,WATCH,73,LOWER_CHANNEL_WATCH,중기 Higher High + Higher Low | 상승 평행채널 유효(커버리지 99%) | 최근 추세 하단(싼 구간) 접촉 | 현재도 채널 하단권 | 추세 하단 부근 쌍바닥/Higher-Low 형태 | 쌍바닥 넥라인 돌파 확인 | 이동평균선 밀집 | 이동평균선 재돌파 | 재상승 후 5일선 지지,,116900.0,True,1.76,True,0.9859,0.1188,True,111733.3333,133483.3333,116800.0,155233.3333,108381.3333,14.19,32.79,True,True,True,4.79,True,True,False,,False,False,,2026-07-01,2026-07-31,116900.0,20,1,1.198,118300.0,2026-07-16,-3.336,113000.0,2026-07-20,-3.336,113000.0,2026-07-21,-2.139,114400.0,2026-07-22,-0.257,116600.0,2026-07-23,5.475,123300.0,2026-07-24,7.442,125600.0,2026-07-27,1.027,118100.0,2026-07-28,0.599,117600.0,2026-07-29,6.159,124100.0,2026-07-30,6.074,124000.0,2026-07-31,2.908,120300.0,2026-08-03,2.224,119500.0,2026-08-04,2.994,120400.0,2026-08-05,7.528,125700.0,2026-08-06,8.041,126300.0,2026-08-07,5.646,123500.0,2026-08-10,5.902,123800.0,2026-08-11,1.796,119000.0,2026-08-12,1.454,118600.0,2026-08-13,2026-08-13,8.041,-3.336,9.495,-4.876,1.0,0.0,,0.0,1.0,STOP,2026-08-12
138040,메리츠금융지주,2026-07-16,2026-07-16,WATCH,66,LOWER_CHANNEL_WATCH,중기 Higher High + Higher Low | 상승 평행채널 유효(커버리지 100%) | 최근 추세 하단(싼 구간) 접촉 | 추세 하단 부근 쌍바닥/Higher-Low 형태 | 쌍바닥 넥라인 돌파 확인 | 이동평균선 밀집 | 이동평균선 재돌파,,118300.0,True,0.59,True,1.0,0.953,True,102252.1739,110671.7391,119000.0,119091.3043,106312.0,-6.45,0.67,True,True,True,5.39,True,False,False,,False,False,,2026-07-01,2026-07-31,118300.0,20,1,-4.48,113000.0,2026-07-20,-4.48,113000.0,2026-07-21,-3.297,114400.0,2026-07-22,-1.437,116600.0,2026-07-23,4.227,123300.0,2026-07-24,6.171,125600.0,2026-07-27,-0.169,118100.0,2026-07-28,-0.592,117600.0,2026-07-29,4.903,124100.0,2026-07-30,4.818,124000.0,2026-07-31,1.691,120300.0,2026-08-03,1.014,119500.0,2026-08-04,1.775,120400.0,2026-08-05,6.255,125700.0,2026-08-06,6.762,126300.0,2026-08-07,4.396,123500.0,2026-08-10,4.649,123800.0,2026-08-11,0.592,119000.0,2026-08-12,0.254,118600.0,2026-08-13,-1.352,116700.0,2026-08-14,2026-08-14,6.762,-4.48,8.199,-6.002,0.0,,1.0,1.0,0.0,UPPER,2026-07-24
138040,메리츠금융지주,2026-07-20,2026-07-20,WATCH,68,LOWER_CHANNEL_WATCH,중기 Higher High + Higher Low | 상승추세 안의 단기 조정 + 전저점 유지 | 상승 평행채널 유효(커버리지 100%) | 최근 추세 하단(싼 구간) 접촉 | 추세 하단 부근 쌍바닥/Higher-Low 형태 | 쌍바닥 넥라인 돌파 확인 | 이동평균선 밀집,,113000.0,True,5.04,True,1.0,0.6365,True,102282.6087,110702.1739,119000.0,119121.7391,106312.0,-2.03,5.42,True,True,True,5.21,False,False,False,,False,False,,2026-07-01,2026-07-31,113000.0,20,1,0.0,113000.0,2026-07-21,1.239,114400.0,2026-07-22,3.186,116600.0,2026-07-23,9.115,123300.0,2026-07-24,11.15,125600.0,2026-07-27,4.513,118100.0,2026-07-28,4.071,117600.0,2026-07-29,9.823,124100.0,2026-07-30,9.735,124000.0,2026-07-31,6.46,120300.0,2026-08-03,5.752,119500.0,2026-08-04,6.549,120400.0,2026-08-05,11.239,125700.0,2026-08-06,11.77,126300.0,2026-08-07,9.292,123500.0,2026-08-10,9.558,123800.0,2026-08-11,5.31,119000.0,2026-08-12,4.956,118600.0,2026-08-13,3.274,116700.0,2026-08-14,3.717,117200.0,2026-08-18,2026-08-18,11.77,0.0,13.274,-1.062,1.0,,1.0,1.0,0.0,UPPER,2026-07-24
138040,메리츠금융지주,2026-07-21,2026-07-21,WATCH,68,LOWER_CHANNEL_WATCH,중기 Higher High + Higher Low | 상승추세 안의 단기 조정 + 전저점 유지 | 상승 평행채널 유효(커버리지 100%) | 최근 추세 하단(싼 구간) 접촉 | 추세 하단 부근 쌍바닥/Higher-Low 형태 | 쌍바닥 넥라인 돌파 확인 | 이동평균선 밀집,,113000.0,True,5.04,True,1.0,0.6347,True,102313.0435,110732.6087,119000.0,119152.1739,106312.0,-2.01,5.44,True,True,True,4.56,False,False,False,,False,False,,2026-07-01,2026-07-31,113000.0,20,1,1.239,114400.0,2026-07-22,3.186,116600.0,2026-07-23,9.115,123300.0,2026-07-24,11.15,125600.0,2026-07-27,4.513,118100.0,2026-07-28,4.071,117600.0,2026-07-29,9.823,124100.0,2026-07-30,9.735,124000.0,2026-07-31,6.46,120300.0,2026-08-03,5.752,119500.0,2026-08-04,6.549,120400.0,2026-08-05,11.239,125700.0,2026-08-06,11.77,126300.0,2026-08-07,9.292,123500.0,2026-08-10,9.558,123800.0,2026-08-11,5.31,119000.0,2026-08-12,4.956,118600.0,2026-08-13,3.274,116700.0,2026-08-14,3.717,117200.0,2026-08-18,1.947,115200.0,2026-08-19,2026-08-19,11.77,1.239,13.274,0.177,1.0,,1.0,1.0,0.0,UPPER,2026-07-24
138040,메리츠금융지주,2026-07-22,2026-07-22,WATCH,68,LOWER_CHANNEL_WATCH,중기 Higher High + Higher Low | 상승추세 안의 단기 조정 + 전저점 유지 | 상승 평행채널 유효(커버리지 100%) | 최근 추세 하단(싼 구간) 접촉 | 추세 하단 부근 쌍바닥/Higher-Low 형태 | 쌍바닥 넥라인 돌파 확인 | 이동평균선 밀집,,114400.0,True,3.87,True,1.0,0.716,True,102343.4783,110763.0435,119000.0,119182.6087,106312.0,-3.18,4.18,True,True,True,4.66,False,True,False,,False,False,,2026-07-01,2026-07-31,114400.0,20,1,1.923,116600.0,2026-07-23,7.78,123300.0,2026-07-24,9.79,125600.0,2026-07-27,3.234,118100.0,2026-07-28,2.797,117600.0,2026-07-29,8.479,124100.0,2026-07-30,8.392,124000.0,2026-07-31,5.157,120300.0,2026-08-03,4.458,119500.0,2026-08-04,5.245,120400.0,2026-08-05,9.878,125700.0,2026-08-06,10.402,126300.0,2026-08-07,7.955,123500.0,2026-08-10,8.217,123800.0,2026-08-11,4.021,119000.0,2026-08-12,3.671,118600.0,2026-08-13,2.01,116700.0,2026-08-14,2.448,117200.0,2026-08-18,0.699,115200.0,2026-08-19,0.699,115200.0,2026-08-20,2026-08-20,10.402,0.699,11.888,-1.049,1.0,,1.0,1.0,0.0,UPPER,2026-07-24
138040,메리츠금융지주,2026-07-30,2026-07-30,WATCH,68,LOWER_CHANNEL_WATCH,중기 Higher High + Higher Low | 상승추세 안의 단기 조정 + 전저점 유지 | 상승 평행채널 유효(커버리지 92%) | 최근 추세 하단(싼 구간) 접촉 | 추세 하단 부근 쌍바닥/Higher-Low 형태 | 쌍바닥 넥라인 돌파 확인 | 이동평균선 재돌파,,124100.0,True,3.05,True,0.9167,0.6612,True,114254.5455,121700.0,128000.0,129145.4545,110826.9091,-1.93,4.07,True,True,False,9.12,True,False,False,,False,False,,2026-07-01,2026-07-31,124100.0,15,0,-0.081,124000.0,2026-07-31,-3.062,120300.0,2026-08-03,-3.707,119500.0,2026-08-04,-2.981,120400.0,2026-08-05,1.289,125700.0,2026-08-06,1.773,126300.0,2026-08-07,-0.483,123500.0,2026-08-10,-0.242,123800.0,2026-08-11,-4.11,119000.0,2026-08-12,-4.432,118600.0,2026-08-13,-5.963,116700.0,2026-08-14,-5.56,117200.0,2026-08-18,-7.172,115200.0,2026-08-19,-7.172,115200.0,2026-08-20,-7.01,115400.0,2026-08-21,,,,,,,,,,,,,,,,2026-08-21,1.773,-7.172,2.176,-8.783,,,0.0,0.0,1.0,STOP,2026-08-14
138040,메리츠금융지주,2026-07-31,2026-07-31,WATCH,70,LOWER_CHANNEL_WATCH,중기 Higher High + Higher Low | 상승추세 안의 단기 조정 + 전저점 유지 | 상승 평행채널 유효(커버리지 92%) | 최근 추세 하단(싼 구간) 접촉 | 추세 하단 부근 쌍바닥/Higher-Low 형태 | 쌍바닥 넥라인 돌파 확인 | 이동평균선 재돌파 | 재상승 후 5일선 지지,,124000.0,True,3.12,True,0.9184,0.6288,True,114636.3636,122081.8182,128000.0,129527.2727,111197.2727,-1.55,4.46,True,True,False,9.09,True,True,False,,False,False,,2026-07-01,2026-07-31,124000.0,14,0,-2.984,120300.0,2026-08-03,-3.629,119500.0,2026-08-04,-2.903,120400.0,2026-08-05,1.371,125700.0,2026-08-06,1.855,126300.0,2026-08-07,-0.403,123500.0,2026-08-10,-0.161,123800.0,2026-08-11,-4.032,119000.0,2026-08-12,-4.355,118600.0,2026-08-13,-5.887,116700.0,2026-08-14,-5.484,117200.0,2026-08-18,-7.097,115200.0,2026-08-19,-7.097,115200.0,2026-08-20,-6.935,115400.0,2026-08-21,,,,,,,,,,,,,,,,,,,2026-08-21,1.855,-7.097,2.258,-8.71,,,0.0,0.0,1.0,STOP,2026-08-14
096770,SK이노베이션,2026-07-22,2026-07-22,WATCH,70,LOWER_CHANNEL_WATCH,중기 Higher High + Higher Low | 상승추세 안의 단기 조정 + 전저점 유지 | 상승 평행채널 유효(커버리지 100%) | 최근 추세 하단(싼 구간) 접촉 | 추세 하단 부근 쌍바닥/Higher-Low 형태 | 쌍바닥 넥라인 돌파 확인 | 이동평균선 재돌파 | 재상승 후 5일선 지지,,118400.0,True,6.51,True,1.0,0.705,True,95423.913,111718.4783,126650.0,128013.0435,92561.1957,-5.64,8.12,True,True,False,12.26,True,True,False,,False,False,,2026-07-01,2026-07-31,118400.0,20,1,11.655,132200.0,2026-07-23,9.882,130100.0,2026-07-24,-1.436,116700.0,2026-07-27,-4.814,112700.0,2026-07-28,-7.517,109500.0,2026-07-29,-1.52,116600.0,2026-07-30,-6.672,110500.0,2026-07-31,-8.784,108000.0,2026-08-03,-5.997,111300.0,2026-08-04,-7.77,109200.0,2026-08-05,-8.277,108600.0,2026-08-06,1.605,120300.0,2026-08-07,5.152,124500.0,2026-08-10,4.814,124100.0,2026-08-11,3.378,122400.0,2026-08-12,2.787,121700.0,2026-08-13,8.699,128700.0,2026-08-14,11.064,131500.0,2026-08-18,8.868,128900.0,2026-08-19,6.334,125900.0,2026-08-20,2026-08-20,11.655,-8.784,14.696,-12.162,1.0,,1.0,1.0,0.0,UPPER,2026-07-23
096770,SK이노베이션,2026-07-23,2026-07-23,WATCH,60,LOWER_CHANNEL_WATCH,중기 Higher High + Higher Low | 상승 평행채널 유효(커버리지 96%) | 최근 추세 하단(싼 구간) 접촉 | 추세 하단 부근 쌍바닥/Higher-Low 형태 | 쌍바닥 넥라인 돌파 확인 | 이동평균선 재돌파 | 재상승 후 5일선 지지,,132200.0,True,0.23,True,0.9643,1.1145,True,95878.2609,112172.8261,126650.0,128467.3913,93001.913,-15.15,-2.82,True,True,False,12.0,True,True,False,,False,False,,2026-07-01,2026-07-31,132200.0,20,1,-1.589,130100.0,2026-07-24,-11.725,116700.0,2026-07-27,-14.75,112700.0,2026-07-28,-17.171,109500.0,2026-07-29,-11.8,116600.0,2026-07-30,-16.415,110500.0,2026-07-31,-18.306,108000.0,2026-08-03,-15.809,111300.0,2026-08-04,-17.398,109200.0,2026-08-05,-17.852,108600.0,2026-08-06,-9.002,120300.0,2026-08-07,-5.825,124500.0,2026-08-10,-6.127,124100.0,2026-08-11,-7.413,122400.0,2026-08-12,-7.943,121700.0,2026-08-13,-2.648,128700.0,2026-08-14,-0.53,131500.0,2026-08-18,-2.496,128900.0,2026-08-19,-4.766,125900.0,2026-08-20,-5.598,124800.0,2026-08-21,2026-08-21,-0.53,-18.306,2.723,-21.331,0.0,,,,0.0,TIMEOUT,2026-08-21
096770,SK이노베이션,2026-07-24,2026-07-24,WATCH,70,LOWER_CHANNEL_WATCH,중기 Higher High + Higher Low | 상승추세 안의 단기 조정 + 전저점 유지 | 상승 평행채널 유효(커버리지 97%) | 최근 추세 하단(싼 구간) 접촉 | 추세 하단 부근 쌍바닥/Higher-Low 형태 | 쌍바닥 넥라인 돌파 확인 | 이동평균선 재돌파 | 재상승 후 5일선 지지,,130100.0,True,4.2,True,0.9655,1.0362,True,96332.6087,112627.1739,126650.0,128921.7391,93442.6304,-13.43,-0.91,True,True,False,12.16,True,True,False,,False,False,,2026-07-01,2026-07-31,130100.0,19,0,-10.3,116700.0,2026-07-27,-13.374,112700.0,2026-07-28,-15.834,109500.0,2026-07-29,-10.377,116600.0,2026-07-30,-15.065,110500.0,2026-07-31,-16.987,108000.0,2026-08-03,-14.45,111300.0,2026-08-04,-16.065,109200.0,2026-08-05,-16.526,108600.0,2026-08-06,-7.533,120300.0,2026-08-07,-4.304,124500.0,2026-08-10,-4.612,124100.0,2026-08-11,-5.919,122400.0,2026-08-12,-6.457,121700.0,2026-08-13,-1.076,128700.0,2026-08-14,1.076,131500.0,2026-08-18,-0.922,128900.0,2026-08-19,-3.228,125900.0,2026-08-20,-4.074,124800.0,2026-08-21,,,,2026-08-21,1.076,-16.987,2.921,-20.061,,,,,0.0,TIMEOUT,2026-08-21
096770,SK이노베이션,2026-07-27,2026-07-27,WATCH,60,LOWER_CHANNEL_WATCH,중기 Higher High + Higher Low | 상승추세 안의 단기 조정 + 전저점 유지 | 상승 평행채널 유효(커버리지 97%) | 최근 추세 하단(싼 구간) 접촉 | 추세 하단 부근 쌍바닥/Higher-Low 형태 | 쌍바닥 넥라인 돌파 확인,,116700.0,True,14.06,True,0.9667,0.611,True,96786.9565,113081.5217,126650.0,129376.087,93883.3478,-3.1,10.86,True,True,False,12.35,False,False,False,,False,False,,2026-07-01,2026-07-31,116700.0,18,0,-3.428,112700.0,2026-07-28,-6.17,109500.0,2026-07-29,-0.086,116600.0,2026-07-30,-5.313,110500.0,2026-07-31,-7.455,108000.0,2026-08-03,-4.627,111300.0,2026-08-04,-6.427,109200.0,2026-08-05,-6.941,108600.0,2026-08-06,3.085,120300.0,2026-08-07,6.684,124500.0,2026-08-10,6.341,124100.0,2026-08-11,4.884,122400.0,2026-08-12,4.284,121700.0,2026-08-13,10.283,128700.0,2026-08-14,12.682,131500.0,2026-08-18,10.454,128900.0,2026-08-19,7.883,125900.0,2026-08-20,6.941,124800.0,2026-08-21,,,,,,,2026-08-21,12.682,-7.455,14.739,-10.883,,,1.0,0.0,0.0,TIMEOUT,2026-08-21
096770,SK이노베이션,2026-07-28,2026-07-28,WATCH,60,LOWER_CHANNEL_WATCH,중기 Higher High + Higher Low | 상승추세 안의 단기 조정 + 전저점 유지 | 상승 평행채널 유효(커버리지 97%) | 최근 추세 하단(싼 구간) 접촉 | 추세 하단 부근 쌍바닥/Higher-Low 형태 | 쌍바닥 넥라인 돌파 확인,,112700.0,True,17.01,True,0.9677,0.4744,True,97241.3043,113535.8696,126650.0,129830.4348,94324.0652,0.74,15.2,True,True,False,11.52,False,False,False,,False,False,,2026-07-01,2026-07-31,112700.0,17,0,-2.839,109500.0,2026-07-29,3.461,116600.0,2026-07-30,-1.952,110500.0,2026-07-31,-4.17,108000.0,2026-08-03,-1.242,111300.0,2026-08-04,-3.106,109200.0,2026-08-05,-3.638,108600.0,2026-08-06,6.744,120300.0,2026-08-07,10.47,124500.0,2026-08-10,10.115,124100.0,2026-08-11,8.607,122400.0,2026-08-12,7.986,121700.0,2026-08-13,14.197,128700.0,2026-08-14,16.681,131500.0,2026-08-18,14.374,128900.0,2026-08-19,11.713,125900.0,2026-08-20,10.736,124800.0,2026-08-21,,,,,,,,,,2026-08-21,16.681,-4.17,18.811,-7.72,,1.0,1.0,0.0,0.0,TIMEOUT,2026-08-21
096770,SK이노베이션,2026-07-29,2026-07-29,CONFIRMED,84,LOWER_CHANNEL_CONFIRMED_REVERSAL,중기 Higher High + Higher Low | 상승추세 안의 단기 조정 + 전저점 유지 | 상승 평행채널 유효(커버리지 100%) | 최근 추세 하단(싼 구간) 접촉 | 현재도 채널 하단권 | 추세 하단 부근 쌍바닥/Higher-Low 형태 | 쌍바닥 넥라인 돌파 확인 | 추세 바닥권 거래량 급증 양봉 | 거래량 기준봉 저가 지지 | 거래량 기준봉 고가 돌파,,109500.0,True,19.37,True,1.0,0.1839,True,103100.0,120500.0,135800.0,137900.0,100007.0,10.05,25.94,True,True,False,9.56,False,False,True,2026-07-07,True,True,2.02,2026-07-01,2026-07-31,109500.0,16,0,6.484,116600.0,2026-07-30,0.913,110500.0,2026-07-31,-1.37,108000.0,2026-08-03,1.644,111300.0,2026-08-04,-0.274,109200.0,2026-08-05,-0.822,108600.0,2026-08-06,9.863,120300.0,2026-08-07,13.699,124500.0,2026-08-10,13.333,124100.0,2026-08-11,11.781,122400.0,2026-08-12,11.142,121700.0,2026-08-13,17.534,128700.0,2026-08-14,20.091,131500.0,2026-08-18,17.717,128900.0,2026-08-19,14.977,125900.0,2026-08-20,13.973,124800.0,2026-08-21,,,,,,,,,,,,,2026-08-21,20.091,-1.37,22.283,-5.023,,1.0,0.0,0.0,0.0,TIMEOUT,2026-08-21
096770,SK이노베이션,2026-07-30,2026-07-30,CONFIRMED,87,LOWER_CHANNEL_CONFIRMED_REVERSAL,중기 Higher High + Higher Low | 상승추세 안의 단기 조정 + 전저점 유지 | 상승 평행채널 유효(커버리지 100%) | 최근 추세 하단(싼 구간) 접촉 | 추세 하단 부근 쌍바닥/Higher-Low 형태 | 쌍바닥 넥라인 돌파 확인 | 이동평균선 밀집 | 추세 바닥권 거래량 급증 양봉 | 거래량 기준봉 저가 지지 | 거래량 기준봉 고가 돌파,,116600.0,True,14.14,True,1.0,0.3678,True,103800.0,121200.0,135800.0,138600.0,100686.0,3.95,18.87,True,True,True,5.51,False,False,True,2026-07-07,True,True,2.02,2026-07-01,2026-07-31,116600.0,15,0,-5.232,110500.0,2026-07-31,-7.376,108000.0,2026-08-03,-4.545,111300.0,2026-08-04,-6.346,109200.0,2026-08-05,-6.861,108600.0,2026-08-06,3.173,120300.0,2026-08-07,6.775,124500.0,2026-08-10,6.432,124100.0,2026-08-11,4.974,122400.0,2026-08-12,4.374,121700.0,2026-08-13,10.377,128700.0,2026-08-14,12.779,131500.0,2026-08-18,10.549,128900.0,2026-08-19,7.976,125900.0,2026-08-20,7.033,124800.0,2026-08-21,,,,,,,,,,,,,,,,2026-08-21,12.779,-7.376,14.837,-10.806,,1.0,0.0,0.0,0.0,TIMEOUT,2026-08-21
096770,SK이노베이션,2026-07-31,2026-07-31,CONFIRMED,92,LOWER_CHANNEL_CONFIRMED_REVERSAL,중기 Higher High + Higher Low | 상승추세 안의 단기 조정 + 전저점 유지 | 상승 평행채널 유효(커버리지 100%) | 최근 추세 하단(싼 구간) 접촉 | 현재도 채널 하단권 | 추세 하단 부근 쌍바닥/Higher-Low 형태 | 쌍바닥 넥라인 돌파 확인 | 이동평균선 밀집 | 추세 바닥권 거래량 급증 양봉 | 거래량 기준봉 저가 지지 | 거래량 기준봉 고가 돌파,,110500.0,True,18.63,True,1.0,0.1724,True,104500.0,121900.0,135800.0,139300.0,101365.0,10.32,26.06,True,True,True,1.52,False,False,True,2026-07-07,True,True,2.02,2026-07-01,2026-07-31,110500.0,14,0,-2.262,108000.0,2026-08-03,0.724,111300.0,2026-08-04,-1.176,109200.0,2026-08-05,-1.719,108600.0,2026-08-06,8.869,120300.0,2026-08-07,12.67,124500.0,2026-08-10,12.308,124100.0,2026-08-11,10.769,122400.0,2026-08-12,10.136,121700.0,2026-08-13,16.471,128700.0,2026-08-14,19.005,131500.0,2026-08-18,16.652,128900.0,2026-08-19,13.937,125900.0,2026-08-20,12.941,124800.0,2026-08-21,,,,,,,,,,,,,,,,,,,2026-08-21,19.005,-2.262,21.176,-5.701,,1.0,0.0,0.0,0.0,TIMEOUT,2026-08-21
024110,기업은행,2026-07-22,2026-07-22,WATCH,68,LOWER_CHANNEL_WATCH,중기 Higher High + Higher Low | 상승추세 안의 단기 조정 + 전저점 유지 | 상승 평행채널 유효(커버리지 98%) | 최근 추세 하단(싼 구간) 접촉 | 현재도 채널 하단권 | 추세 하단 부근 쌍바닥/Higher-Low 형태 | 이동평균선 밀집,,20700.0,True,6.55,True,0.9846,0.0533,True,20502.5,22356.25,22150.0,24210.0,19887.425,8.0,16.96,True,False,True,1.67,False,True,False,,False,False,,2026-07-01,2026-07-31,20700.0,20,1,1.691,21050.0,2026-07-23,3.14,21350.0,2026-07-24,3.14,21350.0,2026-07-27,-1.449,20400.0,2026-07-28,-2.415,20200.0,2026-07-29,-1.208,20450.0,2026-07-30,-0.242,20650.0,2026-07-31,-2.174,20250.0,2026-08-03,-1.691,20350.0,2026-08-04,-2.415,20200.0,2026-08-05,-1.691,20350.0,2026-08-06,0.242,20750.0,2026-08-07,-2.174,20250.0,2026-08-10,-2.657,20150.0,2026-08-11,-2.657,20150.0,2026-08-12,-3.382,20000.0,2026-08-13,-1.449,20400.0,2026-08-14,-1.208,20450.0,2026-08-18,-1.932,20300.0,2026-08-19,-3.623,19950.0,2026-08-20,2026-08-20,3.14,-3.623,4.106,-4.155,0.0,0.0,0.0,0.0,1.0,STOP,2026-07-29
024110,기업은행,2026-07-23,2026-07-23,WATCH,68,LOWER_CHANNEL_WATCH,중기 Higher High + Higher Low | 상승추세 안의 단기 조정 + 전저점 유지 | 상승 평행채널 유효(커버리지 98%) | 최근 추세 하단(싼 구간) 접촉 | 현재도 채널 하단권 | 추세 하단 부근 쌍바닥/Higher-Low 형태 | 이동평균선 밀집,,21050.0,True,4.97,True,0.9848,0.1419,True,20523.75,22377.5,22150.0,24231.25,19908.0375,6.31,15.11,True,False,True,1.33,False,True,False,,False,False,,2026-07-01,2026-07-31,21050.0,20,1,1.425,21350.0,2026-07-24,1.425,21350.0,2026-07-27,-3.088,20400.0,2026-07-28,-4.038,20200.0,2026-07-29,-2.85,20450.0,2026-07-30,-1.9,20650.0,2026-07-31,-3.8,20250.0,2026-08-03,-3.325,20350.0,2026-08-04,-4.038,20200.0,2026-08-05,-3.325,20350.0,2026-08-06,-1.425,20750.0,2026-08-07,-3.8,20250.0,2026-08-10,-4.276,20150.0,2026-08-11,-4.276,20150.0,2026-08-12,-4.988,20000.0,2026-08-13,-3.088,20400.0,2026-08-14,-2.85,20450.0,2026-08-18,-3.563,20300.0,2026-08-19,-5.226,19950.0,2026-08-20,-4.988,20000.0,2026-08-21,2026-08-21,1.425,-5.226,2.375,-5.748,0.0,0.0,0.0,0.0,1.0,STOP,2026-07-29
086280,현대글로비스,2026-07-29,2026-07-29,WATCH,60,LOWER_CHANNEL_WATCH,중기 Higher High + Higher Low | 상승추세 안의 단기 조정 + 전저점 유지 | 상승 평행채널 유효(커버리지 95%) | 최근 추세 하단(싼 구간) 접촉 | 현재도 채널 하단권 | 추세 하단 부근 쌍바닥/Higher-Low 형태,,188300.0,True,12.42,True,0.9508,0.1123,True,179268.4211,219489.4737,215000.0,259710.5263,173890.3684,16.56,37.92,True,False,False,9.5,False,False,False,,False,False,,2026-07-01,2026-07-31,188300.0,16,0,1.806,191700.0,2026-07-30,6.213,200000.0,2026-07-31,6.16,199900.0,2026-08-03,6.213,200000.0,2026-08-04,9.134,205500.0,2026-08-05,10.196,207500.0,2026-08-06,10.196,207500.0,2026-08-07,7.807,203000.0,2026-08-10,7.01,201500.0,2026-08-11,6.054,199700.0,2026-08-12,8.603,204500.0,2026-08-13,12.055,211000.0,2026-08-14,9.665,206500.0,2026-08-18,8.072,203500.0,2026-08-19,6.107,199800.0,2026-08-20,4.461,196700.0,2026-08-21,,,,,,,,,,,,,2026-08-21,12.055,1.806,13.117,-2.602,,0.0,0.0,0.0,0.0,TIMEOUT,2026-08-21
086280,현대글로비스,2026-07-30,2026-07-30,WATCH,60,LOWER_CHANNEL_WATCH,중기 Higher High + Higher Low | 상승추세 안의 단기 조정 + 전저점 유지 | 상승 평행채널 유효(커버리지 95%) | 최근 추세 하단(싼 구간) 접촉 | 현재도 채널 하단권 | 추세 하단 부근 쌍바닥/Higher-Low 형태,,191700.0,True,10.84,True,0.9516,0.1516,True,179505.2632,219726.3158,215000.0,259947.3684,174120.1053,14.62,35.6,True,False,False,9.18,False,False,False,,False,False,,2026-07-01,2026-07-31,191700.0,15,0,4.33,200000.0,2026-07-31,4.278,199900.0,2026-08-03,4.33,200000.0,2026-08-04,7.199,205500.0,2026-08-05,8.242,207500.0,2026-08-06,8.242,207500.0,2026-08-07,5.895,203000.0,2026-08-10,5.112,201500.0,2026-08-11,4.173,199700.0,2026-08-12,6.677,204500.0,2026-08-13,10.068,211000.0,2026-08-14,7.72,206500.0,2026-08-18,6.155,203500.0,2026-08-19,4.225,199800.0,2026-08-20,2.608,196700.0,2026-08-21,,,,,,,,,,,,,,,,2026-08-21,10.068,2.608,11.111,1.2,,0.0,0.0,0.0,0.0,TIMEOUT,2026-08-21
086280,현대글로비스,2026-07-31,2026-07-31,WATCH,60,LOWER_CHANNEL_WATCH,중기 Higher High + Higher Low | 상승추세 안의 단기 조정 + 전저점 유지 | 상승 평행채널 유효(커버리지 95%) | 최근 추세 하단(싼 구간) 접촉 | 현재도 채널 하단권 | 추세 하단 부근 쌍바닥/Higher-Low 형태,,200000.0,True,6.98,True,0.9524,0.2518,True,179742.1053,219963.1579,215000.0,260184.2105,174349.8421,9.98,30.09,True,False,False,8.48,False,True,False,,False,False,,2026-07-01,2026-07-31,200000.0,14,0,-0.05,199900.0,2026-08-03,0.0,200000.0,2026-08-04,2.75,205500.0,2026-08-05,3.75,207500.0,2026-08-06,3.75,207500.0,2026-08-07,1.5,203000.0,2026-08-10,0.75,201500.0,2026-08-11,-0.15,199700.0,2026-08-12,2.25,204500.0,2026-08-13,5.5,211000.0,2026-08-14,3.25,206500.0,2026-08-18,1.75,203500.0,2026-08-19,-0.1,199800.0,2026-08-20,-1.65,196700.0,2026-08-21,,,,,,,,,,,,,,,,,,,2026-08-21,5.5,-1.65,6.5,-3.0,,0.0,0.0,0.0,0.0,TIMEOUT,2026-08-21
047810,한국항공우주,2026-07-20,2026-07-20,WATCH,60,LOWER_CHANNEL_WATCH,중기 Higher High + Higher Low | 상승추세 안의 단기 조정 + 전저점 유지 | 상승 평행채널 유효(커버리지 100%) | 최근 추세 하단(싼 구간) 접촉 | 현재도 채널 하단권 | 추세 하단 부근 쌍바닥/Higher-Low 형태,,143900.0,True,13.42,True,1.0,0.1581,True,139323.0769,153800.0,166200.0,168276.9231,135143.3846,6.88,16.94,True,False,False,7.98,False,True,False,,False,False,,2026-07-01,2026-07-31,143900.0,20,1,-0.973,142500.0,2026-07-21,3.753,149300.0,2026-07-22,14.038,164100.0,2026-07-23,9.868,158100.0,2026-07-24,1.598,146200.0,2026-07-27,-0.625,143000.0,2026-07-28,-18.346,117500.0,2026-07-29,-16.122,120700.0,2026-07-30,-11.536,127300.0,2026-07-31,-14.038,123700.0,2026-08-03,-4.448,137500.0,2026-08-04,1.807,146500.0,2026-08-05,4.309,150100.0,2026-08-06,7.158,154200.0,2026-08-07,7.088,154100.0,2026-08-10,-5.837,135500.0,2026-08-11,0.139,144100.0,2026-08-12,5.073,151200.0,2026-08-13,1.737,146400.0,2026-08-14,-2.71,140000.0,2026-08-18,2026-08-18,14.038,-18.346,14.593,-23.558,0.0,1.0,0.0,0.0,1.0,STOP,2026-07-29
047810,한국항공우주,2026-07-21,2026-07-21,WATCH,60,LOWER_CHANNEL_WATCH,중기 Higher High + Higher Low | 상승추세 안의 단기 조정 + 전저점 유지 | 상승 평행채널 유효(커버리지 100%) | 최근 추세 하단(싼 구간) 접촉 | 현재도 채널 하단권 | 추세 하단 부근 쌍바닥/Higher-Low 형태,,142500.0,True,14.26,True,1.0,0.1018,True,139553.8462,154030.7692,166200.0,168507.6923,135367.2308,8.09,18.25,True,False,False,7.73,False,False,False,,False,False,,2026-07-01,2026-07-31,142500.0,20,1,4.772,149300.0,2026-07-22,15.158,164100.0,2026-07-23,10.947,158100.0,2026-07-24,2.596,146200.0,2026-07-27,0.351,143000.0,2026-07-28,-17.544,117500.0,2026-07-29,-15.298,120700.0,2026-07-30,-10.667,127300.0,2026-07-31,-13.193,123700.0,2026-08-03,-3.509,137500.0,2026-08-04,2.807,146500.0,2026-08-05,5.333,150100.0,2026-08-06,8.211,154200.0,2026-08-07,8.14,154100.0,2026-08-10,-4.912,135500.0,2026-08-11,1.123,144100.0,2026-08-12,6.105,151200.0,2026-08-13,2.737,146400.0,2026-08-14,-1.754,140000.0,2026-08-18,-4.772,135700.0,2026-08-19,2026-08-19,15.158,-17.544,15.719,-22.807,0.0,1.0,0.0,0.0,1.0,STOP,2026-07-29
047810,한국항공우주,2026-07-22,2026-07-22,WATCH,68,LOWER_CHANNEL_WATCH,중기 Higher High + Higher Low | 상승추세 안의 단기 조정 + 전저점 유지 | 상승 평행채널 유효(커버리지 100%) | 최근 추세 하단(싼 구간) 접촉 | 현재도 채널 하단권 | 추세 하단 부근 쌍바닥/Higher-Low 형태 | 이동평균선 밀집,,149300.0,True,10.17,True,1.0,0.3286,True,139784.6154,154261.5385,166200.0,168738.4615,135591.0769,3.32,13.02,True,False,True,5.87,False,True,False,,False,False,,2026-07-01,2026-07-31,149300.0,20,1,9.913,164100.0,2026-07-23,5.894,158100.0,2026-07-24,-2.076,146200.0,2026-07-27,-4.22,143000.0,2026-07-28,-21.299,117500.0,2026-07-29,-19.156,120700.0,2026-07-30,-14.735,127300.0,2026-07-31,-17.147,123700.0,2026-08-03,-7.904,137500.0,2026-08-04,-1.875,146500.0,2026-08-05,0.536,150100.0,2026-08-06,3.282,154200.0,2026-08-07,3.215,154100.0,2026-08-10,-9.243,135500.0,2026-08-11,-3.483,144100.0,2026-08-12,1.273,151200.0,2026-08-13,-1.942,146400.0,2026-08-14,-6.229,140000.0,2026-08-18,-9.109,135700.0,2026-08-19,-9.779,134700.0,2026-08-20,2026-08-20,9.913,-21.299,10.449,-26.323,0.0,1.0,0.0,0.0,1.0,STOP,2026-07-29
047810,한국항공우주,2026-07-23,2026-07-23,WATCH,63,LOWER_CHANNEL_WATCH,중기 Higher High + Higher Low | 상승 평행채널 유효(커버리지 100%) | 최근 추세 하단(싼 구간) 접촉 | 추세 하단 부근 쌍바닥/Higher-Low 형태 | 이동평균선 밀집 | 이동평균선 재돌파 | 재상승 후 5일선 지지,,164100.0,True,1.26,True,1.0,0.8318,True,140015.3846,154492.3077,166200.0,168969.2308,135814.9231,-5.85,2.97,True,False,True,3.49,True,True,False,,False,False,,2026-07-01,2026-07-31,164100.0,20,1,-3.656,158100.0,2026-07-24,-10.908,146200.0,2026-07-27,-12.858,143000.0,2026-07-28,-28.397,117500.0,2026-07-29,-26.447,120700.0,2026-07-30,-22.425,127300.0,2026-07-31,-24.619,123700.0,2026-08-03,-16.21,137500.0,2026-08-04,-10.725,146500.0,2026-08-05,-8.531,150100.0,2026-08-06,-6.033,154200.0,2026-08-07,-6.094,154100.0,2026-08-10,-17.428,135500.0,2026-08-11,-12.188,144100.0,2026-08-12,-7.861,151200.0,2026-08-13,-10.786,146400.0,2026-08-14,-14.686,140000.0,2026-08-18,-17.307,135700.0,2026-08-19,-17.916,134700.0,2026-08-20,-20.78,130000.0,2026-08-21,2026-08-21,-3.656,-28.397,0.488,-32.968,0.0,,0.0,0.0,1.0,STOP,2026-07-29
071050,한국금융지주,2026-07-24,2026-07-24,WATCH,60,LOWER_CHANNEL_WATCH,중기 Higher High + Higher Low | 상승추세 안의 단기 조정 + 전저점 유지 | 상승 평행채널 유효(커버리지 100%) | 최근 추세 하단(싼 구간) 접촉 | 현재도 채널 하단권 | 추세 하단 부근 쌍바닥/Higher-Low 형태,,213000.0,True,19.17,True,1.0,0.2572,True,195035.7143,229964.2857,263500.0,264892.8571,203215.0,7.96,24.36,True,False,False,9.88,False,False,False,,False,False,,2026-07-01,2026-07-31,213000.0,19,0,-0.235,212500.0,2026-07-27,-9.061,193700.0,2026-07-28,-13.85,183500.0,2026-07-29,-14.695,181700.0,2026-07-30,-3.052,206500.0,2026-07-31,-7.559,196900.0,2026-08-03,-4.93,202500.0,2026-08-04,-1.643,209500.0,2026-08-05,-4.225,204000.0,2026-08-06,-11.737,188000.0,2026-08-07,-8.967,193900.0,2026-08-10,-6.995,198100.0,2026-08-11,-5.869,200500.0,2026-08-12,-6.244,199700.0,2026-08-13,-4.225,204000.0,2026-08-14,-10.047,191600.0,2026-08-18,-14.038,183100.0,2026-08-19,-12.3,186800.0,2026-08-20,-13.38,184500.0,2026-08-21,,,,2026-08-21,-0.235,-14.695,1.878,-19.061,,0.0,0.0,0.0,1.0,STOP,2026-07-28
071050,한국금융지주,2026-07-27,2026-07-27,WATCH,60,LOWER_CHANNEL_WATCH,중기 Higher High + Higher Low | 상승추세 안의 단기 조정 + 전저점 유지 | 상승 평행채널 유효(커버리지 100%) | 최근 추세 하단(싼 구간) 접촉 | 현재도 채널 하단권 | 추세 하단 부근 쌍바닥/Higher-Low 형태,,212500.0,True,19.35,True,1.0,0.2485,True,195142.8571,230071.4286,263500.0,265000.0,203215.0,8.27,24.71,True,False,False,9.9,False,False,False,,False,False,,2026-07-01,2026-07-31,212500.0,18,0,-8.847,193700.0,2026-07-28,-13.647,183500.0,2026-07-29,-14.494,181700.0,2026-07-30,-2.824,206500.0,2026-07-31,-7.341,196900.0,2026-08-03,-4.706,202500.0,2026-08-04,-1.412,209500.0,2026-08-05,-4.0,204000.0,2026-08-06,-11.529,188000.0,2026-08-07,-8.753,193900.0,2026-08-10,-6.776,198100.0,2026-08-11,-5.647,200500.0,2026-08-12,-6.024,199700.0,2026-08-13,-4.0,204000.0,2026-08-14,-9.835,191600.0,2026-08-18,-13.835,183100.0,2026-08-19,-12.094,186800.0,2026-08-20,-13.176,184500.0,2026-08-21,,,,,,,2026-08-21,-1.412,-14.494,0.941,-18.871,,0.0,0.0,0.0,1.0,STOP,2026-07-28
005940,NH투자증권,2026-07-14,2026-07-14,WATCH,60,LOWER_CHANNEL_WATCH,중기 Higher High + Higher Low | 상승추세 안의 단기 조정 + 전저점 유지 | 상승 평행채널 유효(커버리지 97%) | 최근 추세 하단(싼 구간) 접촉 | 현재도 채널 하단권 | 추세 하단 부근 쌍바닥/Higher-Low 형태,,29800.0,True,12.61,True,0.9714,0.1406,True,29092.8571,31607.1429,34100.0,34121.4286,28220.0714,6.06,14.5,True,False,False,6.69,False,False,False,,False,False,,2026-07-01,2026-07-31,29800.0,20,1,4.362,31100.0,2026-07-15,4.027,31000.0,2026-07-16,-1.007,29500.0,2026-07-20,-0.168,29750.0,2026-07-21,-2.517,29050.0,2026-07-22,0.671,30000.0,2026-07-23,-2.517,29050.0,2026-07-24,-1.846,29250.0,2026-07-27,-7.718,27500.0,2026-07-28,-12.919,25950.0,2026-07-29,-10.738,26600.0,2026-07-30,-4.362,28500.0,2026-07-31,-7.383,27600.0,2026-08-03,-6.544,27850.0,2026-08-04,-5.201,28250.0,2026-08-05,-5.034,28300.0,2026-08-06,-6.711,27800.0,2026-08-07,-5.201,28250.0,2026-08-10,-4.866,28350.0,2026-08-11,-4.195,28550.0,2026-08-12,2026-08-12,4.362,-12.919,5.537,-16.443,0.0,0.0,0.0,0.0,1.0,STOP,2026-07-28
005940,NH투자증권,2026-07-15,2026-07-15,WATCH,63,LOWER_CHANNEL_WATCH,중기 Higher High + Higher Low | 상승추세 안의 단기 조정 + 전저점 유지 | 상승 평행채널 유효(커버리지 97%) | 최근 추세 하단(싼 구간) 접촉 | 추세 하단 부근 쌍바닥/Higher-Low 형태 | 이동평균선 밀집,,31100.0,True,8.8,True,0.9722,0.3984,True,29096.4286,31610.7143,34100.0,34125.0,28223.5357,1.64,9.73,True,False,True,6.39,False,True,False,,False,False,,2026-07-01,2026-07-31,31100.0,20,1,-0.322,31000.0,2026-07-16,-5.145,29500.0,2026-07-20,-4.341,29750.0,2026-07-21,-6.592,29050.0,2026-07-22,-3.537,30000.0,2026-07-23,-6.592,29050.0,2026-07-24,-5.949,29250.0,2026-07-27,-11.576,27500.0,2026-07-28,-16.559,25950.0,2026-07-29,-14.469,26600.0,2026-07-30,-8.36,28500.0,2026-07-31,-11.254,27600.0,2026-08-03,-10.45,27850.0,2026-08-04,-9.164,28250.0,2026-08-05,-9.003,28300.0,2026-08-06,-10.611,27800.0,2026-08-07,-9.164,28250.0,2026-08-10,-8.842,28350.0,2026-08-11,-8.199,28550.0,2026-08-12,-8.842,28350.0,2026-08-13,2026-08-13,-0.322,-16.559,0.804,-19.936,0.0,0.0,0.0,0.0,1.0,STOP,2026-07-28
259960,크래프톤,2026-07-09,2026-07-09,WATCH,60,LOWER_CHANNEL_WATCH,중기 Higher High + Higher Low | 상승추세 안의 단기 조정 + 전저점 유지 | 상승 평행채널 유효(커버리지 98%) | 최근 추세 하단(싼 구간) 접촉 | 현재도 채널 하단권 | 추세 하단 부근 쌍바닥/Higher-Low 형태,,238500.0,True,5.17,True,0.9753,0.0525,True,233139.5349,284180.2326,250000.0,335220.9302,226145.3488,19.15,40.55,True,False,False,8.55,False,False,False,,False,False,,2026-07-01,2026-07-31,238500.0,20,1,-0.21,238000.0,2026-07-10,-0.21,238000.0,2026-07-13,-3.564,230000.0,2026-07-14,-3.564,230000.0,2026-07-15,0.839,240500.0,2026-07-16,-6.709,222500.0,2026-07-20,-1.677,234500.0,2026-07-21,-3.145,231000.0,2026-07-22,-0.419,237500.0,2026-07-23,1.677,242500.0,2026-07-24,3.983,248000.0,2026-07-27,2.306,244000.0,2026-07-28,2.306,244000.0,2026-07-29,8.595,259000.0,2026-07-30,1.887,243000.0,2026-07-31,-1.468,235000.0,2026-08-03,-0.21,238000.0,2026-08-04,-3.983,229000.0,2026-08-05,-3.564,230000.0,2026-08-06,1.258,241500.0,2026-08-07,2026-08-07,8.595,-6.709,11.111,-7.128,1.0,0.0,1.0,0.0,1.0,STOP,2026-07-14
259960,크래프톤,2026-07-10,2026-07-10,WATCH,60,LOWER_CHANNEL_WATCH,중기 Higher High + Higher Low | 상승추세 안의 단기 조정 + 전저점 유지 | 상승 평행채널 유효(커버리지 98%) | 최근 추세 하단(싼 구간) 접촉 | 현재도 채널 하단권 | 추세 하단 부근 쌍바닥/Higher-Low 형태,,238000.0,True,5.37,True,0.9756,0.0374,True,234186.0465,285226.7442,250000.0,336267.4419,227160.4651,19.84,41.29,True,False,False,8.52,False,True,False,,False,False,,2026-07-01,2026-07-31,238000.0,20,1,0.0,238000.0,2026-07-13,-3.361,230000.0,2026-07-14,-3.361,230000.0,2026-07-15,1.05,240500.0,2026-07-16,-6.513,222500.0,2026-07-20,-1.471,234500.0,2026-07-21,-2.941,231000.0,2026-07-22,-0.21,237500.0,2026-07-23,1.891,242500.0,2026-07-24,4.202,248000.0,2026-07-27,2.521,244000.0,2026-07-28,2.521,244000.0,2026-07-29,8.824,259000.0,2026-07-30,2.101,243000.0,2026-07-31,-1.261,235000.0,2026-08-03,0.0,238000.0,2026-08-04,-3.782,229000.0,2026-08-05,-3.361,230000.0,2026-08-06,1.471,241500.0,2026-08-07,1.681,242000.0,2026-08-10,2026-08-10,8.824,-6.513,11.345,-6.933,1.0,0.0,0.0,0.0,1.0,STOP,2026-07-14
003490,대한항공,2026-07-07,2026-07-07,CONFIRMED,87,LOWER_CHANNEL_CONFIRMED_REVERSAL,중기 Higher High + Higher Low | 상승추세 안의 단기 조정 + 전저점 유지 | 상승 평행채널 유효(커버리지 100%) | 최근 추세 하단(싼 구간) 접촉 | 현재도 채널 하단권 | 추세 하단 부근 쌍바닥/Higher-Low 형태 | 이동평균선 재돌파 | 추세 바닥권 거래량 급증 양봉 | 거래량 기준봉 저가 지지 | 기준봉 지지 후 재상승 전환 | 재상승 후 5일선 지지,,29150.0,True,6.57,True,1.0,0.3158,True,27018.75,30392.7083,29700.0,33766.6667,26208.1875,4.26,15.84,True,False,False,8.17,True,True,True,2026-07-02,True,False,2.28,2026-07-01,2026-07-31,29150.0,20,1,-3.431,28150.0,2026-07-08,-8.405,26700.0,2026-07-09,-8.233,26750.0,2026-07-10,-11.321,25850.0,2026-07-13,-9.091,26500.0,2026-07-14,-8.576,26650.0,2026-07-15,-9.091,26500.0,2026-07-16,-13.036,25350.0,2026-07-20,-13.036,25350.0,2026-07-21,-14.58,24900.0,2026-07-22,-11.664,25750.0,2026-07-23,-12.693,25450.0,2026-07-24,-9.262,26450.0,2026-07-27,-13.379,25250.0,2026-07-28,-14.923,24800.0,2026-07-29,-15.437,24650.0,2026-07-30,-11.149,25900.0,2026-07-31,-10.12,26200.0,2026-08-03,-10.463,26100.0,2026-08-04,-7.719,26900.0,2026-08-05,2026-08-05,-3.431,-15.437,-1.544,-17.839,0.0,0.0,0.0,0.0,1.0,STOP,2026-07-09
003490,대한항공,2026-07-08,2026-07-08,WATCH,74,LOWER_CHANNEL_WATCH,중기 Higher High + Higher Low | 상승추세 안의 단기 조정 + 전저점 유지 | 상승 평행채널 유효(커버리지 100%) | 최근 추세 하단(싼 구간) 접촉 | 현재도 채널 하단권 | 추세 하단 부근 쌍바닥/Higher-Low 형태 | 추세 바닥권 거래량 급증 양봉 | 거래량 기준봉 저가 지지,,28150.0,True,9.78,True,1.0,0.1439,True,27179.1667,30553.125,29700.0,33927.0833,26363.7917,8.54,20.52,True,False,False,8.48,False,False,True,2026-07-02,True,False,2.28,2026-07-01,2026-07-31,28150.0,20,1,-5.151,26700.0,2026-07-09,-4.973,26750.0,2026-07-10,-8.171,25850.0,2026-07-13,-5.861,26500.0,2026-07-14,-5.329,26650.0,2026-07-15,-5.861,26500.0,2026-07-16,-9.947,25350.0,2026-07-20,-9.947,25350.0,2026-07-21,-11.545,24900.0,2026-07-22,-8.526,25750.0,2026-07-23,-9.591,25450.0,2026-07-24,-6.039,26450.0,2026-07-27,-10.302,25250.0,2026-07-28,-11.901,24800.0,2026-07-29,-12.433,24650.0,2026-07-30,-7.993,25900.0,2026-07-31,-6.927,26200.0,2026-08-03,-7.282,26100.0,2026-08-04,-4.44,26900.0,2026-08-05,-2.309,27500.0,2026-08-06,2026-08-06,-2.309,-12.433,-0.355,-14.92,0.0,0.0,0.0,0.0,1.0,STOP,2026-07-09
003490,대한항공,2026-07-10,2026-07-10,WATCH,74,LOWER_CHANNEL_WATCH,중기 Higher High + Higher Low | 상승추세 안의 단기 조정 + 전저점 유지 | 상승 평행채널 유효(커버리지 95%) | 최근 추세 하단(싼 구간) 접촉 | 현재도 채널 하단권 | 추세 하단 부근 쌍바닥/Higher-Low 형태 | 추세 바닥권 거래량 급증 양봉 | 거래량 기준봉 저가 지지,,26750.0,True,14.26,True,0.9545,-0.1111,True,27500.0,30873.9583,29700.0,34247.9167,26675.0,15.42,28.03,True,False,False,6.6,False,False,True,2026-07-02,True,False,2.28,2026-07-01,2026-07-31,26750.0,20,1,-3.364,25850.0,2026-07-13,-0.935,26500.0,2026-07-14,-0.374,26650.0,2026-07-15,-0.935,26500.0,2026-07-16,-5.234,25350.0,2026-07-20,-5.234,25350.0,2026-07-21,-6.916,24900.0,2026-07-22,-3.738,25750.0,2026-07-23,-4.86,25450.0,2026-07-24,-1.121,26450.0,2026-07-27,-5.607,25250.0,2026-07-28,-7.29,24800.0,2026-07-29,-7.85,24650.0,2026-07-30,-3.178,25900.0,2026-07-31,-2.056,26200.0,2026-08-03,-2.43,26100.0,2026-08-04,0.561,26900.0,2026-08-05,2.804,27500.0,2026-08-06,1.495,27150.0,2026-08-07,0.374,26850.0,2026-08-10,2026-08-10,2.804,-7.85,4.486,-10.467,1.0,0.0,0.0,0.0,1.0,STOP,2026-07-13
003490,대한항공,2026-07-15,2026-07-15,WATCH,68,LOWER_CHANNEL_WATCH,중기 Higher High + Higher Low | 상승추세 안의 단기 조정 + 전저점 유지 | 상승 평행채널 유효(커버리지 89%) | 최근 추세 하단(싼 구간) 접촉 | 현재도 채널 하단권 | 추세 하단 부근 쌍바닥/Higher-Low 형태 | 이동평균선 밀집,,26650.0,True,10.27,True,0.8936,-0.0292,True,26752.7027,28512.1622,29700.0,30271.6216,26044.5,6.99,13.59,True,False,True,4.65,False,True,False,,False,False,,2026-07-01,2026-07-31,26650.0,20,1,-0.563,26500.0,2026-07-16,-4.878,25350.0,2026-07-20,-4.878,25350.0,2026-07-21,-6.567,24900.0,2026-07-22,-3.377,25750.0,2026-07-23,-4.503,25450.0,2026-07-24,-0.75,26450.0,2026-07-27,-5.253,25250.0,2026-07-28,-6.942,24800.0,2026-07-29,-7.505,24650.0,2026-07-30,-2.814,25900.0,2026-07-31,-1.689,26200.0,2026-08-03,-2.064,26100.0,2026-08-04,0.938,26900.0,2026-08-05,3.189,27500.0,2026-08-06,1.876,27150.0,2026-08-07,0.75,26850.0,2026-08-10,0.0,26650.0,2026-08-11,-0.563,26500.0,2026-08-12,-2.064,26100.0,2026-08-13,2026-08-13,3.189,-7.505,4.315,-10.131,0.0,0.0,0.0,0.0,1.0,STOP,2026-07-20
003490,대한항공,2026-07-16,2026-07-16,WATCH,68,LOWER_CHANNEL_WATCH,중기 Higher High + Higher Low | 상승추세 안의 단기 조정 + 전저점 유지 | 상승 평행채널 유효(커버리지 88%) | 최근 추세 하단(싼 구간) 접촉 | 현재도 채널 하단권 | 추세 하단 부근 쌍바닥/Higher-Low 형태 | 이동평균선 밀집,,26500.0,True,10.77,True,0.875,-0.0899,True,26816.2162,28575.6757,29700.0,30335.1351,26044.5,7.83,14.47,True,False,True,4.25,False,True,False,,False,False,,2026-07-01,2026-07-31,26500.0,20,1,-4.34,25350.0,2026-07-20,-4.34,25350.0,2026-07-21,-6.038,24900.0,2026-07-22,-2.83,25750.0,2026-07-23,-3.962,25450.0,2026-07-24,-0.189,26450.0,2026-07-27,-4.717,25250.0,2026-07-28,-6.415,24800.0,2026-07-29,-6.981,24650.0,2026-07-30,-2.264,25900.0,2026-07-31,-1.132,26200.0,2026-08-03,-1.509,26100.0,2026-08-04,1.509,26900.0,2026-08-05,3.774,27500.0,2026-08-06,2.453,27150.0,2026-08-07,1.321,26850.0,2026-08-10,0.566,26650.0,2026-08-11,0.0,26500.0,2026-08-12,-1.509,26100.0,2026-08-13,-0.755,26300.0,2026-08-14,2026-08-14,3.774,-6.981,4.906,-9.623,0.0,0.0,0.0,0.0,1.0,STOP,2026-07-20
443060,HD현대마린솔루션,2026-07-01,2026-07-01,WATCH,68,LOWER_CHANNEL_WATCH,중기 Higher High + Higher Low | 상승추세 안의 단기 조정 + 전저점 유지 | 상승 평행채널 유효(커버리지 100%) | 최근 추세 하단(싼 구간) 접촉 | 현재도 채널 하단권 | 추세 하단 부근 쌍바닥/Higher-Low 형태 | 이동평균선 밀집,,226000.0,True,14.39,True,1.0,0.1026,True,218666.6667,254388.8889,264000.0,290111.1111,212106.6667,12.56,28.37,True,False,True,1.9,False,True,False,,False,False,,2026-07-01,2026-07-31,226000.0,20,1,-3.761,217500.0,2026-07-02,-4.425,216000.0,2026-07-03,-7.965,208000.0,2026-07-06,-11.062,201000.0,2026-07-07,-12.566,197600.0,2026-07-08,-16.239,189300.0,2026-07-09,-12.743,197200.0,2026-07-10,-14.336,193600.0,2026-07-13,-14.381,193500.0,2026-07-14,-10.619,202000.0,2026-07-15,-11.062,201000.0,2026-07-16,-12.345,198100.0,2026-07-20,-18.451,184300.0,2026-07-21,-11.283,200500.0,2026-07-22,-4.867,215000.0,2026-07-23,-7.301,209500.0,2026-07-24,-8.85,206000.0,2026-07-27,-15.044,192000.0,2026-07-28,-19.823,181200.0,2026-07-29,-20.044,180700.0,2026-07-30,2026-07-30,-3.761,-20.044,0.885,-22.566,0.0,0.0,0.0,0.0,1.0,STOP,2026-07-03
443060,HD현대마린솔루션,2026-07-02,2026-07-02,WATCH,68,LOWER_CHANNEL_WATCH,중기 Higher High + Higher Low | 상승추세 안의 단기 조정 + 전저점 유지 | 상승 평행채널 유효(커버리지 100%) | 최근 추세 하단(싼 구간) 접촉 | 현재도 채널 하단권 | 추세 하단 부근 쌍바닥/Higher-Low 형태 | 이동평균선 밀집,,217500.0,True,17.61,True,1.0,-0.0529,True,221277.7778,257000.0,264000.0,292722.2222,214639.4444,18.16,34.58,True,False,True,2.75,False,False,False,,False,False,,2026-07-01,2026-07-31,217500.0,20,1,-0.69,216000.0,2026-07-03,-4.368,208000.0,2026-07-06,-7.586,201000.0,2026-07-07,-9.149,197600.0,2026-07-08,-12.966,189300.0,2026-07-09,-9.333,197200.0,2026-07-10,-10.989,193600.0,2026-07-13,-11.034,193500.0,2026-07-14,-7.126,202000.0,2026-07-15,-7.586,201000.0,2026-07-16,-8.92,198100.0,2026-07-20,-15.264,184300.0,2026-07-21,-7.816,200500.0,2026-07-22,-1.149,215000.0,2026-07-23,-3.678,209500.0,2026-07-24,-5.287,206000.0,2026-07-27,-11.724,192000.0,2026-07-28,-16.69,181200.0,2026-07-29,-16.92,180700.0,2026-07-30,-15.402,184000.0,2026-07-31,2026-07-31,-0.69,-16.92,2.989,-19.54,0.0,0.0,0.0,0.0,1.0,STOP,2026-07-03
005830,DB손해보험,2026-07-24,2026-07-24,WATCH,60,LOWER_CHANNEL_WATCH,중기 Higher High + Higher Low | 상승 평행채널 유효(커버리지 100%) | 최근 추세 하단(싼 구간) 접촉 | 추세 하단 부근 쌍바닥/Higher-Low 형태 | 쌍바닥 넥라인 돌파 확인 | 이동평균선 재돌파 | 재상승 후 5일선 지지,,167900.0,True,2.61,True,1.0,0.8169,True,133412.0,154520.0,166700.0,175628.0,149962.0,-7.97,4.6,True,True,False,6.95,True,True,False,,False,False,,2026-07-01,2026-07-31,167900.0,19,0,-2.68,163400.0,2026-07-27,-5.301,159000.0,2026-07-28,-7.862,154700.0,2026-07-29,-2.978,162900.0,2026-07-30,-6.492,157000.0,2026-07-31,-6.73,156600.0,2026-08-03,-7.802,154800.0,2026-08-04,-7.326,155600.0,2026-08-05,-4.824,159800.0,2026-08-06,-1.191,165900.0,2026-08-07,-3.335,162300.0,2026-08-10,-2.025,164500.0,2026-08-11,-5.301,159000.0,2026-08-12,-0.774,166600.0,2026-08-13,5.301,176800.0,2026-08-14,8.398,182000.0,2026-08-18,11.674,187500.0,2026-08-19,5.658,177400.0,2026-08-20,5.896,177800.0,2026-08-21,,,,2026-08-21,11.674,-7.862,13.818,-10.423,,,,1.0,0.0,UPPER,2026-08-14
005830,DB손해보험,2026-07-27,2026-07-27,WATCH,60,LOWER_CHANNEL_WATCH,중기 Higher High + Higher Low | 상승추세 안의 단기 조정 + 전저점 유지 | 상승 평행채널 유효(커버리지 100%) | 최근 추세 하단(싼 구간) 접촉 | 추세 하단 부근 쌍바닥/Higher-Low 형태 | 쌍바닥 넥라인 돌파 확인,,163400.0,True,5.22,True,1.0,0.7098,True,133436.0,154544.0,166700.0,175652.0,149962.0,-5.42,7.5,True,True,False,7.41,False,True,False,,False,False,,2026-07-01,2026-07-31,163400.0,18,0,-2.693,159000.0,2026-07-28,-5.324,154700.0,2026-07-29,-0.306,162900.0,2026-07-30,-3.917,157000.0,2026-07-31,-4.162,156600.0,2026-08-03,-5.263,154800.0,2026-08-04,-4.774,155600.0,2026-08-05,-2.203,159800.0,2026-08-06,1.53,165900.0,2026-08-07,-0.673,162300.0,2026-08-10,0.673,164500.0,2026-08-11,-2.693,159000.0,2026-08-12,1.958,166600.0,2026-08-13,8.201,176800.0,2026-08-14,11.383,182000.0,2026-08-18,14.749,187500.0,2026-08-19,8.568,177400.0,2026-08-20,8.813,177800.0,2026-08-21,,,,,,,2026-08-21,14.749,-5.324,16.952,-7.956,,,1.0,1.0,0.0,UPPER,2026-08-14
005830,DB손해보험,2026-07-28,2026-07-28,WATCH,60,LOWER_CHANNEL_WATCH,중기 Higher High + Higher Low | 상승추세 안의 단기 조정 + 전저점 유지 | 상승 평행채널 유효(커버리지 100%) | 최근 추세 하단(싼 구간) 접촉 | 추세 하단 부근 쌍바닥/Higher-Low 형태 | 쌍바닥 넥라인 돌파 확인,,159000.0,True,7.77,True,1.0,0.605,True,133460.0,154568.0,166700.0,175676.0,149962.0,-2.79,10.49,True,True,False,7.42,False,False,False,,False,False,,2026-07-01,2026-07-31,159000.0,17,0,-2.704,154700.0,2026-07-29,2.453,162900.0,2026-07-30,-1.258,157000.0,2026-07-31,-1.509,156600.0,2026-08-03,-2.642,154800.0,2026-08-04,-2.138,155600.0,2026-08-05,0.503,159800.0,2026-08-06,4.34,165900.0,2026-08-07,2.075,162300.0,2026-08-10,3.459,164500.0,2026-08-11,0.0,159000.0,2026-08-12,4.78,166600.0,2026-08-13,11.195,176800.0,2026-08-14,14.465,182000.0,2026-08-18,17.925,187500.0,2026-08-19,11.572,177400.0,2026-08-20,11.824,177800.0,2026-08-21,,,,,,,,,,2026-08-21,17.925,-2.704,20.189,-5.409,,,1.0,1.0,0.0,UPPER,2026-08-14
003230,삼양식품,2026-07-13,2026-07-13,WATCH,60,LOWER_CHANNEL_WATCH,중기 Higher High + Higher Low | 상승추세 안의 단기 조정 + 전저점 유지 | 상승 평행채널 유효(커버리지 100%) | 최근 추세 하단(싼 구간) 접촉 | 현재도 채널 하단권 | 추세 하단 부근 쌍바닥/Higher-Low 형태,,1110000.0,True,10.91,True,1.0,0.3445,True,1035555.5556,1143611.1111,1246000.0,1251666.6667,1018500.0,3.03,12.76,True,False,False,9.02,False,False,False,,False,False,,2026-07-01,2026-07-31,1110000.0,20,1,-3.423,1072000.0,2026-07-14,-3.423,1072000.0,2026-07-15,-3.694,1069000.0,2026-07-16,-5.135,1053000.0,2026-07-20,0.631,1117000.0,2026-07-21,-0.09,1109000.0,2026-07-22,1.532,1127000.0,2026-07-23,3.694,1151000.0,2026-07-24,9.91,1220000.0,2026-07-27,6.577,1183000.0,2026-07-28,9.91,1220000.0,2026-07-29,11.982,1243000.0,2026-07-30,5.225,1168000.0,2026-07-31,3.694,1151000.0,2026-08-03,9.82,1219000.0,2026-08-04,9.009,1210000.0,2026-08-05,11.081,1233000.0,2026-08-06,17.658,1306000.0,2026-08-07,16.036,1288000.0,2026-08-10,12.973,1254000.0,2026-08-11,2026-08-11,17.658,-5.135,20.0,-7.297,1.0,1.0,1.0,1.0,0.0,UPPER,2026-07-29
003230,삼양식품,2026-07-14,2026-07-14,WATCH,60,LOWER_CHANNEL_WATCH,중기 Higher High + Higher Low | 상승추세 안의 단기 조정 + 전저점 유지 | 상승 평행채널 유효(커버리지 100%) | 최근 추세 하단(싼 구간) 접촉 | 현재도 채널 하단권 | 추세 하단 부근 쌍바닥/Higher-Low 형태,,1072000.0,True,13.96,True,1.0,0.1599,True,1037444.4444,1145500.0,1246000.0,1253555.5556,1018500.0,6.86,16.94,True,False,False,10.27,False,False,False,,False,False,,2026-07-01,2026-07-31,1072000.0,20,1,0.0,1072000.0,2026-07-15,-0.28,1069000.0,2026-07-16,-1.772,1053000.0,2026-07-20,4.198,1117000.0,2026-07-21,3.451,1109000.0,2026-07-22,5.131,1127000.0,2026-07-23,7.369,1151000.0,2026-07-24,13.806,1220000.0,2026-07-27,10.354,1183000.0,2026-07-28,13.806,1220000.0,2026-07-29,15.951,1243000.0,2026-07-30,8.955,1168000.0,2026-07-31,7.369,1151000.0,2026-08-03,13.713,1219000.0,2026-08-04,12.873,1210000.0,2026-08-05,15.019,1233000.0,2026-08-06,21.828,1306000.0,2026-08-07,20.149,1288000.0,2026-08-10,16.978,1254000.0,2026-08-11,12.313,1204000.0,2026-08-12,2026-08-12,21.828,-1.772,24.254,-4.011,1.0,1.0,1.0,1.0,0.0,UPPER,2026-07-29
003230,삼양식품,2026-07-15,2026-07-15,WATCH,60,LOWER_CHANNEL_WATCH,중기 Higher High + Higher Low | 상승추세 안의 단기 조정 + 전저점 유지 | 상승 평행채널 유효(커버리지 100%) | 최근 추세 하단(싼 구간) 접촉 | 현재도 채널 하단권 | 추세 하단 부근 쌍바닥/Higher-Low 형태,,1072000.0,True,13.96,True,1.0,0.1512,True,1039333.3333,1147388.8889,1246000.0,1255444.4444,1018500.0,7.03,17.11,True,False,False,11.19,False,False,False,,False,False,,2026-07-01,2026-07-31,1072000.0,20,1,-0.28,1069000.0,2026-07-16,-1.772,1053000.0,2026-07-20,4.198,1117000.0,2026-07-21,3.451,1109000.0,2026-07-22,5.131,1127000.0,2026-07-23,7.369,1151000.0,2026-07-24,13.806,1220000.0,2026-07-27,10.354,1183000.0,2026-07-28,13.806,1220000.0,2026-07-29,15.951,1243000.0,2026-07-30,8.955,1168000.0,2026-07-31,7.369,1151000.0,2026-08-03,13.713,1219000.0,2026-08-04,12.873,1210000.0,2026-08-05,15.019,1233000.0,2026-08-06,21.828,1306000.0,2026-08-07,20.149,1288000.0,2026-08-10,16.978,1254000.0,2026-08-11,12.313,1204000.0,2026-08-12,13.713,1219000.0,2026-08-13,2026-08-13,21.828,-1.772,24.254,-4.011,1.0,1.0,1.0,1.0,0.0,UPPER,2026-07-29
003230,삼양식품,2026-07-16,2026-07-16,WATCH,60,LOWER_CHANNEL_WATCH,중기 Higher High + Higher Low | 상승추세 안의 단기 조정 + 전저점 유지 | 상승 평행채널 유효(커버리지 100%) | 최근 추세 하단(싼 구간) 접촉 | 현재도 채널 하단권 | 추세 하단 부근 쌍바닥/Higher-Low 형태,,1069000.0,True,14.21,True,1.0,0.1285,True,1041222.2222,1149277.7778,1246000.0,1257333.3333,1018500.0,7.51,17.62,True,False,False,11.38,False,False,False,,False,False,,2026-07-01,2026-07-31,1069000.0,20,1,-1.497,1053000.0,2026-07-20,4.49,1117000.0,2026-07-21,3.742,1109000.0,2026-07-22,5.426,1127000.0,2026-07-23,7.671,1151000.0,2026-07-24,14.125,1220000.0,2026-07-27,10.664,1183000.0,2026-07-28,14.125,1220000.0,2026-07-29,16.277,1243000.0,2026-07-30,9.261,1168000.0,2026-07-31,7.671,1151000.0,2026-08-03,14.032,1219000.0,2026-08-04,13.19,1210000.0,2026-08-05,15.341,1233000.0,2026-08-06,22.17,1306000.0,2026-08-07,20.486,1288000.0,2026-08-10,17.306,1254000.0,2026-08-11,12.629,1204000.0,2026-08-12,14.032,1219000.0,2026-08-13,18.803,1270000.0,2026-08-14,2026-08-14,22.17,-1.497,24.602,-3.742,1.0,1.0,1.0,1.0,0.0,UPPER,2026-07-29
003230,삼양식품,2026-07-20,2026-07-20,WATCH,60,LOWER_CHANNEL_WATCH,중기 Higher High + Higher Low | 상승추세 안의 단기 조정 + 전저점 유지 | 상승 평행채널 유효(커버리지 100%) | 최근 추세 하단(싼 구간) 접촉 | 현재도 채널 하단권 | 추세 하단 부근 쌍바닥/Higher-Low 형태,,1053000.0,True,15.49,True,1.0,0.0458,True,1043111.1111,1151166.6667,1246000.0,1259222.2222,1018500.0,9.32,19.58,True,False,False,12.67,False,False,False,,False,False,,2026-07-01,2026-07-31,1053000.0,20,1,6.078,1117000.0,2026-07-21,5.318,1109000.0,2026-07-22,7.028,1127000.0,2026-07-23,9.307,1151000.0,2026-07-24,15.859,1220000.0,2026-07-27,12.346,1183000.0,2026-07-28,15.859,1220000.0,2026-07-29,18.044,1243000.0,2026-07-30,10.921,1168000.0,2026-07-31,9.307,1151000.0,2026-08-03,15.764,1219000.0,2026-08-04,14.91,1210000.0,2026-08-05,17.094,1233000.0,2026-08-06,24.027,1306000.0,2026-08-07,22.317,1288000.0,2026-08-10,19.088,1254000.0,2026-08-11,14.34,1204000.0,2026-08-12,15.764,1219000.0,2026-08-13,20.608,1270000.0,2026-08-14,26.686,1334000.0,2026-08-18,2026-08-18,26.686,5.318,28.68,-0.665,1.0,1.0,1.0,1.0,0.0,UPPER,2026-07-29
003230,삼양식품,2026-07-21,2026-07-21,WATCH,60,LOWER_CHANNEL_WATCH,중기 Higher High + Higher Low | 상승추세 안의 단기 조정 + 전저점 유지 | 상승 평행채널 유효(커버리지 100%) | 최근 추세 하단(싼 구간) 접촉 | 현재도 채널 하단권 | 추세 하단 부근 쌍바닥/Higher-Low 형태,,1117000.0,True,10.35,True,1.0,0.3332,True,1045000.0,1153055.5556,1246000.0,1261111.1111,1018500.0,3.23,12.9,True,False,False,11.46,False,False,False,,False,False,,2026-07-01,2026-07-31,1117000.0,20,1,-0.716,1109000.0,2026-07-22,0.895,1127000.0,2026-07-23,3.044,1151000.0,2026-07-24,9.221,1220000.0,2026-07-27,5.909,1183000.0,2026-07-28,9.221,1220000.0,2026-07-29,11.28,1243000.0,2026-07-30,4.566,1168000.0,2026-07-31,3.044,1151000.0,2026-08-03,9.132,1219000.0,2026-08-04,8.326,1210000.0,2026-08-05,10.385,1233000.0,2026-08-06,16.92,1306000.0,2026-08-07,15.309,1288000.0,2026-08-10,12.265,1254000.0,2026-08-11,7.789,1204000.0,2026-08-12,9.132,1219000.0,2026-08-13,13.697,1270000.0,2026-08-14,19.427,1334000.0,2026-08-18,16.741,1304000.0,2026-08-19,2026-08-19,19.427,-0.716,24.62,-2.328,1.0,1.0,1.0,1.0,0.0,UPPER,2026-07-29
003230,삼양식품,2026-07-22,2026-07-22,WATCH,60,LOWER_CHANNEL_WATCH,중기 Higher High + Higher Low | 상승추세 안의 단기 조정 + 전저점 유지 | 상승 평행채널 유효(커버리지 100%) | 최근 추세 하단(싼 구간) 접촉 | 현재도 채널 하단권 | 추세 하단 부근 쌍바닥/Higher-Low 형태,,1109000.0,True,11.0,True,1.0,0.2874,True,1046888.8889,1154944.4444,1246000.0,1263000.0,1018500.0,4.14,13.89,True,False,False,10.48,False,True,False,,False,False,,2026-07-01,2026-07-31,1109000.0,20,1,1.623,1127000.0,2026-07-23,3.787,1151000.0,2026-07-24,10.009,1220000.0,2026-07-27,6.673,1183000.0,2026-07-28,10.009,1220000.0,2026-07-29,12.083,1243000.0,2026-07-30,5.32,1168000.0,2026-07-31,3.787,1151000.0,2026-08-03,9.919,1219000.0,2026-08-04,9.107,1210000.0,2026-08-05,11.181,1233000.0,2026-08-06,17.764,1306000.0,2026-08-07,16.141,1288000.0,2026-08-10,13.075,1254000.0,2026-08-11,8.566,1204000.0,2026-08-12,9.919,1219000.0,2026-08-13,14.518,1270000.0,2026-08-14,20.289,1334000.0,2026-08-18,17.583,1304000.0,2026-08-19,25.969,1397000.0,2026-08-20,2026-08-20,25.969,1.623,27.322,-1.623,1.0,1.0,1.0,1.0,0.0,UPPER,2026-07-29
161390,한국타이어앤테크놀로지,2026-07-28,2026-07-28,WATCH,60,LOWER_CHANNEL_WATCH,중기 Higher High + Higher Low | 상승추세 안의 단기 조정 + 전저점 유지 | 상승 평행채널 유효(커버리지 97%) | 최근 추세 하단(싼 구간) 접촉 | 현재도 채널 하단권 | 추세 하단 부근 쌍바닥/Higher-Low 형태,,66700.0,True,14.05,True,0.9688,0.0888,True,65586.6667,71858.3333,77600.0,78130.0,64505.0,7.73,17.14,True,False,False,7.24,False,False,False,,False,False,,2026-07-01,2026-07-31,66700.0,17,0,-1.199,65900.0,2026-07-29,-2.399,65100.0,2026-07-30,1.349,67600.0,2026-07-31,0.15,66800.0,2026-08-03,1.499,67700.0,2026-08-04,1.499,67700.0,2026-08-05,5.697,70500.0,2026-08-06,5.697,70500.0,2026-08-07,4.948,70000.0,2026-08-10,-1.799,65500.0,2026-08-11,5.097,70100.0,2026-08-12,7.196,71500.0,2026-08-13,7.346,71600.0,2026-08-14,3.598,69100.0,2026-08-18,2.099,68100.0,2026-08-19,-0.3,66500.0,2026-08-20,-1.049,66000.0,2026-08-21,,,,,,,,,,2026-08-21,7.346,-2.399,9.745,-4.648,,0.0,0.0,0.0,1.0,STOP,2026-07-29
161390,한국타이어앤테크놀로지,2026-07-31,2026-07-31,WATCH,68,LOWER_CHANNEL_WATCH,중기 Higher High + Higher Low | 상승추세 안의 단기 조정 + 전저점 유지 | 상승 평행채널 유효(커버리지 97%) | 최근 추세 하단(싼 구간) 접촉 | 현재도 채널 하단권 | 추세 하단 부근 쌍바닥/Higher-Low 형태 | 이동평균선 밀집,,67600.0,True,12.89,True,0.9701,0.1183,True,66116.6667,72388.3333,77600.0,78660.0,64505.0,7.08,16.36,True,False,True,5.38,False,True,False,,False,False,,2026-07-01,2026-07-31,67600.0,14,0,-1.183,66800.0,2026-08-03,0.148,67700.0,2026-08-04,0.148,67700.0,2026-08-05,4.29,70500.0,2026-08-06,4.29,70500.0,2026-08-07,3.55,70000.0,2026-08-10,-3.107,65500.0,2026-08-11,3.698,70100.0,2026-08-12,5.769,71500.0,2026-08-13,5.917,71600.0,2026-08-14,2.219,69100.0,2026-08-18,0.74,68100.0,2026-08-19,-1.627,66500.0,2026-08-20,-2.367,66000.0,2026-08-21,,,,,,,,,,,,,,,,,,,2026-08-21,5.917,-3.107,8.284,-5.178,,0.0,0.0,0.0,1.0,STOP,2026-08-11
180640,한진칼,2026-07-09,2026-07-09,WATCH,60,LOWER_CHANNEL_WATCH,중기 Higher High + Higher Low | 상승추세 안의 단기 조정 + 전저점 유지 | 상승 평행채널 유효(커버리지 100%) | 최근 추세 하단(싼 구간) 접촉 | 현재도 채널 하단권 | 추세 하단 부근 쌍바닥/Higher-Low 형태,,126000.0,True,12.32,True,1.0,0.3271,True,116537.1429,131001.4286,143700.0,145465.7143,113041.0286,3.97,15.45,True,False,False,11.94,False,False,False,,False,False,,2026-07-01,2026-07-31,126000.0,20,1,6.905,134700.0,2026-07-10,4.444,131600.0,2026-07-13,-11.587,111400.0,2026-07-14,-10.952,112200.0,2026-07-15,-9.921,113500.0,2026-07-16,-15.952,105900.0,2026-07-20,-18.413,102800.0,2026-07-21,-19.444,101500.0,2026-07-22,-16.746,104900.0,2026-07-23,-16.667,105000.0,2026-07-24,-12.143,110700.0,2026-07-27,-13.492,109000.0,2026-07-28,-11.667,111300.0,2026-07-29,-13.889,108500.0,2026-07-30,-11.349,111700.0,2026-07-31,-5.556,119000.0,2026-08-03,-4.444,120400.0,2026-08-04,-2.778,122500.0,2026-08-05,0.952,127200.0,2026-08-06,-5.635,118900.0,2026-08-07,2026-08-07,6.905,-19.444,11.27,-19.921,0.0,1.0,0.0,0.0,1.0,STOP,2026-07-14
180640,한진칼,2026-07-10,2026-07-10,WATCH,68,LOWER_CHANNEL_WATCH,중기 Higher High + Higher Low | 상승추세 안의 단기 조정 + 전저점 유지 | 상승 평행채널 유효(커버리지 100%) | 최근 추세 하단(싼 구간) 접촉 | 추세 하단 부근 쌍바닥/Higher-Low 형태 | 쌍바닥 넥라인 돌파 확인 | 이동평균선 재돌파,,134700.0,True,6.26,True,1.0,0.6075,True,117125.7143,131590.0,143700.0,146054.2857,113611.9429,-2.31,8.43,True,True,False,10.97,True,False,False,,False,False,,2026-07-01,2026-07-31,134700.0,20,1,-2.301,131600.0,2026-07-13,-17.298,111400.0,2026-07-14,-16.704,112200.0,2026-07-15,-15.739,113500.0,2026-07-16,-21.381,105900.0,2026-07-20,-23.682,102800.0,2026-07-21,-24.647,101500.0,2026-07-22,-22.123,104900.0,2026-07-23,-22.049,105000.0,2026-07-24,-17.817,110700.0,2026-07-27,-19.079,109000.0,2026-07-28,-17.372,111300.0,2026-07-29,-19.451,108500.0,2026-07-30,-17.075,111700.0,2026-07-31,-11.656,119000.0,2026-08-03,-10.616,120400.0,2026-08-04,-9.057,122500.0,2026-08-05,-5.568,127200.0,2026-08-06,-11.73,118900.0,2026-08-07,-13.363,116700.0,2026-08-10,2026-08-10,-2.301,-24.647,4.083,-25.093,0.0,,0.0,0.0,1.0,STOP,2026-07-14
062040,산일전기,2026-07-06,2026-07-06,WATCH,68,LOWER_CHANNEL_WATCH,중기 Higher High + Higher Low | 상승추세 안의 단기 조정 + 전저점 유지 | 상승 평행채널 유효(커버리지 100%) | 최근 추세 하단(싼 구간) 접촉 | 현재도 채널 하단권 | 추세 하단 부근 쌍바닥/Higher-Low 형태 | 이동평균선 밀집,,207000.0,True,24.04,True,1.0,0.0196,True,205666.6667,239750.0,272500.0,273833.3333,199496.6667,15.82,32.29,True,False,True,3.3,False,False,False,,False,False,,2026-07-01,2026-07-31,207000.0,20,1,-6.57,193400.0,2026-07-07,-13.913,178200.0,2026-07-08,-13.237,179600.0,2026-07-09,-8.647,189100.0,2026-07-10,-17.971,169800.0,2026-07-13,-18.551,168600.0,2026-07-14,-13.43,179200.0,2026-07-15,-17.874,170000.0,2026-07-16,-22.657,160100.0,2026-07-20,-20.386,164800.0,2026-07-21,-19.469,166700.0,2026-07-22,-11.304,183600.0,2026-07-23,-17.488,170800.0,2026-07-24,-19.614,166400.0,2026-07-27,-29.565,145800.0,2026-07-28,-38.261,127800.0,2026-07-29,-41.643,120800.0,2026-07-30,-30.821,143200.0,2026-07-31,-29.662,145600.0,2026-08-03,-26.135,152900.0,2026-08-04,2026-08-04,-6.57,-41.643,-0.242,-44.058,0.0,0.0,0.0,0.0,1.0,STOP,2026-07-07
090430,아모레퍼시픽,2026-07-15,2026-07-15,WATCH,58,LOWER_CHANNEL_WATCH,중기 Higher High + Higher Low | 상승추세 안의 단기 조정 + 전저점 유지 | 상승 평행채널 유효(커버리지 100%) | 최근 추세 하단(싼 구간) 접촉 | 이동평균선 재돌파,,120800.0,True,7.43,True,1.0,0.6826,True,97250.0,114500.0,130500.0,131750.0,109610.0,-5.22,9.06,False,False,False,6.68,True,False,False,,False,False,,2026-07-01,2026-07-31,120800.0,20,1,2.98,124400.0,2026-07-16,-2.897,117300.0,2026-07-20,-0.911,119700.0,2026-07-21,-3.228,116900.0,2026-07-22,-1.49,119000.0,2026-07-23,-2.318,118000.0,2026-07-24,2.235,123500.0,2026-07-27,-1.656,118800.0,2026-07-28,0.911,121900.0,2026-07-29,10.927,134000.0,2026-07-30,7.616,130000.0,2026-07-31,7.45,129800.0,2026-08-03,9.189,131900.0,2026-08-04,8.692,131300.0,2026-08-05,14.073,137800.0,2026-08-06,17.384,141800.0,2026-08-07,12.417,135800.0,2026-08-10,13.659,137300.0,2026-08-11,12.334,135700.0,2026-08-12,11.341,134500.0,2026-08-13,2026-08-13,17.384,-3.228,17.55,-4.636,1.0,,1.0,1.0,0.0,UPPER,2026-08-05
090430,아모레퍼시픽,2026-07-16,2026-07-16,WATCH,60,LOWER_CHANNEL_WATCH,중기 Higher High + Higher Low | 상승추세 안의 단기 조정 + 전저점 유지 | 상승 평행채널 유효(커버리지 100%) | 최근 추세 하단(싼 구간) 접촉 | 이동평균선 재돌파 | 재상승 후 5일선 지지,,124400.0,True,4.67,True,1.0,0.7797,True,97500.0,114750.0,130500.0,132000.0,109610.0,-7.76,6.11,False,False,False,7.06,True,True,False,,False,False,,2026-07-01,2026-07-31,124400.0,20,1,-5.707,117300.0,2026-07-20,-3.778,119700.0,2026-07-21,-6.029,116900.0,2026-07-22,-4.341,119000.0,2026-07-23,-5.145,118000.0,2026-07-24,-0.723,123500.0,2026-07-27,-4.502,118800.0,2026-07-28,-2.01,121900.0,2026-07-29,7.717,134000.0,2026-07-30,4.502,130000.0,2026-07-31,4.341,129800.0,2026-08-03,6.029,131900.0,2026-08-04,5.547,131300.0,2026-08-05,10.772,137800.0,2026-08-06,13.987,141800.0,2026-08-07,9.164,135800.0,2026-08-10,10.37,137300.0,2026-08-11,9.084,135700.0,2026-08-12,8.119,134500.0,2026-08-13,9.084,135700.0,2026-08-14,2026-08-14,13.987,-6.029,14.148,-7.395,1.0,,1.0,1.0,0.0,UPPER,2026-08-05
090430,아모레퍼시픽,2026-07-20,2026-07-20,WATCH,58,LOWER_CHANNEL_WATCH,중기 Higher High + Higher Low | 상승추세 안의 단기 조정 + 전저점 유지 | 상승 평행채널 유효(커버리지 100%) | 최근 추세 하단(싼 구간) 접촉 | 이동평균선 밀집,,117300.0,True,10.11,True,1.0,0.5667,True,97750.0,115000.0,130500.0,132250.0,109610.0,-1.96,12.75,False,False,True,5.95,False,False,False,,False,False,,2026-07-01,2026-07-31,117300.0,20,1,2.046,119700.0,2026-07-21,-0.341,116900.0,2026-07-22,1.449,119000.0,2026-07-23,0.597,118000.0,2026-07-24,5.286,123500.0,2026-07-27,1.279,118800.0,2026-07-28,3.922,121900.0,2026-07-29,14.237,134000.0,2026-07-30,10.827,130000.0,2026-07-31,10.656,129800.0,2026-08-03,12.447,131900.0,2026-08-04,11.935,131300.0,2026-08-05,17.477,137800.0,2026-08-06,20.887,141800.0,2026-08-07,15.772,135800.0,2026-08-10,17.05,137300.0,2026-08-11,15.686,135700.0,2026-08-12,14.663,134500.0,2026-08-13,15.686,135700.0,2026-08-14,12.702,132200.0,2026-08-18,2026-08-18,20.887,-0.341,21.057,-1.79,1.0,,1.0,1.0,0.0,UPPER,2026-08-05
377300,카카오페이,2026-07-28,2026-07-28,WATCH,60,LOWER_CHANNEL_WATCH,중기 Higher High + Higher Low | 상승추세 안의 단기 조정 + 전저점 유지 | 상승 평행채널 유효(커버리지 100%) | 최근 추세 하단(싼 구간) 접촉 | 현재도 채널 하단권 | 추세 하단 부근 쌍바닥/Higher-Low 형태,,41950.0,True,9.2,True,1.0,0.3292,True,39540.0,43200.0,46200.0,46860.0,38353.8,2.98,11.7,True,False,False,12.05,False,False,False,,False,False,,2026-07-01,2026-07-31,41950.0,17,0,-6.198,39350.0,2026-07-29,-4.887,39900.0,2026-07-30,1.549,42600.0,2026-07-31,2.384,42950.0,2026-08-03,4.41,43800.0,2026-08-04,-0.954,41550.0,2026-08-05,-0.358,41800.0,2026-08-06,0.119,42000.0,2026-08-07,5.364,44200.0,2026-08-10,7.032,44900.0,2026-08-11,4.768,43950.0,2026-08-12,6.555,44700.0,2026-08-13,7.628,45150.0,2026-08-14,2.145,42850.0,2026-08-18,-1.669,41250.0,2026-08-19,7.151,44950.0,2026-08-20,1.311,42500.0,2026-08-21,,,,,,,,,,2026-08-21,7.628,-6.198,11.681,-10.489,,0.0,0.0,0.0,1.0,STOP,2026-07-29
377300,카카오페이,2026-07-31,2026-07-31,WATCH,60,LOWER_CHANNEL_WATCH,중기 Higher High + Higher Low | 상승추세 안의 단기 조정 + 전저점 유지 | 상승 평행채널 유효(커버리지 100%) | 최근 추세 하단(싼 구간) 접촉 | 현재도 채널 하단권 | 추세 하단 부근 쌍바닥/Higher-Low 형태,,42600.0,True,7.79,True,1.0,0.3279,True,40200.0,43860.0,46200.0,47520.0,38994.0,2.96,11.55,True,False,False,10.16,False,True,False,,False,False,,2026-07-01,2026-07-31,42600.0,14,0,0.822,42950.0,2026-08-03,2.817,43800.0,2026-08-04,-2.465,41550.0,2026-08-05,-1.878,41800.0,2026-08-06,-1.408,42000.0,2026-08-07,3.756,44200.0,2026-08-10,5.399,44900.0,2026-08-11,3.169,43950.0,2026-08-12,4.93,44700.0,2026-08-13,5.986,45150.0,2026-08-14,0.587,42850.0,2026-08-18,-3.169,41250.0,2026-08-19,5.516,44950.0,2026-08-20,-0.235,42500.0,2026-08-21,,,,,,,,,,,,,,,,,,,2026-08-21,5.986,-3.169,9.977,-4.695,,1.0,1.0,0.0,1.0,STOP,2026-08-19
