Ticker,Name,Target_Date,Actual_Date,Status,Score,Primary_Signal,Reasons,Warnings,Close,Uptrend_HH_HL,Pullback_Pct,Prior_Low_Held,Channel_Coverage,Channel_Position,Recent_Lower_Touch,Channel_Lower,Channel_Mid,Prior_High_Target,Channel_Upper,Stop_Price,Room_To_Mid_Pct,Room_To_Upper_Pct,Double_Bottom,Double_Bottom_Confirmed,MA_Clustered,MA_Spread_Pct,MA_Reclaimed,MA5_Held,Bottom_Volume_Surge,Reference_Date,Reference_Low_Held,Reference_High_Break,Reference_Volume_Ratio,Requested_Range_Start,Requested_Range_End,Forward_Entry_Close,Forward_Available_Bars,Forward_Complete_20D,D+1_Close_Return_Pct,D+1_Close,D+1_Date,D+2_Close_Return_Pct,D+2_Close,D+2_Date,D+3_Close_Return_Pct,D+3_Close,D+3_Date,D+4_Close_Return_Pct,D+4_Close,D+4_Date,D+5_Close_Return_Pct,D+5_Close,D+5_Date,D+6_Close_Return_Pct,D+6_Close,D+6_Date,D+7_Close_Return_Pct,D+7_Close,D+7_Date,D+8_Close_Return_Pct,D+8_Close,D+8_Date,D+9_Close_Return_Pct,D+9_Close,D+9_Date,D+10_Close_Return_Pct,D+10_Close,D+10_Date,D+11_Close_Return_Pct,D+11_Close,D+11_Date,D+12_Close_Return_Pct,D+12_Close,D+12_Date,D+13_Close_Return_Pct,D+13_Close,D+13_Date,D+14_Close_Return_Pct,D+14_Close,D+14_Date,D+15_Close_Return_Pct,D+15_Close,D+15_Date,D+16_Close_Return_Pct,D+16_Close,D+16_Date,D+17_Close_Return_Pct,D+17_Close,D+17_Date,D+18_Close_Return_Pct,D+18_Close,D+18_Date,D+19_Close_Return_Pct,D+19_Close,D+19_Date,D+20_Close_Return_Pct,D+20_Close,D+20_Date,Forward_Last_Date,Max_Close_Return_20D_Pct,Min_Close_Return_20D_Pct,MFE_20D_Pct,MAE_20D_Pct,Positive_D20,Hit_Mid_Before_Stop,Hit_PriorHigh_Before_Stop,Hit_Upper_Before_Stop,Stop_Hit,First_Event,Exit_Date
005930,삼성전자,2026-05-08,2026-05-08,CONFIRMED,89,LOWER_CHANNEL_CONFIRMED_REVERSAL,중기 Higher High + Higher Low | 상승추세 안의 단기 조정 + 전저점 유지 | 상승 평행채널 유효(커버리지 98%) | 최근 추세 하단(싼 구간) 접촉 | 현재도 채널 하단권 | 추세 하단 부근 쌍바닥/Higher-Low 형태 | 쌍바닥 넥라인 돌파 확인 | 이동평균선 재돌파 | 추세 바닥권 거래량 급증 양봉 | 거래량 기준봉 저가 지지 | 재상승 후 5일선 지지,,268500.0,True,3.07,True,0.9753,0.3105,True,238639.3939,286721.2121,229500.0,334803.0303,231480.2121,6.79,24.69,True,True,False,19.28,True,True,True,2026-05-06,True,False,2.23,2026-05-01,2026-05-31,268500.0,20,1,6.331,285500.0,2026-05-11,3.911,279000.0,2026-05-12,5.773,284000.0,2026-05-13,10.242,296000.0,2026-05-14,0.745,270500.0,2026-05-15,4.655,281000.0,2026-05-18,2.607,275500.0,2026-05-19,2.793,276000.0,2026-05-20,11.546,299500.0,2026-05-21,8.939,292500.0,2026-05-22,11.359,299000.0,2026-05-26,14.339,307000.0,2026-05-27,11.546,299500.0,2026-05-28,18.063,317000.0,2026-05-29,29.981,349000.0,2026-06-01,34.264,360500.0,2026-06-02,30.912,351500.0,2026-06-04,22.533,329000.0,2026-06-05,10.056,295500.0,2026-06-08,19.926,322000.0,2026-06-09,2026-06-09,34.264,0.745,37.803,-2.421,1,1.0,,0.0,0.0,TIMEOUT,2026-06-09
005930,삼성전자,2026-05-11,2026-05-11,CONFIRMED,79,LOWER_CHANNEL_CONFIRMED_REVERSAL,중기 Higher High + Higher Low | 상승 평행채널 유효(커버리지 98%) | 최근 추세 하단(싼 구간) 접촉 | 추세 하단 부근 쌍바닥/Higher-Low 형태 | 쌍바닥 넥라인 돌파 확인 | 이동평균선 재돌파 | 추세 바닥권 거래량 급증 양봉 | 거래량 기준봉 저가 지지 | 거래량 기준봉 고가 돌파 | 재상승 후 5일선 지지,,285500.0,True,1.04,True,0.9756,0.4626,True,241018.1818,289100.0,229500.0,337181.8182,233787.6364,1.26,18.1,True,True,False,21.95,True,True,True,2026-05-06,True,True,2.23,2026-05-01,2026-05-31,285500.0,20,1,-2.277,279000.0,2026-05-12,-0.525,284000.0,2026-05-13,3.678,296000.0,2026-05-14,-5.254,270500.0,2026-05-15,-1.576,281000.0,2026-05-18,-3.503,275500.0,2026-05-19,-3.327,276000.0,2026-05-20,4.904,299500.0,2026-05-21,2.452,292500.0,2026-05-22,4.729,299000.0,2026-05-26,7.531,307000.0,2026-05-27,4.904,299500.0,2026-05-28,11.033,317000.0,2026-05-29,22.242,349000.0,2026-06-01,26.27,360500.0,2026-06-02,23.117,351500.0,2026-06-04,15.236,329000.0,2026-06-05,3.503,295500.0,2026-06-08,12.785,322000.0,2026-06-09,5.954,302500.0,2026-06-10,2026-06-10,26.27,-5.254,29.597,-8.231,1,1.0,,0.0,0.0,TIMEOUT,2026-06-10
005930,삼성전자,2026-05-12,2026-05-12,CONFIRMED,87,LOWER_CHANNEL_CONFIRMED_REVERSAL,중기 Higher High + Higher Low | 상승추세 안의 단기 조정 + 전저점 유지 | 상승 평행채널 유효(커버리지 98%) | 최근 추세 하단(싼 구간) 접촉 | 추세 하단 부근 쌍바닥/Higher-Low 형태 | 쌍바닥 넥라인 돌파 확인 | 이동평균선 재돌파 | 추세 바닥권 거래량 급증 양봉 | 거래량 기준봉 저가 지지 | 거래량 기준봉 고가 돌파,,279000.0,True,4.29,True,0.9759,0.3702,True,243396.9697,291478.7879,229500.0,339560.6061,236095.0606,4.47,21.71,True,True,False,25.12,True,False,True,2026-05-06,True,True,2.23,2026-05-01,2026-05-31,279000.0,20,1,1.792,284000.0,2026-05-13,6.093,296000.0,2026-05-14,-3.047,270500.0,2026-05-15,0.717,281000.0,2026-05-18,-1.254,275500.0,2026-05-19,-1.075,276000.0,2026-05-20,7.348,299500.0,2026-05-21,4.839,292500.0,2026-05-22,7.168,299000.0,2026-05-26,10.036,307000.0,2026-05-27,7.348,299500.0,2026-05-28,13.62,317000.0,2026-05-29,25.09,349000.0,2026-06-01,29.211,360500.0,2026-06-02,25.986,351500.0,2026-06-04,17.921,329000.0,2026-06-05,5.914,295500.0,2026-06-08,15.412,322000.0,2026-06-09,8.423,302500.0,2026-06-10,7.168,299000.0,2026-06-11,2026-06-11,29.211,-3.047,32.616,-6.093,1,1.0,,0.0,0.0,TIMEOUT,2026-06-11
402340,SK스퀘어,2026-05-21,2026-05-21,WATCH,60,LOWER_CHANNEL_WATCH,중기 Higher High + Higher Low | 상승추세 안의 단기 조정 + 전저점 유지 | 상승 평행채널 유효(커버리지 100%) | 최근 추세 하단(싼 구간) 접촉 | 이동평균선 재돌파 | 재상승 후 5일선 지지,,1179000.0,True,4.22,True,1.0,0.5351,True,989783.7838,1166581.0811,1231000.0,1343378.3784,960090.2703,-1.05,13.94,False,False,False,31.17,True,True,False,,False,False,,2026-05-01,2026-05-31,1179000.0,20,1,0.509,1185000.0,2026-05-22,0.17,1181000.0,2026-05-26,8.227,1276000.0,2026-05-27,4.919,1237000.0,2026-05-28,4.58,1233000.0,2026-05-29,6.531,1256000.0,2026-06-01,14.165,1346000.0,2026-06-02,15.437,1361000.0,2026-06-04,6.701,1258000.0,2026-06-05,-5.174,1118000.0,2026-06-08,7.634,1269000.0,2026-06-09,0.339,1183000.0,2026-06-10,4.156,1228000.0,2026-06-11,15.182,1358000.0,2026-06-12,19.847,1413000.0,2026-06-15,27.311,1501000.0,2026-06-16,35.369,1596000.0,2026-06-17,44.19,1700000.0,2026-06-18,50.975,1780000.0,2026-06-19,67.091,1970000.0,2026-06-22,2026-06-22,67.091,-5.174,68.533,-8.821,1,,1.0,0.0,1.0,STOP,2026-06-08
402340,SK스퀘어,2026-05-22,2026-05-22,WATCH,60,LOWER_CHANNEL_WATCH,중기 Higher High + Higher Low | 상승추세 안의 단기 조정 + 전저점 유지 | 상승 평행채널 유효(커버리지 100%) | 최근 추세 하단(싼 구간) 접촉 | 이동평균선 재돌파 | 재상승 후 5일선 지지,,1185000.0,True,3.74,True,1.0,0.5067,True,1005837.8378,1182635.1351,1231000.0,1359432.4324,975662.7027,-0.2,14.72,False,False,False,31.68,True,True,False,,False,False,,2026-05-01,2026-05-31,1185000.0,20,1,-0.338,1181000.0,2026-05-26,7.679,1276000.0,2026-05-27,4.388,1237000.0,2026-05-28,4.051,1233000.0,2026-05-29,5.992,1256000.0,2026-06-01,13.586,1346000.0,2026-06-02,14.852,1361000.0,2026-06-04,6.16,1258000.0,2026-06-05,-5.654,1118000.0,2026-06-08,7.089,1269000.0,2026-06-09,-0.169,1183000.0,2026-06-10,3.629,1228000.0,2026-06-11,14.599,1358000.0,2026-06-12,19.241,1413000.0,2026-06-15,26.667,1501000.0,2026-06-16,34.684,1596000.0,2026-06-17,43.46,1700000.0,2026-06-18,50.211,1780000.0,2026-06-19,66.245,1970000.0,2026-06-22,54.599,1832000.0,2026-06-23,2026-06-23,66.245,-5.654,84.726,-9.283,1,,1.0,0.0,1.0,STOP,2026-06-08
402340,SK스퀘어,2026-05-26,2026-05-26,WATCH,60,LOWER_CHANNEL_WATCH,중기 Higher High + Higher Low | 상승추세 안의 단기 조정 + 전저점 유지 | 상승 평행채널 유효(커버리지 100%) | 최근 추세 하단(싼 구간) 접촉 | 이동평균선 재돌파 | 재상승 후 5일선 지지,,1181000.0,True,4.83,True,1.0,0.45,True,1021891.8919,1198689.1892,1231000.0,1375486.4865,991235.1351,1.5,16.47,False,False,False,32.52,True,True,False,,False,False,,2026-05-01,2026-05-31,1181000.0,20,1,8.044,1276000.0,2026-05-27,4.742,1237000.0,2026-05-28,4.403,1233000.0,2026-05-29,6.351,1256000.0,2026-06-01,13.971,1346000.0,2026-06-02,15.241,1361000.0,2026-06-04,6.52,1258000.0,2026-06-05,-5.334,1118000.0,2026-06-08,7.451,1269000.0,2026-06-09,0.169,1183000.0,2026-06-10,3.98,1228000.0,2026-06-11,14.987,1358000.0,2026-06-12,19.644,1413000.0,2026-06-15,27.096,1501000.0,2026-06-16,35.14,1596000.0,2026-06-17,43.946,1700000.0,2026-06-18,50.72,1780000.0,2026-06-19,66.808,1970000.0,2026-06-22,55.123,1832000.0,2026-06-23,52.329,1799000.0,2026-06-24,2026-06-24,66.808,-5.334,85.351,-8.975,1,1.0,1.0,0.0,1.0,STOP,2026-06-08
402340,SK스퀘어,2026-05-27,2026-05-27,WATCH,60,LOWER_CHANNEL_WATCH,중기 Higher High + Higher Low | 상승추세 안의 단기 조정 + 전저점 유지 | 상승 평행채널 유효(커버리지 100%) | 최근 추세 하단(싼 구간) 접촉 | 이동평균선 재돌파 | 재상승 후 5일선 지지,,1276000.0,True,4.56,True,1.0,0.6732,True,1037945.9459,1214743.2432,1231000.0,1391540.5405,1006807.5676,-4.8,9.05,False,False,False,33.33,True,True,False,,False,False,,2026-05-01,2026-05-31,1276000.0,20,1,-3.056,1237000.0,2026-05-28,-3.37,1233000.0,2026-05-29,-1.567,1256000.0,2026-06-01,5.486,1346000.0,2026-06-02,6.661,1361000.0,2026-06-04,-1.411,1258000.0,2026-06-05,-12.382,1118000.0,2026-06-08,-0.549,1269000.0,2026-06-09,-7.288,1183000.0,2026-06-10,-3.762,1228000.0,2026-06-11,6.426,1358000.0,2026-06-12,10.737,1413000.0,2026-06-15,17.633,1501000.0,2026-06-16,25.078,1596000.0,2026-06-17,33.229,1700000.0,2026-06-18,39.498,1780000.0,2026-06-19,54.389,1970000.0,2026-06-22,43.574,1832000.0,2026-06-23,40.987,1799000.0,2026-06-24,48.824,1899000.0,2026-06-25,2026-06-25,54.389,-12.382,71.552,-15.752,1,,,0.0,1.0,STOP,2026-06-08
402340,SK스퀘어,2026-05-28,2026-05-28,WATCH,58,LOWER_CHANNEL_WATCH,중기 Higher High + Higher Low | 상승추세 안의 단기 조정 + 전저점 유지 | 상승 평행채널 유효(커버리지 100%) | 최근 추세 하단(싼 구간) 접촉 | 이동평균선 재돌파,,1237000.0,True,7.48,True,1.0,0.5175,True,1054000.0,1230797.2973,1231000.0,1407594.5946,1022380.0,-0.5,13.79,False,False,False,36.95,True,False,False,,False,False,,2026-05-01,2026-05-31,1237000.0,20,1,-0.323,1233000.0,2026-05-29,1.536,1256000.0,2026-06-01,8.812,1346000.0,2026-06-02,10.024,1361000.0,2026-06-04,1.698,1258000.0,2026-06-05,-9.62,1118000.0,2026-06-08,2.587,1269000.0,2026-06-09,-4.365,1183000.0,2026-06-10,-0.728,1228000.0,2026-06-11,9.782,1358000.0,2026-06-12,14.228,1413000.0,2026-06-15,21.342,1501000.0,2026-06-16,29.022,1596000.0,2026-06-17,37.429,1700000.0,2026-06-18,43.897,1780000.0,2026-06-19,59.256,1970000.0,2026-06-22,48.1,1832000.0,2026-06-23,45.432,1799000.0,2026-06-24,53.517,1899000.0,2026-06-25,39.046,1720000.0,2026-06-26,2026-06-26,59.256,-9.62,76.96,-13.096,1,,,0.0,1.0,STOP,2026-06-08
402340,SK스퀘어,2026-05-29,2026-05-29,WATCH,60,LOWER_CHANNEL_WATCH,중기 Higher High + Higher Low | 상승추세 안의 단기 조정 + 전저점 유지 | 상승 평행채널 유효(커버리지 100%) | 최근 추세 하단(싼 구간) 접촉 | 이동평균선 재돌파 | 재상승 후 5일선 지지,,1233000.0,True,7.78,True,1.0,0.4608,True,1070054.0541,1246851.3514,1231000.0,1423648.6486,1037952.4324,1.12,15.46,False,False,False,37.07,True,True,False,,False,False,,2026-05-01,2026-05-31,1233000.0,20,1,1.865,1256000.0,2026-06-01,9.165,1346000.0,2026-06-02,10.381,1361000.0,2026-06-04,2.028,1258000.0,2026-06-05,-9.327,1118000.0,2026-06-08,2.92,1269000.0,2026-06-09,-4.055,1183000.0,2026-06-10,-0.406,1228000.0,2026-06-11,10.138,1358000.0,2026-06-12,14.599,1413000.0,2026-06-15,21.736,1501000.0,2026-06-16,29.44,1596000.0,2026-06-17,37.875,1700000.0,2026-06-18,44.363,1780000.0,2026-06-19,59.773,1970000.0,2026-06-22,48.581,1832000.0,2026-06-23,45.904,1799000.0,2026-06-24,54.015,1899000.0,2026-06-25,39.497,1720000.0,2026-06-26,33.009,1640000.0,2026-06-29,2026-06-29,59.773,-9.327,77.534,-12.814,1,1.0,,0.0,1.0,STOP,2026-06-08
005935,삼성전자우,2026-05-04,2026-05-04,WATCH,65,LOWER_CHANNEL_WATCH,중기 Higher High + Higher Low | 상승 평행채널 유효(커버리지 98%) | 최근 추세 하단(싼 구간) 접촉 | 현재도 채널 하단권 | 추세 하단 부근 쌍바닥/Higher-Low 형태 | 쌍바닥 넥라인 돌파 확인 | 이동평균선 재돌파 | 재상승 후 5일선 지지,,169600.0,True,0.12,True,0.9841,0.1533,True,159300.0,192900.0,149250.0,226500.0,154521.0,13.74,33.55,True,True,False,15.68,True,True,False,,False,False,,2026-05-01,2026-05-31,169600.0,20,1,11.616,189300.0,2026-05-06,9.316,185400.0,2026-05-07,7.724,182700.0,2026-05-08,14.917,194900.0,2026-05-11,10.259,187000.0,2026-05-12,11.498,189100.0,2026-05-13,14.21,193700.0,2026-05-14,5.778,179400.0,2026-05-15,9.139,185100.0,2026-05-18,6.604,180800.0,2026-05-19,4.835,177800.0,2026-05-20,10.731,187800.0,2026-05-21,10.554,187500.0,2026-05-22,10.377,187200.0,2026-05-26,13.208,192000.0,2026-05-27,12.559,190900.0,2026-05-28,19.399,202500.0,2026-05-29,35.024,229000.0,2026-06-01,36.498,231500.0,2026-06-02,29.717,220000.0,2026-06-04,2026-06-04,36.498,4.835,43.573,0.649,1,0.0,,0.0,1.0,STOP,2026-05-20
005935,삼성전자우,2026-05-06,2026-05-06,WATCH,60,LOWER_CHANNEL_WATCH,중기 Higher High + Higher Low | 상승 평행채널 유효(커버리지 98%) | 최근 추세 하단(싼 구간) 접촉 | 추세 하단 부근 쌍바닥/Higher-Low 형태 | 쌍바닥 넥라인 돌파 확인 | 이동평균선 재돌파 | 재상승 후 5일선 지지,,189300.0,True,1.35,True,0.9844,0.4211,True,161000.0,194600.0,149250.0,228200.0,156170.0,2.8,20.55,True,True,False,16.53,True,True,False,,False,False,,2026-05-01,2026-05-31,189300.0,20,1,-2.06,185400.0,2026-05-07,-3.487,182700.0,2026-05-08,2.958,194900.0,2026-05-11,-1.215,187000.0,2026-05-12,-0.106,189100.0,2026-05-13,2.324,193700.0,2026-05-14,-5.23,179400.0,2026-05-15,-2.219,185100.0,2026-05-18,-4.49,180800.0,2026-05-19,-6.075,177800.0,2026-05-20,-0.792,187800.0,2026-05-21,-0.951,187500.0,2026-05-22,-1.109,187200.0,2026-05-26,1.426,192000.0,2026-05-27,0.845,190900.0,2026-05-28,6.973,202500.0,2026-05-29,20.972,229000.0,2026-06-01,22.293,231500.0,2026-06-02,16.218,220000.0,2026-06-04,11.463,211000.0,2026-06-05,2026-06-05,22.293,-6.075,28.632,-9.826,1,0.0,,0.0,1.0,STOP,2026-05-20
005935,삼성전자우,2026-05-07,2026-05-07,CONFIRMED,75,LOWER_CHANNEL_CONFIRMED_REVERSAL,중기 Higher High + Higher Low | 상승추세 안의 단기 조정 + 전저점 유지 | 상승 평행채널 유효(커버리지 98%) | 최근 추세 하단(싼 구간) 접촉 | 현재도 채널 하단권 | 추세 하단 부근 쌍바닥/Higher-Low 형태 | 쌍바닥 넥라인 돌파 확인 | 이동평균선 재돌파 | 재상승 후 5일선 지지,,185400.0,True,4.78,True,0.9846,0.3378,True,162700.0,196300.0,149250.0,229900.0,157819.0,5.88,24.0,True,True,False,19.04,True,True,False,,False,False,,2026-05-01,2026-05-31,185400.0,20,1,-1.456,182700.0,2026-05-08,5.124,194900.0,2026-05-11,0.863,187000.0,2026-05-12,1.996,189100.0,2026-05-13,4.477,193700.0,2026-05-14,-3.236,179400.0,2026-05-15,-0.162,185100.0,2026-05-18,-2.481,180800.0,2026-05-19,-4.099,177800.0,2026-05-20,1.294,187800.0,2026-05-21,1.133,187500.0,2026-05-22,0.971,187200.0,2026-05-26,3.56,192000.0,2026-05-27,2.967,190900.0,2026-05-28,9.223,202500.0,2026-05-29,23.517,229000.0,2026-06-01,24.865,231500.0,2026-06-02,18.662,220000.0,2026-06-04,13.808,211000.0,2026-06-05,3.83,192500.0,2026-06-08,2026-06-08,24.865,-4.099,31.338,-7.767,1,0.0,,0.0,1.0,STOP,2026-05-20
005935,삼성전자우,2026-05-08,2026-05-08,WATCH,65,LOWER_CHANNEL_WATCH,중기 Higher High + Higher Low | 상승추세 안의 단기 조정 + 전저점 유지 | 상승 평행채널 유효(커버리지 98%) | 최근 추세 하단(싼 구간) 접촉 | 현재도 채널 하단권 | 이동평균선 재돌파 | 재상승 후 5일선 지지,,182700.0,True,6.16,True,0.9848,0.2723,True,164400.0,198000.0,149250.0,231600.0,159468.0,8.37,26.77,False,False,False,20.79,True,True,False,,False,False,,2026-05-01,2026-05-31,182700.0,20,1,6.678,194900.0,2026-05-11,2.354,187000.0,2026-05-12,3.503,189100.0,2026-05-13,6.021,193700.0,2026-05-14,-1.806,179400.0,2026-05-15,1.314,185100.0,2026-05-18,-1.04,180800.0,2026-05-19,-2.682,177800.0,2026-05-20,2.791,187800.0,2026-05-21,2.627,187500.0,2026-05-22,2.463,187200.0,2026-05-26,5.09,192000.0,2026-05-27,4.488,190900.0,2026-05-28,10.837,202500.0,2026-05-29,25.342,229000.0,2026-06-01,26.71,231500.0,2026-06-02,20.416,220000.0,2026-06-04,15.49,211000.0,2026-06-05,5.364,192500.0,2026-06-08,11.385,203500.0,2026-06-09,2026-06-09,26.71,-2.682,33.279,-6.404,1,0.0,,0.0,1.0,STOP,2026-05-20
005935,삼성전자우,2026-05-13,2026-05-13,WATCH,58,LOWER_CHANNEL_WATCH,중기 Higher High + Higher Low | 상승추세 안의 단기 조정 + 전저점 유지 | 상승 평행채널 유효(커버리지 100%) | 최근 추세 하단(싼 구간) 접촉 | 이동평균선 재돌파,,189100.0,True,4.45,True,1.0,0.4728,True,156442.3077,190980.7692,149250.0,225519.2308,151749.0385,0.99,19.26,False,False,False,23.76,True,False,False,,False,False,,2026-05-01,2026-05-31,189100.0,20,1,2.433,193700.0,2026-05-14,-5.13,179400.0,2026-05-15,-2.115,185100.0,2026-05-18,-4.389,180800.0,2026-05-19,-5.976,177800.0,2026-05-20,-0.687,187800.0,2026-05-21,-0.846,187500.0,2026-05-22,-1.005,187200.0,2026-05-26,1.534,192000.0,2026-05-27,0.952,190900.0,2026-05-28,7.086,202500.0,2026-05-29,21.1,229000.0,2026-06-01,22.422,231500.0,2026-06-02,16.341,220000.0,2026-06-04,11.581,211000.0,2026-06-05,1.798,192500.0,2026-06-08,7.615,203500.0,2026-06-09,1.269,191500.0,2026-06-10,2.327,193500.0,2026-06-11,9.466,207000.0,2026-06-12,2026-06-12,22.422,-5.976,28.768,-9.572,1,1.0,,0.0,0.0,TIMEOUT,2026-06-12
005935,삼성전자우,2026-05-21,2026-05-21,WATCH,65,LOWER_CHANNEL_WATCH,중기 Higher High + Higher Low | 상승추세 안의 단기 조정 + 전저점 유지 | 상승 평행채널 유효(커버리지 100%) | 최근 추세 하단(싼 구간) 접촉 | 현재도 채널 하단권 | 이동평균선 재돌파 | 재상승 후 5일선 지지,,187800.0,True,5.63,True,1.0,0.2578,True,169340.9091,205140.9091,199000.0,240940.9091,164260.6818,9.23,28.3,False,False,False,17.95,True,True,False,,False,False,,2026-05-01,2026-05-31,187800.0,20,1,-0.16,187500.0,2026-05-22,-0.319,187200.0,2026-05-26,2.236,192000.0,2026-05-27,1.651,190900.0,2026-05-28,7.827,202500.0,2026-05-29,21.938,229000.0,2026-06-01,23.269,231500.0,2026-06-02,17.146,220000.0,2026-06-04,12.354,211000.0,2026-06-05,2.503,192500.0,2026-06-08,8.36,203500.0,2026-06-09,1.97,191500.0,2026-06-10,3.035,193500.0,2026-06-11,10.224,207000.0,2026-06-12,15.016,216000.0,2026-06-15,19.276,224000.0,2026-06-16,20.607,226500.0,2026-06-17,21.672,228500.0,2026-06-18,18.211,222000.0,2026-06-19,19.276,224000.0,2026-06-22,2026-06-22,23.269,-0.319,29.659,-3.674,1,1.0,1.0,0.0,1.0,STOP,2026-06-11
005935,삼성전자우,2026-05-22,2026-05-22,WATCH,65,LOWER_CHANNEL_WATCH,중기 Higher High + Higher Low | 상승추세 안의 단기 조정 + 전저점 유지 | 상승 평행채널 유효(커버리지 100%) | 최근 추세 하단(싼 구간) 접촉 | 현재도 채널 하단권 | 이동평균선 재돌파 | 재상승 후 5일선 지지,,187500.0,True,5.78,True,1.0,0.2313,True,170936.3636,206736.3636,199000.0,242536.3636,165808.2727,10.26,29.35,False,False,False,18.43,True,True,False,,False,False,,2026-05-01,2026-05-31,187500.0,20,1,-0.16,187200.0,2026-05-26,2.4,192000.0,2026-05-27,1.813,190900.0,2026-05-28,8.0,202500.0,2026-05-29,22.133,229000.0,2026-06-01,23.467,231500.0,2026-06-02,17.333,220000.0,2026-06-04,12.533,211000.0,2026-06-05,2.667,192500.0,2026-06-08,8.533,203500.0,2026-06-09,2.133,191500.0,2026-06-10,3.2,193500.0,2026-06-11,10.4,207000.0,2026-06-12,15.2,216000.0,2026-06-15,19.467,224000.0,2026-06-16,20.8,226500.0,2026-06-17,21.867,228500.0,2026-06-18,18.4,222000.0,2026-06-19,19.467,224000.0,2026-06-22,8.0,202500.0,2026-06-23,2026-06-23,23.467,-0.16,29.867,-3.52,1,1.0,1.0,0.0,1.0,STOP,2026-06-11
005935,삼성전자우,2026-05-26,2026-05-26,WATCH,65,LOWER_CHANNEL_WATCH,중기 Higher High + Higher Low | 상승추세 안의 단기 조정 + 전저점 유지 | 상승 평행채널 유효(커버리지 100%) | 최근 추세 하단(싼 구간) 접촉 | 현재도 채널 하단권 | 이동평균선 재돌파 | 재상승 후 5일선 지지,,187200.0,True,5.93,True,1.0,0.2049,True,172531.8182,208331.8182,199000.0,244131.8182,167355.8636,11.29,30.41,False,False,False,18.29,True,True,False,,False,False,,2026-05-01,2026-05-31,187200.0,20,1,2.564,192000.0,2026-05-27,1.976,190900.0,2026-05-28,8.173,202500.0,2026-05-29,22.329,229000.0,2026-06-01,23.665,231500.0,2026-06-02,17.521,220000.0,2026-06-04,12.714,211000.0,2026-06-05,2.831,192500.0,2026-06-08,8.707,203500.0,2026-06-09,2.297,191500.0,2026-06-10,3.365,193500.0,2026-06-11,10.577,207000.0,2026-06-12,15.385,216000.0,2026-06-15,19.658,224000.0,2026-06-16,20.994,226500.0,2026-06-17,22.062,228500.0,2026-06-18,18.59,222000.0,2026-06-19,19.658,224000.0,2026-06-22,8.173,202500.0,2026-06-23,14.049,213500.0,2026-06-24,2026-06-24,23.665,1.976,30.075,-3.365,1,1.0,1.0,0.0,1.0,STOP,2026-06-11
005935,삼성전자우,2026-05-27,2026-05-27,WATCH,65,LOWER_CHANNEL_WATCH,중기 Higher High + Higher Low | 상승추세 안의 단기 조정 + 전저점 유지 | 상승 평행채널 유효(커버리지 100%) | 최근 추세 하단(싼 구간) 접촉 | 현재도 채널 하단권 | 이동평균선 재돌파 | 재상승 후 5일선 지지,,192000.0,True,3.86,True,1.0,0.2496,True,174127.2727,209927.2727,199000.0,245727.2727,168903.4545,9.34,27.98,False,False,False,18.62,True,True,False,,False,False,,2026-05-01,2026-05-31,192000.0,20,1,-0.573,190900.0,2026-05-28,5.469,202500.0,2026-05-29,19.271,229000.0,2026-06-01,20.573,231500.0,2026-06-02,14.583,220000.0,2026-06-04,9.896,211000.0,2026-06-05,0.26,192500.0,2026-06-08,5.99,203500.0,2026-06-09,-0.26,191500.0,2026-06-10,0.781,193500.0,2026-06-11,7.812,207000.0,2026-06-12,12.5,216000.0,2026-06-15,16.667,224000.0,2026-06-16,17.969,226500.0,2026-06-17,19.01,228500.0,2026-06-18,15.625,222000.0,2026-06-19,16.667,224000.0,2026-06-22,5.469,202500.0,2026-06-23,11.198,213500.0,2026-06-24,22.396,235000.0,2026-06-25,2026-06-25,22.396,-0.573,26.823,-5.781,1,1.0,1.0,0.0,1.0,STOP,2026-06-11
005935,삼성전자우,2026-05-28,2026-05-28,WATCH,63,LOWER_CHANNEL_WATCH,중기 Higher High + Higher Low | 상승추세 안의 단기 조정 + 전저점 유지 | 상승 평행채널 유효(커버리지 100%) | 최근 추세 하단(싼 구간) 접촉 | 현재도 채널 하단권 | 이동평균선 재돌파,,190900.0,True,4.41,True,1.0,0.212,True,175722.7273,211522.7273,199000.0,247322.7273,170451.0455,10.8,29.56,False,False,False,19.69,True,False,False,,False,False,,2026-05-01,2026-05-31,190900.0,20,1,6.076,202500.0,2026-05-29,19.958,229000.0,2026-06-01,21.268,231500.0,2026-06-02,15.244,220000.0,2026-06-04,10.529,211000.0,2026-06-05,0.838,192500.0,2026-06-08,6.6,203500.0,2026-06-09,0.314,191500.0,2026-06-10,1.362,193500.0,2026-06-11,8.434,207000.0,2026-06-12,13.148,216000.0,2026-06-15,17.339,224000.0,2026-06-16,18.649,226500.0,2026-06-17,19.696,228500.0,2026-06-18,16.291,222000.0,2026-06-19,17.339,224000.0,2026-06-22,6.076,202500.0,2026-06-23,11.839,213500.0,2026-06-24,23.101,235000.0,2026-06-25,15.506,220500.0,2026-06-26,2026-06-26,23.101,0.314,27.554,-5.238,1,1.0,1.0,0.0,1.0,STOP,2026-06-11
009150,삼성전기,2026-05-22,2026-05-22,WATCH,69,LOWER_CHANNEL_WATCH,중기 Higher High + Higher Low | 상승 평행채널 유효(커버리지 100%) | 최근 추세 하단(싼 구간) 접촉 | 이동평균선 재돌파 | 추세 바닥권 거래량 급증 양봉 | 거래량 기준봉 저가 지지 | 거래량 기준봉 고가 돌파 | 재상승 후 5일선 지지,,1340000.0,True,1.69,True,1.0,0.7602,True,1000500.0,1223805.5556,1133000.0,1447111.1111,970485.0,-8.67,7.99,False,False,False,36.04,True,True,True,2026-05-20,True,True,2.06,2026-05-01,2026-05-31,1340000.0,20,1,17.313,1572000.0,2026-05-26,21.642,1630000.0,2026-05-27,37.985,1849000.0,2026-05-28,58.731,2127000.0,2026-05-29,49.627,2005000.0,2026-06-01,35.299,1813000.0,2026-06-02,28.06,1716000.0,2026-06-04,31.119,1757000.0,2026-06-05,24.179,1664000.0,2026-06-08,47.015,1970000.0,2026-06-09,34.701,1805000.0,2026-06-10,34.701,1805000.0,2026-06-11,27.91,1714000.0,2026-06-12,49.179,1999000.0,2026-06-15,52.836,2048000.0,2026-06-16,51.642,2032000.0,2026-06-17,64.179,2200000.0,2026-06-18,69.403,2270000.0,2026-06-19,66.269,2228000.0,2026-06-22,48.507,1990000.0,2026-06-23,2026-06-23,69.403,17.313,80.373,7.985,1,,,1.0,0.0,UPPER,2026-05-26
009150,삼성전기,2026-05-26,2026-05-26,WATCH,69,LOWER_CHANNEL_WATCH,중기 Higher High + Higher Low | 상승 평행채널 유효(커버리지 99%) | 최근 추세 하단(싼 구간) 접촉 | 이동평균선 재돌파 | 추세 바닥권 거래량 급증 양봉 | 거래량 기준봉 저가 지지 | 거래량 기준봉 고가 돌파 | 재상승 후 5일선 지지,,1572000.0,True,2.36,True,0.9855,1.2421,True,1017277.7778,1240583.3333,1133000.0,1463888.8889,986759.4444,-21.08,-6.88,False,False,False,36.43,True,True,True,2026-05-20,True,True,2.06,2026-05-01,2026-05-31,1572000.0,20,1,3.69,1630000.0,2026-05-27,17.621,1849000.0,2026-05-28,35.305,2127000.0,2026-05-29,27.545,2005000.0,2026-06-01,15.331,1813000.0,2026-06-02,9.16,1716000.0,2026-06-04,11.768,1757000.0,2026-06-05,5.852,1664000.0,2026-06-08,25.318,1970000.0,2026-06-09,14.822,1805000.0,2026-06-10,14.822,1805000.0,2026-06-11,9.033,1714000.0,2026-06-12,27.163,1999000.0,2026-06-15,30.28,2048000.0,2026-06-16,29.262,2032000.0,2026-06-17,39.949,2200000.0,2026-06-18,44.402,2270000.0,2026-06-19,41.73,2228000.0,2026-06-22,26.59,1990000.0,2026-06-23,24.936,1964000.0,2026-06-24,2026-06-24,44.402,3.69,53.753,-1.272,1,,,,0.0,TIMEOUT,2026-06-24
009150,삼성전기,2026-05-27,2026-05-27,WATCH,79,LOWER_CHANNEL_WATCH,중기 Higher High + Higher Low | 상승추세 안의 단기 조정 + 전저점 유지 | 상승 평행채널 유효(커버리지 97%) | 최근 추세 하단(싼 구간) 접촉 | 이동평균선 재돌파 | 추세 바닥권 거래량 급증 양봉 | 거래량 기준봉 저가 지지 | 거래량 기준봉 고가 돌파 | 재상승 후 5일선 지지,,1630000.0,True,6.0,True,0.9714,1.3344,True,1034055.5556,1257361.1111,1133000.0,1480666.6667,1003033.8889,-22.86,-9.16,False,False,False,41.83,True,True,True,2026-05-20,True,True,2.06,2026-05-01,2026-05-31,1630000.0,20,1,13.436,1849000.0,2026-05-28,30.491,2127000.0,2026-05-29,23.006,2005000.0,2026-06-01,11.227,1813000.0,2026-06-02,5.276,1716000.0,2026-06-04,7.791,1757000.0,2026-06-05,2.086,1664000.0,2026-06-08,20.859,1970000.0,2026-06-09,10.736,1805000.0,2026-06-10,10.736,1805000.0,2026-06-11,5.153,1714000.0,2026-06-12,22.638,1999000.0,2026-06-15,25.644,2048000.0,2026-06-16,24.663,2032000.0,2026-06-17,34.969,2200000.0,2026-06-18,39.264,2270000.0,2026-06-19,36.687,2228000.0,2026-06-22,22.086,1990000.0,2026-06-23,20.491,1964000.0,2026-06-24,22.515,1997000.0,2026-06-25,2026-06-25,39.264,2.086,48.282,-4.785,1,,,,0.0,TIMEOUT,2026-06-25
009150,삼성전기,2026-05-28,2026-05-28,WATCH,69,LOWER_CHANNEL_WATCH,중기 Higher High + Higher Low | 상승 평행채널 유효(커버리지 96%) | 최근 추세 하단(싼 구간) 접촉 | 이동평균선 재돌파 | 추세 바닥권 거래량 급증 양봉 | 거래량 기준봉 저가 지지 | 거래량 기준봉 고가 돌파 | 재상승 후 5일선 지지,,1849000.0,True,1.65,True,0.9577,1.7872,True,1050833.3333,1274138.8889,1133000.0,1497444.4444,1019308.3333,-31.09,-19.01,False,False,False,44.14,True,True,True,2026-05-20,True,True,2.06,2026-05-01,2026-05-31,1849000.0,20,1,15.035,2127000.0,2026-05-29,8.437,2005000.0,2026-06-01,-1.947,1813000.0,2026-06-02,-7.193,1716000.0,2026-06-04,-4.976,1757000.0,2026-06-05,-10.005,1664000.0,2026-06-08,6.544,1970000.0,2026-06-09,-2.38,1805000.0,2026-06-10,-2.38,1805000.0,2026-06-11,-7.301,1714000.0,2026-06-12,8.112,1999000.0,2026-06-15,10.763,2048000.0,2026-06-16,9.897,2032000.0,2026-06-17,18.983,2200000.0,2026-06-18,22.769,2270000.0,2026-06-19,20.498,2228000.0,2026-06-22,7.626,1990000.0,2026-06-23,6.22,1964000.0,2026-06-24,8.004,1997000.0,2026-06-25,7.788,1993000.0,2026-06-26,2026-06-26,22.769,-10.005,30.719,-16.063,1,,,,0.0,TIMEOUT,2026-06-26
009150,삼성전기,2026-05-29,2026-05-29,WATCH,69,LOWER_CHANNEL_WATCH,중기 Higher High + Higher Low | 상승 평행채널 유효(커버리지 94%) | 최근 추세 하단(싼 구간) 접촉 | 이동평균선 재돌파 | 추세 바닥권 거래량 급증 양봉 | 거래량 기준봉 저가 지지 | 거래량 기준봉 고가 돌파 | 재상승 후 5일선 지지,,2127000.0,True,2.97,True,0.9444,2.3721,True,1067611.1111,1290916.6667,1133000.0,1514222.2222,1035582.7778,-39.31,-28.81,False,False,False,45.7,True,True,True,2026-05-20,True,True,2.06,2026-05-01,2026-05-31,2127000.0,20,1,-5.736,2005000.0,2026-06-01,-14.763,1813000.0,2026-06-02,-19.323,1716000.0,2026-06-04,-17.395,1757000.0,2026-06-05,-21.768,1664000.0,2026-06-08,-7.381,1970000.0,2026-06-09,-15.139,1805000.0,2026-06-10,-15.139,1805000.0,2026-06-11,-19.417,1714000.0,2026-06-12,-6.018,1999000.0,2026-06-15,-3.714,2048000.0,2026-06-16,-4.466,2032000.0,2026-06-17,3.432,2200000.0,2026-06-18,6.723,2270000.0,2026-06-19,4.748,2228000.0,2026-06-22,-6.441,1990000.0,2026-06-23,-7.663,1964000.0,2026-06-24,-6.112,1997000.0,2026-06-25,-6.3,1993000.0,2026-06-26,-4.184,2038000.0,2026-06-29,2026-06-29,6.723,-21.768,13.634,-27.033,0,,,,0.0,TIMEOUT,2026-06-29
005380,현대차,2026-05-04,2026-05-04,WATCH,63,LOWER_CHANNEL_WATCH,중기 Higher High + Higher Low | 상승추세 안의 단기 조정 + 전저점 유지 | 상승 평행채널 유효(커버리지 100%) | 최근 추세 하단(싼 구간) 접촉 | 현재도 채널 하단권 | 이동평균선 밀집,,539000.0,True,6.1,True,1.0,0.1215,True,532444.4444,559430.5556,574000.0,586416.6667,516471.1111,3.79,8.8,False,False,True,4.82,False,True,False,,False,False,,2026-05-01,2026-05-31,539000.0,20,1,2.041,550000.0,2026-05-06,6.122,572000.0,2026-05-07,13.729,613000.0,2026-05-08,19.852,646000.0,2026-05-11,19.852,646000.0,2026-05-12,31.725,710000.0,2026-05-13,32.096,712000.0,2026-05-14,29.87,700000.0,2026-05-15,23.006,663000.0,2026-05-18,12.059,604000.0,2026-05-19,9.833,592000.0,2026-05-20,23.562,666000.0,2026-05-21,21.521,655000.0,2026-05-22,27.829,689000.0,2026-05-26,26.345,681000.0,2026-05-27,25.603,677000.0,2026-05-28,34.137,723000.0,2026-05-29,39.147,750000.0,2026-06-01,35.25,729000.0,2026-06-02,29.87,700000.0,2026-06-04,2026-06-04,39.147,2.041,45.269,0.371,1,1.0,1.0,1.0,0.0,UPPER,2026-05-07
005380,현대차,2026-05-06,2026-05-06,WATCH,73,LOWER_CHANNEL_WATCH,중기 Higher High + Higher Low | 상승추세 안의 단기 조정 + 전저점 유지 | 상승 평행채널 유효(커버리지 100%) | 최근 추세 하단(싼 구간) 접촉 | 현재도 채널 하단권 | 이동평균선 밀집 | 이동평균선 재돌파 | 재상승 후 5일선 지지,,550000.0,True,4.18,True,1.0,0.2486,True,536583.3333,563569.4444,574000.0,590555.5556,520485.8333,2.47,7.37,False,False,True,5.49,True,True,False,,False,False,,2026-05-01,2026-05-31,550000.0,20,1,4.0,572000.0,2026-05-07,11.455,613000.0,2026-05-08,17.455,646000.0,2026-05-11,17.455,646000.0,2026-05-12,29.091,710000.0,2026-05-13,29.455,712000.0,2026-05-14,27.273,700000.0,2026-05-15,20.545,663000.0,2026-05-18,9.818,604000.0,2026-05-19,7.636,592000.0,2026-05-20,21.091,666000.0,2026-05-21,19.091,655000.0,2026-05-22,25.273,689000.0,2026-05-26,23.818,681000.0,2026-05-27,23.091,677000.0,2026-05-28,31.455,723000.0,2026-05-29,36.364,750000.0,2026-06-01,32.545,729000.0,2026-06-02,27.273,700000.0,2026-06-04,27.273,700000.0,2026-06-05,2026-06-05,36.364,4.0,42.364,1.455,1,1.0,1.0,1.0,0.0,UPPER,2026-05-07
005380,현대차,2026-05-07,2026-05-07,WATCH,68,LOWER_CHANNEL_WATCH,중기 Higher High + Higher Low | 상승추세 안의 단기 조정 + 전저점 유지 | 상승 평행채널 유효(커버리지 100%) | 최근 추세 하단(싼 구간) 접촉 | 이동평균선 밀집 | 이동평균선 재돌파 | 재상승 후 5일선 지지,,572000.0,True,4.03,True,1.0,0.5795,True,540722.2222,567708.3333,574000.0,594694.4444,524500.5556,-0.75,3.97,False,False,True,5.67,True,True,False,,False,False,,2026-05-01,2026-05-31,572000.0,20,1,7.168,613000.0,2026-05-08,12.937,646000.0,2026-05-11,12.937,646000.0,2026-05-12,24.126,710000.0,2026-05-13,24.476,712000.0,2026-05-14,22.378,700000.0,2026-05-15,15.909,663000.0,2026-05-18,5.594,604000.0,2026-05-19,3.497,592000.0,2026-05-20,16.434,666000.0,2026-05-21,14.51,655000.0,2026-05-22,20.455,689000.0,2026-05-26,19.056,681000.0,2026-05-27,18.357,677000.0,2026-05-28,26.399,723000.0,2026-05-29,31.119,750000.0,2026-06-01,27.448,729000.0,2026-06-02,22.378,700000.0,2026-06-04,22.378,700000.0,2026-06-05,11.713,639000.0,2026-06-08,2026-06-08,31.119,3.497,36.888,-0.35,1,,1.0,1.0,0.0,UPPER,2026-05-08
005380,현대차,2026-05-08,2026-05-08,WATCH,60,LOWER_CHANNEL_WATCH,중기 Higher High + Higher Low | 상승추세 안의 단기 조정 + 전저점 유지 | 상승 평행채널 유효(커버리지 96%) | 최근 추세 하단(싼 구간) 접촉 | 이동평균선 재돌파 | 재상승 후 5일선 지지,,613000.0,True,5.26,True,0.96,1.2625,True,544861.1111,571847.2222,574000.0,598833.3333,528515.2778,-6.71,-2.31,False,False,False,6.81,True,True,False,,False,False,,2026-05-01,2026-05-31,613000.0,20,1,5.383,646000.0,2026-05-11,5.383,646000.0,2026-05-12,15.824,710000.0,2026-05-13,16.15,712000.0,2026-05-14,14.192,700000.0,2026-05-15,8.157,663000.0,2026-05-18,-1.468,604000.0,2026-05-19,-3.426,592000.0,2026-05-20,8.646,666000.0,2026-05-21,6.852,655000.0,2026-05-22,12.398,689000.0,2026-05-26,11.093,681000.0,2026-05-27,10.44,677000.0,2026-05-28,17.945,723000.0,2026-05-29,22.349,750000.0,2026-06-01,18.923,729000.0,2026-06-02,14.192,700000.0,2026-06-04,14.192,700000.0,2026-06-05,4.241,639000.0,2026-06-08,4.241,639000.0,2026-06-09,2026-06-09,22.349,-3.426,27.732,-7.015,1,,,,0.0,TIMEOUT,2026-06-09
005380,현대차,2026-05-12,2026-05-12,WATCH,60,LOWER_CHANNEL_WATCH,중기 Higher High + Higher Low | 상승추세 안의 단기 조정 + 전저점 유지 | 상승 평행채널 유효(커버리지 89%) | 최근 추세 하단(싼 구간) 접촉 | 이동평균선 재돌파 | 재상승 후 5일선 지지,,646000.0,True,8.04,True,0.8889,1.7205,True,553138.8889,580125.0,574000.0,607111.1111,536544.7222,-10.2,-6.02,False,False,False,12.45,True,True,False,,False,False,,2026-05-01,2026-05-31,646000.0,20,1,9.907,710000.0,2026-05-13,10.217,712000.0,2026-05-14,8.359,700000.0,2026-05-15,2.632,663000.0,2026-05-18,-6.502,604000.0,2026-05-19,-8.359,592000.0,2026-05-20,3.096,666000.0,2026-05-21,1.393,655000.0,2026-05-22,6.656,689000.0,2026-05-26,5.418,681000.0,2026-05-27,4.799,677000.0,2026-05-28,11.92,723000.0,2026-05-29,16.099,750000.0,2026-06-01,12.848,729000.0,2026-06-02,8.359,700000.0,2026-06-04,8.359,700000.0,2026-06-05,-1.084,639000.0,2026-06-08,-1.084,639000.0,2026-06-09,-6.811,602000.0,2026-06-10,-7.585,597000.0,2026-06-11,2026-06-11,16.099,-8.359,21.207,-13.158,0,,,,1.0,STOP,2026-06-10
005380,현대차,2026-05-20,2026-05-20,WATCH,69,LOWER_CHANNEL_WATCH,중기 Higher High + Higher Low | 상승추세 안의 단기 조정 + 전저점 유지 | 상승 평행채널 유효(커버리지 96%) | 최근 추세 하단(싼 구간) 접촉 | 현재도 채널 하단권 | 추세 바닥권 거래량 급증 양봉 | 거래량 기준봉 저가 지지,,592000.0,True,23.56,True,0.9571,0.0711,True,577136.3636,681647.7273,774500.0,786159.0909,559822.2727,15.14,32.8,False,False,False,19.11,False,False,True,2026-05-08,True,False,4.42,2026-05-01,2026-05-31,592000.0,20,1,12.5,666000.0,2026-05-21,10.642,655000.0,2026-05-22,16.385,689000.0,2026-05-26,15.034,681000.0,2026-05-27,14.358,677000.0,2026-05-28,22.128,723000.0,2026-05-29,26.689,750000.0,2026-06-01,23.142,729000.0,2026-06-02,18.243,700000.0,2026-06-04,18.243,700000.0,2026-06-05,7.939,639000.0,2026-06-08,7.939,639000.0,2026-06-09,1.689,602000.0,2026-06-10,0.845,597000.0,2026-06-11,2.534,607000.0,2026-06-12,9.291,647000.0,2026-06-15,8.108,640000.0,2026-06-16,4.392,618000.0,2026-06-17,1.52,601000.0,2026-06-18,3.547,613000.0,2026-06-19,2026-06-19,26.689,0.845,32.264,-5.236,1,1.0,1.0,0.0,1.0,STOP,2026-06-10
005380,현대차,2026-05-21,2026-05-21,CONFIRMED,77,LOWER_CHANNEL_CONFIRMED_REVERSAL,중기 Higher High + Higher Low | 상승추세 안의 단기 조정 + 전저점 유지 | 상승 평행채널 유효(커버리지 96%) | 최근 추세 하단(싼 구간) 접촉 | 이동평균선 재돌파 | 추세 바닥권 거래량 급증 양봉 | 거래량 기준봉 저가 지지 | 거래량 기준봉 고가 돌파,,666000.0,True,14.01,True,0.9577,0.4065,True,581022.7273,685534.0909,774500.0,790045.4545,563592.0455,2.93,18.63,False,False,False,15.25,True,False,True,2026-05-08,True,True,4.42,2026-05-01,2026-05-31,666000.0,20,1,-1.652,655000.0,2026-05-22,3.453,689000.0,2026-05-26,2.252,681000.0,2026-05-27,1.652,677000.0,2026-05-28,8.559,723000.0,2026-05-29,12.613,750000.0,2026-06-01,9.459,729000.0,2026-06-02,5.105,700000.0,2026-06-04,5.105,700000.0,2026-06-05,-4.054,639000.0,2026-06-08,-4.054,639000.0,2026-06-09,-9.61,602000.0,2026-06-10,-10.36,597000.0,2026-06-11,-8.859,607000.0,2026-06-12,-2.853,647000.0,2026-06-15,-3.904,640000.0,2026-06-16,-7.207,618000.0,2026-06-17,-9.76,601000.0,2026-06-18,-7.958,613000.0,2026-06-19,-12.763,581000.0,2026-06-22,2026-06-22,12.613,-12.763,17.568,-15.766,0,1.0,1.0,0.0,1.0,STOP,2026-06-10
005380,현대차,2026-05-22,2026-05-22,CONFIRMED,84,LOWER_CHANNEL_CONFIRMED_REVERSAL,중기 Higher High + Higher Low | 상승추세 안의 단기 조정 + 전저점 유지 | 상승 평행채널 유효(커버리지 96%) | 최근 추세 하단(싼 구간) 접촉 | 현재도 채널 하단권 | 이동평균선 재돌파 | 추세 바닥권 거래량 급증 양봉 | 거래량 기준봉 저가 지지 | 거래량 기준봉 고가 돌파 | 재상승 후 5일선 지지,,655000.0,True,15.43,True,0.9583,0.3353,True,584909.0909,689420.4545,774500.0,793931.8182,567361.8182,5.26,21.21,False,False,False,13.8,True,True,True,2026-05-08,True,True,4.42,2026-05-01,2026-05-31,655000.0,20,1,5.191,689000.0,2026-05-26,3.969,681000.0,2026-05-27,3.359,677000.0,2026-05-28,10.382,723000.0,2026-05-29,14.504,750000.0,2026-06-01,11.298,729000.0,2026-06-02,6.87,700000.0,2026-06-04,6.87,700000.0,2026-06-05,-2.443,639000.0,2026-06-08,-2.443,639000.0,2026-06-09,-8.092,602000.0,2026-06-10,-8.855,597000.0,2026-06-11,-7.328,607000.0,2026-06-12,-1.221,647000.0,2026-06-15,-2.29,640000.0,2026-06-16,-5.649,618000.0,2026-06-17,-8.244,601000.0,2026-06-18,-6.412,613000.0,2026-06-19,-11.298,581000.0,2026-06-22,-21.985,511000.0,2026-06-23,2026-06-23,14.504,-21.985,19.542,-22.443,0,1.0,1.0,0.0,1.0,STOP,2026-06-10
005380,현대차,2026-05-26,2026-05-26,WATCH,79,LOWER_CHANNEL_WATCH,중기 Higher High + Higher Low | 상승추세 안의 단기 조정 + 전저점 유지 | 상승 평행채널 유효(커버리지 98%) | 최근 추세 하단(싼 구간) 접촉 | 이동평균선 재돌파 | 추세 바닥권 거래량 급증 양봉 | 거래량 기준봉 저가 지지 | 거래량 기준봉 고가 돌파 | 재상승 후 5일선 지지,,689000.0,True,11.04,True,0.9831,0.606,True,541971.1538,663283.6538,774500.0,784596.1538,552900.0,-3.73,13.87,False,False,False,13.59,True,True,True,2026-04-28,True,True,2.74,2026-05-01,2026-05-31,689000.0,20,1,-1.161,681000.0,2026-05-27,-1.742,677000.0,2026-05-28,4.935,723000.0,2026-05-29,8.853,750000.0,2026-06-01,5.806,729000.0,2026-06-02,1.597,700000.0,2026-06-04,1.597,700000.0,2026-06-05,-7.257,639000.0,2026-06-08,-7.257,639000.0,2026-06-09,-12.627,602000.0,2026-06-10,-13.353,597000.0,2026-06-11,-11.901,607000.0,2026-06-12,-6.096,647000.0,2026-06-15,-7.112,640000.0,2026-06-16,-10.305,618000.0,2026-06-17,-12.772,601000.0,2026-06-18,-11.03,613000.0,2026-06-19,-15.675,581000.0,2026-06-22,-25.835,511000.0,2026-06-23,-26.125,509000.0,2026-06-24,2026-06-24,8.853,-26.125,13.643,-28.374,0,,1.0,0.0,1.0,STOP,2026-06-23
005380,현대차,2026-05-27,2026-05-27,CONFIRMED,79,LOWER_CHANNEL_CONFIRMED_REVERSAL,중기 Higher High + Higher Low | 상승추세 안의 단기 조정 + 전저점 유지 | 상승 평행채널 유효(커버리지 98%) | 최근 추세 하단(싼 구간) 접촉 | 이동평균선 재돌파 | 추세 바닥권 거래량 급증 양봉 | 거래량 기준봉 저가 지지 | 거래량 기준봉 고가 돌파 | 재상승 후 5일선 지지,,681000.0,True,12.07,True,0.9833,0.5661,True,543653.8462,664966.3462,774500.0,786278.8462,552900.0,-2.35,15.46,False,False,False,15.83,True,True,True,2026-04-28,True,True,2.74,2026-05-01,2026-05-31,681000.0,20,1,-0.587,677000.0,2026-05-28,6.167,723000.0,2026-05-29,10.132,750000.0,2026-06-01,7.048,729000.0,2026-06-02,2.79,700000.0,2026-06-04,2.79,700000.0,2026-06-05,-6.167,639000.0,2026-06-08,-6.167,639000.0,2026-06-09,-11.601,602000.0,2026-06-10,-12.335,597000.0,2026-06-11,-10.866,607000.0,2026-06-12,-4.993,647000.0,2026-06-15,-6.021,640000.0,2026-06-16,-9.251,618000.0,2026-06-17,-11.747,601000.0,2026-06-18,-9.985,613000.0,2026-06-19,-14.684,581000.0,2026-06-22,-24.963,511000.0,2026-06-23,-25.257,509000.0,2026-06-24,-26.138,503000.0,2026-06-25,2026-06-25,10.132,-26.138,14.978,-27.533,0,,1.0,0.0,1.0,STOP,2026-06-23
005380,현대차,2026-05-28,2026-05-28,CONFIRMED,77,LOWER_CHANNEL_CONFIRMED_REVERSAL,중기 Higher High + Higher Low | 상승추세 안의 단기 조정 + 전저점 유지 | 상승 평행채널 유효(커버리지 98%) | 최근 추세 하단(싼 구간) 접촉 | 이동평균선 재돌파 | 추세 바닥권 거래량 급증 양봉 | 거래량 기준봉 저가 지지 | 거래량 기준봉 고가 돌파,,677000.0,True,12.59,True,0.9836,0.5427,True,545336.5385,666649.0385,774500.0,787961.5385,552900.0,-1.53,16.39,False,False,False,18.43,True,False,True,2026-04-28,True,True,2.74,2026-05-01,2026-05-31,677000.0,20,1,6.795,723000.0,2026-05-29,10.783,750000.0,2026-06-01,7.681,729000.0,2026-06-02,3.397,700000.0,2026-06-04,3.397,700000.0,2026-06-05,-5.613,639000.0,2026-06-08,-5.613,639000.0,2026-06-09,-11.078,602000.0,2026-06-10,-11.817,597000.0,2026-06-11,-10.34,607000.0,2026-06-12,-4.431,647000.0,2026-06-15,-5.465,640000.0,2026-06-16,-8.715,618000.0,2026-06-17,-11.226,601000.0,2026-06-18,-9.453,613000.0,2026-06-19,-14.18,581000.0,2026-06-22,-24.52,511000.0,2026-06-23,-24.815,509000.0,2026-06-24,-25.702,503000.0,2026-06-25,-29.025,480500.0,2026-06-26,2026-06-26,10.783,-29.025,15.657,-31.979,0,,1.0,0.0,1.0,STOP,2026-06-23
005380,현대차,2026-05-29,2026-05-29,WATCH,60,LOWER_CHANNEL_WATCH,중기 Higher High + Higher Low | 상승추세 안의 단기 조정 + 전저점 유지 | 상승 평행채널 유효(커버리지 98%) | 최근 추세 하단(싼 구간) 접촉 | 이동평균선 재돌파 | 재상승 후 5일선 지지,,723000.0,True,6.65,True,0.9839,0.7253,True,547019.2308,668331.7308,774500.0,789644.2308,552900.0,-7.56,9.22,False,False,False,18.54,True,True,False,,False,False,,2026-05-01,2026-05-31,723000.0,20,1,3.734,750000.0,2026-06-01,0.83,729000.0,2026-06-02,-3.181,700000.0,2026-06-04,-3.181,700000.0,2026-06-05,-11.618,639000.0,2026-06-08,-11.618,639000.0,2026-06-09,-16.736,602000.0,2026-06-10,-17.427,597000.0,2026-06-11,-16.044,607000.0,2026-06-12,-10.512,647000.0,2026-06-15,-11.48,640000.0,2026-06-16,-14.523,618000.0,2026-06-17,-16.874,601000.0,2026-06-18,-15.214,613000.0,2026-06-19,-19.64,581000.0,2026-06-22,-29.322,511000.0,2026-06-23,-29.599,509000.0,2026-06-24,-30.429,503000.0,2026-06-25,-33.541,480500.0,2026-06-26,-31.259,497000.0,2026-06-29,2026-06-29,3.734,-33.541,8.299,-36.307,0,,1.0,0.0,1.0,STOP,2026-06-23
032830,삼성생명,2026-05-20,2026-05-20,CONFIRMED,79,LOWER_CHANNEL_CONFIRMED_REVERSAL,중기 Higher High + Higher Low | 상승추세 안의 단기 조정 + 전저점 유지 | 상승 평행채널 유효(커버리지 100%) | 최근 추세 하단(싼 구간) 접촉 | 추세 하단 부근 쌍바닥/Higher-Low 형태 | 쌍바닥 넥라인 돌파 확인 | 추세 바닥권 거래량 급증 양봉 | 거래량 기준봉 저가 지지 | 거래량 기준봉 고가 돌파,,312000.0,True,8.1,True,1.0,0.5,True,277333.3333,312000.0,339500.0,346666.6667,269013.3333,0.0,11.11,True,True,False,22.48,False,False,True,2026-05-04,True,True,1.93,2026-05-01,2026-05-31,312000.0,20,1,13.782,355000.0,2026-05-21,16.827,364500.0,2026-05-22,11.538,348000.0,2026-05-26,13.622,354500.0,2026-05-27,14.583,357500.0,2026-05-28,24.519,388500.0,2026-05-29,31.41,410000.0,2026-06-01,53.846,480000.0,2026-06-02,40.385,438000.0,2026-06-04,32.212,412500.0,2026-06-05,20.353,375500.0,2026-06-08,25.962,393000.0,2026-06-09,17.949,368000.0,2026-06-10,16.987,365000.0,2026-06-11,23.558,385500.0,2026-06-12,35.577,423000.0,2026-06-15,38.141,431000.0,2026-06-16,43.269,447000.0,2026-06-17,50.321,469000.0,2026-06-18,59.295,497000.0,2026-06-19,2026-06-19,59.295,11.538,65.545,6.25,1,,1.0,1.0,0.0,UPPER,2026-05-21
032830,삼성생명,2026-05-21,2026-05-21,WATCH,69,LOWER_CHANNEL_WATCH,중기 Higher High + Higher Low | 상승 평행채널 유효(커버리지 100%) | 최근 추세 하단(싼 구간) 접촉 | 이동평균선 재돌파 | 추세 바닥권 거래량 급증 양봉 | 거래량 기준봉 저가 지지 | 거래량 기준봉 고가 돌파 | 재상승 후 5일선 지지,,355000.0,True,1.11,True,1.0,1.0012,True,303260.0,329100.0,339500.0,354940.0,294162.2,-7.3,-0.02,False,False,False,20.58,True,True,True,2026-05-04,True,True,1.93,2026-05-01,2026-05-31,355000.0,20,1,2.676,364500.0,2026-05-22,-1.972,348000.0,2026-05-26,-0.141,354500.0,2026-05-27,0.704,357500.0,2026-05-28,9.437,388500.0,2026-05-29,15.493,410000.0,2026-06-01,35.211,480000.0,2026-06-02,23.38,438000.0,2026-06-04,16.197,412500.0,2026-06-05,5.775,375500.0,2026-06-08,10.704,393000.0,2026-06-09,3.662,368000.0,2026-06-10,2.817,365000.0,2026-06-11,8.592,385500.0,2026-06-12,19.155,423000.0,2026-06-15,21.408,431000.0,2026-06-16,25.915,447000.0,2026-06-17,32.113,469000.0,2026-06-18,40.0,497000.0,2026-06-19,26.901,450500.0,2026-06-22,2026-06-22,40.0,-1.972,45.493,-4.225,1,,,,1.0,STOP,2026-06-11
032830,삼성생명,2026-05-22,2026-05-22,WATCH,69,LOWER_CHANNEL_WATCH,중기 Higher High + Higher Low | 상승 평행채널 유효(커버리지 97%) | 최근 추세 하단(싼 구간) 접촉 | 이동평균선 재돌파 | 추세 바닥권 거래량 급증 양봉 | 거래량 기준봉 저가 지지 | 거래량 기준봉 고가 돌파 | 재상승 후 5일선 지지,,364500.0,True,1.49,True,0.9677,1.1103,True,307120.0,332960.0,339500.0,358800.0,297906.4,-8.65,-1.56,False,False,False,22.4,True,True,True,2026-05-04,True,True,1.93,2026-05-01,2026-05-31,364500.0,20,1,-4.527,348000.0,2026-05-26,-2.743,354500.0,2026-05-27,-1.92,357500.0,2026-05-28,6.584,388500.0,2026-05-29,12.483,410000.0,2026-06-01,31.687,480000.0,2026-06-02,20.165,438000.0,2026-06-04,13.169,412500.0,2026-06-05,3.018,375500.0,2026-06-08,7.819,393000.0,2026-06-09,0.96,368000.0,2026-06-10,0.137,365000.0,2026-06-11,5.761,385500.0,2026-06-12,16.049,423000.0,2026-06-15,18.244,431000.0,2026-06-16,22.634,447000.0,2026-06-17,28.669,469000.0,2026-06-18,36.351,497000.0,2026-06-19,23.594,450500.0,2026-06-22,16.598,425000.0,2026-06-23,2026-06-23,36.351,-4.527,41.701,-6.722,1,,,,1.0,STOP,2026-06-11
032830,삼성생명,2026-05-26,2026-05-26,WATCH,79,LOWER_CHANNEL_WATCH,중기 Higher High + Higher Low | 상승추세 안의 단기 조정 + 전저점 유지 | 상승 평행채널 유효(커버리지 97%) | 최근 추세 하단(싼 구간) 접촉 | 이동평균선 재돌파 | 추세 바닥권 거래량 급증 양봉 | 거래량 기준봉 저가 지지 | 거래량 기준봉 고가 돌파 | 재상승 후 5일선 지지,,348000.0,True,6.83,True,0.9688,0.7163,True,310980.0,336820.0,339500.0,362660.0,301650.6,-3.21,4.21,False,False,False,24.95,True,True,True,2026-05-04,True,True,1.93,2026-05-01,2026-05-31,348000.0,20,1,1.868,354500.0,2026-05-27,2.73,357500.0,2026-05-28,11.638,388500.0,2026-05-29,17.816,410000.0,2026-06-01,37.931,480000.0,2026-06-02,25.862,438000.0,2026-06-04,18.534,412500.0,2026-06-05,7.902,375500.0,2026-06-08,12.931,393000.0,2026-06-09,5.747,368000.0,2026-06-10,4.885,365000.0,2026-06-11,10.776,385500.0,2026-06-12,21.552,423000.0,2026-06-15,23.851,431000.0,2026-06-16,28.448,447000.0,2026-06-17,34.77,469000.0,2026-06-18,42.816,497000.0,2026-06-19,29.454,450500.0,2026-06-22,22.126,425000.0,2026-06-23,24.425,433000.0,2026-06-24,2026-06-24,42.816,1.868,48.42,-2.299,1,,,1.0,0.0,UPPER,2026-05-27
032830,삼성생명,2026-05-27,2026-05-27,WATCH,79,LOWER_CHANNEL_WATCH,중기 Higher High + Higher Low | 상승추세 안의 단기 조정 + 전저점 유지 | 상승 평행채널 유효(커버리지 97%) | 최근 추세 하단(싼 구간) 접촉 | 이동평균선 재돌파 | 추세 바닥권 거래량 급증 양봉 | 거래량 기준봉 저가 지지 | 거래량 기준봉 고가 돌파 | 재상승 후 5일선 지지,,354500.0,True,5.09,True,0.9697,0.7674,True,314840.0,340680.0,339500.0,366520.0,305394.8,-3.9,3.39,False,False,False,26.35,True,True,True,2026-05-04,True,True,1.93,2026-05-01,2026-05-31,354500.0,20,1,0.846,357500.0,2026-05-28,9.591,388500.0,2026-05-29,15.656,410000.0,2026-06-01,35.402,480000.0,2026-06-02,23.554,438000.0,2026-06-04,16.361,412500.0,2026-06-05,5.924,375500.0,2026-06-08,10.86,393000.0,2026-06-09,3.808,368000.0,2026-06-10,2.962,365000.0,2026-06-11,8.745,385500.0,2026-06-12,19.323,423000.0,2026-06-15,21.58,431000.0,2026-06-16,26.093,447000.0,2026-06-17,32.299,469000.0,2026-06-18,40.197,497000.0,2026-06-19,27.08,450500.0,2026-06-22,19.887,425000.0,2026-06-23,22.144,433000.0,2026-06-24,26.093,447000.0,2026-06-25,2026-06-25,40.197,0.846,45.698,-4.09,1,,,1.0,0.0,UPPER,2026-05-29
032830,삼성생명,2026-05-28,2026-05-28,WATCH,77,LOWER_CHANNEL_WATCH,중기 Higher High + Higher Low | 상승추세 안의 단기 조정 + 전저점 유지 | 상승 평행채널 유효(커버리지 97%) | 최근 추세 하단(싼 구간) 접촉 | 이동평균선 재돌파 | 추세 바닥권 거래량 급증 양봉 | 거래량 기준봉 저가 지지 | 거래량 기준봉 고가 돌파,,357500.0,True,4.28,True,0.9706,0.7508,True,318700.0,344540.0,339500.0,370380.0,309139.0,-3.63,3.6,False,False,False,28.08,True,False,True,2026-05-04,True,True,1.93,2026-05-01,2026-05-31,357500.0,20,1,8.671,388500.0,2026-05-29,14.685,410000.0,2026-06-01,34.266,480000.0,2026-06-02,22.517,438000.0,2026-06-04,15.385,412500.0,2026-06-05,5.035,375500.0,2026-06-08,9.93,393000.0,2026-06-09,2.937,368000.0,2026-06-10,2.098,365000.0,2026-06-11,7.832,385500.0,2026-06-12,18.322,423000.0,2026-06-15,20.559,431000.0,2026-06-16,25.035,447000.0,2026-06-17,31.189,469000.0,2026-06-18,39.021,497000.0,2026-06-19,26.014,450500.0,2026-06-22,18.881,425000.0,2026-06-23,21.119,433000.0,2026-06-24,25.035,447000.0,2026-06-25,20.979,432500.0,2026-06-26,2026-06-26,39.021,2.098,44.476,-4.336,1,,,1.0,0.0,UPPER,2026-05-29
032830,삼성생명,2026-05-29,2026-05-29,WATCH,69,LOWER_CHANNEL_WATCH,중기 Higher High + Higher Low | 상승 평행채널 유효(커버리지 94%) | 최근 추세 하단(싼 구간) 접촉 | 이동평균선 재돌파 | 추세 바닥권 거래량 급증 양봉 | 거래량 기준봉 저가 지지 | 거래량 기준봉 고가 돌파 | 재상승 후 5일선 지지,,388500.0,True,0.77,True,0.9429,1.2759,True,322560.0,348400.0,339500.0,374240.0,312883.2,-10.32,-3.67,False,False,False,26.85,True,True,True,2026-05-04,True,True,1.93,2026-05-01,2026-05-31,388500.0,20,1,5.534,410000.0,2026-06-01,23.552,480000.0,2026-06-02,12.741,438000.0,2026-06-04,6.178,412500.0,2026-06-05,-3.346,375500.0,2026-06-08,1.158,393000.0,2026-06-09,-5.277,368000.0,2026-06-10,-6.049,365000.0,2026-06-11,-0.772,385500.0,2026-06-12,8.88,423000.0,2026-06-15,10.94,431000.0,2026-06-16,15.058,447000.0,2026-06-17,20.721,469000.0,2026-06-18,27.928,497000.0,2026-06-19,15.959,450500.0,2026-06-22,9.395,425000.0,2026-06-23,11.454,433000.0,2026-06-24,15.058,447000.0,2026-06-25,11.326,432500.0,2026-06-26,5.148,408500.0,2026-06-29,2026-06-29,27.928,-6.049,32.947,-11.969,1,,,,1.0,STOP,2026-06-11
373220,LG에너지솔루션,2026-05-04,2026-05-04,WATCH,70,LOWER_CHANNEL_WATCH,중기 Higher High + Higher Low | 상승추세 안의 단기 조정 + 전저점 유지 | 상승 평행채널 유효(커버리지 100%) | 최근 추세 하단(싼 구간) 접촉 | 추세 하단 부근 쌍바닥/Higher-Low 형태 | 쌍바닥 넥라인 돌파 확인 | 이동평균선 재돌파 | 재상승 후 5일선 지지,,472000.0,True,4.26,True,1.0,0.6744,True,404010.0,454420.0,493000.0,504830.0,391889.7,-3.72,6.96,True,True,False,13.11,True,True,False,,False,False,,2026-05-01,2026-05-31,472000.0,20,1,2.119,482000.0,2026-05-06,2.331,483000.0,2026-05-07,0.953,476500.0,2026-05-08,-0.847,468000.0,2026-05-11,-6.144,443000.0,2026-05-12,-8.898,430000.0,2026-05-13,-6.356,442000.0,2026-05-14,-11.653,417000.0,2026-05-15,-13.559,408000.0,2026-05-18,-15.254,400000.0,2026-05-19,-18.538,384500.0,2026-05-20,-15.042,401000.0,2026-05-21,-15.572,398500.0,2026-05-22,-15.36,399500.0,2026-05-26,-18.75,383500.0,2026-05-27,-6.356,442000.0,2026-05-28,-2.966,458000.0,2026-05-29,-3.602,455000.0,2026-06-01,-6.25,442500.0,2026-06-02,-10.593,422000.0,2026-06-04,2026-06-04,2.331,-18.75,5.403,-19.068,0,,0.0,0.0,1.0,STOP,2026-05-18
373220,LG에너지솔루션,2026-05-06,2026-05-06,WATCH,60,LOWER_CHANNEL_WATCH,중기 Higher High + Higher Low | 상승 평행채널 유효(커버리지 100%) | 최근 추세 하단(싼 구간) 접촉 | 추세 하단 부근 쌍바닥/Higher-Low 형태 | 쌍바닥 넥라인 돌파 확인 | 이동평균선 재돌파 | 재상승 후 5일선 지지,,482000.0,True,2.23,True,1.0,0.7568,True,405700.0,456110.0,493000.0,506520.0,393529.0,-5.37,5.09,True,True,False,13.27,True,True,False,,False,False,,2026-05-01,2026-05-31,482000.0,20,1,0.207,483000.0,2026-05-07,-1.141,476500.0,2026-05-08,-2.905,468000.0,2026-05-11,-8.091,443000.0,2026-05-12,-10.788,430000.0,2026-05-13,-8.299,442000.0,2026-05-14,-13.485,417000.0,2026-05-15,-15.353,408000.0,2026-05-18,-17.012,400000.0,2026-05-19,-20.228,384500.0,2026-05-20,-16.805,401000.0,2026-05-21,-17.324,398500.0,2026-05-22,-17.116,399500.0,2026-05-26,-20.436,383500.0,2026-05-27,-8.299,442000.0,2026-05-28,-4.979,458000.0,2026-05-29,-5.602,455000.0,2026-06-01,-8.195,442500.0,2026-06-02,-12.448,422000.0,2026-06-04,-14.108,414000.0,2026-06-05,2026-06-05,0.207,-20.436,3.216,-20.747,0,,0.0,0.0,1.0,STOP,2026-05-18
373220,LG에너지솔루션,2026-05-07,2026-05-07,WATCH,60,LOWER_CHANNEL_WATCH,중기 Higher High + Higher Low | 상승 평행채널 유효(커버리지 100%) | 최근 추세 하단(싼 구간) 접촉 | 추세 하단 부근 쌍바닥/Higher-Low 형태 | 쌍바닥 넥라인 돌파 확인 | 이동평균선 재돌파 | 재상승 후 5일선 지지,,483000.0,True,2.03,True,1.0,0.75,True,407390.0,457800.0,493000.0,508210.0,443290.0,-5.22,5.22,True,True,False,13.42,True,True,False,,False,False,,2026-05-01,2026-05-31,483000.0,20,1,-1.346,476500.0,2026-05-08,-3.106,468000.0,2026-05-11,-8.282,443000.0,2026-05-12,-10.973,430000.0,2026-05-13,-8.489,442000.0,2026-05-14,-13.665,417000.0,2026-05-15,-15.528,408000.0,2026-05-18,-17.184,400000.0,2026-05-19,-20.393,384500.0,2026-05-20,-16.977,401000.0,2026-05-21,-17.495,398500.0,2026-05-22,-17.288,399500.0,2026-05-26,-20.6,383500.0,2026-05-27,-8.489,442000.0,2026-05-28,-5.176,458000.0,2026-05-29,-5.797,455000.0,2026-06-01,-8.385,442500.0,2026-06-02,-12.629,422000.0,2026-06-04,-14.286,414000.0,2026-06-05,-19.565,388500.0,2026-06-08,2026-06-08,-1.346,-20.6,3.002,-20.911,0,,0.0,0.0,1.0,STOP,2026-05-12
373220,LG에너지솔루션,2026-05-08,2026-05-08,WATCH,60,LOWER_CHANNEL_WATCH,중기 Higher High + Higher Low | 상승추세 안의 단기 조정 + 전저점 유지 | 상승 평행채널 유효(커버리지 100%) | 최근 추세 하단(싼 구간) 접촉 | 이동평균선 재돌파 | 재상승 후 5일선 지지,,476500.0,True,3.35,True,1.0,0.6687,True,409080.0,459490.0,493000.0,509900.0,443290.0,-3.57,7.01,False,False,False,13.47,True,True,False,,False,False,,2026-05-01,2026-05-31,476500.0,20,1,-1.784,468000.0,2026-05-11,-7.03,443000.0,2026-05-12,-9.759,430000.0,2026-05-13,-7.24,442000.0,2026-05-14,-12.487,417000.0,2026-05-15,-14.376,408000.0,2026-05-18,-16.055,400000.0,2026-05-19,-19.307,384500.0,2026-05-20,-15.845,401000.0,2026-05-21,-16.369,398500.0,2026-05-22,-16.159,399500.0,2026-05-26,-19.517,383500.0,2026-05-27,-7.24,442000.0,2026-05-28,-3.882,458000.0,2026-05-29,-4.512,455000.0,2026-06-01,-7.135,442500.0,2026-06-02,-11.438,422000.0,2026-06-04,-13.116,414000.0,2026-06-05,-18.468,388500.0,2026-06-08,-16.789,396500.0,2026-06-09,2026-06-09,-1.784,-19.517,4.407,-19.832,0,,0.0,0.0,1.0,STOP,2026-05-12
028260,삼성물산,2026-05-26,2026-05-26,CONFIRMED,75,LOWER_CHANNEL_CONFIRMED_REVERSAL,중기 Higher High + Higher Low | 상승추세 안의 단기 조정 + 전저점 유지 | 상승 평행채널 유효(커버리지 100%) | 최근 추세 하단(싼 구간) 접촉 | 현재도 채널 하단권 | 추세 하단 부근 쌍바닥/Higher-Low 형태 | 쌍바닥 넥라인 돌파 확인 | 이동평균선 재돌파 | 재상승 후 5일선 지지,,411000.0,True,14.37,True,1.0,0.2525,True,372500.0,448750.0,480000.0,525000.0,361325.0,9.18,27.74,True,True,False,19.46,True,True,False,,False,False,,2026-05-01,2026-05-31,411000.0,20,1,-0.122,410500.0,2026-05-27,-2.798,399500.0,2026-05-28,5.231,432500.0,2026-05-29,10.706,455000.0,2026-06-01,18.127,485500.0,2026-06-02,30.17,535000.0,2026-06-04,12.044,460500.0,2026-06-05,-0.608,408500.0,2026-06-08,4.38,429000.0,2026-06-09,-0.852,407500.0,2026-06-10,-0.243,410000.0,2026-06-11,5.109,432000.0,2026-06-12,20.438,495000.0,2026-06-15,20.925,497000.0,2026-06-16,19.221,490000.0,2026-06-17,18.127,485500.0,2026-06-18,19.586,491500.0,2026-06-19,26.521,520000.0,2026-06-22,10.706,455000.0,2026-06-23,17.153,481500.0,2026-06-24,2026-06-24,30.17,-2.798,37.47,-6.569,1,1.0,1.0,1.0,0.0,UPPER,2026-06-04
028260,삼성물산,2026-05-27,2026-05-27,CONFIRMED,75,LOWER_CHANNEL_CONFIRMED_REVERSAL,중기 Higher High + Higher Low | 상승추세 안의 단기 조정 + 전저점 유지 | 상승 평행채널 유효(커버리지 100%) | 최근 추세 하단(싼 구간) 접촉 | 현재도 채널 하단권 | 추세 하단 부근 쌍바닥/Higher-Low 형태 | 쌍바닥 넥라인 돌파 확인 | 이동평균선 재돌파 | 재상승 후 5일선 지지,,410500.0,True,14.48,True,1.0,0.2197,True,377000.0,453250.0,480000.0,529500.0,365690.0,10.41,28.99,True,True,False,20.74,True,True,False,,False,False,,2026-05-01,2026-05-31,410500.0,20,1,-2.68,399500.0,2026-05-28,5.359,432500.0,2026-05-29,10.84,455000.0,2026-06-01,18.27,485500.0,2026-06-02,30.329,535000.0,2026-06-04,12.18,460500.0,2026-06-05,-0.487,408500.0,2026-06-08,4.507,429000.0,2026-06-09,-0.731,407500.0,2026-06-10,-0.122,410000.0,2026-06-11,5.238,432000.0,2026-06-12,20.585,495000.0,2026-06-15,21.072,497000.0,2026-06-16,19.367,490000.0,2026-06-17,18.27,485500.0,2026-06-18,19.732,491500.0,2026-06-19,26.675,520000.0,2026-06-22,10.84,455000.0,2026-06-23,17.296,481500.0,2026-06-24,26.431,519000.0,2026-06-25,2026-06-25,30.329,-2.68,37.637,-6.456,1,1.0,1.0,1.0,0.0,UPPER,2026-06-04
028260,삼성물산,2026-05-28,2026-05-28,WATCH,65,LOWER_CHANNEL_WATCH,중기 Higher High + Higher Low | 상승추세 안의 단기 조정 + 전저점 유지 | 상승 평행채널 유효(커버리지 100%) | 최근 추세 하단(싼 구간) 접촉 | 현재도 채널 하단권 | 추세 하단 부근 쌍바닥/Higher-Low 형태 | 쌍바닥 넥라인 돌파 확인,,399500.0,True,16.77,True,1.0,0.118,True,381500.0,457750.0,480000.0,534000.0,370055.0,14.58,33.67,True,True,False,22.56,False,False,False,,False,False,,2026-05-01,2026-05-31,399500.0,20,1,8.26,432500.0,2026-05-29,13.892,455000.0,2026-06-01,21.527,485500.0,2026-06-02,33.917,535000.0,2026-06-04,15.269,460500.0,2026-06-05,2.253,408500.0,2026-06-08,7.384,429000.0,2026-06-09,2.003,407500.0,2026-06-10,2.628,410000.0,2026-06-11,8.135,432000.0,2026-06-12,23.905,495000.0,2026-06-15,24.406,497000.0,2026-06-16,22.653,490000.0,2026-06-17,21.527,485500.0,2026-06-18,23.029,491500.0,2026-06-19,30.163,520000.0,2026-06-22,13.892,455000.0,2026-06-23,20.526,481500.0,2026-06-24,29.912,519000.0,2026-06-25,23.78,494500.0,2026-06-26,2026-06-26,33.917,2.003,41.427,-3.88,1,1.0,1.0,1.0,0.0,UPPER,2026-06-04
329180,HD현대중공업,2026-05-11,2026-05-11,WATCH,60,LOWER_CHANNEL_WATCH,중기 Higher High + Higher Low | 상승추세 안의 단기 조정 + 전저점 유지 | 상승 평행채널 유효(커버리지 100%) | 최근 추세 하단(싼 구간) 접촉 | 이동평균선 재돌파 | 재상승 후 5일선 지지,,685000.0,True,3.52,True,1.0,0.8297,True,500239.1304,611576.087,710000.0,722913.0435,624680.0,-10.72,5.53,False,False,False,16.22,True,True,False,,False,False,,2026-05-01,2026-05-31,685000.0,20,1,3.212,707000.0,2026-05-12,7.007,733000.0,2026-05-13,-2.044,671000.0,2026-05-14,-6.569,640000.0,2026-05-15,-10.219,615000.0,2026-05-18,-12.701,598000.0,2026-05-19,-7.153,636000.0,2026-05-20,-1.898,672000.0,2026-05-21,-0.73,680000.0,2026-05-22,8.759,745000.0,2026-05-26,8.613,744000.0,2026-05-27,2.774,704000.0,2026-05-28,1.606,696000.0,2026-05-29,-0.146,684000.0,2026-06-01,-1.752,673000.0,2026-06-02,-4.964,651000.0,2026-06-04,-3.066,664000.0,2026-06-05,-9.343,621000.0,2026-06-08,-10.657,612000.0,2026-06-09,-6.423,641000.0,2026-06-10,2026-06-10,8.759,-12.701,11.679,-13.869,0,,1.0,1.0,0.0,UPPER,2026-05-12
329180,HD현대중공업,2026-05-12,2026-05-12,WATCH,60,LOWER_CHANNEL_WATCH,중기 Higher High + Higher Low | 상승추세 안의 단기 조정 + 전저점 유지 | 상승 평행채널 유효(커버리지 100%) | 최근 추세 하단(싼 구간) 접촉 | 이동평균선 재돌파 | 재상승 후 5일선 지지,,707000.0,True,3.68,True,1.0,0.9189,True,502391.3043,613728.2609,710000.0,725065.2174,624680.0,-13.19,2.56,False,False,False,16.08,True,True,False,,False,False,,2026-05-01,2026-05-31,707000.0,20,1,3.678,733000.0,2026-05-13,-5.092,671000.0,2026-05-14,-9.477,640000.0,2026-05-15,-13.013,615000.0,2026-05-18,-15.417,598000.0,2026-05-19,-10.042,636000.0,2026-05-20,-4.95,672000.0,2026-05-21,-3.819,680000.0,2026-05-22,5.375,745000.0,2026-05-26,5.233,744000.0,2026-05-27,-0.424,704000.0,2026-05-28,-1.556,696000.0,2026-05-29,-3.253,684000.0,2026-06-01,-4.809,673000.0,2026-06-02,-7.921,651000.0,2026-06-04,-6.082,664000.0,2026-06-05,-12.164,621000.0,2026-06-08,-13.437,612000.0,2026-06-09,-9.335,641000.0,2026-06-10,-8.628,646000.0,2026-06-11,2026-06-11,5.375,-15.417,8.204,-16.549,0,,1.0,1.0,0.0,UPPER,2026-05-13
000270,기아,2026-05-04,2026-05-04,WATCH,68,LOWER_CHANNEL_WATCH,중기 Higher High + Higher Low | 상승추세 안의 단기 조정 + 전저점 유지 | 상승 평행채널 유효(커버리지 100%) | 최근 추세 하단(싼 구간) 접촉 | 현재도 채널 하단권 | 추세 하단 부근 쌍바닥/Higher-Low 형태 | 이동평균선 밀집,,154000.0,True,6.55,True,1.0,0.2455,True,149900.0,158250.0,164800.0,166600.0,145403.0,2.76,8.18,True,False,True,4.5,False,True,False,,False,False,,2026-05-01,2026-05-31,154000.0,20,1,0.39,154600.0,2026-05-06,2.338,157600.0,2026-05-07,6.818,164500.0,2026-05-08,13.442,174700.0,2026-05-11,9.286,168300.0,2026-05-12,16.558,179500.0,2026-05-13,15.649,178100.0,2026-05-14,9.091,168000.0,2026-05-15,5.519,162500.0,2026-05-18,0.584,154900.0,2026-05-19,-2.987,149400.0,2026-05-20,9.026,167900.0,2026-05-21,7.013,164800.0,2026-05-22,8.442,167000.0,2026-05-26,6.948,164700.0,2026-05-27,6.688,164300.0,2026-05-28,9.87,169200.0,2026-05-29,10.325,169900.0,2026-06-01,9.61,168800.0,2026-06-02,6.688,164300.0,2026-06-04,2026-06-04,16.558,-2.987,19.61,-4.091,1,1.0,1.0,1.0,0.0,UPPER,2026-05-08
000270,기아,2026-05-06,2026-05-06,WATCH,68,LOWER_CHANNEL_WATCH,중기 Higher High + Higher Low | 상승추세 안의 단기 조정 + 전저점 유지 | 상승 평행채널 유효(커버리지 100%) | 최근 추세 하단(싼 구간) 접촉 | 현재도 채널 하단권 | 추세 하단 부근 쌍바닥/Higher-Low 형태 | 이동평균선 밀집,,154600.0,True,6.19,True,1.0,0.2635,True,150200.0,158550.0,164800.0,166900.0,145694.0,2.55,7.96,True,False,True,4.3,False,True,False,,False,False,,2026-05-01,2026-05-31,154600.0,20,1,1.94,157600.0,2026-05-07,6.404,164500.0,2026-05-08,13.001,174700.0,2026-05-11,8.862,168300.0,2026-05-12,16.106,179500.0,2026-05-13,15.201,178100.0,2026-05-14,8.668,168000.0,2026-05-15,5.11,162500.0,2026-05-18,0.194,154900.0,2026-05-19,-3.364,149400.0,2026-05-20,8.603,167900.0,2026-05-21,6.598,164800.0,2026-05-22,8.021,167000.0,2026-05-26,6.533,164700.0,2026-05-27,6.274,164300.0,2026-05-28,9.444,169200.0,2026-05-29,9.897,169900.0,2026-06-01,9.185,168800.0,2026-06-02,6.274,164300.0,2026-06-04,4.204,161100.0,2026-06-05,2026-06-05,16.106,-3.364,19.146,-4.463,1,1.0,1.0,1.0,0.0,UPPER,2026-05-08
000270,기아,2026-05-07,2026-05-07,WATCH,63,LOWER_CHANNEL_WATCH,중기 Higher High + Higher Low | 상승추세 안의 단기 조정 + 전저점 유지 | 상승 평행채널 유효(커버리지 100%) | 최근 추세 하단(싼 구간) 접촉 | 추세 하단 부근 쌍바닥/Higher-Low 형태 | 이동평균선 밀집,,157600.0,True,4.37,True,1.0,0.4251,True,150500.0,158850.0,164800.0,167200.0,147149.0,0.79,6.09,True,False,True,4.01,False,True,False,,False,False,,2026-05-01,2026-05-31,157600.0,20,1,4.378,164500.0,2026-05-08,10.85,174700.0,2026-05-11,6.789,168300.0,2026-05-12,13.896,179500.0,2026-05-13,13.008,178100.0,2026-05-14,6.599,168000.0,2026-05-15,3.109,162500.0,2026-05-18,-1.713,154900.0,2026-05-19,-5.203,149400.0,2026-05-20,6.536,167900.0,2026-05-21,4.569,164800.0,2026-05-22,5.964,167000.0,2026-05-26,4.505,164700.0,2026-05-27,4.251,164300.0,2026-05-28,7.36,169200.0,2026-05-29,7.805,169900.0,2026-06-01,7.107,168800.0,2026-06-02,4.251,164300.0,2026-06-04,2.221,161100.0,2026-06-05,-3.934,151400.0,2026-06-08,2026-06-08,13.896,-5.203,16.878,-6.282,0,1.0,1.0,1.0,0.0,UPPER,2026-05-08
000270,기아,2026-05-08,2026-05-08,WATCH,73,LOWER_CHANNEL_WATCH,중기 Higher High + Higher Low | 상승추세 안의 단기 조정 + 전저점 유지 | 상승 평행채널 유효(커버리지 100%) | 최근 추세 하단(싼 구간) 접촉 | 추세 하단 부근 쌍바닥/Higher-Low 형태 | 이동평균선 밀집 | 이동평균선 재돌파 | 재상승 후 5일선 지지,,164500.0,True,3.41,True,1.0,0.8204,True,150800.0,159150.0,164800.0,167500.0,147149.0,-3.25,1.82,True,False,True,3.76,True,True,False,,False,False,,2026-05-01,2026-05-31,164500.0,20,1,6.201,174700.0,2026-05-11,2.31,168300.0,2026-05-12,9.119,179500.0,2026-05-13,8.267,178100.0,2026-05-14,2.128,168000.0,2026-05-15,-1.216,162500.0,2026-05-18,-5.836,154900.0,2026-05-19,-9.179,149400.0,2026-05-20,2.067,167900.0,2026-05-21,0.182,164800.0,2026-05-22,1.52,167000.0,2026-05-26,0.122,164700.0,2026-05-27,-0.122,164300.0,2026-05-28,2.857,169200.0,2026-05-29,3.283,169900.0,2026-06-01,2.614,168800.0,2026-06-02,-0.122,164300.0,2026-06-04,-2.067,161100.0,2026-06-05,-7.964,151400.0,2026-06-08,-0.122,164300.0,2026-06-09,2026-06-09,9.119,-9.179,11.976,-10.213,0,,1.0,1.0,0.0,UPPER,2026-05-11
000270,기아,2026-05-11,2026-05-11,CONFIRMED,87,LOWER_CHANNEL_CONFIRMED_REVERSAL,중기 Higher High + Higher Low | 상승 평행채널 유효(커버리지 87%) | 최근 추세 하단(싼 구간) 접촉 | 추세 하단 부근 쌍바닥/Higher-Low 형태 | 쌍바닥 넥라인 돌파 확인 | 이동평균선 밀집 | 이동평균선 재돌파 | 추세 바닥권 거래량 급증 양봉 | 거래량 기준봉 저가 지지 | 거래량 기준봉 고가 돌파 | 재상승 후 5일선 지지,,174700.0,True,2.29,True,0.871,0.4384,True,156536.0,177254.0,164800.0,197972.0,151839.92,1.46,13.32,True,True,True,3.07,True,True,True,2026-05-08,True,True,3.3,2026-05-01,2026-05-31,174700.0,20,1,-3.663,168300.0,2026-05-12,2.748,179500.0,2026-05-13,1.946,178100.0,2026-05-14,-3.835,168000.0,2026-05-15,-6.983,162500.0,2026-05-18,-11.334,154900.0,2026-05-19,-14.482,149400.0,2026-05-20,-3.892,167900.0,2026-05-21,-5.667,164800.0,2026-05-22,-4.408,167000.0,2026-05-26,-5.724,164700.0,2026-05-27,-5.953,164300.0,2026-05-28,-3.148,169200.0,2026-05-29,-2.748,169900.0,2026-06-01,-3.377,168800.0,2026-06-02,-5.953,164300.0,2026-06-04,-7.785,161100.0,2026-06-05,-13.337,151400.0,2026-06-08,-5.953,164300.0,2026-06-09,-8.586,159700.0,2026-06-10,2026-06-10,2.748,-14.482,5.438,-15.455,0,1.0,,0.0,1.0,STOP,2026-05-19
000270,기아,2026-05-12,2026-05-12,CONFIRMED,97,LOWER_CHANNEL_CONFIRMED_REVERSAL,중기 Higher High + Higher Low | 상승추세 안의 단기 조정 + 전저점 유지 | 상승 평행채널 유효(커버리지 87%) | 최근 추세 하단(싼 구간) 접촉 | 현재도 채널 하단권 | 추세 하단 부근 쌍바닥/Higher-Low 형태 | 쌍바닥 넥라인 돌파 확인 | 이동평균선 밀집 | 이동평균선 재돌파 | 추세 바닥권 거래량 급증 양봉 | 거래량 기준봉 저가 지지 | 재상승 후 5일선 지지,,168300.0,True,6.71,True,0.873,0.2694,True,157138.0,177856.0,164800.0,198574.0,152423.86,5.68,17.99,True,True,True,3.98,True,True,True,2026-05-08,True,False,3.3,2026-05-01,2026-05-31,168300.0,20,1,6.655,179500.0,2026-05-13,5.823,178100.0,2026-05-14,-0.178,168000.0,2026-05-15,-3.446,162500.0,2026-05-18,-7.962,154900.0,2026-05-19,-11.23,149400.0,2026-05-20,-0.238,167900.0,2026-05-21,-2.08,164800.0,2026-05-22,-0.772,167000.0,2026-05-26,-2.139,164700.0,2026-05-27,-2.377,164300.0,2026-05-28,0.535,169200.0,2026-05-29,0.951,169900.0,2026-06-01,0.297,168800.0,2026-06-02,-2.377,164300.0,2026-06-04,-4.278,161100.0,2026-06-05,-10.042,151400.0,2026-06-08,-2.377,164300.0,2026-06-09,-5.11,159700.0,2026-06-10,-7.308,156000.0,2026-06-11,2026-06-11,6.655,-11.23,9.447,-12.24,0,1.0,,0.0,1.0,STOP,2026-05-19
000270,기아,2026-05-13,2026-05-13,CONFIRMED,85,LOWER_CHANNEL_CONFIRMED_REVERSAL,중기 Higher High + Higher Low | 상승 평행채널 유효(커버리지 88%) | 최근 추세 하단(싼 구간) 접촉 | 추세 하단 부근 쌍바닥/Higher-Low 형태 | 쌍바닥 넥라인 돌파 확인 | 이동평균선 밀집 | 이동평균선 재돌파 | 추세 바닥권 거래량 급증 양봉 | 거래량 기준봉 저가 지지 | 거래량 기준봉 고가 돌파,,179500.0,True,0.5,True,0.875,0.5251,True,157740.0,178458.0,164800.0,199176.0,153007.8,-0.58,10.96,True,True,True,5.61,True,False,True,2026-05-08,True,True,3.3,2026-05-01,2026-05-31,179500.0,20,1,-0.78,178100.0,2026-05-14,-6.407,168000.0,2026-05-15,-9.471,162500.0,2026-05-18,-13.705,154900.0,2026-05-19,-16.769,149400.0,2026-05-20,-6.462,167900.0,2026-05-21,-8.189,164800.0,2026-05-22,-6.964,167000.0,2026-05-26,-8.245,164700.0,2026-05-27,-8.468,164300.0,2026-05-28,-5.738,169200.0,2026-05-29,-5.348,169900.0,2026-06-01,-5.961,168800.0,2026-06-02,-8.468,164300.0,2026-06-04,-10.251,161100.0,2026-06-05,-15.655,151400.0,2026-06-08,-8.468,164300.0,2026-06-09,-11.031,159700.0,2026-06-10,-13.092,156000.0,2026-06-11,-7.075,166800.0,2026-06-12,2026-06-12,-0.78,-16.769,2.618,-17.716,0,,,0.0,1.0,STOP,2026-05-19
000270,기아,2026-05-14,2026-05-14,CONFIRMED,79,LOWER_CHANNEL_CONFIRMED_REVERSAL,중기 Higher High + Higher Low | 상승 평행채널 유효(커버리지 88%) | 최근 추세 하단(싼 구간) 접촉 | 추세 하단 부근 쌍바닥/Higher-Low 형태 | 쌍바닥 넥라인 돌파 확인 | 이동평균선 재돌파 | 추세 바닥권 거래량 급증 양봉 | 거래량 기준봉 저가 지지 | 거래량 기준봉 고가 돌파 | 재상승 후 5일선 지지,,178100.0,True,2.68,True,0.8769,0.4768,True,158342.0,179060.0,164800.0,199778.0,153591.74,0.54,12.17,True,True,False,7.14,True,True,True,2026-05-08,True,True,3.3,2026-05-01,2026-05-31,178100.0,20,1,-5.671,168000.0,2026-05-15,-8.759,162500.0,2026-05-18,-13.026,154900.0,2026-05-19,-16.115,149400.0,2026-05-20,-5.727,167900.0,2026-05-21,-7.468,164800.0,2026-05-22,-6.232,167000.0,2026-05-26,-7.524,164700.0,2026-05-27,-7.748,164300.0,2026-05-28,-4.997,169200.0,2026-05-29,-4.604,169900.0,2026-06-01,-5.222,168800.0,2026-06-02,-7.748,164300.0,2026-06-04,-9.545,161100.0,2026-06-05,-14.992,151400.0,2026-06-08,-7.748,164300.0,2026-06-09,-10.331,159700.0,2026-06-10,-12.409,156000.0,2026-06-11,-6.345,166800.0,2026-06-12,-5.952,167500.0,2026-06-15,2026-06-15,-4.604,-16.115,3.425,-17.069,0,1.0,,0.0,1.0,STOP,2026-05-19
000270,기아,2026-05-15,2026-05-15,CONFIRMED,79,LOWER_CHANNEL_CONFIRMED_REVERSAL,중기 Higher High + Higher Low | 상승추세 안의 단기 조정 + 전저점 유지 | 상승 평행채널 유효(커버리지 88%) | 최근 추세 하단(싼 구간) 접촉 | 현재도 채널 하단권 | 추세 하단 부근 쌍바닥/Higher-Low 형태 | 쌍바닥 넥라인 돌파 확인 | 추세 바닥권 거래량 급증 양봉 | 거래량 기준봉 저가 지지,,168000.0,True,8.79,True,0.8788,0.2186,True,158944.0,179662.0,164800.0,200380.0,154175.68,6.94,19.27,True,True,False,7.5,False,False,True,2026-05-08,True,False,3.3,2026-05-01,2026-05-31,168000.0,20,1,-3.274,162500.0,2026-05-18,-7.798,154900.0,2026-05-19,-11.071,149400.0,2026-05-20,-0.06,167900.0,2026-05-21,-1.905,164800.0,2026-05-22,-0.595,167000.0,2026-05-26,-1.964,164700.0,2026-05-27,-2.202,164300.0,2026-05-28,0.714,169200.0,2026-05-29,1.131,169900.0,2026-06-01,0.476,168800.0,2026-06-02,-2.202,164300.0,2026-06-04,-4.107,161100.0,2026-06-05,-9.881,151400.0,2026-06-08,-2.202,164300.0,2026-06-09,-4.94,159700.0,2026-06-10,-7.143,156000.0,2026-06-11,-0.714,166800.0,2026-06-12,-0.298,167500.0,2026-06-15,1.31,170200.0,2026-06-16,2026-06-16,1.31,-11.071,3.929,-12.083,1,0.0,,0.0,1.0,STOP,2026-05-19
000270,기아,2026-05-18,2026-05-18,WATCH,82,LOWER_CHANNEL_WATCH,중기 Higher High + Higher Low | 상승추세 안의 단기 조정 + 전저점 유지 | 상승 평행채널 유효(커버리지 88%) | 최근 추세 하단(싼 구간) 접촉 | 현재도 채널 하단권 | 추세 하단 부근 쌍바닥/Higher-Low 형태 | 이동평균선 밀집 | 추세 바닥권 거래량 급증 양봉 | 거래량 기준봉 저가 지지,,162500.0,True,11.78,True,0.8806,0.0713,True,159546.0,180264.0,164800.0,200982.0,154759.62,10.93,23.68,True,False,True,6.11,False,False,True,2026-05-08,True,False,3.3,2026-05-01,2026-05-31,162500.0,20,1,-4.677,154900.0,2026-05-19,-8.062,149400.0,2026-05-20,3.323,167900.0,2026-05-21,1.415,164800.0,2026-05-22,2.769,167000.0,2026-05-26,1.354,164700.0,2026-05-27,1.108,164300.0,2026-05-28,4.123,169200.0,2026-05-29,4.554,169900.0,2026-06-01,3.877,168800.0,2026-06-02,1.108,164300.0,2026-06-04,-0.862,161100.0,2026-06-05,-6.831,151400.0,2026-06-08,1.108,164300.0,2026-06-09,-1.723,159700.0,2026-06-10,-4.0,156000.0,2026-06-11,2.646,166800.0,2026-06-12,3.077,167500.0,2026-06-15,4.738,170200.0,2026-06-16,2.338,166300.0,2026-06-17,2026-06-17,4.738,-8.062,7.446,-9.108,1,0.0,0.0,0.0,1.0,STOP,2026-05-19
000270,기아,2026-05-21,2026-05-21,CONFIRMED,76,LOWER_CHANNEL_CONFIRMED_REVERSAL,중기 Higher High + Higher Low | 상승추세 안의 단기 조정 + 전저점 유지 | 상승 평행채널 유효(커버리지 96%) | 최근 추세 하단(싼 구간) 접촉 | 추세 하단 부근 쌍바닥/Higher-Low 형태 | 쌍바닥 넥라인 돌파 확인 | 이동평균선 밀집 | 이동평균선 재돌파,,167900.0,True,8.85,True,0.96,0.448,True,153673.3333,169550.0,184200.0,185426.6667,149063.1333,0.98,10.44,True,True,True,0.79,True,False,False,,False,False,,2026-05-01,2026-05-31,167900.0,20,1,-1.846,164800.0,2026-05-22,-0.536,167000.0,2026-05-26,-1.906,164700.0,2026-05-27,-2.144,164300.0,2026-05-28,0.774,169200.0,2026-05-29,1.191,169900.0,2026-06-01,0.536,168800.0,2026-06-02,-2.144,164300.0,2026-06-04,-4.05,161100.0,2026-06-05,-9.827,151400.0,2026-06-08,-2.144,164300.0,2026-06-09,-4.884,159700.0,2026-06-10,-7.088,156000.0,2026-06-11,-0.655,166800.0,2026-06-12,-0.238,167500.0,2026-06-15,1.37,170200.0,2026-06-16,-0.953,166300.0,2026-06-17,-5.42,158800.0,2026-06-18,-7.743,154900.0,2026-06-19,-9.827,151400.0,2026-06-22,2026-06-22,1.37,-9.827,3.99,-10.78,0,1.0,0.0,0.0,1.0,STOP,2026-06-08
000270,기아,2026-05-22,2026-05-22,CONFIRMED,78,LOWER_CHANNEL_CONFIRMED_REVERSAL,중기 Higher High + Higher Low | 상승추세 안의 단기 조정 + 전저점 유지 | 상승 평행채널 유효(커버리지 96%) | 최근 추세 하단(싼 구간) 접촉 | 현재도 채널 하단권 | 추세 하단 부근 쌍바닥/Higher-Low 형태 | 이동평균선 밀집 | 이동평균선 재돌파 | 재상승 후 5일선 지지,,164800.0,True,10.53,True,0.9608,0.3408,True,153980.0,169856.6667,184200.0,185733.3333,149360.6,3.07,12.7,True,False,True,1.1,True,True,False,,False,False,,2026-05-01,2026-05-31,164800.0,20,1,1.335,167000.0,2026-05-26,-0.061,164700.0,2026-05-27,-0.303,164300.0,2026-05-28,2.67,169200.0,2026-05-29,3.095,169900.0,2026-06-01,2.427,168800.0,2026-06-02,-0.303,164300.0,2026-06-04,-2.245,161100.0,2026-06-05,-8.131,151400.0,2026-06-08,-0.303,164300.0,2026-06-09,-3.095,159700.0,2026-06-10,-5.34,156000.0,2026-06-11,1.214,166800.0,2026-06-12,1.638,167500.0,2026-06-15,3.277,170200.0,2026-06-16,0.91,166300.0,2026-06-17,-3.641,158800.0,2026-06-18,-6.007,154900.0,2026-06-19,-8.131,151400.0,2026-06-22,-16.626,137400.0,2026-06-23,2026-06-23,3.277,-16.626,5.947,-16.687,0,1.0,0.0,0.0,1.0,STOP,2026-06-08
105560,KB금융,2026-05-04,2026-05-04,WATCH,63,LOWER_CHANNEL_WATCH,중기 Higher High + Higher Low | 상승추세 안의 단기 조정 + 전저점 유지 | 상승 평행채널 유효(커버리지 96%) | 최근 추세 하단(싼 구간) 접촉 | 현재도 채널 하단권 | 이동평균선 밀집,,157800.0,True,5.23,True,0.963,-0.0925,True,159123.5294,166279.4118,166500.0,173435.2941,154349.8235,5.37,9.91,False,False,True,3.03,False,True,False,,False,False,,2026-05-01,2026-05-31,157800.0,20,1,0.697,158900.0,2026-05-06,2.155,161200.0,2026-05-07,2.471,161700.0,2026-05-08,0.634,158800.0,2026-05-11,-2.662,153600.0,2026-05-12,-3.676,152000.0,2026-05-13,-1.141,156000.0,2026-05-14,-1.394,155600.0,2026-05-15,-3.042,153000.0,2026-05-18,-3.169,152800.0,2026-05-19,-3.866,151700.0,2026-05-20,-1.267,155800.0,2026-05-21,1.394,160000.0,2026-05-22,-0.317,157300.0,2026-05-26,-2.535,153800.0,2026-05-27,-5.133,149700.0,2026-05-28,-4.563,150600.0,2026-05-29,-3.612,152100.0,2026-06-01,-0.76,156600.0,2026-06-02,4.056,164200.0,2026-06-04,2026-06-04,4.056,-5.133,5.133,-7.034,1,0.0,0.0,0.0,1.0,STOP,2026-05-12
105560,KB금융,2026-05-06,2026-05-06,WATCH,63,LOWER_CHANNEL_WATCH,중기 Higher High + Higher Low | 상승추세 안의 단기 조정 + 전저점 유지 | 상승 평행채널 유효(커버리지 96%) | 최근 추세 하단(싼 구간) 접촉 | 현재도 채널 하단권 | 이동평균선 밀집,,158900.0,True,4.56,True,0.9643,-0.0695,True,159894.1176,167050.0,166500.0,174205.8824,155097.2941,5.13,9.63,False,False,True,2.99,False,True,False,,False,False,,2026-05-01,2026-05-31,158900.0,20,1,1.447,161200.0,2026-05-07,1.762,161700.0,2026-05-08,-0.063,158800.0,2026-05-11,-3.335,153600.0,2026-05-12,-4.342,152000.0,2026-05-13,-1.825,156000.0,2026-05-14,-2.077,155600.0,2026-05-15,-3.713,153000.0,2026-05-18,-3.839,152800.0,2026-05-19,-4.531,151700.0,2026-05-20,-1.951,155800.0,2026-05-21,0.692,160000.0,2026-05-22,-1.007,157300.0,2026-05-26,-3.21,153800.0,2026-05-27,-5.79,149700.0,2026-05-28,-5.223,150600.0,2026-05-29,-4.279,152100.0,2026-06-01,-1.447,156600.0,2026-06-02,3.335,164200.0,2026-06-04,7.992,171600.0,2026-06-05,2026-06-05,7.992,-5.79,10.573,-7.678,1,0.0,0.0,0.0,1.0,STOP,2026-05-12
105560,KB금융,2026-05-13,2026-05-13,WATCH,68,LOWER_CHANNEL_WATCH,중기 Higher High + Higher Low | 상승추세 안의 단기 조정 + 전저점 유지 | 상승 평행채널 유효(커버리지 100%) | 최근 추세 하단(싼 구간) 접촉 | 현재도 채널 하단권 | 추세 하단 부근 쌍바닥/Higher-Low 형태 | 이동평균선 밀집,,152000.0,True,8.71,True,1.0,0.3243,True,145920.5882,155294.1176,164200.0,164667.6471,150350.0,2.17,8.33,True,False,True,2.17,False,False,False,,False,False,,2026-05-01,2026-05-31,152000.0,20,1,2.632,156000.0,2026-05-14,2.368,155600.0,2026-05-15,0.658,153000.0,2026-05-18,0.526,152800.0,2026-05-19,-0.197,151700.0,2026-05-20,2.5,155800.0,2026-05-21,5.263,160000.0,2026-05-22,3.487,157300.0,2026-05-26,1.184,153800.0,2026-05-27,-1.513,149700.0,2026-05-28,-0.921,150600.0,2026-05-29,0.066,152100.0,2026-06-01,3.026,156600.0,2026-06-02,8.026,164200.0,2026-06-04,12.895,171600.0,2026-06-05,-0.329,151500.0,2026-06-08,1.842,154800.0,2026-06-09,1.316,154000.0,2026-06-10,-0.329,151500.0,2026-06-11,6.053,161200.0,2026-06-12,2026-06-12,12.895,-1.513,15.592,-3.487,1,1.0,0.0,0.0,1.0,STOP,2026-05-18
105560,KB금융,2026-05-14,2026-05-14,WATCH,63,LOWER_CHANNEL_WATCH,중기 Higher High + Higher Low | 상승추세 안의 단기 조정 + 전저점 유지 | 상승 평행채널 유효(커버리지 100%) | 최근 추세 하단(싼 구간) 접촉 | 추세 하단 부근 쌍바닥/Higher-Low 형태 | 이동평균선 밀집,,156000.0,True,6.31,True,1.0,0.5293,True,146076.4706,155450.0,164200.0,164823.5294,150350.0,-0.35,5.66,True,False,True,2.21,False,False,False,,False,False,,2026-05-01,2026-05-31,156000.0,20,1,-0.256,155600.0,2026-05-15,-1.923,153000.0,2026-05-18,-2.051,152800.0,2026-05-19,-2.756,151700.0,2026-05-20,-0.128,155800.0,2026-05-21,2.564,160000.0,2026-05-22,0.833,157300.0,2026-05-26,-1.41,153800.0,2026-05-27,-4.038,149700.0,2026-05-28,-3.462,150600.0,2026-05-29,-2.5,152100.0,2026-06-01,0.385,156600.0,2026-06-02,5.256,164200.0,2026-06-04,10.0,171600.0,2026-06-05,-2.885,151500.0,2026-06-08,-0.769,154800.0,2026-06-09,-1.282,154000.0,2026-06-10,-2.885,151500.0,2026-06-11,3.333,161200.0,2026-06-12,8.718,169600.0,2026-06-15,2026-06-15,10.0,-4.038,12.628,-5.962,1,,0.0,0.0,1.0,STOP,2026-05-18
105560,KB금융,2026-05-15,2026-05-15,WATCH,63,LOWER_CHANNEL_WATCH,중기 Higher High + Higher Low | 상승추세 안의 단기 조정 + 전저점 유지 | 상승 평행채널 유효(커버리지 100%) | 최근 추세 하단(싼 구간) 접촉 | 추세 하단 부근 쌍바닥/Higher-Low 형태 | 이동평균선 밀집,,155600.0,True,6.55,True,1.0,0.4997,True,146232.3529,155605.8824,164200.0,164979.4118,150350.0,0.0,6.03,True,False,True,2.27,False,True,False,,False,False,,2026-05-01,2026-05-31,155600.0,20,1,-1.671,153000.0,2026-05-18,-1.799,152800.0,2026-05-19,-2.506,151700.0,2026-05-20,0.129,155800.0,2026-05-21,2.828,160000.0,2026-05-22,1.093,157300.0,2026-05-26,-1.157,153800.0,2026-05-27,-3.792,149700.0,2026-05-28,-3.213,150600.0,2026-05-29,-2.249,152100.0,2026-06-01,0.643,156600.0,2026-06-02,5.527,164200.0,2026-06-04,10.283,171600.0,2026-06-05,-2.635,151500.0,2026-06-08,-0.514,154800.0,2026-06-09,-1.028,154000.0,2026-06-10,-2.635,151500.0,2026-06-11,3.599,161200.0,2026-06-12,8.997,169600.0,2026-06-15,10.54,172000.0,2026-06-16,2026-06-16,10.54,-3.792,17.416,-5.72,1,0.0,0.0,0.0,1.0,STOP,2026-05-18
012330,현대모비스,2026-05-04,2026-05-04,WATCH,73,LOWER_CHANNEL_WATCH,중기 Higher High + Higher Low | 상승추세 안의 단기 조정 + 전저점 유지 | 상승 평행채널 유효(커버리지 100%) | 최근 추세 하단(싼 구간) 접촉 | 현재도 채널 하단권 | 추세 하단 부근 쌍바닥/Higher-Low 형태 | 쌍바닥 넥라인 돌파 확인 | 이동평균선 밀집,,431500.0,True,8.58,True,1.0,0.2161,True,417730.7692,449596.1538,472000.0,481461.5385,406430.0,4.19,11.58,True,True,True,3.26,False,True,False,,False,False,,2026-05-01,2026-05-31,431500.0,20,1,0.232,432500.0,2026-05-06,2.317,441500.0,2026-05-07,17.961,509000.0,2026-05-08,28.158,553000.0,2026-05-11,26.999,548000.0,2026-05-12,50.406,649000.0,2026-05-13,50.637,650000.0,2026-05-14,45.771,629000.0,2026-05-15,32.329,571000.0,2026-05-18,21.669,525000.0,2026-05-19,23.986,535000.0,2026-05-20,55.272,670000.0,2026-05-21,49.71,646000.0,2026-05-22,53.882,664000.0,2026-05-26,59.444,688000.0,2026-05-27,58.98,686000.0,2026-05-28,77.984,768000.0,2026-05-29,76.362,761000.0,2026-06-01,75.898,759000.0,2026-06-02,73.349,748000.0,2026-06-04,2026-06-04,77.984,0.232,90.498,-1.043,1,1.0,1.0,1.0,0.0,UPPER,2026-05-08
012330,현대모비스,2026-05-06,2026-05-06,WATCH,73,LOWER_CHANNEL_WATCH,중기 Higher High + Higher Low | 상승추세 안의 단기 조정 + 전저점 유지 | 상승 평행채널 유효(커버리지 100%) | 최근 추세 하단(싼 구간) 접촉 | 현재도 채널 하단권 | 추세 하단 부근 쌍바닥/Higher-Low 형태 | 쌍바닥 넥라인 돌파 확인 | 이동평균선 밀집,,432500.0,True,8.37,True,1.0,0.207,True,419307.6923,451173.0769,472000.0,483038.4615,406728.4615,4.32,11.69,True,True,True,2.74,False,True,False,,False,False,,2026-05-01,2026-05-31,432500.0,20,1,2.081,441500.0,2026-05-07,17.688,509000.0,2026-05-08,27.861,553000.0,2026-05-11,26.705,548000.0,2026-05-12,50.058,649000.0,2026-05-13,50.289,650000.0,2026-05-14,45.434,629000.0,2026-05-15,32.023,571000.0,2026-05-18,21.387,525000.0,2026-05-19,23.699,535000.0,2026-05-20,54.913,670000.0,2026-05-21,49.364,646000.0,2026-05-22,53.526,664000.0,2026-05-26,59.075,688000.0,2026-05-27,58.613,686000.0,2026-05-28,77.572,768000.0,2026-05-29,75.954,761000.0,2026-06-01,75.491,759000.0,2026-06-02,72.948,748000.0,2026-06-04,61.156,697000.0,2026-06-05,2026-06-05,77.572,2.081,90.058,0.925,1,1.0,1.0,1.0,0.0,UPPER,2026-05-08
012330,현대모비스,2026-05-07,2026-05-07,CONFIRMED,83,LOWER_CHANNEL_CONFIRMED_REVERSAL,중기 Higher High + Higher Low | 상승추세 안의 단기 조정 + 전저점 유지 | 상승 평행채널 유효(커버리지 100%) | 최근 추세 하단(싼 구간) 접촉 | 현재도 채널 하단권 | 추세 하단 부근 쌍바닥/Higher-Low 형태 | 쌍바닥 넥라인 돌파 확인 | 이동평균선 밀집 | 이동평균선 재돌파 | 재상승 후 5일선 지지,,441500.0,True,6.46,True,1.0,0.3235,True,420884.6154,452750.0,472000.0,484615.3846,408258.0769,2.55,9.77,True,True,True,2.13,True,True,False,,False,False,,2026-05-01,2026-05-31,441500.0,20,1,15.289,509000.0,2026-05-08,25.255,553000.0,2026-05-11,24.122,548000.0,2026-05-12,46.999,649000.0,2026-05-13,47.225,650000.0,2026-05-14,42.469,629000.0,2026-05-15,29.332,571000.0,2026-05-18,18.913,525000.0,2026-05-19,21.178,535000.0,2026-05-20,51.755,670000.0,2026-05-21,46.319,646000.0,2026-05-22,50.396,664000.0,2026-05-26,55.832,688000.0,2026-05-27,55.379,686000.0,2026-05-28,73.952,768000.0,2026-05-29,72.367,761000.0,2026-06-01,71.914,759000.0,2026-06-02,69.422,748000.0,2026-06-04,57.871,697000.0,2026-06-05,38.618,612000.0,2026-06-08,2026-06-08,73.952,15.289,86.183,1.246,1,1.0,1.0,1.0,0.0,UPPER,2026-05-08
012330,현대모비스,2026-05-08,2026-05-08,WATCH,78,LOWER_CHANNEL_WATCH,중기 Higher High + Higher Low | 상승추세 안의 단기 조정 + 전저점 유지 | 상승 평행채널 유효(커버리지 97%) | 최근 추세 하단(싼 구간) 접촉 | 추세 하단 부근 쌍바닥/Higher-Low 형태 | 쌍바닥 넥라인 돌파 확인 | 이동평균선 밀집 | 이동평균선 재돌파 | 재상승 후 5일선 지지,,509000.0,True,6.95,True,0.9722,1.3579,True,422461.5385,454326.9231,472000.0,486192.3077,409787.6923,-10.74,-4.48,True,True,True,4.35,True,True,False,,False,False,,2026-05-01,2026-05-31,509000.0,20,1,8.644,553000.0,2026-05-11,7.662,548000.0,2026-05-12,27.505,649000.0,2026-05-13,27.701,650000.0,2026-05-14,23.576,629000.0,2026-05-15,12.181,571000.0,2026-05-18,3.143,525000.0,2026-05-19,5.108,535000.0,2026-05-20,31.631,670000.0,2026-05-21,26.916,646000.0,2026-05-22,30.452,664000.0,2026-05-26,35.167,688000.0,2026-05-27,34.774,686000.0,2026-05-28,50.884,768000.0,2026-05-29,49.509,761000.0,2026-06-01,49.116,759000.0,2026-06-02,46.955,748000.0,2026-06-04,36.935,697000.0,2026-06-05,20.236,612000.0,2026-06-08,16.896,595000.0,2026-06-09,2026-06-09,50.884,3.143,61.493,0.0,1,,,,0.0,TIMEOUT,2026-06-09
012330,현대모비스,2026-05-11,2026-05-11,WATCH,70,LOWER_CHANNEL_WATCH,중기 Higher High + Higher Low | 상승추세 안의 단기 조정 + 전저점 유지 | 상승 평행채널 유효(커버리지 95%) | 최근 추세 하단(싼 구간) 접촉 | 추세 하단 부근 쌍바닥/Higher-Low 형태 | 쌍바닥 넥라인 돌파 확인 | 이동평균선 재돌파 | 재상승 후 5일선 지지,,553000.0,True,5.95,True,0.9459,2.0235,True,424038.4615,455903.8462,472000.0,487769.2308,411317.3077,-17.56,-11.8,True,True,False,8.25,True,True,False,,False,False,,2026-05-01,2026-05-31,553000.0,20,1,-0.904,548000.0,2026-05-12,17.36,649000.0,2026-05-13,17.541,650000.0,2026-05-14,13.743,629000.0,2026-05-15,3.255,571000.0,2026-05-18,-5.063,525000.0,2026-05-19,-3.255,535000.0,2026-05-20,21.157,670000.0,2026-05-21,16.817,646000.0,2026-05-22,20.072,664000.0,2026-05-26,24.412,688000.0,2026-05-27,24.051,686000.0,2026-05-28,38.879,768000.0,2026-05-29,37.613,761000.0,2026-06-01,37.251,759000.0,2026-06-02,35.262,748000.0,2026-06-04,26.04,697000.0,2026-06-05,10.669,612000.0,2026-06-08,7.595,595000.0,2026-06-09,3.074,570000.0,2026-06-10,2026-06-10,38.879,-5.063,48.644,-7.957,1,,,,0.0,TIMEOUT,2026-06-10
012330,현대모비스,2026-05-12,2026-05-12,WATCH,70,LOWER_CHANNEL_WATCH,중기 Higher High + Higher Low | 상승추세 안의 단기 조정 + 전저점 유지 | 상승 평행채널 유효(커버리지 92%) | 최근 추세 하단(싼 구간) 접촉 | 추세 하단 부근 쌍바닥/Higher-Low 형태 | 쌍바닥 넥라인 돌파 확인 | 이동평균선 재돌파 | 재상승 후 5일선 지지,,548000.0,True,9.72,True,0.9211,1.9203,True,425615.3846,457480.7692,472000.0,489346.1538,412846.9231,-16.52,-10.7,True,True,False,12.24,True,True,False,,False,False,,2026-05-01,2026-05-31,548000.0,20,1,18.431,649000.0,2026-05-13,18.613,650000.0,2026-05-14,14.781,629000.0,2026-05-15,4.197,571000.0,2026-05-18,-4.197,525000.0,2026-05-19,-2.372,535000.0,2026-05-20,22.263,670000.0,2026-05-21,17.883,646000.0,2026-05-22,21.168,664000.0,2026-05-26,25.547,688000.0,2026-05-27,25.182,686000.0,2026-05-28,40.146,768000.0,2026-05-29,38.869,761000.0,2026-06-01,38.504,759000.0,2026-06-02,36.496,748000.0,2026-06-04,27.19,697000.0,2026-06-05,11.679,612000.0,2026-06-08,8.577,595000.0,2026-06-09,4.015,570000.0,2026-06-10,5.109,576000.0,2026-06-11,2026-06-11,40.146,-4.197,50.0,-7.117,1,,,,0.0,TIMEOUT,2026-06-11
012330,현대모비스,2026-05-13,2026-05-13,WATCH,70,LOWER_CHANNEL_WATCH,중기 Higher High + Higher Low | 상승추세 안의 단기 조정 + 전저점 유지 | 상승 평행채널 유효(커버리지 90%) | 최근 추세 하단(싼 구간) 접촉 | 추세 하단 부근 쌍바닥/Higher-Low 형태 | 쌍바닥 넥라인 돌파 확인 | 이동평균선 재돌파 | 재상승 후 5일선 지지,,649000.0,True,4.14,True,0.8974,3.4804,True,427192.3077,459057.6923,472000.0,490923.0769,414376.5385,-29.27,-24.36,True,True,False,16.46,True,True,False,,False,False,,2026-05-01,2026-05-31,649000.0,20,1,0.154,650000.0,2026-05-14,-3.082,629000.0,2026-05-15,-12.018,571000.0,2026-05-18,-19.106,525000.0,2026-05-19,-17.565,535000.0,2026-05-20,3.236,670000.0,2026-05-21,-0.462,646000.0,2026-05-22,2.311,664000.0,2026-05-26,6.009,688000.0,2026-05-27,5.701,686000.0,2026-05-28,18.336,768000.0,2026-05-29,17.257,761000.0,2026-06-01,16.949,759000.0,2026-06-02,15.254,748000.0,2026-06-04,7.396,697000.0,2026-06-05,-5.701,612000.0,2026-06-08,-8.32,595000.0,2026-06-09,-12.173,570000.0,2026-06-10,-11.248,576000.0,2026-06-11,-6.471,607000.0,2026-06-12,2026-06-12,18.336,-19.106,26.656,-21.572,0,,,,0.0,TIMEOUT,2026-06-12
012330,현대모비스,2026-05-14,2026-05-14,WATCH,70,LOWER_CHANNEL_WATCH,중기 Higher High + Higher Low | 상승추세 안의 단기 조정 + 전저점 유지 | 상승 평행채널 유효(커버리지 88%) | 최근 추세 하단(싼 구간) 접촉 | 추세 하단 부근 쌍바닥/Higher-Low 형태 | 쌍바닥 넥라인 돌파 확인 | 이동평균선 재돌파 | 재상승 후 5일선 지지,,650000.0,True,5.39,True,0.875,3.4713,True,428769.2308,460634.6154,472000.0,492500.0,415906.1538,-29.13,-24.23,True,True,False,22.33,True,True,False,,False,False,,2026-05-01,2026-05-31,650000.0,20,1,-3.231,629000.0,2026-05-15,-12.154,571000.0,2026-05-18,-19.231,525000.0,2026-05-19,-17.692,535000.0,2026-05-20,3.077,670000.0,2026-05-21,-0.615,646000.0,2026-05-22,2.154,664000.0,2026-05-26,5.846,688000.0,2026-05-27,5.538,686000.0,2026-05-28,18.154,768000.0,2026-05-29,17.077,761000.0,2026-06-01,16.769,759000.0,2026-06-02,15.077,748000.0,2026-06-04,7.231,697000.0,2026-06-05,-5.846,612000.0,2026-06-08,-8.462,595000.0,2026-06-09,-12.308,570000.0,2026-06-10,-11.385,576000.0,2026-06-11,-6.615,607000.0,2026-06-12,-1.538,640000.0,2026-06-15,2026-06-15,18.154,-19.231,26.462,-21.692,0,,,,0.0,TIMEOUT,2026-06-15
012330,현대모비스,2026-05-15,2026-05-15,WATCH,70,LOWER_CHANNEL_WATCH,중기 Higher High + Higher Low | 상승추세 안의 단기 조정 + 전저점 유지 | 상승 평행채널 유효(커버리지 85%) | 최근 추세 하단(싼 구간) 접촉 | 추세 하단 부근 쌍바닥/Higher-Low 형태 | 쌍바닥 넥라인 돌파 확인 | 이동평균선 재돌파 | 재상승 후 5일선 지지,,629000.0,True,8.44,True,0.8537,3.1171,True,430346.1538,462211.5385,472000.0,494076.9231,417435.7692,-26.52,-21.45,True,True,False,26.4,True,True,False,,False,False,,2026-05-01,2026-05-31,629000.0,20,1,-9.221,571000.0,2026-05-18,-16.534,525000.0,2026-05-19,-14.944,535000.0,2026-05-20,6.518,670000.0,2026-05-21,2.703,646000.0,2026-05-22,5.564,664000.0,2026-05-26,9.38,688000.0,2026-05-27,9.062,686000.0,2026-05-28,22.099,768000.0,2026-05-29,20.986,761000.0,2026-06-01,20.668,759000.0,2026-06-02,18.919,748000.0,2026-06-04,10.811,697000.0,2026-06-05,-2.703,612000.0,2026-06-08,-5.405,595000.0,2026-06-09,-9.38,570000.0,2026-06-10,-8.426,576000.0,2026-06-11,-3.498,607000.0,2026-06-12,1.749,640000.0,2026-06-15,4.928,660000.0,2026-06-16,2026-06-16,22.099,-16.534,30.684,-19.078,1,,,,0.0,TIMEOUT,2026-06-16
012330,현대모비스,2026-05-18,2026-05-18,WATCH,60,LOWER_CHANNEL_WATCH,중기 Higher High + Higher Low | 상승추세 안의 단기 조정 + 전저점 유지 | 상승 평행채널 유효(커버리지 83%) | 최근 추세 하단(싼 구간) 접촉 | 추세 하단 부근 쌍바닥/Higher-Low 형태 | 쌍바닥 넥라인 돌파 확인,,571000.0,True,16.89,True,0.8333,2.1823,True,431923.0769,463788.4615,472000.0,495653.8462,418965.3846,-18.78,-13.2,True,True,False,29.32,False,False,False,,False,False,,2026-05-01,2026-05-31,571000.0,20,1,-8.056,525000.0,2026-05-19,-6.305,535000.0,2026-05-20,17.338,670000.0,2026-05-21,13.135,646000.0,2026-05-22,16.287,664000.0,2026-05-26,20.49,688000.0,2026-05-27,20.14,686000.0,2026-05-28,34.501,768000.0,2026-05-29,33.275,761000.0,2026-06-01,32.925,759000.0,2026-06-02,30.998,748000.0,2026-06-04,22.067,697000.0,2026-06-05,7.18,612000.0,2026-06-08,4.203,595000.0,2026-06-09,-0.175,570000.0,2026-06-10,0.876,576000.0,2026-06-11,6.305,607000.0,2026-06-12,12.084,640000.0,2026-06-15,15.587,660000.0,2026-06-16,10.508,631000.0,2026-06-17,2026-06-17,34.501,-8.056,43.958,-10.858,1,,,,0.0,TIMEOUT,2026-06-17
012330,현대모비스,2026-05-19,2026-05-19,CONFIRMED,79,LOWER_CHANNEL_CONFIRMED_REVERSAL,중기 Higher High + Higher Low | 상승추세 안의 단기 조정 + 전저점 유지 | 상승 평행채널 유효(커버리지 91%) | 최근 추세 하단(싼 구간) 접촉 | 현재도 채널 하단권 | 추세 하단 부근 쌍바닥/Higher-Low 형태 | 쌍바닥 넥라인 돌파 확인 | 추세 바닥권 거래량 급증 양봉 | 거래량 기준봉 저가 지지,,525000.0,True,23.58,True,0.9077,0.1383,True,497122.9508,597938.5246,687000.0,698754.0984,482209.2623,13.89,33.1,True,True,False,30.74,False,False,True,2026-05-08,True,False,5.44,2026-05-01,2026-05-31,525000.0,20,1,1.905,535000.0,2026-05-20,27.619,670000.0,2026-05-21,23.048,646000.0,2026-05-22,26.476,664000.0,2026-05-26,31.048,688000.0,2026-05-27,30.667,686000.0,2026-05-28,46.286,768000.0,2026-05-29,44.952,761000.0,2026-06-01,44.571,759000.0,2026-06-02,42.476,748000.0,2026-06-04,32.762,697000.0,2026-06-05,16.571,612000.0,2026-06-08,13.333,595000.0,2026-06-09,8.571,570000.0,2026-06-10,9.714,576000.0,2026-06-11,15.619,607000.0,2026-06-12,21.905,640000.0,2026-06-15,25.714,660000.0,2026-06-16,20.19,631000.0,2026-06-17,14.857,603000.0,2026-06-18,2026-06-18,46.286,1.905,56.571,-1.905,1,1.0,1.0,1.0,0.0,UPPER,2026-05-28
012330,현대모비스,2026-05-20,2026-05-20,CONFIRMED,82,LOWER_CHANNEL_CONFIRMED_REVERSAL,중기 Higher High + Higher Low | 상승추세 안의 단기 조정 + 전저점 유지 | 상승 평행채널 유효(커버리지 91%) | 최근 추세 하단(싼 구간) 접촉 | 현재도 채널 하단권 | 추세 하단 부근 쌍바닥/Higher-Low 형태 | 쌍바닥 넥라인 돌파 확인 | 추세 바닥권 거래량 급증 양봉 | 거래량 기준봉 저가 지지 | 기준봉 지지 후 재상승 전환,,535000.0,True,22.13,True,0.9091,0.1684,True,501040.9836,601856.5574,687000.0,702672.1311,486009.7541,12.5,31.34,True,True,False,25.62,False,False,True,2026-05-08,True,False,5.44,2026-05-01,2026-05-31,535000.0,20,1,25.234,670000.0,2026-05-21,20.748,646000.0,2026-05-22,24.112,664000.0,2026-05-26,28.598,688000.0,2026-05-27,28.224,686000.0,2026-05-28,43.551,768000.0,2026-05-29,42.243,761000.0,2026-06-01,41.869,759000.0,2026-06-02,39.813,748000.0,2026-06-04,30.28,697000.0,2026-06-05,14.393,612000.0,2026-06-08,11.215,595000.0,2026-06-09,6.542,570000.0,2026-06-10,7.664,576000.0,2026-06-11,13.458,607000.0,2026-06-12,19.626,640000.0,2026-06-15,23.364,660000.0,2026-06-16,17.944,631000.0,2026-06-17,12.71,603000.0,2026-06-18,14.393,612000.0,2026-06-19,2026-06-19,43.551,6.542,53.645,-0.187,1,1.0,1.0,1.0,0.0,UPPER,2026-05-28
012330,현대모비스,2026-05-21,2026-05-21,WATCH,77,LOWER_CHANNEL_WATCH,중기 Higher High + Higher Low | 상승 평행채널 유효(커버리지 97%) | 최근 추세 하단(싼 구간) 접촉 | 추세 하단 부근 쌍바닥/Higher-Low 형태 | 쌍바닥 넥라인 돌파 확인 | 이동평균선 재돌파 | 추세 바닥권 거래량 급증 양봉 | 거래량 기준봉 저가 지지 | 거래량 기준봉 고가 돌파,,670000.0,True,2.47,True,0.9701,0.8323,True,488368.8525,597479.5082,687000.0,706590.1639,473717.7869,-10.82,5.46,True,True,False,20.5,True,False,True,2026-05-08,True,True,5.44,2026-05-01,2026-05-31,670000.0,20,1,-3.582,646000.0,2026-05-22,-0.896,664000.0,2026-05-26,2.687,688000.0,2026-05-27,2.388,686000.0,2026-05-28,14.627,768000.0,2026-05-29,13.582,761000.0,2026-06-01,13.284,759000.0,2026-06-02,11.642,748000.0,2026-06-04,4.03,697000.0,2026-06-05,-8.657,612000.0,2026-06-08,-11.194,595000.0,2026-06-09,-14.925,570000.0,2026-06-10,-14.03,576000.0,2026-06-11,-9.403,607000.0,2026-06-12,-4.478,640000.0,2026-06-15,-1.493,660000.0,2026-06-16,-5.821,631000.0,2026-06-17,-10.0,603000.0,2026-06-18,-8.657,612000.0,2026-06-19,-15.075,569000.0,2026-06-22,2026-06-22,14.627,-15.075,22.687,-20.299,0,,1.0,1.0,0.0,UPPER,2026-05-28
012330,현대모비스,2026-05-22,2026-05-22,WATCH,89,LOWER_CHANNEL_WATCH,중기 Higher High + Higher Low | 상승추세 안의 단기 조정 + 전저점 유지 | 상승 평행채널 유효(커버리지 97%) | 최근 추세 하단(싼 구간) 접촉 | 추세 하단 부근 쌍바닥/Higher-Low 형태 | 쌍바닥 넥라인 돌파 확인 | 이동평균선 재돌파 | 추세 바닥권 거래량 급증 양봉 | 거래량 기준봉 저가 지지 | 거래량 기준봉 고가 돌파 | 재상승 후 5일선 지지,,646000.0,True,5.97,True,0.9706,0.7044,True,492286.8852,601397.541,687000.0,710508.1967,493730.0,-6.9,9.99,True,True,False,21.29,True,True,True,2026-05-08,True,True,5.44,2026-05-01,2026-05-31,646000.0,20,1,2.786,664000.0,2026-05-26,6.502,688000.0,2026-05-27,6.192,686000.0,2026-05-28,18.885,768000.0,2026-05-29,17.802,761000.0,2026-06-01,17.492,759000.0,2026-06-02,15.789,748000.0,2026-06-04,7.895,697000.0,2026-06-05,-5.263,612000.0,2026-06-08,-7.895,595000.0,2026-06-09,-11.765,570000.0,2026-06-10,-10.836,576000.0,2026-06-11,-6.037,607000.0,2026-06-12,-0.929,640000.0,2026-06-15,2.167,660000.0,2026-06-16,-2.322,631000.0,2026-06-17,-6.656,603000.0,2026-06-18,-5.263,612000.0,2026-06-19,-11.92,569000.0,2026-06-22,-21.053,510000.0,2026-06-23,2026-06-23,18.885,-21.053,27.245,-21.207,0,,1.0,1.0,0.0,UPPER,2026-05-28
012330,현대모비스,2026-05-26,2026-05-26,WATCH,89,LOWER_CHANNEL_WATCH,중기 Higher High + Higher Low | 상승추세 안의 단기 조정 + 전저점 유지 | 상승 평행채널 유효(커버리지 97%) | 최근 추세 하단(싼 구간) 접촉 | 추세 하단 부근 쌍바닥/Higher-Low 형태 | 쌍바닥 넥라인 돌파 확인 | 이동평균선 재돌파 | 추세 바닥권 거래량 급증 양봉 | 거래량 기준봉 저가 지지 | 거래량 기준봉 고가 돌파 | 재상승 후 5일선 지지,,664000.0,True,3.49,True,0.971,0.7689,True,496204.918,605315.5738,687000.0,714426.2295,493730.0,-8.84,7.59,True,True,False,23.02,True,True,True,2026-05-08,True,True,5.44,2026-05-01,2026-05-31,664000.0,20,1,3.614,688000.0,2026-05-27,3.313,686000.0,2026-05-28,15.663,768000.0,2026-05-29,14.608,761000.0,2026-06-01,14.307,759000.0,2026-06-02,12.651,748000.0,2026-06-04,4.97,697000.0,2026-06-05,-7.831,612000.0,2026-06-08,-10.392,595000.0,2026-06-09,-14.157,570000.0,2026-06-10,-13.253,576000.0,2026-06-11,-8.584,607000.0,2026-06-12,-3.614,640000.0,2026-06-15,-0.602,660000.0,2026-06-16,-4.97,631000.0,2026-06-17,-9.187,603000.0,2026-06-18,-7.831,612000.0,2026-06-19,-14.307,569000.0,2026-06-22,-23.193,510000.0,2026-06-23,-23.343,509000.0,2026-06-24,2026-06-24,15.663,-23.343,23.795,-25.301,0,,1.0,1.0,0.0,UPPER,2026-05-28
012330,현대모비스,2026-05-27,2026-05-27,WATCH,89,LOWER_CHANNEL_WATCH,중기 Higher High + Higher Low | 상승추세 안의 단기 조정 + 전저점 유지 | 상승 평행채널 유효(커버리지 97%) | 최근 추세 하단(싼 구간) 접촉 | 추세 하단 부근 쌍바닥/Higher-Low 형태 | 쌍바닥 넥라인 돌파 확인 | 이동평균선 재돌파 | 추세 바닥권 거래량 급증 양봉 | 거래량 기준봉 저가 지지 | 거래량 기준봉 고가 돌파 | 재상승 후 5일선 지지,,688000.0,True,3.37,True,0.9714,0.8609,True,500122.9508,609233.6066,687000.0,718344.2623,493730.0,-11.45,4.41,True,True,False,26.57,True,True,True,2026-05-08,True,True,5.44,2026-05-01,2026-05-31,688000.0,20,1,-0.291,686000.0,2026-05-28,11.628,768000.0,2026-05-29,10.61,761000.0,2026-06-01,10.32,759000.0,2026-06-02,8.721,748000.0,2026-06-04,1.308,697000.0,2026-06-05,-11.047,612000.0,2026-06-08,-13.517,595000.0,2026-06-09,-17.151,570000.0,2026-06-10,-16.279,576000.0,2026-06-11,-11.773,607000.0,2026-06-12,-6.977,640000.0,2026-06-15,-4.07,660000.0,2026-06-16,-8.285,631000.0,2026-06-17,-12.355,603000.0,2026-06-18,-11.047,612000.0,2026-06-19,-17.297,569000.0,2026-06-22,-25.872,510000.0,2026-06-23,-26.017,509000.0,2026-06-24,-25.436,513000.0,2026-06-25,2026-06-25,11.628,-26.017,19.477,-27.907,0,,,1.0,0.0,UPPER,2026-05-28
012330,현대모비스,2026-05-28,2026-05-28,WATCH,87,LOWER_CHANNEL_WATCH,중기 Higher High + Higher Low | 상승추세 안의 단기 조정 + 전저점 유지 | 상승 평행채널 유효(커버리지 97%) | 최근 추세 하단(싼 구간) 접촉 | 추세 하단 부근 쌍바닥/Higher-Low 형태 | 쌍바닥 넥라인 돌파 확인 | 이동평균선 재돌파 | 추세 바닥권 거래량 급증 양봉 | 거래량 기준봉 저가 지지 | 거래량 기준봉 고가 돌파,,686000.0,True,8.41,True,0.9718,0.8338,True,504040.9836,613151.6393,687000.0,722262.2951,493730.0,-10.62,5.29,True,True,False,30.64,True,False,True,2026-05-08,True,True,5.44,2026-05-01,2026-05-31,686000.0,20,1,11.953,768000.0,2026-05-29,10.933,761000.0,2026-06-01,10.641,759000.0,2026-06-02,9.038,748000.0,2026-06-04,1.603,697000.0,2026-06-05,-10.787,612000.0,2026-06-08,-13.265,595000.0,2026-06-09,-16.91,570000.0,2026-06-10,-16.035,576000.0,2026-06-11,-11.516,607000.0,2026-06-12,-6.706,640000.0,2026-06-15,-3.79,660000.0,2026-06-16,-8.017,631000.0,2026-06-17,-12.099,603000.0,2026-06-18,-10.787,612000.0,2026-06-19,-17.055,569000.0,2026-06-22,-25.656,510000.0,2026-06-23,-25.802,509000.0,2026-06-24,-25.219,513000.0,2026-06-25,-29.082,486500.0,2026-06-26,2026-06-26,11.953,-29.082,19.825,-32.507,0,,1.0,1.0,0.0,UPPER,2026-05-29
012330,현대모비스,2026-05-29,2026-05-29,WATCH,89,LOWER_CHANNEL_WATCH,중기 Higher High + Higher Low | 상승추세 안의 단기 조정 + 전저점 유지 | 상승 평행채널 유효(커버리지 96%) | 최근 추세 하단(싼 구간) 접촉 | 추세 하단 부근 쌍바닥/Higher-Low 형태 | 쌍바닥 넥라인 돌파 확인 | 이동평균선 재돌파 | 추세 바닥권 거래량 급증 양봉 | 거래량 기준봉 저가 지지 | 거래량 기준봉 고가 돌파 | 재상승 후 5일선 지지,,768000.0,True,3.4,True,0.9583,1.1916,True,507959.0164,617069.6721,687000.0,726180.3279,493730.0,-19.65,-5.45,True,True,False,29.27,True,True,True,2026-05-08,True,True,5.44,2026-05-01,2026-05-31,768000.0,20,1,-0.911,761000.0,2026-06-01,-1.172,759000.0,2026-06-02,-2.604,748000.0,2026-06-04,-9.245,697000.0,2026-06-05,-20.312,612000.0,2026-06-08,-22.526,595000.0,2026-06-09,-25.781,570000.0,2026-06-10,-25.0,576000.0,2026-06-11,-20.964,607000.0,2026-06-12,-16.667,640000.0,2026-06-15,-14.062,660000.0,2026-06-16,-17.839,631000.0,2026-06-17,-21.484,603000.0,2026-06-18,-20.312,612000.0,2026-06-19,-25.911,569000.0,2026-06-22,-33.594,510000.0,2026-06-23,-33.724,509000.0,2026-06-24,-33.203,513000.0,2026-06-25,-36.654,486500.0,2026-06-26,-34.635,502000.0,2026-06-29,2026-06-29,-0.911,-36.654,7.031,-39.779,0,,,,1.0,STOP,2026-06-23
034730,SK,2026-05-11,2026-05-11,WATCH,69,LOWER_CHANNEL_WATCH,중기 Higher High + Higher Low | 상승추세 안의 단기 조정 + 전저점 유지 | 상승 평행채널 유효(커버리지 100%) | 최근 추세 하단(싼 구간) 접촉 | 추세 바닥권 거래량 급증 양봉 | 거래량 기준봉 저가 지지 | 거래량 기준봉 고가 돌파,,571000.0,True,4.83,True,1.0,0.7484,True,438328.9474,526960.5263,600000.0,615592.1053,425179.0789,-7.71,7.81,False,False,False,28.04,False,True,True,2026-05-04,True,True,2.08,2026-05-01,2026-05-31,571000.0,20,1,-5.254,541000.0,2026-05-12,-3.678,550000.0,2026-05-13,-5.254,541000.0,2026-05-14,-11.909,503000.0,2026-05-15,-7.18,530000.0,2026-05-18,-9.107,519000.0,2026-05-19,-7.881,526000.0,2026-05-20,0.876,576000.0,2026-05-21,12.434,642000.0,2026-05-22,14.886,656000.0,2026-05-26,19.089,680000.0,2026-05-27,16.287,664000.0,2026-05-28,18.389,676000.0,2026-05-29,15.061,657000.0,2026-06-01,16.988,668000.0,2026-06-02,16.988,668000.0,2026-06-04,9.457,625000.0,2026-06-05,0.175,572000.0,2026-06-08,4.028,594000.0,2026-06-09,1.401,579000.0,2026-06-10,2026-06-10,19.089,-11.909,25.919,-13.835,1,,1.0,1.0,0.0,UPPER,2026-05-26
034730,SK,2026-05-12,2026-05-12,WATCH,69,LOWER_CHANNEL_WATCH,중기 Higher High + Higher Low | 상승추세 안의 단기 조정 + 전저점 유지 | 상승 평행채널 유효(커버리지 100%) | 최근 추세 하단(싼 구간) 접촉 | 추세 바닥권 거래량 급증 양봉 | 거래량 기준봉 저가 지지 | 거래량 기준봉 고가 돌파,,541000.0,True,9.83,True,1.0,0.5499,True,443526.3158,532157.8947,600000.0,620789.4737,430220.5263,-1.63,14.75,False,False,False,31.36,False,False,True,2026-05-04,True,True,2.08,2026-05-01,2026-05-31,541000.0,20,1,1.664,550000.0,2026-05-13,0.0,541000.0,2026-05-14,-7.024,503000.0,2026-05-15,-2.033,530000.0,2026-05-18,-4.067,519000.0,2026-05-19,-2.773,526000.0,2026-05-20,6.47,576000.0,2026-05-21,18.669,642000.0,2026-05-22,21.257,656000.0,2026-05-26,25.693,680000.0,2026-05-27,22.736,664000.0,2026-05-28,24.954,676000.0,2026-05-29,21.442,657000.0,2026-06-01,23.475,668000.0,2026-06-02,23.475,668000.0,2026-06-04,15.527,625000.0,2026-06-05,5.73,572000.0,2026-06-08,9.797,594000.0,2026-06-09,7.024,579000.0,2026-06-10,6.285,575000.0,2026-06-11,2026-06-11,25.693,-7.024,32.902,-9.057,1,,1.0,1.0,0.0,UPPER,2026-05-26
034730,SK,2026-05-13,2026-05-13,WATCH,69,LOWER_CHANNEL_WATCH,중기 Higher High + Higher Low | 상승추세 안의 단기 조정 + 전저점 유지 | 상승 평행채널 유효(커버리지 100%) | 최근 추세 하단(싼 구간) 접촉 | 추세 바닥권 거래량 급증 양봉 | 거래량 기준봉 저가 지지 | 거래량 기준봉 고가 돌파,,550000.0,True,8.33,True,1.0,0.5713,True,448723.6842,537355.2632,600000.0,625986.8421,435261.9737,-2.3,13.82,False,False,False,31.28,False,False,True,2026-05-04,True,True,2.08,2026-05-01,2026-05-31,550000.0,20,1,-1.636,541000.0,2026-05-14,-8.545,503000.0,2026-05-15,-3.636,530000.0,2026-05-18,-5.636,519000.0,2026-05-19,-4.364,526000.0,2026-05-20,4.727,576000.0,2026-05-21,16.727,642000.0,2026-05-22,19.273,656000.0,2026-05-26,23.636,680000.0,2026-05-27,20.727,664000.0,2026-05-28,22.909,676000.0,2026-05-29,19.455,657000.0,2026-06-01,21.455,668000.0,2026-06-02,21.455,668000.0,2026-06-04,13.636,625000.0,2026-06-05,4.0,572000.0,2026-06-08,8.0,594000.0,2026-06-09,5.273,579000.0,2026-06-10,4.545,575000.0,2026-06-11,7.818,593000.0,2026-06-12,2026-06-12,23.636,-8.545,30.727,-10.545,1,,1.0,1.0,0.0,UPPER,2026-05-26
034730,SK,2026-05-14,2026-05-14,WATCH,69,LOWER_CHANNEL_WATCH,중기 Higher High + Higher Low | 상승추세 안의 단기 조정 + 전저점 유지 | 상승 평행채널 유효(커버리지 100%) | 최근 추세 하단(싼 구간) 접촉 | 추세 바닥권 거래량 급증 양봉 | 거래량 기준봉 저가 지지 | 거래량 기준봉 고가 돌파,,541000.0,True,9.83,True,1.0,0.4912,True,453921.0526,542552.6316,600000.0,631184.2105,440303.4211,0.29,16.67,False,False,False,31.1,False,False,True,2026-05-04,True,True,2.08,2026-05-01,2026-05-31,541000.0,20,1,-7.024,503000.0,2026-05-15,-2.033,530000.0,2026-05-18,-4.067,519000.0,2026-05-19,-2.773,526000.0,2026-05-20,6.47,576000.0,2026-05-21,18.669,642000.0,2026-05-22,21.257,656000.0,2026-05-26,25.693,680000.0,2026-05-27,22.736,664000.0,2026-05-28,24.954,676000.0,2026-05-29,21.442,657000.0,2026-06-01,23.475,668000.0,2026-06-02,23.475,668000.0,2026-06-04,15.527,625000.0,2026-06-05,5.73,572000.0,2026-06-08,9.797,594000.0,2026-06-09,7.024,579000.0,2026-06-10,6.285,575000.0,2026-06-11,9.612,593000.0,2026-06-12,19.409,646000.0,2026-06-15,2026-06-15,25.693,-7.024,32.902,-9.057,1,1.0,1.0,1.0,0.0,UPPER,2026-05-26
034730,SK,2026-05-15,2026-05-15,WATCH,74,LOWER_CHANNEL_WATCH,중기 Higher High + Higher Low | 상승추세 안의 단기 조정 + 전저점 유지 | 상승 평행채널 유효(커버리지 100%) | 최근 추세 하단(싼 구간) 접촉 | 현재도 채널 하단권 | 추세 바닥권 거래량 급증 양봉 | 거래량 기준봉 저가 지지 | 거래량 기준봉 고가 돌파,,503000.0,True,16.17,True,1.0,0.2476,True,459118.4211,547750.0,600000.0,636381.5789,445344.8684,8.9,26.52,False,False,False,31.05,False,False,True,2026-05-04,True,True,2.08,2026-05-01,2026-05-31,503000.0,20,1,5.368,530000.0,2026-05-18,3.181,519000.0,2026-05-19,4.573,526000.0,2026-05-20,14.513,576000.0,2026-05-21,27.634,642000.0,2026-05-22,30.417,656000.0,2026-05-26,35.189,680000.0,2026-05-27,32.008,664000.0,2026-05-28,34.394,676000.0,2026-05-29,30.616,657000.0,2026-06-01,32.803,668000.0,2026-06-02,32.803,668000.0,2026-06-04,24.254,625000.0,2026-06-05,13.718,572000.0,2026-06-08,18.091,594000.0,2026-06-09,15.109,579000.0,2026-06-10,14.314,575000.0,2026-06-11,17.893,593000.0,2026-06-12,28.429,646000.0,2026-06-15,33.797,673000.0,2026-06-16,2026-06-16,35.189,3.181,42.942,-1.988,1,1.0,1.0,1.0,0.0,UPPER,2026-05-26
034730,SK,2026-05-18,2026-05-18,WATCH,60,LOWER_CHANNEL_WATCH,중기 Higher High + Higher Low | 상승추세 안의 단기 조정 + 전저점 유지 | 상승 평행채널 유효(커버리지 99%) | 최근 추세 하단(싼 구간) 접촉 | 추세 하단 부근 쌍바닥/Higher-Low 형태 | 쌍바닥 넥라인 돌파 확인,,530000.0,True,11.67,True,0.9859,0.47,True,438129.0323,535870.9677,600000.0,633612.9032,424985.1613,1.11,19.55,True,True,False,27.35,False,False,False,,False,False,,2026-05-01,2026-05-31,530000.0,20,1,-2.075,519000.0,2026-05-19,-0.755,526000.0,2026-05-20,8.679,576000.0,2026-05-21,21.132,642000.0,2026-05-22,23.774,656000.0,2026-05-26,28.302,680000.0,2026-05-27,25.283,664000.0,2026-05-28,27.547,676000.0,2026-05-29,23.962,657000.0,2026-06-01,26.038,668000.0,2026-06-02,26.038,668000.0,2026-06-04,17.925,625000.0,2026-06-05,7.925,572000.0,2026-06-08,12.075,594000.0,2026-06-09,9.245,579000.0,2026-06-10,8.491,575000.0,2026-06-11,11.887,593000.0,2026-06-12,21.887,646000.0,2026-06-15,26.981,673000.0,2026-06-16,33.585,708000.0,2026-06-17,2026-06-17,33.585,-2.075,35.66,-4.34,1,1.0,1.0,1.0,0.0,UPPER,2026-05-26
034730,SK,2026-05-20,2026-05-20,WATCH,58,LOWER_CHANNEL_WATCH,중기 Higher High + Higher Low | 상승추세 안의 단기 조정 + 전저점 유지 | 상승 평행채널 유효(커버리지 99%) | 최근 추세 하단(싼 구간) 접촉 | 이동평균선 재돌파,,526000.0,True,12.33,True,0.9863,0.4065,True,446532.2581,544274.1935,600000.0,642016.129,477240.0,3.47,22.06,False,False,False,24.83,True,False,False,,False,False,,2026-05-01,2026-05-31,526000.0,20,1,9.506,576000.0,2026-05-21,22.053,642000.0,2026-05-22,24.715,656000.0,2026-05-26,29.278,680000.0,2026-05-27,26.236,664000.0,2026-05-28,28.517,676000.0,2026-05-29,24.905,657000.0,2026-06-01,26.996,668000.0,2026-06-02,26.996,668000.0,2026-06-04,18.821,625000.0,2026-06-05,8.745,572000.0,2026-06-08,12.928,594000.0,2026-06-09,10.076,579000.0,2026-06-10,9.316,575000.0,2026-06-11,12.738,593000.0,2026-06-12,22.814,646000.0,2026-06-15,27.947,673000.0,2026-06-16,34.601,708000.0,2026-06-17,30.608,687000.0,2026-06-18,37.643,724000.0,2026-06-19,2026-06-19,37.643,8.745,43.916,1.711,1,1.0,1.0,1.0,0.0,UPPER,2026-05-26
034730,SK,2026-05-21,2026-05-21,WATCH,60,LOWER_CHANNEL_WATCH,중기 Higher High + Higher Low | 상승추세 안의 단기 조정 + 전저점 유지 | 상승 평행채널 유효(커버리지 99%) | 최근 추세 하단(싼 구간) 접촉 | 이동평균선 재돌파 | 재상승 후 5일선 지지,,576000.0,True,4.0,True,0.9865,0.6408,True,450733.871,548475.8065,600000.0,646217.7419,477240.0,-4.78,12.19,False,False,False,23.32,True,True,False,,False,False,,2026-05-01,2026-05-31,576000.0,20,1,11.458,642000.0,2026-05-22,13.889,656000.0,2026-05-26,18.056,680000.0,2026-05-27,15.278,664000.0,2026-05-28,17.361,676000.0,2026-05-29,14.062,657000.0,2026-06-01,15.972,668000.0,2026-06-02,15.972,668000.0,2026-06-04,8.507,625000.0,2026-06-05,-0.694,572000.0,2026-06-08,3.125,594000.0,2026-06-09,0.521,579000.0,2026-06-10,-0.174,575000.0,2026-06-11,2.951,593000.0,2026-06-12,12.153,646000.0,2026-06-15,16.84,673000.0,2026-06-16,22.917,708000.0,2026-06-17,19.271,687000.0,2026-06-18,25.694,724000.0,2026-06-19,26.736,730000.0,2026-06-22,2026-06-22,26.736,-0.694,31.424,-7.118,1,,1.0,1.0,0.0,UPPER,2026-05-26
006400,삼성SDI,2026-05-04,2026-05-04,WATCH,60,LOWER_CHANNEL_WATCH,중기 Higher High + Higher Low | 상승 평행채널 유효(커버리지 100%) | 최근 추세 하단(싼 구간) 접촉 | 추세 하단 부근 쌍바닥/Higher-Low 형태 | 쌍바닥 넥라인 돌파 확인 | 이동평균선 재돌파 | 재상승 후 5일선 지지,,705000.0,True,2.49,True,1.0,0.9313,True,497544.6429,608928.5714,686000.0,720312.5,482618.3036,-13.63,2.17,True,True,False,32.63,True,True,False,,False,False,,2026-05-01,2026-05-31,705000.0,20,1,-0.993,698000.0,2026-05-06,-1.56,694000.0,2026-05-07,-3.83,678000.0,2026-05-08,-2.979,684000.0,2026-05-11,-10.78,629000.0,2026-05-12,-10.071,634000.0,2026-05-13,-9.787,636000.0,2026-05-14,-12.908,614000.0,2026-05-15,-13.05,613000.0,2026-05-18,-16.738,587000.0,2026-05-19,-19.149,570000.0,2026-05-20,-12.624,616000.0,2026-05-21,-8.227,647000.0,2026-05-22,-8.936,642000.0,2026-05-26,-10.638,630000.0,2026-05-27,-4.113,676000.0,2026-05-28,-2.411,688000.0,2026-05-29,-7.518,652000.0,2026-06-01,-14.61,602000.0,2026-06-02,-13.901,607000.0,2026-06-04,2026-06-04,-0.993,-19.149,0.284,-22.27,0,,,0.0,0.0,TIMEOUT,2026-06-04
006400,삼성SDI,2026-05-06,2026-05-06,WATCH,60,LOWER_CHANNEL_WATCH,중기 Higher High + Higher Low | 상승추세 안의 단기 조정 + 전저점 유지 | 상승 평행채널 유효(커버리지 100%) | 최근 추세 하단(싼 구간) 접촉 | 추세 하단 부근 쌍바닥/Higher-Low 형태 | 쌍바닥 넥라인 돌파 확인,,698000.0,True,3.46,True,1.0,0.8778,True,502446.4286,613830.3571,686000.0,725214.2857,487373.0357,-12.06,3.9,True,True,False,33.99,False,False,False,,False,False,,2026-05-01,2026-05-31,698000.0,20,1,-0.573,694000.0,2026-05-07,-2.865,678000.0,2026-05-08,-2.006,684000.0,2026-05-11,-9.885,629000.0,2026-05-12,-9.169,634000.0,2026-05-13,-8.883,636000.0,2026-05-14,-12.034,614000.0,2026-05-15,-12.178,613000.0,2026-05-18,-15.903,587000.0,2026-05-19,-18.338,570000.0,2026-05-20,-11.748,616000.0,2026-05-21,-7.307,647000.0,2026-05-22,-8.023,642000.0,2026-05-26,-9.742,630000.0,2026-05-27,-3.152,676000.0,2026-05-28,-1.433,688000.0,2026-05-29,-6.59,652000.0,2026-06-01,-13.754,602000.0,2026-06-02,-13.037,607000.0,2026-06-04,-18.625,568000.0,2026-06-05,2026-06-05,-0.573,-18.625,1.289,-21.49,0,,,0.0,1.0,STOP,2026-06-05
006400,삼성SDI,2026-05-07,2026-05-07,WATCH,60,LOWER_CHANNEL_WATCH,중기 Higher High + Higher Low | 상승추세 안의 단기 조정 + 전저점 유지 | 상승 평행채널 유효(커버리지 100%) | 최근 추세 하단(싼 구간) 접촉 | 추세 하단 부근 쌍바닥/Higher-Low 형태 | 쌍바닥 넥라인 돌파 확인,,694000.0,True,4.01,True,1.0,0.7506,True,554580.3571,647455.3571,723000.0,740330.3571,537942.9464,-6.71,6.68,True,True,False,33.87,False,False,False,,False,False,,2026-05-01,2026-05-31,694000.0,20,1,-2.305,678000.0,2026-05-08,-1.441,684000.0,2026-05-11,-9.366,629000.0,2026-05-12,-8.646,634000.0,2026-05-13,-8.357,636000.0,2026-05-14,-11.527,614000.0,2026-05-15,-11.671,613000.0,2026-05-18,-15.418,587000.0,2026-05-19,-17.867,570000.0,2026-05-20,-11.239,616000.0,2026-05-21,-6.772,647000.0,2026-05-22,-7.493,642000.0,2026-05-26,-9.222,630000.0,2026-05-27,-2.594,676000.0,2026-05-28,-0.865,688000.0,2026-05-29,-6.052,652000.0,2026-06-01,-13.256,602000.0,2026-06-02,-12.536,607000.0,2026-06-04,-18.156,568000.0,2026-06-05,-27.522,503000.0,2026-06-08,2026-06-08,-0.865,-27.522,1.873,-28.026,0,,0.0,0.0,1.0,STOP,2026-05-18
006400,삼성SDI,2026-05-08,2026-05-08,WATCH,60,LOWER_CHANNEL_WATCH,중기 Higher High + Higher Low | 상승추세 안의 단기 조정 + 전저점 유지 | 상승 평행채널 유효(커버리지 100%) | 최근 추세 하단(싼 구간) 접촉 | 추세 하단 부근 쌍바닥/Higher-Low 형태 | 쌍바닥 넥라인 돌파 확인,,678000.0,True,6.22,True,1.0,0.6333,True,560357.1429,653232.1429,723000.0,746107.1429,543546.4286,-3.65,10.05,True,True,False,32.94,False,False,False,,False,False,,2026-05-01,2026-05-31,678000.0,20,1,0.885,684000.0,2026-05-11,-7.227,629000.0,2026-05-12,-6.49,634000.0,2026-05-13,-6.195,636000.0,2026-05-14,-9.44,614000.0,2026-05-15,-9.587,613000.0,2026-05-18,-13.422,587000.0,2026-05-19,-15.929,570000.0,2026-05-20,-9.145,616000.0,2026-05-21,-4.572,647000.0,2026-05-22,-5.31,642000.0,2026-05-26,-7.08,630000.0,2026-05-27,-0.295,676000.0,2026-05-28,1.475,688000.0,2026-05-29,-3.835,652000.0,2026-06-01,-11.209,602000.0,2026-06-02,-10.472,607000.0,2026-06-04,-16.224,568000.0,2026-06-05,-25.811,503000.0,2026-06-08,-24.041,515000.0,2026-06-09,2026-06-09,1.475,-25.811,4.277,-28.024,0,,0.0,0.0,1.0,STOP,2026-05-18
006400,삼성SDI,2026-05-11,2026-05-11,WATCH,60,LOWER_CHANNEL_WATCH,중기 Higher High + Higher Low | 상승추세 안의 단기 조정 + 전저점 유지 | 상승 평행채널 유효(커버리지 100%) | 최근 추세 하단(싼 구간) 접촉 | 추세 하단 부근 쌍바닥/Higher-Low 형태 | 쌍바닥 넥라인 돌파 확인,,684000.0,True,5.39,True,1.0,0.6345,True,566133.9286,659008.9286,723000.0,751883.9286,549149.9107,-3.65,9.92,True,True,False,31.57,False,False,False,,False,False,,2026-05-01,2026-05-31,684000.0,20,1,-8.041,629000.0,2026-05-12,-7.31,634000.0,2026-05-13,-7.018,636000.0,2026-05-14,-10.234,614000.0,2026-05-15,-10.38,613000.0,2026-05-18,-14.181,587000.0,2026-05-19,-16.667,570000.0,2026-05-20,-9.942,616000.0,2026-05-21,-5.409,647000.0,2026-05-22,-6.14,642000.0,2026-05-26,-7.895,630000.0,2026-05-27,-1.17,676000.0,2026-05-28,0.585,688000.0,2026-05-29,-4.678,652000.0,2026-06-01,-11.988,602000.0,2026-06-02,-11.257,607000.0,2026-06-04,-16.959,568000.0,2026-06-05,-26.462,503000.0,2026-06-08,-24.708,515000.0,2026-06-09,-27.412,496500.0,2026-06-10,2026-06-10,0.585,-27.412,3.363,-29.532,0,,0.0,0.0,1.0,STOP,2026-05-18
006400,삼성SDI,2026-05-12,2026-05-12,WATCH,65,LOWER_CHANNEL_WATCH,중기 Higher High + Higher Low | 상승추세 안의 단기 조정 + 전저점 유지 | 상승 평행채널 유효(커버리지 100%) | 최근 추세 하단(싼 구간) 접촉 | 현재도 채널 하단권 | 추세 하단 부근 쌍바닥/Higher-Low 형태 | 쌍바닥 넥라인 돌파 확인,,629000.0,True,13.0,True,1.0,0.3073,True,571910.7143,664785.7143,723000.0,757660.7143,554753.3929,5.69,20.45,True,True,False,31.25,False,False,False,,False,False,,2026-05-01,2026-05-31,629000.0,20,1,0.795,634000.0,2026-05-13,1.113,636000.0,2026-05-14,-2.385,614000.0,2026-05-15,-2.544,613000.0,2026-05-18,-6.677,587000.0,2026-05-19,-9.38,570000.0,2026-05-20,-2.067,616000.0,2026-05-21,2.862,647000.0,2026-05-22,2.067,642000.0,2026-05-26,0.159,630000.0,2026-05-27,7.472,676000.0,2026-05-28,9.38,688000.0,2026-05-29,3.657,652000.0,2026-06-01,-4.293,602000.0,2026-06-02,-3.498,607000.0,2026-06-04,-9.698,568000.0,2026-06-05,-20.032,503000.0,2026-06-08,-18.124,515000.0,2026-06-09,-21.065,496500.0,2026-06-10,-20.747,498500.0,2026-06-11,2026-06-11,9.38,-21.065,12.401,-25.835,0,0.0,0.0,0.0,1.0,STOP,2026-05-18
006400,삼성SDI,2026-05-13,2026-05-13,WATCH,65,LOWER_CHANNEL_WATCH,중기 Higher High + Higher Low | 상승추세 안의 단기 조정 + 전저점 유지 | 상승 평행채널 유효(커버리지 100%) | 최근 추세 하단(싼 구간) 접촉 | 현재도 채널 하단권 | 추세 하단 부근 쌍바닥/Higher-Low 형태 | 쌍바닥 넥라인 돌파 확인,,634000.0,True,12.31,True,1.0,0.3032,True,577687.5,670562.5,723000.0,763437.5,560356.875,5.77,20.42,True,True,False,28.32,False,False,False,,False,False,,2026-05-01,2026-05-31,634000.0,20,1,0.315,636000.0,2026-05-14,-3.155,614000.0,2026-05-15,-3.312,613000.0,2026-05-18,-7.413,587000.0,2026-05-19,-10.095,570000.0,2026-05-20,-2.839,616000.0,2026-05-21,2.05,647000.0,2026-05-22,1.262,642000.0,2026-05-26,-0.631,630000.0,2026-05-27,6.625,676000.0,2026-05-28,8.517,688000.0,2026-05-29,2.839,652000.0,2026-06-01,-5.047,602000.0,2026-06-02,-4.259,607000.0,2026-06-04,-10.41,568000.0,2026-06-05,-20.662,503000.0,2026-06-08,-18.77,515000.0,2026-06-09,-21.688,496500.0,2026-06-10,-21.372,498500.0,2026-06-11,-14.984,539000.0,2026-06-12,2026-06-12,8.517,-21.688,11.514,-26.42,0,0.0,0.0,0.0,1.0,STOP,2026-05-18
006400,삼성SDI,2026-05-14,2026-05-14,WATCH,65,LOWER_CHANNEL_WATCH,중기 Higher High + Higher Low | 상승추세 안의 단기 조정 + 전저점 유지 | 상승 평행채널 유효(커버리지 100%) | 최근 추세 하단(싼 구간) 접촉 | 현재도 채널 하단권 | 추세 하단 부근 쌍바닥/Higher-Low 형태 | 쌍바닥 넥라인 돌파 확인,,636000.0,True,12.03,True,1.0,0.2828,True,583464.2857,676339.2857,723000.0,769214.2857,565960.3571,6.34,20.95,True,True,False,25.73,False,False,False,,False,False,,2026-05-01,2026-05-31,636000.0,20,1,-3.459,614000.0,2026-05-15,-3.616,613000.0,2026-05-18,-7.704,587000.0,2026-05-19,-10.377,570000.0,2026-05-20,-3.145,616000.0,2026-05-21,1.73,647000.0,2026-05-22,0.943,642000.0,2026-05-26,-0.943,630000.0,2026-05-27,6.289,676000.0,2026-05-28,8.176,688000.0,2026-05-29,2.516,652000.0,2026-06-01,-5.346,602000.0,2026-06-02,-4.56,607000.0,2026-06-04,-10.692,568000.0,2026-06-05,-20.912,503000.0,2026-06-08,-19.025,515000.0,2026-06-09,-21.934,496500.0,2026-06-10,-21.619,498500.0,2026-06-11,-15.252,539000.0,2026-06-12,-13.05,553000.0,2026-06-15,2026-06-15,8.176,-21.934,11.164,-26.651,0,0.0,0.0,0.0,1.0,STOP,2026-05-18
006400,삼성SDI,2026-05-15,2026-05-15,WATCH,65,LOWER_CHANNEL_WATCH,중기 Higher High + Higher Low | 상승추세 안의 단기 조정 + 전저점 유지 | 상승 평행채널 유효(커버리지 100%) | 최근 추세 하단(싼 구간) 접촉 | 현재도 채널 하단권 | 추세 하단 부근 쌍바닥/Higher-Low 형태 | 쌍바닥 넥라인 돌파 확인,,614000.0,True,15.08,True,1.0,0.1333,True,589241.0714,682116.0714,723000.0,774991.0714,571563.8393,11.09,26.22,True,True,False,24.03,False,False,False,,False,False,,2026-05-01,2026-05-31,614000.0,20,1,-0.163,613000.0,2026-05-18,-4.397,587000.0,2026-05-19,-7.166,570000.0,2026-05-20,0.326,616000.0,2026-05-21,5.375,647000.0,2026-05-22,4.56,642000.0,2026-05-26,2.606,630000.0,2026-05-27,10.098,676000.0,2026-05-28,12.052,688000.0,2026-05-29,6.189,652000.0,2026-06-01,-1.954,602000.0,2026-06-02,-1.14,607000.0,2026-06-04,-7.492,568000.0,2026-06-05,-18.078,503000.0,2026-06-08,-16.124,515000.0,2026-06-09,-19.137,496500.0,2026-06-10,-18.811,498500.0,2026-06-11,-12.215,539000.0,2026-06-12,-9.935,553000.0,2026-06-15,-10.586,549000.0,2026-06-16,2026-06-16,12.052,-19.137,15.147,-24.023,0,0.0,0.0,0.0,1.0,STOP,2026-05-18
006400,삼성SDI,2026-05-28,2026-05-28,CONFIRMED,82,LOWER_CHANNEL_CONFIRMED_REVERSAL,중기 Higher High + Higher Low | 상승추세 안의 단기 조정 + 전저점 유지 | 상승 평행채널 유효(커버리지 100%) | 최근 추세 하단(싼 구간) 접촉 | 현재도 채널 하단권 | 이동평균선 재돌파 | 추세 바닥권 거래량 급증 양봉 | 거래량 기준봉 저가 지지 | 기준봉 지지 후 재상승 전환 | 재상승 후 5일선 지지,,676000.0,True,6.5,True,1.0,0.3064,True,611848.2143,716526.7857,723000.0,821205.3571,593492.7679,6.0,21.48,False,False,False,19.58,True,True,True,2026-05-28,True,False,2.0,2026-05-01,2026-05-31,676000.0,20,1,1.775,688000.0,2026-05-29,-3.55,652000.0,2026-06-01,-10.947,602000.0,2026-06-02,-10.207,607000.0,2026-06-04,-15.976,568000.0,2026-06-05,-25.592,503000.0,2026-06-08,-23.817,515000.0,2026-06-09,-26.553,496500.0,2026-06-10,-26.257,498500.0,2026-06-11,-20.266,539000.0,2026-06-12,-18.195,553000.0,2026-06-15,-18.787,549000.0,2026-06-16,-18.639,550000.0,2026-06-17,-22.781,522000.0,2026-06-18,-17.899,555000.0,2026-06-19,-21.154,533000.0,2026-06-22,-30.621,469000.0,2026-06-23,-27.663,489000.0,2026-06-24,-28.846,481000.0,2026-06-25,-32.692,455000.0,2026-06-26,2026-06-26,1.775,-32.692,4.586,-34.615,0,0.0,0.0,0.0,1.0,STOP,2026-06-02
006400,삼성SDI,2026-05-29,2026-05-29,CONFIRMED,82,LOWER_CHANNEL_CONFIRMED_REVERSAL,중기 Higher High + Higher Low | 상승추세 안의 단기 조정 + 전저점 유지 | 상승 평행채널 유효(커버리지 100%) | 최근 추세 하단(싼 구간) 접촉 | 현재도 채널 하단권 | 이동평균선 재돌파 | 추세 바닥권 거래량 급증 양봉 | 거래량 기준봉 저가 지지 | 기준봉 지지 후 재상승 전환 | 재상승 후 5일선 지지,,688000.0,True,4.84,True,1.0,0.3361,True,617625.0,722303.5714,723000.0,826982.1429,599096.25,4.99,20.2,False,False,False,19.23,True,True,True,2026-05-29,True,False,2.44,2026-05-01,2026-05-31,688000.0,20,1,-5.233,652000.0,2026-06-01,-12.5,602000.0,2026-06-02,-11.773,607000.0,2026-06-04,-17.442,568000.0,2026-06-05,-26.89,503000.0,2026-06-08,-25.145,515000.0,2026-06-09,-27.834,496500.0,2026-06-10,-27.544,498500.0,2026-06-11,-21.657,539000.0,2026-06-12,-19.622,553000.0,2026-06-15,-20.203,549000.0,2026-06-16,-20.058,550000.0,2026-06-17,-24.128,522000.0,2026-06-18,-19.331,555000.0,2026-06-19,-22.529,533000.0,2026-06-22,-31.831,469000.0,2026-06-23,-28.924,489000.0,2026-06-24,-30.087,481000.0,2026-06-25,-33.866,455000.0,2026-06-26,-25.581,512000.0,2026-06-29,2026-06-29,-5.233,-33.866,-1.308,-35.756,0,0.0,0.0,0.0,1.0,STOP,2026-06-02
042660,한화오션,2026-05-04,2026-05-04,WATCH,78,LOWER_CHANNEL_WATCH,중기 Higher High + Higher Low | 상승추세 안의 단기 조정 + 전저점 유지 | 상승 평행채널 유효(커버리지 100%) | 최근 추세 하단(싼 구간) 접촉 | 추세 하단 부근 쌍바닥/Higher-Low 형태 | 쌍바닥 넥라인 돌파 확인 | 이동평균선 밀집 | 이동평균선 재돌파 | 재상승 후 5일선 지지,,133000.0,True,3.27,True,1.0,0.6336,True,122954.5455,130881.8182,137500.0,138809.0909,119265.9091,-1.59,4.37,True,True,True,3.0,True,True,False,,False,False,,2026-05-01,2026-05-31,133000.0,20,1,-2.105,130200.0,2026-05-06,-2.331,129900.0,2026-05-07,-5.188,126100.0,2026-05-08,-1.88,130500.0,2026-05-11,-8.271,122000.0,2026-05-12,-8.722,121400.0,2026-05-13,-9.474,120400.0,2026-05-14,-11.203,118100.0,2026-05-15,-12.932,115800.0,2026-05-18,-15.865,111900.0,2026-05-19,-16.917,110500.0,2026-05-20,-14.586,113600.0,2026-05-21,-8.12,122200.0,2026-05-22,1.278,134700.0,2026-05-26,1.429,134900.0,2026-05-27,-6.617,124200.0,2026-05-28,-7.293,123300.0,2026-05-29,-6.09,124900.0,2026-06-01,-12.782,116000.0,2026-06-02,-13.459,115100.0,2026-06-04,2026-06-04,1.429,-16.917,5.038,-19.474,0,,0.0,0.0,1.0,STOP,2026-05-12
042660,한화오션,2026-05-06,2026-05-06,WATCH,63,LOWER_CHANNEL_WATCH,중기 Higher High + Higher Low | 상승추세 안의 단기 조정 + 전저점 유지 | 상승 평행채널 유효(커버리지 100%) | 최근 추세 하단(싼 구간) 접촉 | 추세 하단 부근 쌍바닥/Higher-Low 형태 | 이동평균선 밀집,,130200.0,True,5.31,True,1.0,0.4364,True,123281.8182,131209.0909,137500.0,139136.3636,119583.3636,0.78,6.86,True,False,True,2.25,False,True,False,,False,False,,2026-05-01,2026-05-31,130200.0,20,1,-0.23,129900.0,2026-05-07,-3.149,126100.0,2026-05-08,0.23,130500.0,2026-05-11,-6.298,122000.0,2026-05-12,-6.759,121400.0,2026-05-13,-7.527,120400.0,2026-05-14,-9.293,118100.0,2026-05-15,-11.06,115800.0,2026-05-18,-14.055,111900.0,2026-05-19,-15.131,110500.0,2026-05-20,-12.75,113600.0,2026-05-21,-6.144,122200.0,2026-05-22,3.456,134700.0,2026-05-26,3.61,134900.0,2026-05-27,-4.608,124200.0,2026-05-28,-5.3,123300.0,2026-05-29,-4.071,124900.0,2026-06-01,-10.906,116000.0,2026-06-02,-11.598,115100.0,2026-06-04,-13.825,112200.0,2026-06-05,2026-06-05,3.61,-15.131,7.296,-17.742,0,1.0,0.0,0.0,1.0,STOP,2026-05-12
042660,한화오션,2026-05-07,2026-05-07,WATCH,63,LOWER_CHANNEL_WATCH,중기 Higher High + Higher Low | 상승추세 안의 단기 조정 + 전저점 유지 | 상승 평행채널 유효(커버리지 100%) | 최근 추세 하단(싼 구간) 접촉 | 추세 하단 부근 쌍바닥/Higher-Low 형태 | 이동평균선 밀집,,129900.0,True,5.53,True,1.0,0.3968,True,123609.0909,131536.3636,137500.0,139463.6364,119900.8182,1.26,7.36,True,False,True,1.29,False,False,False,,False,False,,2026-05-01,2026-05-31,129900.0,20,1,-2.925,126100.0,2026-05-08,0.462,130500.0,2026-05-11,-6.082,122000.0,2026-05-12,-6.543,121400.0,2026-05-13,-7.313,120400.0,2026-05-14,-9.084,118100.0,2026-05-15,-10.855,115800.0,2026-05-18,-13.857,111900.0,2026-05-19,-14.935,110500.0,2026-05-20,-12.548,113600.0,2026-05-21,-5.928,122200.0,2026-05-22,3.695,134700.0,2026-05-26,3.849,134900.0,2026-05-27,-4.388,124200.0,2026-05-28,-5.081,123300.0,2026-05-29,-3.849,124900.0,2026-06-01,-10.701,116000.0,2026-06-02,-11.393,115100.0,2026-06-04,-13.626,112200.0,2026-06-05,-20.631,103100.0,2026-06-08,2026-06-08,3.849,-20.631,7.544,-22.017,0,1.0,0.0,0.0,1.0,STOP,2026-05-12
042660,한화오션,2026-05-08,2026-05-08,WATCH,68,LOWER_CHANNEL_WATCH,중기 Higher High + Higher Low | 상승추세 안의 단기 조정 + 전저점 유지 | 상승 평행채널 유효(커버리지 100%) | 최근 추세 하단(싼 구간) 접촉 | 현재도 채널 하단권 | 추세 하단 부근 쌍바닥/Higher-Low 형태 | 이동평균선 밀집,,126100.0,True,8.29,True,1.0,0.1365,True,123936.3636,131863.6364,137500.0,139790.9091,120218.2727,4.57,10.86,True,False,True,0.41,False,False,False,,False,False,,2026-05-01,2026-05-31,126100.0,20,1,3.489,130500.0,2026-05-11,-3.251,122000.0,2026-05-12,-3.727,121400.0,2026-05-13,-4.52,120400.0,2026-05-14,-6.344,118100.0,2026-05-15,-8.168,115800.0,2026-05-18,-11.261,111900.0,2026-05-19,-12.371,110500.0,2026-05-20,-9.913,113600.0,2026-05-21,-3.093,122200.0,2026-05-22,6.82,134700.0,2026-05-26,6.979,134900.0,2026-05-27,-1.507,124200.0,2026-05-28,-2.22,123300.0,2026-05-29,-0.952,124900.0,2026-06-01,-8.01,116000.0,2026-06-02,-8.723,115100.0,2026-06-04,-11.023,112200.0,2026-06-05,-18.239,103100.0,2026-06-08,-18.953,102200.0,2026-06-09,2026-06-09,6.979,-18.953,10.785,-20.698,0,1.0,0.0,0.0,1.0,STOP,2026-05-12
042660,한화오션,2026-05-11,2026-05-11,WATCH,73,LOWER_CHANNEL_WATCH,중기 Higher High + Higher Low | 상승추세 안의 단기 조정 + 전저점 유지 | 상승 평행채널 유효(커버리지 100%) | 최근 추세 하단(싼 구간) 접촉 | 추세 하단 부근 쌍바닥/Higher-Low 형태 | 이동평균선 밀집 | 이동평균선 재돌파 | 재상승 후 5일선 지지,,130500.0,True,5.09,True,1.0,0.3933,True,124263.6364,132190.9091,137500.0,140118.1818,120535.7273,1.3,7.37,True,False,True,0.2,True,True,False,,False,False,,2026-05-01,2026-05-31,130500.0,20,1,-6.513,122000.0,2026-05-12,-6.973,121400.0,2026-05-13,-7.739,120400.0,2026-05-14,-9.502,118100.0,2026-05-15,-11.264,115800.0,2026-05-18,-14.253,111900.0,2026-05-19,-15.326,110500.0,2026-05-20,-12.95,113600.0,2026-05-21,-6.36,122200.0,2026-05-22,3.218,134700.0,2026-05-26,3.372,134900.0,2026-05-27,-4.828,124200.0,2026-05-28,-5.517,123300.0,2026-05-29,-4.291,124900.0,2026-06-01,-11.111,116000.0,2026-06-02,-11.801,115100.0,2026-06-04,-14.023,112200.0,2026-06-05,-20.996,103100.0,2026-06-08,-21.686,102200.0,2026-06-09,-15.556,110200.0,2026-06-10,2026-06-10,3.372,-21.686,7.05,-23.372,0,0.0,0.0,0.0,1.0,STOP,2026-05-12
267260,HD현대일렉트릭,2026-05-04,2026-05-04,WATCH,70,LOWER_CHANNEL_WATCH,중기 Higher High + Higher Low | 상승추세 안의 단기 조정 + 전저점 유지 | 상승 평행채널 유효(커버리지 90%) | 최근 추세 하단(싼 구간) 접촉 | 추세 하단 부근 쌍바닥/Higher-Low 형태 | 쌍바닥 넥라인 돌파 확인 | 이동평균선 재돌파 | 재상승 후 5일선 지지,,1299000.0,True,3.78,True,0.9041,0.7658,True,1074884.058,1221202.8986,1350000.0,1367521.7391,1042637.5362,-5.99,5.27,True,True,False,20.95,True,True,False,,False,False,,2026-05-01,2026-05-31,1299000.0,20,1,6.928,1389000.0,2026-05-06,9.315,1420000.0,2026-05-07,8.006,1403000.0,2026-05-08,4.85,1362000.0,2026-05-11,0.77,1309000.0,2026-05-12,-1.463,1280000.0,2026-05-13,-2.463,1267000.0,2026-05-14,-9.238,1179000.0,2026-05-15,-11.701,1147000.0,2026-05-18,-15.704,1095000.0,2026-05-19,-17.937,1066000.0,2026-05-20,-12.548,1136000.0,2026-05-21,-9.7,1173000.0,2026-05-22,-11.624,1148000.0,2026-05-26,-15.781,1094000.0,2026-05-27,-19.4,1047000.0,2026-05-28,-18.938,1053000.0,2026-05-29,-17.937,1066000.0,2026-06-01,-23.403,995000.0,2026-06-02,-23.095,999000.0,2026-06-04,2026-06-04,9.315,-23.403,10.085,-24.403,0,,1.0,1.0,0.0,UPPER,2026-05-06
267260,HD현대일렉트릭,2026-05-06,2026-05-06,WATCH,60,LOWER_CHANNEL_WATCH,중기 Higher High + Higher Low | 상승 평행채널 유효(커버리지 91%) | 최근 추세 하단(싼 구간) 접촉 | 추세 하단 부근 쌍바닥/Higher-Low 형태 | 쌍바닥 넥라인 돌파 확인 | 이동평균선 재돌파 | 재상승 후 5일선 지지,,1389000.0,True,2.18,True,0.9054,1.0534,True,1080724.6377,1227043.4783,1350000.0,1373362.3188,1048302.8986,-11.66,-1.13,True,True,False,20.19,True,True,False,,False,False,,2026-05-01,2026-05-31,1389000.0,20,1,2.232,1420000.0,2026-05-07,1.008,1403000.0,2026-05-08,-1.944,1362000.0,2026-05-11,-5.76,1309000.0,2026-05-12,-7.847,1280000.0,2026-05-13,-8.783,1267000.0,2026-05-14,-15.119,1179000.0,2026-05-15,-17.423,1147000.0,2026-05-18,-21.166,1095000.0,2026-05-19,-23.254,1066000.0,2026-05-20,-18.215,1136000.0,2026-05-21,-15.551,1173000.0,2026-05-22,-17.351,1148000.0,2026-05-26,-21.238,1094000.0,2026-05-27,-24.622,1047000.0,2026-05-28,-24.19,1053000.0,2026-05-29,-23.254,1066000.0,2026-06-01,-28.366,995000.0,2026-06-02,-28.078,999000.0,2026-06-04,-31.174,956000.0,2026-06-05,2026-06-05,2.232,-31.174,2.952,-32.973,0,,,,1.0,STOP,2026-05-18
267260,HD현대일렉트릭,2026-05-07,2026-05-07,WATCH,60,LOWER_CHANNEL_WATCH,중기 Higher High + Higher Low | 상승 평행채널 유효(커버리지 89%) | 최근 추세 하단(싼 구간) 접촉 | 추세 하단 부근 쌍바닥/Higher-Low 형태 | 쌍바닥 넥라인 돌파 확인 | 이동평균선 재돌파 | 재상승 후 5일선 지지,,1420000.0,True,0.7,True,0.8933,1.1394,True,1086565.2174,1232884.058,1350000.0,1379202.8986,1053968.2609,-13.18,-2.87,True,True,False,21.73,True,True,False,,False,False,,2026-05-01,2026-05-31,1420000.0,20,1,-1.197,1403000.0,2026-05-08,-4.085,1362000.0,2026-05-11,-7.817,1309000.0,2026-05-12,-9.859,1280000.0,2026-05-13,-10.775,1267000.0,2026-05-14,-16.972,1179000.0,2026-05-15,-19.225,1147000.0,2026-05-18,-22.887,1095000.0,2026-05-19,-24.93,1066000.0,2026-05-20,-20.0,1136000.0,2026-05-21,-17.394,1173000.0,2026-05-22,-19.155,1148000.0,2026-05-26,-22.958,1094000.0,2026-05-27,-26.268,1047000.0,2026-05-28,-25.845,1053000.0,2026-05-29,-24.93,1066000.0,2026-06-01,-29.93,995000.0,2026-06-02,-29.648,999000.0,2026-06-04,-32.676,956000.0,2026-06-05,-37.394,889000.0,2026-06-08,2026-06-08,-1.197,-37.394,-0.775,-40.563,0,,,,1.0,STOP,2026-05-18
267260,HD현대일렉트릭,2026-05-26,2026-05-26,WATCH,60,LOWER_CHANNEL_WATCH,중기 Higher High + Higher Low | 상승추세 안의 단기 조정 + 전저점 유지 | 상승 평행채널 유효(커버리지 100%) | 최근 추세 하단(싼 구간) 접촉 | 현재도 채널 하단권 | 추세 하단 부근 쌍바닥/Higher-Low 형태,,1148000.0,True,19.72,True,1.0,0.1635,True,1077191.4894,1293680.8511,1430000.0,1510170.2128,1044875.7447,12.69,31.55,True,False,False,16.14,False,True,False,,False,False,,2026-05-01,2026-05-31,1148000.0,20,1,-4.704,1094000.0,2026-05-27,-8.798,1047000.0,2026-05-28,-8.275,1053000.0,2026-05-29,-7.143,1066000.0,2026-06-01,-13.328,995000.0,2026-06-02,-12.979,999000.0,2026-06-04,-16.725,956000.0,2026-06-05,-22.561,889000.0,2026-06-08,-17.77,944000.0,2026-06-09,-14.111,986000.0,2026-06-10,-10.017,1033000.0,2026-06-11,-1.568,1130000.0,2026-06-12,4.007,1194000.0,2026-06-15,-2.962,1114000.0,2026-06-16,-2.439,1120000.0,2026-06-17,-5.314,1087000.0,2026-06-18,-6.098,1078000.0,2026-06-19,-10.017,1033000.0,2026-06-22,-17.334,949000.0,2026-06-23,-18.38,937000.0,2026-06-24,2026-06-24,4.007,-22.561,5.662,-26.481,0,0.0,0.0,0.0,1.0,STOP,2026-05-28
267260,HD현대일렉트릭,2026-05-27,2026-05-27,WATCH,60,LOWER_CHANNEL_WATCH,중기 Higher High + Higher Low | 상승추세 안의 단기 조정 + 전저점 유지 | 상승 평행채널 유효(커버리지 100%) | 최근 추세 하단(싼 구간) 접촉 | 현재도 채널 하단권 | 추세 하단 부근 쌍바닥/Higher-Low 형태,,1094000.0,True,23.5,True,1.0,0.0234,True,1083872.3404,1300361.7021,1430000.0,1516851.0638,1051356.1702,18.86,38.65,True,False,False,16.26,False,False,False,,False,False,,2026-05-01,2026-05-31,1094000.0,20,1,-4.296,1047000.0,2026-05-28,-3.748,1053000.0,2026-05-29,-2.559,1066000.0,2026-06-01,-9.049,995000.0,2026-06-02,-8.684,999000.0,2026-06-04,-12.614,956000.0,2026-06-05,-18.739,889000.0,2026-06-08,-13.711,944000.0,2026-06-09,-9.872,986000.0,2026-06-10,-5.576,1033000.0,2026-06-11,3.291,1130000.0,2026-06-12,9.141,1194000.0,2026-06-15,1.828,1114000.0,2026-06-16,2.377,1120000.0,2026-06-17,-0.64,1087000.0,2026-06-18,-1.463,1078000.0,2026-06-19,-5.576,1033000.0,2026-06-22,-13.254,949000.0,2026-06-23,-14.351,937000.0,2026-06-24,-13.163,950000.0,2026-06-25,2026-06-25,9.141,-18.739,10.878,-22.852,0,0.0,0.0,0.0,1.0,STOP,2026-05-28
010120,LS ELECTRIC,2026-05-04,2026-05-04,WATCH,59,LOWER_CHANNEL_WATCH,중기 Higher High + Higher Low | 상승 평행채널 유효(커버리지 80%) | 최근 추세 하단(싼 구간) 접촉 | 추세 바닥권 거래량 급증 양봉 | 거래량 기준봉 저가 지지 | 거래량 기준봉 고가 돌파,,294000.0,True,0.84,True,0.8025,2.9255,True,195304.0,212172.0,200000.0,229040.0,189444.88,-27.83,-22.1,False,False,False,36.27,False,True,True,2026-04-22,True,True,1.87,2026-05-01,2026-05-31,294000.0,20,1,7.313,315500.0,2026-05-06,8.333,318500.0,2026-05-07,6.463,313000.0,2026-05-08,3.401,304000.0,2026-05-11,-1.701,289000.0,2026-05-12,-3.061,285000.0,2026-05-13,-4.762,280000.0,2026-05-14,-11.905,259000.0,2026-05-15,-13.776,253500.0,2026-05-18,-17.177,243500.0,2026-05-19,-18.878,238500.0,2026-05-20,-7.653,271500.0,2026-05-21,-4.422,281000.0,2026-05-22,-3.061,285000.0,2026-05-26,-11.054,261500.0,2026-05-27,-16.156,246500.0,2026-05-28,-17.857,241500.0,2026-05-29,-9.184,267000.0,2026-06-01,-17.857,241500.0,2026-06-02,-18.537,239500.0,2026-06-04,2026-06-04,8.333,-18.878,13.946,-21.599,0,,,,0.0,TIMEOUT,2026-06-04
010120,LS ELECTRIC,2026-05-06,2026-05-06,WATCH,69,LOWER_CHANNEL_WATCH,중기 Higher High + Higher Low | 상승추세 안의 단기 조정 + 전저점 유지 | 상승 평행채널 유효(커버리지 79%) | 최근 추세 하단(싼 구간) 접촉 | 추세 바닥권 거래량 급증 양봉 | 거래량 기준봉 저가 지지 | 거래량 기준봉 고가 돌파,,315500.0,True,3.96,True,0.7927,3.5158,True,196892.0,213760.0,200000.0,230628.0,190985.24,-32.25,-26.9,False,False,False,36.58,False,True,True,2026-04-22,True,True,1.87,2026-05-01,2026-05-31,315500.0,20,1,0.951,318500.0,2026-05-07,-0.792,313000.0,2026-05-08,-3.645,304000.0,2026-05-11,-8.399,289000.0,2026-05-12,-9.667,285000.0,2026-05-13,-11.252,280000.0,2026-05-14,-17.908,259000.0,2026-05-15,-19.651,253500.0,2026-05-18,-22.821,243500.0,2026-05-19,-24.406,238500.0,2026-05-20,-13.946,271500.0,2026-05-21,-10.935,281000.0,2026-05-22,-9.667,285000.0,2026-05-26,-17.116,261500.0,2026-05-27,-21.87,246500.0,2026-05-28,-23.455,241500.0,2026-05-29,-15.372,267000.0,2026-06-01,-23.455,241500.0,2026-06-02,-24.089,239500.0,2026-06-04,-28.051,227000.0,2026-06-05,2026-06-05,0.951,-28.051,6.181,-31.22,0,,,,1.0,STOP,2026-06-05
010120,LS ELECTRIC,2026-05-07,2026-05-07,WATCH,69,LOWER_CHANNEL_WATCH,중기 Higher High + Higher Low | 상승추세 안의 단기 조정 + 전저점 유지 | 상승 평행채널 유효(커버리지 78%) | 최근 추세 하단(싼 구간) 접촉 | 추세 바닥권 거래량 급증 양봉 | 거래량 기준봉 저가 지지 | 거래량 기준봉 고가 돌파,,318500.0,True,4.93,True,0.7831,3.5576,True,198480.0,215348.0,200000.0,232216.0,192525.6,-32.39,-27.09,False,False,False,38.82,False,True,True,2026-04-22,True,True,1.87,2026-05-01,2026-05-31,318500.0,20,1,-1.727,313000.0,2026-05-08,-4.553,304000.0,2026-05-11,-9.262,289000.0,2026-05-12,-10.518,285000.0,2026-05-13,-12.088,280000.0,2026-05-14,-18.681,259000.0,2026-05-15,-20.408,253500.0,2026-05-18,-23.548,243500.0,2026-05-19,-25.118,238500.0,2026-05-20,-14.757,271500.0,2026-05-21,-11.774,281000.0,2026-05-22,-10.518,285000.0,2026-05-26,-17.896,261500.0,2026-05-27,-22.606,246500.0,2026-05-28,-24.176,241500.0,2026-05-29,-16.17,267000.0,2026-06-01,-24.176,241500.0,2026-06-02,-24.804,239500.0,2026-06-04,-28.728,227000.0,2026-06-05,-34.694,208000.0,2026-06-08,2026-06-08,-1.727,-34.694,0.314,-37.959,0,,,,1.0,STOP,2026-06-05
010120,LS ELECTRIC,2026-05-08,2026-05-08,WATCH,69,LOWER_CHANNEL_WATCH,중기 Higher High + Higher Low | 상승추세 안의 단기 조정 + 전저점 유지 | 상승 평행채널 유효(커버리지 77%) | 최근 추세 하단(싼 구간) 접촉 | 추세 바닥권 거래량 급증 양봉 | 거래량 기준봉 저가 지지 | 거래량 기준봉 고가 돌파,,313000.0,True,6.57,True,0.7738,3.3475,True,200068.0,216936.0,200000.0,233804.0,194065.96,-30.69,-25.3,False,False,False,41.05,False,True,True,2026-04-22,True,True,1.87,2026-05-01,2026-05-31,313000.0,20,1,-2.875,304000.0,2026-05-11,-7.668,289000.0,2026-05-12,-8.946,285000.0,2026-05-13,-10.543,280000.0,2026-05-14,-17.252,259000.0,2026-05-15,-19.01,253500.0,2026-05-18,-22.204,243500.0,2026-05-19,-23.802,238500.0,2026-05-20,-13.259,271500.0,2026-05-21,-10.224,281000.0,2026-05-22,-8.946,285000.0,2026-05-26,-16.454,261500.0,2026-05-27,-21.246,246500.0,2026-05-28,-22.843,241500.0,2026-05-29,-14.696,267000.0,2026-06-01,-22.843,241500.0,2026-06-02,-23.482,239500.0,2026-06-04,-27.476,227000.0,2026-06-05,-33.546,208000.0,2026-06-08,-29.872,219500.0,2026-06-09,2026-06-09,-2.875,-33.546,0.639,-36.869,0,,,,1.0,STOP,2026-06-05
010120,LS ELECTRIC,2026-05-11,2026-05-11,WATCH,69,LOWER_CHANNEL_WATCH,중기 Higher High + Higher Low | 상승추세 안의 단기 조정 + 전저점 유지 | 상승 평행채널 유효(커버리지 76%) | 최근 추세 하단(싼 구간) 접촉 | 추세 바닥권 거래량 급증 양봉 | 거래량 기준봉 저가 지지 | 거래량 기준봉 고가 돌파,,304000.0,True,9.25,True,0.7647,3.0337,True,201656.0,218524.0,200000.0,235392.0,195606.32,-28.12,-22.57,False,False,False,42.96,False,False,True,2026-04-22,True,True,1.87,2026-05-01,2026-05-31,304000.0,20,1,-4.934,289000.0,2026-05-12,-6.25,285000.0,2026-05-13,-7.895,280000.0,2026-05-14,-14.803,259000.0,2026-05-15,-16.612,253500.0,2026-05-18,-19.901,243500.0,2026-05-19,-21.546,238500.0,2026-05-20,-10.691,271500.0,2026-05-21,-7.566,281000.0,2026-05-22,-6.25,285000.0,2026-05-26,-13.98,261500.0,2026-05-27,-18.914,246500.0,2026-05-28,-20.559,241500.0,2026-05-29,-12.171,267000.0,2026-06-01,-20.559,241500.0,2026-06-02,-21.217,239500.0,2026-06-04,-25.329,227000.0,2026-06-05,-31.579,208000.0,2026-06-08,-27.796,219500.0,2026-06-09,-22.368,236000.0,2026-06-10,2026-06-10,-4.934,-31.579,1.151,-35.0,0,,,,1.0,STOP,2026-06-05
010120,LS ELECTRIC,2026-05-12,2026-05-12,WATCH,69,LOWER_CHANNEL_WATCH,중기 Higher High + Higher Low | 상승추세 안의 단기 조정 + 전저점 유지 | 상승 평행채널 유효(커버리지 93%) | 최근 추세 하단(싼 구간) 접촉 | 추세 바닥권 거래량 급증 양봉 | 거래량 기준봉 저가 지지 | 거래량 기준봉 고가 돌파,,289000.0,True,13.73,True,0.9275,0.8746,True,217555.5556,258400.0,335000.0,299244.4444,211028.8889,-10.59,3.54,False,False,False,43.92,False,False,True,2026-04-22,True,True,1.87,2026-05-01,2026-05-31,289000.0,20,1,-1.384,285000.0,2026-05-13,-3.114,280000.0,2026-05-14,-10.381,259000.0,2026-05-15,-12.284,253500.0,2026-05-18,-15.744,243500.0,2026-05-19,-17.474,238500.0,2026-05-20,-6.055,271500.0,2026-05-21,-2.768,281000.0,2026-05-22,-1.384,285000.0,2026-05-26,-9.516,261500.0,2026-05-27,-14.706,246500.0,2026-05-28,-16.436,241500.0,2026-05-29,-7.612,267000.0,2026-06-01,-16.436,241500.0,2026-06-02,-17.128,239500.0,2026-06-04,-21.453,227000.0,2026-06-05,-28.028,208000.0,2026-06-08,-24.048,219500.0,2026-06-09,-18.339,236000.0,2026-06-10,-20.588,229500.0,2026-06-11,2026-06-11,-1.384,-28.028,3.287,-31.626,0,,0.0,0.0,1.0,STOP,2026-05-28
010120,LS ELECTRIC,2026-05-13,2026-05-13,WATCH,69,LOWER_CHANNEL_WATCH,중기 Higher High + Higher Low | 상승추세 안의 단기 조정 + 전저점 유지 | 상승 평행채널 유효(커버리지 96%) | 최근 추세 하단(싼 구간) 접촉 | 추세 바닥권 거래량 급증 양봉 | 거래량 기준봉 저가 지지 | 거래량 기준봉 고가 돌파,,285000.0,True,14.93,True,0.9571,0.4121,True,240529.2308,294490.7692,335000.0,348452.3077,233313.3538,3.33,22.26,False,False,False,41.48,False,False,True,2026-04-23,True,True,3.76,2026-05-01,2026-05-31,285000.0,20,1,-1.754,280000.0,2026-05-14,-9.123,259000.0,2026-05-15,-11.053,253500.0,2026-05-18,-14.561,243500.0,2026-05-19,-16.316,238500.0,2026-05-20,-4.737,271500.0,2026-05-21,-1.404,281000.0,2026-05-22,0.0,285000.0,2026-05-26,-8.246,261500.0,2026-05-27,-13.509,246500.0,2026-05-28,-15.263,241500.0,2026-05-29,-6.316,267000.0,2026-06-01,-15.263,241500.0,2026-06-02,-15.965,239500.0,2026-06-04,-20.351,227000.0,2026-06-05,-27.018,208000.0,2026-06-08,-22.982,219500.0,2026-06-09,-17.193,236000.0,2026-06-10,-19.474,229500.0,2026-06-11,-21.93,222500.0,2026-06-12,2026-06-12,0.0,-27.018,4.737,-30.667,0,1.0,0.0,0.0,1.0,STOP,2026-05-18
010120,LS ELECTRIC,2026-05-14,2026-05-14,WATCH,74,LOWER_CHANNEL_WATCH,중기 Higher High + Higher Low | 상승추세 안의 단기 조정 + 전저점 유지 | 상승 평행채널 유효(커버리지 96%) | 최근 추세 하단(싼 구간) 접촉 | 현재도 채널 하단권 | 추세 바닥권 거래량 급증 양봉 | 거래량 기준봉 저가 지지 | 거래량 기준봉 고가 돌파,,280000.0,True,16.42,True,0.9577,0.3346,True,243892.3077,297853.8462,335000.0,351815.3846,236575.5385,6.38,25.65,False,False,False,38.6,False,False,True,2026-04-23,True,True,3.76,2026-05-01,2026-05-31,280000.0,20,1,-7.5,259000.0,2026-05-15,-9.464,253500.0,2026-05-18,-13.036,243500.0,2026-05-19,-14.821,238500.0,2026-05-20,-3.036,271500.0,2026-05-21,0.357,281000.0,2026-05-22,1.786,285000.0,2026-05-26,-6.607,261500.0,2026-05-27,-11.964,246500.0,2026-05-28,-13.75,241500.0,2026-05-29,-4.643,267000.0,2026-06-01,-13.75,241500.0,2026-06-02,-14.464,239500.0,2026-06-04,-18.929,227000.0,2026-06-05,-25.714,208000.0,2026-06-08,-21.607,219500.0,2026-06-09,-15.714,236000.0,2026-06-10,-18.036,229500.0,2026-06-11,-20.536,222500.0,2026-06-12,-8.036,257500.0,2026-06-15,2026-06-15,1.786,-25.714,3.929,-29.429,0,0.0,0.0,0.0,1.0,STOP,2026-05-18
010120,LS ELECTRIC,2026-05-15,2026-05-15,WATCH,74,LOWER_CHANNEL_WATCH,중기 Higher High + Higher Low | 상승추세 안의 단기 조정 + 전저점 유지 | 상승 평행채널 유효(커버리지 96%) | 최근 추세 하단(싼 구간) 접촉 | 현재도 채널 하단권 | 추세 바닥권 거래량 급증 양봉 | 거래량 기준봉 저가 지지 | 거래량 기준봉 고가 돌파,,259000.0,True,22.69,True,0.9583,0.1088,True,247255.3846,301216.9231,335000.0,355178.4615,239837.7231,16.3,37.13,False,False,False,36.75,False,False,True,2026-04-23,True,True,3.76,2026-05-01,2026-05-31,259000.0,20,1,-2.124,253500.0,2026-05-18,-5.985,243500.0,2026-05-19,-7.915,238500.0,2026-05-20,4.826,271500.0,2026-05-21,8.494,281000.0,2026-05-22,10.039,285000.0,2026-05-26,0.965,261500.0,2026-05-27,-4.826,246500.0,2026-05-28,-6.757,241500.0,2026-05-29,3.089,267000.0,2026-06-01,-6.757,241500.0,2026-06-02,-7.529,239500.0,2026-06-04,-12.355,227000.0,2026-06-05,-19.691,208000.0,2026-06-08,-15.251,219500.0,2026-06-09,-8.88,236000.0,2026-06-10,-11.39,229500.0,2026-06-11,-14.093,222500.0,2026-06-12,-0.579,257500.0,2026-06-15,-0.579,257500.0,2026-06-16,2026-06-16,10.039,-19.691,12.355,-23.707,0,0.0,0.0,0.0,1.0,STOP,2026-05-18
010120,LS ELECTRIC,2026-05-22,2026-05-22,CONFIRMED,84,LOWER_CHANNEL_CONFIRMED_REVERSAL,중기 Higher High + Higher Low | 상승추세 안의 단기 조정 + 전저점 유지 | 상승 평행채널 유효(커버리지 94%) | 최근 추세 하단(싼 구간) 접촉 | 현재도 채널 하단권 | 이동평균선 재돌파 | 추세 바닥권 거래량 급증 양봉 | 거래량 기준봉 저가 지지 | 거래량 기준봉 고가 돌파 | 재상승 후 5일선 지지,,281000.0,True,16.12,True,0.9351,0.1569,True,264070.7692,318032.3077,335000.0,371993.8462,256148.6462,13.18,32.38,False,False,False,26.64,True,True,True,2026-04-23,True,True,3.76,2026-05-01,2026-05-31,281000.0,20,1,1.423,285000.0,2026-05-26,-6.94,261500.0,2026-05-27,-12.278,246500.0,2026-05-28,-14.057,241500.0,2026-05-29,-4.982,267000.0,2026-06-01,-14.057,241500.0,2026-06-02,-14.769,239500.0,2026-06-04,-19.217,227000.0,2026-06-05,-25.979,208000.0,2026-06-08,-21.886,219500.0,2026-06-09,-16.014,236000.0,2026-06-10,-18.327,229500.0,2026-06-11,-20.819,222500.0,2026-06-12,-8.363,257500.0,2026-06-15,-8.363,257500.0,2026-06-16,-9.253,255000.0,2026-06-17,-13.879,242000.0,2026-06-18,-7.829,259000.0,2026-06-19,-12.811,245000.0,2026-06-22,-17.26,232500.0,2026-06-23,2026-06-23,1.423,-25.979,3.559,-29.68,0,0.0,0.0,0.0,1.0,STOP,2026-05-27
010120,LS ELECTRIC,2026-05-26,2026-05-26,WATCH,65,LOWER_CHANNEL_WATCH,중기 Higher High + Higher Low | 상승추세 안의 단기 조정 + 전저점 유지 | 상승 평행채널 유효(커버리지 94%) | 최근 추세 하단(싼 구간) 접촉 | 현재도 채널 하단권 | 이동평균선 재돌파 | 재상승 후 5일선 지지,,285000.0,True,14.93,True,0.9359,0.1628,True,267433.8462,321395.3846,335000.0,375356.9231,259410.8308,12.77,31.7,False,False,False,26.67,True,True,False,,False,False,,2026-05-01,2026-05-31,285000.0,20,1,-8.246,261500.0,2026-05-27,-13.509,246500.0,2026-05-28,-15.263,241500.0,2026-05-29,-6.316,267000.0,2026-06-01,-15.263,241500.0,2026-06-02,-15.965,239500.0,2026-06-04,-20.351,227000.0,2026-06-05,-27.018,208000.0,2026-06-08,-22.982,219500.0,2026-06-09,-17.193,236000.0,2026-06-10,-19.474,229500.0,2026-06-11,-21.93,222500.0,2026-06-12,-9.649,257500.0,2026-06-15,-9.649,257500.0,2026-06-16,-10.526,255000.0,2026-06-17,-15.088,242000.0,2026-06-18,-9.123,259000.0,2026-06-19,-14.035,245000.0,2026-06-22,-18.421,232500.0,2026-06-23,-21.228,224500.0,2026-06-24,2026-06-24,-6.316,-27.018,-0.877,-30.667,0,0.0,0.0,0.0,1.0,STOP,2026-05-27
068270,셀트리온,2026-05-04,2026-05-04,WATCH,68,LOWER_CHANNEL_WATCH,중기 Higher High + Higher Low | 상승추세 안의 단기 조정 + 전저점 유지 | 상승 평행채널 유효(커버리지 100%) | 최근 추세 하단(싼 구간) 접촉 | 현재도 채널 하단권 | 추세 하단 부근 쌍바닥/Higher-Low 형태 | 이동평균선 밀집,,188536.0,True,6.7,True,1.0,0.1439,True,186098.2857,194566.9048,202071.0,203035.5238,185838.42,3.2,7.69,True,False,True,4.52,False,True,False,,False,False,,2026-05-01,2026-05-31,188536.0,20,1,-1.567,185581.0,2026-05-06,2.376,193016.0,2026-05-07,0.303,189108.0,2026-05-08,-3.286,182340.0,2026-05-11,-2.275,184247.0,2026-05-12,-3.691,181578.0,2026-05-13,-1.365,185962.0,2026-05-14,-4.55,179957.0,2026-05-15,-7.381,174620.0,2026-05-18,-7.735,173952.0,2026-05-19,-9.302,170998.0,2026-05-20,-4.146,180720.0,2026-05-21,0.455,189394.0,2026-05-22,-1.416,185867.0,2026-05-26,-1.669,185390.0,2026-05-27,-3.944,181101.0,2026-05-28,-2.478,183865.0,2026-05-29,-3.084,182722.0,2026-06-01,-5.005,179100.0,2026-06-02,-6.384,176500.0,2026-06-04,2026-06-04,2.376,-9.302,4.398,-10.01,0,0.0,0.0,0.0,1.0,STOP,2026-05-06
068270,셀트리온,2026-05-07,2026-05-07,WATCH,63,LOWER_CHANNEL_WATCH,중기 Higher High + Higher Low | 상승추세 안의 단기 조정 + 전저점 유지 | 상승 평행채널 유효(커버리지 100%) | 최근 추세 하단(싼 구간) 접촉 | 추세 하단 부근 쌍바닥/Higher-Low 형태 | 이동평균선 밀집,,193016.0,True,4.48,True,1.0,0.3857,True,186484.0952,194952.7143,202071.0,203421.3333,185838.42,1.0,5.39,True,False,True,5.41,False,True,False,,False,False,,2026-05-01,2026-05-31,193016.0,20,1,-2.025,189108.0,2026-05-08,-5.531,182340.0,2026-05-11,-4.543,184247.0,2026-05-12,-5.926,181578.0,2026-05-13,-3.655,185962.0,2026-05-14,-6.766,179957.0,2026-05-15,-9.531,174620.0,2026-05-18,-9.877,173952.0,2026-05-19,-11.407,170998.0,2026-05-20,-6.37,180720.0,2026-05-21,-1.877,189394.0,2026-05-22,-3.704,185867.0,2026-05-26,-3.951,185390.0,2026-05-27,-6.173,181101.0,2026-05-28,-4.741,183865.0,2026-05-29,-5.333,182722.0,2026-06-01,-7.21,179100.0,2026-06-02,-8.557,176500.0,2026-06-04,-11.199,171400.0,2026-06-05,-17.416,159400.0,2026-06-08,2026-06-08,-1.877,-17.416,0.74,-17.882,0,0.0,0.0,0.0,1.0,STOP,2026-05-11
068270,셀트리온,2026-05-08,2026-05-08,WATCH,68,LOWER_CHANNEL_WATCH,중기 Higher High + Higher Low | 상승추세 안의 단기 조정 + 전저점 유지 | 상승 평행채널 유효(커버리지 100%) | 최근 추세 하단(싼 구간) 접촉 | 현재도 채널 하단권 | 추세 하단 부근 쌍바닥/Higher-Low 형태 | 이동평균선 밀집,,189108.0,True,6.42,True,1.0,0.1435,True,186677.0,195145.619,202071.0,203614.2381,185838.42,3.19,7.67,True,False,True,5.92,False,True,False,,False,False,,2026-05-01,2026-05-31,189108.0,20,1,-3.579,182340.0,2026-05-11,-2.57,184247.0,2026-05-12,-3.982,181578.0,2026-05-13,-1.664,185962.0,2026-05-14,-4.839,179957.0,2026-05-15,-7.661,174620.0,2026-05-18,-8.014,173952.0,2026-05-19,-9.577,170998.0,2026-05-20,-4.436,180720.0,2026-05-21,0.151,189394.0,2026-05-22,-1.714,185867.0,2026-05-26,-1.966,185390.0,2026-05-27,-4.234,181101.0,2026-05-28,-2.772,183865.0,2026-05-29,-3.377,182722.0,2026-06-01,-5.292,179100.0,2026-06-02,-6.667,176500.0,2026-06-04,-9.364,171400.0,2026-06-05,-15.71,159400.0,2026-06-08,-10.104,170000.0,2026-06-09,2026-06-09,0.151,-15.71,1.814,-16.185,0,0.0,0.0,0.0,1.0,STOP,2026-05-11
035420,NAVER,2026-05-04,2026-05-04,CONFIRMED,79,LOWER_CHANNEL_CONFIRMED_REVERSAL,중기 Higher High + Higher Low | 상승추세 안의 단기 조정 + 전저점 유지 | 상승 평행채널 유효(커버리지 100%) | 최근 추세 하단(싼 구간) 접촉 | 추세 하단 부근 쌍바닥/Higher-Low 형태 | 쌍바닥 넥라인 돌파 확인 | 추세 바닥권 거래량 급증 양봉 | 거래량 기준봉 저가 지지 | 거래량 기준봉 고가 돌파,,209000.0,True,8.13,True,1.0,0.516,True,196100.0,208600.0,220000.0,221100.0,205155.0,-0.19,5.79,True,True,False,7.08,False,False,True,2026-04-09,True,True,1.95,2026-05-01,2026-05-31,209000.0,20,1,-0.478,208000.0,2026-05-06,-0.718,207500.0,2026-05-07,2.871,215000.0,2026-05-08,1.196,211500.0,2026-05-11,-2.392,204000.0,2026-05-12,-3.589,201500.0,2026-05-13,1.914,213000.0,2026-05-14,-2.632,203500.0,2026-05-15,-4.306,200000.0,2026-05-18,-5.215,198100.0,2026-05-19,-8.373,191500.0,2026-05-20,-4.545,199500.0,2026-05-21,-2.871,203000.0,2026-05-22,-4.306,200000.0,2026-05-26,-4.88,198800.0,2026-05-27,-1.914,205000.0,2026-05-28,11.962,234000.0,2026-05-29,29.904,271500.0,2026-06-01,34.211,280500.0,2026-06-02,27.99,267500.0,2026-06-04,2026-06-04,34.211,-8.373,45.455,-8.708,1,,0.0,0.0,1.0,STOP,2026-05-12
035420,NAVER,2026-05-06,2026-05-06,CONFIRMED,92,LOWER_CHANNEL_CONFIRMED_REVERSAL,중기 Higher High + Higher Low | 상승추세 안의 단기 조정 + 전저점 유지 | 상승 평행채널 유효(커버리지 100%) | 최근 추세 하단(싼 구간) 접촉 | 현재도 채널 하단권 | 추세 하단 부근 쌍바닥/Higher-Low 형태 | 쌍바닥 넥라인 돌파 확인 | 이동평균선 밀집 | 추세 바닥권 거래량 급증 양봉 | 거래량 기준봉 저가 지지 | 거래량 기준봉 고가 돌파,,208000.0,True,8.57,True,1.0,0.234,True,201700.0,215162.5,227500.0,228625.0,205155.0,3.44,9.92,True,True,True,6.36,False,False,True,2026-04-09,True,True,1.95,2026-05-01,2026-05-31,208000.0,20,1,-0.24,207500.0,2026-05-07,3.365,215000.0,2026-05-08,1.683,211500.0,2026-05-11,-1.923,204000.0,2026-05-12,-3.125,201500.0,2026-05-13,2.404,213000.0,2026-05-14,-2.163,203500.0,2026-05-15,-3.846,200000.0,2026-05-18,-4.76,198100.0,2026-05-19,-7.933,191500.0,2026-05-20,-4.087,199500.0,2026-05-21,-2.404,203000.0,2026-05-22,-3.846,200000.0,2026-05-26,-4.423,198800.0,2026-05-27,-1.442,205000.0,2026-05-28,12.5,234000.0,2026-05-29,30.529,271500.0,2026-06-01,34.856,280500.0,2026-06-02,28.606,267500.0,2026-06-04,22.837,255500.0,2026-06-05,2026-06-05,34.856,-7.933,46.154,-8.269,1,1.0,0.0,0.0,1.0,STOP,2026-05-12
035420,NAVER,2026-05-07,2026-05-07,CONFIRMED,92,LOWER_CHANNEL_CONFIRMED_REVERSAL,중기 Higher High + Higher Low | 상승추세 안의 단기 조정 + 전저점 유지 | 상승 평행채널 유효(커버리지 100%) | 최근 추세 하단(싼 구간) 접촉 | 현재도 채널 하단권 | 추세 하단 부근 쌍바닥/Higher-Low 형태 | 쌍바닥 넥라인 돌파 확인 | 이동평균선 밀집 | 추세 바닥권 거래량 급증 양봉 | 거래량 기준봉 저가 지지 | 거래량 기준봉 고가 돌파,,207500.0,True,8.79,True,1.0,0.2015,True,202075.0,215537.5,227500.0,229000.0,205155.0,3.87,10.36,True,True,True,5.64,False,True,True,2026-04-09,True,True,1.95,2026-05-01,2026-05-31,207500.0,20,1,3.614,215000.0,2026-05-08,1.928,211500.0,2026-05-11,-1.687,204000.0,2026-05-12,-2.892,201500.0,2026-05-13,2.651,213000.0,2026-05-14,-1.928,203500.0,2026-05-15,-3.614,200000.0,2026-05-18,-4.53,198100.0,2026-05-19,-7.711,191500.0,2026-05-20,-3.855,199500.0,2026-05-21,-2.169,203000.0,2026-05-22,-3.614,200000.0,2026-05-26,-4.193,198800.0,2026-05-27,-1.205,205000.0,2026-05-28,12.771,234000.0,2026-05-29,30.843,271500.0,2026-06-01,35.181,280500.0,2026-06-02,28.916,267500.0,2026-06-04,23.133,255500.0,2026-06-05,34.458,279000.0,2026-06-08,2026-06-08,35.181,-7.711,46.506,-8.048,1,1.0,0.0,0.0,1.0,STOP,2026-05-12
035420,NAVER,2026-05-08,2026-05-08,CONFIRMED,87,LOWER_CHANNEL_CONFIRMED_REVERSAL,중기 Higher High + Higher Low | 상승추세 안의 단기 조정 + 전저점 유지 | 상승 평행채널 유효(커버리지 100%) | 최근 추세 하단(싼 구간) 접촉 | 추세 하단 부근 쌍바닥/Higher-Low 형태 | 쌍바닥 넥라인 돌파 확인 | 이동평균선 밀집 | 추세 바닥권 거래량 급증 양봉 | 거래량 기준봉 저가 지지 | 거래량 기준봉 고가 돌파,,215000.0,True,5.49,True,1.0,0.4661,True,202450.0,215912.5,227500.0,229375.0,205155.0,0.42,6.69,True,True,True,5.41,False,True,True,2026-04-09,True,True,1.95,2026-05-01,2026-05-31,215000.0,20,1,-1.628,211500.0,2026-05-11,-5.116,204000.0,2026-05-12,-6.279,201500.0,2026-05-13,-0.93,213000.0,2026-05-14,-5.349,203500.0,2026-05-15,-6.977,200000.0,2026-05-18,-7.86,198100.0,2026-05-19,-10.93,191500.0,2026-05-20,-7.209,199500.0,2026-05-21,-5.581,203000.0,2026-05-22,-6.977,200000.0,2026-05-26,-7.535,198800.0,2026-05-27,-4.651,205000.0,2026-05-28,8.837,234000.0,2026-05-29,26.279,271500.0,2026-06-01,30.465,280500.0,2026-06-02,24.419,267500.0,2026-06-04,18.837,255500.0,2026-06-05,29.767,279000.0,2026-06-08,19.535,257000.0,2026-06-09,2026-06-09,30.465,-10.93,41.395,-11.256,1,0.0,0.0,0.0,1.0,STOP,2026-05-12
035420,NAVER,2026-05-11,2026-05-11,WATCH,73,LOWER_CHANNEL_WATCH,중기 Higher High + Higher Low | 상승추세 안의 단기 조정 + 전저점 유지 | 상승 평행채널 유효(커버리지 100%) | 최근 추세 하단(싼 구간) 접촉 | 현재도 채널 하단권 | 추세 하단 부근 쌍바닥/Higher-Low 형태 | 쌍바닥 넥라인 돌파 확인 | 이동평균선 밀집,,211500.0,True,7.03,True,1.0,0.3222,True,202825.0,216287.5,227500.0,229750.0,205155.0,2.26,8.63,True,True,True,5.15,False,True,False,,False,False,,2026-05-01,2026-05-31,211500.0,20,1,-3.546,204000.0,2026-05-12,-4.728,201500.0,2026-05-13,0.709,213000.0,2026-05-14,-3.783,203500.0,2026-05-15,-5.437,200000.0,2026-05-18,-6.336,198100.0,2026-05-19,-9.456,191500.0,2026-05-20,-5.674,199500.0,2026-05-21,-4.019,203000.0,2026-05-22,-5.437,200000.0,2026-05-26,-6.005,198800.0,2026-05-27,-3.073,205000.0,2026-05-28,10.638,234000.0,2026-05-29,28.369,271500.0,2026-06-01,32.624,280500.0,2026-06-02,26.478,267500.0,2026-06-04,20.804,255500.0,2026-06-05,31.915,279000.0,2026-06-08,21.513,257000.0,2026-06-09,7.329,227000.0,2026-06-10,2026-06-10,32.624,-9.456,43.735,-9.787,1,0.0,0.0,0.0,1.0,STOP,2026-05-12
086790,하나금융지주,2026-05-04,2026-05-04,WATCH,70,LOWER_CHANNEL_WATCH,중기 Higher High + Higher Low | 상승추세 안의 단기 조정 + 전저점 유지 | 상승 평행채널 유효(커버리지 100%) | 최근 추세 하단(싼 구간) 접촉 | 현재도 채널 하단권 | 추세 하단 부근 쌍바닥/Higher-Low 형태 | 이동평균선 재돌파 | 재상승 후 5일선 지지,,126600.0,True,3.36,True,1.0,-0.0249,True,127978.3784,155617.5676,127400.0,183256.7568,124139.027,22.92,44.75,True,False,False,7.33,True,True,False,,False,False,,2026-05-01,2026-05-31,126600.0,20,1,-0.869,125500.0,2026-05-06,1.738,128800.0,2026-05-07,-0.079,126500.0,2026-05-08,0.0,126600.0,2026-05-11,-2.765,123100.0,2026-05-12,-3.397,122300.0,2026-05-13,-0.079,126500.0,2026-05-14,-6.003,119000.0,2026-05-15,-9.795,114200.0,2026-05-18,-8.926,115300.0,2026-05-19,-8.689,115600.0,2026-05-20,-5.687,119400.0,2026-05-21,-3.555,122100.0,2026-05-22,-5.213,120000.0,2026-05-26,-6.477,118400.0,2026-05-27,-8.926,115300.0,2026-05-28,-9.084,115100.0,2026-05-29,-10.032,113900.0,2026-06-01,-7.583,117000.0,2026-06-02,-4.739,120600.0,2026-06-04,2026-06-04,1.738,-10.032,2.449,-11.137,0,0.0,1.0,0.0,1.0,STOP,2026-05-07
086790,하나금융지주,2026-05-06,2026-05-06,WATCH,60,LOWER_CHANNEL_WATCH,중기 Higher High + Higher Low | 상승추세 안의 단기 조정 + 전저점 유지 | 상승 평행채널 유효(커버리지 100%) | 최근 추세 하단(싼 구간) 접촉 | 현재도 채널 하단권 | 추세 하단 부근 쌍바닥/Higher-Low 형태,,125500.0,True,4.2,True,1.0,-0.0635,True,129010.8108,156650.0,127400.0,184289.1892,125140.4865,24.82,46.84,True,False,False,7.43,False,True,False,,False,False,,2026-05-01,2026-05-31,125500.0,20,1,2.629,128800.0,2026-05-07,0.797,126500.0,2026-05-08,0.876,126600.0,2026-05-11,-1.912,123100.0,2026-05-12,-2.55,122300.0,2026-05-13,0.797,126500.0,2026-05-14,-5.179,119000.0,2026-05-15,-9.004,114200.0,2026-05-18,-8.127,115300.0,2026-05-19,-7.888,115600.0,2026-05-20,-4.861,119400.0,2026-05-21,-2.709,122100.0,2026-05-22,-4.382,120000.0,2026-05-26,-5.657,118400.0,2026-05-27,-8.127,115300.0,2026-05-28,-8.287,115100.0,2026-05-29,-9.243,113900.0,2026-06-01,-6.773,117000.0,2026-06-02,-3.904,120600.0,2026-06-04,-1.514,123600.0,2026-06-05,2026-06-05,2.629,-9.243,3.347,-10.359,0,0.0,0.0,0.0,1.0,STOP,2026-05-07
009540,HD한국조선해양,2026-05-28,2026-05-28,WATCH,68,LOWER_CHANNEL_WATCH,중기 Higher High + Higher Low | 상승추세 안의 단기 조정 + 전저점 유지 | 상승 평행채널 유효(커버리지 97%) | 최근 추세 하단(싼 구간) 접촉 | 현재도 채널 하단권 | 추세 하단 부근 쌍바닥/Higher-Low 형태 | 이동평균선 밀집,,415000.0,True,14.96,True,0.967,0.2711,True,386142.8571,439357.1429,488000.0,492571.4286,374558.5714,5.87,18.69,True,False,True,6.42,False,False,False,,False,False,,2026-05-01,2026-05-31,415000.0,20,1,1.928,423000.0,2026-05-29,-2.53,404500.0,2026-06-01,-7.59,383500.0,2026-06-02,-8.554,379500.0,2026-06-04,-8.675,379000.0,2026-06-05,-13.614,358500.0,2026-06-08,-12.651,362500.0,2026-06-09,-7.108,385500.0,2026-06-10,-9.518,375500.0,2026-06-11,-4.096,398000.0,2026-06-12,1.687,422000.0,2026-06-15,5.663,438500.0,2026-06-16,4.578,434000.0,2026-06-17,1.446,421000.0,2026-06-18,0.964,419000.0,2026-06-19,-4.217,397500.0,2026-06-22,-12.169,364500.0,2026-06-23,-11.325,368000.0,2026-06-24,-11.807,366000.0,2026-06-25,-16.747,345500.0,2026-06-26,2026-06-26,5.663,-16.747,8.795,-18.554,0,0.0,0.0,0.0,1.0,STOP,2026-06-05
009540,HD한국조선해양,2026-05-29,2026-05-29,WATCH,68,LOWER_CHANNEL_WATCH,중기 Higher High + Higher Low | 상승추세 안의 단기 조정 + 전저점 유지 | 상승 평행채널 유효(커버리지 97%) | 최근 추세 하단(싼 구간) 접촉 | 현재도 채널 하단권 | 추세 하단 부근 쌍바닥/Higher-Low 형태 | 이동평균선 밀집,,423000.0,True,13.32,True,0.9674,0.3432,True,386471.4286,439685.7143,488000.0,492900.0,374877.2857,3.94,16.52,True,False,True,5.84,False,False,False,,False,False,,2026-05-01,2026-05-31,423000.0,20,1,-4.374,404500.0,2026-06-01,-9.338,383500.0,2026-06-02,-10.284,379500.0,2026-06-04,-10.402,379000.0,2026-06-05,-15.248,358500.0,2026-06-08,-14.303,362500.0,2026-06-09,-8.865,385500.0,2026-06-10,-11.229,375500.0,2026-06-11,-5.91,398000.0,2026-06-12,-0.236,422000.0,2026-06-15,3.664,438500.0,2026-06-16,2.6,434000.0,2026-06-17,-0.473,421000.0,2026-06-18,-0.946,419000.0,2026-06-19,-6.028,397500.0,2026-06-22,-13.83,364500.0,2026-06-23,-13.002,368000.0,2026-06-24,-13.475,366000.0,2026-06-25,-18.322,345500.0,2026-06-26,-14.066,363500.0,2026-06-29,2026-06-29,3.664,-18.322,6.738,-20.095,0,0.0,0.0,0.0,1.0,STOP,2026-06-05
005490,POSCO홀딩스,2026-05-04,2026-05-04,WATCH,69,LOWER_CHANNEL_WATCH,중기 Higher High + Higher Low | 상승 평행채널 유효(커버리지 100%) | 최근 추세 하단(싼 구간) 접촉 | 추세 하단 부근 쌍바닥/Higher-Low 형태 | 쌍바닥 넥라인 돌파 확인 | 추세 바닥권 거래량 급증 양봉 | 거래량 기준봉 저가 지지 | 거래량 기준봉 고가 돌파,,502000.0,True,1.95,True,1.0,0.9961,True,374431.8182,438465.9091,423000.0,502500.0,363198.8636,-12.66,0.1,True,True,False,18.16,False,True,True,2026-04-17,True,True,1.83,2026-05-01,2026-05-31,502000.0,20,1,0.797,506000.0,2026-05-06,6.574,535000.0,2026-05-07,4.582,525000.0,2026-05-08,1.992,512000.0,2026-05-11,-4.582,479000.0,2026-05-12,-4.681,478500.0,2026-05-13,-3.088,486500.0,2026-05-14,-6.873,467500.0,2026-05-15,-7.769,463000.0,2026-05-18,-12.251,440500.0,2026-05-19,-16.932,417000.0,2026-05-20,-11.653,443500.0,2026-05-21,-10.857,447500.0,2026-05-22,-11.952,442000.0,2026-05-26,-15.637,423500.0,2026-05-27,-16.335,420000.0,2026-05-28,-15.637,423500.0,2026-05-29,-17.729,413000.0,2026-06-01,-20.518,399000.0,2026-06-02,-19.92,402000.0,2026-06-04,2026-06-04,6.574,-20.518,7.968,-21.813,0,,,1.0,0.0,UPPER,2026-05-06
005490,POSCO홀딩스,2026-05-06,2026-05-06,WATCH,69,LOWER_CHANNEL_WATCH,중기 Higher High + Higher Low | 상승 평행채널 유효(커버리지 100%) | 최근 추세 하단(싼 구간) 접촉 | 추세 하단 부근 쌍바닥/Higher-Low 형태 | 쌍바닥 넥라인 돌파 확인 | 추세 바닥권 거래량 급증 양봉 | 거래량 기준봉 저가 지지 | 거래량 기준봉 고가 돌파,,506000.0,True,2.5,True,1.0,1.014,True,376136.3636,440170.4545,423000.0,504204.5455,364852.2727,-13.01,-0.35,True,True,False,21.03,False,True,True,2026-04-17,True,True,1.83,2026-05-01,2026-05-31,506000.0,20,1,5.731,535000.0,2026-05-07,3.755,525000.0,2026-05-08,1.186,512000.0,2026-05-11,-5.336,479000.0,2026-05-12,-5.435,478500.0,2026-05-13,-3.854,486500.0,2026-05-14,-7.609,467500.0,2026-05-15,-8.498,463000.0,2026-05-18,-12.945,440500.0,2026-05-19,-17.589,417000.0,2026-05-20,-12.352,443500.0,2026-05-21,-11.561,447500.0,2026-05-22,-12.648,442000.0,2026-05-26,-16.304,423500.0,2026-05-27,-16.996,420000.0,2026-05-28,-16.304,423500.0,2026-05-29,-18.379,413000.0,2026-06-01,-21.146,399000.0,2026-06-02,-20.553,402000.0,2026-06-04,-22.925,390000.0,2026-06-05,2026-06-05,5.731,-22.925,7.115,-25.889,0,,,,1.0,STOP,2026-06-02
005490,POSCO홀딩스,2026-05-07,2026-05-07,WATCH,69,LOWER_CHANNEL_WATCH,중기 Higher High + Higher Low | 상승 평행채널 유효(커버리지 99%) | 최근 추세 하단(싼 구간) 접촉 | 추세 하단 부근 쌍바닥/Higher-Low 형태 | 쌍바닥 넥라인 돌파 확인 | 추세 바닥권 거래량 급증 양봉 | 거래량 기준봉 저가 지지 | 거래량 기준봉 고가 돌파,,535000.0,True,1.29,True,0.9855,1.2272,True,377840.9091,441875.0,423000.0,505909.0909,366505.6818,-17.41,-5.44,True,True,False,21.91,False,True,True,2026-04-17,True,True,1.83,2026-05-01,2026-05-31,535000.0,20,1,-1.869,525000.0,2026-05-08,-4.299,512000.0,2026-05-11,-10.467,479000.0,2026-05-12,-10.561,478500.0,2026-05-13,-9.065,486500.0,2026-05-14,-12.617,467500.0,2026-05-15,-13.458,463000.0,2026-05-18,-17.664,440500.0,2026-05-19,-22.056,417000.0,2026-05-20,-17.103,443500.0,2026-05-21,-16.355,447500.0,2026-05-22,-17.383,442000.0,2026-05-26,-20.841,423500.0,2026-05-27,-21.495,420000.0,2026-05-28,-20.841,423500.0,2026-05-29,-22.804,413000.0,2026-06-01,-25.421,399000.0,2026-06-02,-24.86,402000.0,2026-06-04,-27.103,390000.0,2026-06-05,-32.897,359000.0,2026-06-08,2026-06-08,-1.869,-32.897,-1.121,-33.458,0,,,,1.0,STOP,2026-06-02
005490,POSCO홀딩스,2026-05-08,2026-05-08,WATCH,79,LOWER_CHANNEL_WATCH,중기 Higher High + Higher Low | 상승추세 안의 단기 조정 + 전저점 유지 | 상승 평행채널 유효(커버리지 97%) | 최근 추세 하단(싼 구간) 접촉 | 추세 하단 부근 쌍바닥/Higher-Low 형태 | 쌍바닥 넥라인 돌파 확인 | 추세 바닥권 거래량 급증 양봉 | 거래량 기준봉 저가 지지 | 거래량 기준봉 고가 돌파,,525000.0,True,3.14,True,0.9714,1.1358,True,379545.4545,443579.5455,423000.0,507613.6364,368159.0909,-15.51,-3.31,True,True,False,23.96,False,True,True,2026-04-17,True,True,1.83,2026-05-01,2026-05-31,525000.0,20,1,-2.476,512000.0,2026-05-11,-8.762,479000.0,2026-05-12,-8.857,478500.0,2026-05-13,-7.333,486500.0,2026-05-14,-10.952,467500.0,2026-05-15,-11.81,463000.0,2026-05-18,-16.095,440500.0,2026-05-19,-20.571,417000.0,2026-05-20,-15.524,443500.0,2026-05-21,-14.762,447500.0,2026-05-22,-15.81,442000.0,2026-05-26,-19.333,423500.0,2026-05-27,-20.0,420000.0,2026-05-28,-19.333,423500.0,2026-05-29,-21.333,413000.0,2026-06-01,-24.0,399000.0,2026-06-02,-23.429,402000.0,2026-06-04,-25.714,390000.0,2026-06-05,-31.619,359000.0,2026-06-08,-30.571,364500.0,2026-06-09,2026-06-09,-2.476,-31.619,0.0,-32.19,0,,,,1.0,STOP,2026-06-02
005490,POSCO홀딩스,2026-05-11,2026-05-11,WATCH,79,LOWER_CHANNEL_WATCH,중기 Higher High + Higher Low | 상승추세 안의 단기 조정 + 전저점 유지 | 상승 평행채널 유효(커버리지 97%) | 최근 추세 하단(싼 구간) 접촉 | 추세 하단 부근 쌍바닥/Higher-Low 형태 | 쌍바닥 넥라인 돌파 확인 | 추세 바닥권 거래량 급증 양봉 | 거래량 기준봉 저가 지지 | 거래량 기준봉 고가 돌파,,512000.0,True,5.54,True,0.9718,1.0209,True,381250.0,445284.0909,423000.0,509318.1818,369812.5,-13.03,-0.52,True,True,False,26.03,False,True,True,2026-04-17,True,True,1.83,2026-05-01,2026-05-31,512000.0,20,1,-6.445,479000.0,2026-05-12,-6.543,478500.0,2026-05-13,-4.98,486500.0,2026-05-14,-8.691,467500.0,2026-05-15,-9.57,463000.0,2026-05-18,-13.965,440500.0,2026-05-19,-18.555,417000.0,2026-05-20,-13.379,443500.0,2026-05-21,-12.598,447500.0,2026-05-22,-13.672,442000.0,2026-05-26,-17.285,423500.0,2026-05-27,-17.969,420000.0,2026-05-28,-17.285,423500.0,2026-05-29,-19.336,413000.0,2026-06-01,-22.07,399000.0,2026-06-02,-21.484,402000.0,2026-06-04,-23.828,390000.0,2026-06-05,-29.883,359000.0,2026-06-08,-28.809,364500.0,2026-06-09,-29.102,363000.0,2026-06-10,2026-06-10,-4.98,-29.883,0.781,-31.25,0,,,,1.0,STOP,2026-06-02
005490,POSCO홀딩스,2026-05-12,2026-05-12,CONFIRMED,79,LOWER_CHANNEL_CONFIRMED_REVERSAL,중기 Higher High + Higher Low | 상승추세 안의 단기 조정 + 전저점 유지 | 상승 평행채널 유효(커버리지 100%) | 최근 추세 하단(싼 구간) 접촉 | 추세 하단 부근 쌍바닥/Higher-Low 형태 | 쌍바닥 넥라인 돌파 확인 | 추세 바닥권 거래량 급증 양봉 | 거래량 기준봉 저가 지지 | 거래량 기준봉 고가 돌파,,479000.0,True,11.62,True,1.0,0.4661,True,416915.2542,483512.7119,542000.0,550110.1695,404407.7966,0.94,14.85,True,True,False,26.46,False,False,True,2026-04-21,True,True,3.05,2026-05-01,2026-05-31,479000.0,20,1,-0.104,478500.0,2026-05-13,1.566,486500.0,2026-05-14,-2.401,467500.0,2026-05-15,-3.34,463000.0,2026-05-18,-8.038,440500.0,2026-05-19,-12.944,417000.0,2026-05-20,-7.411,443500.0,2026-05-21,-6.576,447500.0,2026-05-22,-7.724,442000.0,2026-05-26,-11.587,423500.0,2026-05-27,-12.317,420000.0,2026-05-28,-11.587,423500.0,2026-05-29,-13.779,413000.0,2026-06-01,-16.701,399000.0,2026-06-02,-16.075,402000.0,2026-06-04,-18.58,390000.0,2026-06-05,-25.052,359000.0,2026-06-08,-23.904,364500.0,2026-06-09,-24.217,363000.0,2026-06-10,-25.261,358000.0,2026-06-11,2026-06-11,1.566,-25.261,5.428,-28.497,0,1.0,0.0,0.0,1.0,STOP,2026-05-20
005490,POSCO홀딩스,2026-05-13,2026-05-13,CONFIRMED,79,LOWER_CHANNEL_CONFIRMED_REVERSAL,중기 Higher High + Higher Low | 상승추세 안의 단기 조정 + 전저점 유지 | 상승 평행채널 유효(커버리지 100%) | 최근 추세 하단(싼 구간) 접촉 | 추세 하단 부근 쌍바닥/Higher-Low 형태 | 쌍바닥 넥라인 돌파 확인 | 추세 바닥권 거래량 급증 양봉 | 거래량 기준봉 저가 지지 | 거래량 기준봉 고가 돌파,,478500.0,True,11.72,True,1.0,0.4421,True,419618.6441,486216.1017,542000.0,552813.5593,407030.0847,1.61,15.53,True,True,False,24.96,False,False,True,2026-04-21,True,True,3.05,2026-05-01,2026-05-31,478500.0,20,1,1.672,486500.0,2026-05-14,-2.299,467500.0,2026-05-15,-3.239,463000.0,2026-05-18,-7.941,440500.0,2026-05-19,-12.853,417000.0,2026-05-20,-7.315,443500.0,2026-05-21,-6.479,447500.0,2026-05-22,-7.628,442000.0,2026-05-26,-11.494,423500.0,2026-05-27,-12.226,420000.0,2026-05-28,-11.494,423500.0,2026-05-29,-13.689,413000.0,2026-06-01,-16.614,399000.0,2026-06-02,-15.987,402000.0,2026-06-04,-18.495,390000.0,2026-06-05,-24.974,359000.0,2026-06-08,-23.824,364500.0,2026-06-09,-24.138,363000.0,2026-06-10,-25.183,358000.0,2026-06-11,-21.212,377000.0,2026-06-12,2026-06-12,1.672,-25.183,5.538,-28.422,0,1.0,0.0,0.0,1.0,STOP,2026-05-20
005490,POSCO홀딩스,2026-05-14,2026-05-14,CONFIRMED,79,LOWER_CHANNEL_CONFIRMED_REVERSAL,중기 Higher High + Higher Low | 상승추세 안의 단기 조정 + 전저점 유지 | 상승 평행채널 유효(커버리지 100%) | 최근 추세 하단(싼 구간) 접촉 | 추세 하단 부근 쌍바닥/Higher-Low 형태 | 쌍바닥 넥라인 돌파 확인 | 추세 바닥권 거래량 급증 양봉 | 거래량 기준봉 저가 지지 | 거래량 기준봉 고가 돌파,,486500.0,True,10.24,True,1.0,0.4818,True,422322.0339,488919.4915,542000.0,555516.9492,409652.3729,0.5,14.19,True,True,False,22.17,False,False,True,2026-04-21,True,True,3.05,2026-05-01,2026-05-31,486500.0,20,1,-3.905,467500.0,2026-05-15,-4.83,463000.0,2026-05-18,-9.455,440500.0,2026-05-19,-14.286,417000.0,2026-05-20,-8.839,443500.0,2026-05-21,-8.016,447500.0,2026-05-22,-9.147,442000.0,2026-05-26,-12.95,423500.0,2026-05-27,-13.669,420000.0,2026-05-28,-12.95,423500.0,2026-05-29,-15.108,413000.0,2026-06-01,-17.986,399000.0,2026-06-02,-17.369,402000.0,2026-06-04,-19.836,390000.0,2026-06-05,-26.208,359000.0,2026-06-08,-25.077,364500.0,2026-06-09,-25.385,363000.0,2026-06-10,-26.413,358000.0,2026-06-11,-22.508,377000.0,2026-06-12,-18.808,395000.0,2026-06-15,2026-06-15,-3.905,-26.413,3.803,-29.599,0,1.0,0.0,0.0,1.0,STOP,2026-05-20
005490,POSCO홀딩스,2026-05-15,2026-05-15,CONFIRMED,84,LOWER_CHANNEL_CONFIRMED_REVERSAL,중기 Higher High + Higher Low | 상승추세 안의 단기 조정 + 전저점 유지 | 상승 평행채널 유효(커버리지 100%) | 최근 추세 하단(싼 구간) 접촉 | 현재도 채널 하단권 | 추세 하단 부근 쌍바닥/Higher-Low 형태 | 쌍바닥 넥라인 돌파 확인 | 추세 바닥권 거래량 급증 양봉 | 거래량 기준봉 저가 지지 | 거래량 기준봉 고가 돌파,,467500.0,True,13.75,True,1.0,0.3189,True,425025.4237,491622.8814,542000.0,558220.339,412274.661,5.16,19.41,True,True,False,20.31,False,False,True,2026-04-21,True,True,3.05,2026-05-01,2026-05-31,467500.0,20,1,-0.963,463000.0,2026-05-18,-5.775,440500.0,2026-05-19,-10.802,417000.0,2026-05-20,-5.134,443500.0,2026-05-21,-4.278,447500.0,2026-05-22,-5.455,442000.0,2026-05-26,-9.412,423500.0,2026-05-27,-10.16,420000.0,2026-05-28,-9.412,423500.0,2026-05-29,-11.658,413000.0,2026-06-01,-14.652,399000.0,2026-06-02,-14.011,402000.0,2026-06-04,-16.578,390000.0,2026-06-05,-23.209,359000.0,2026-06-08,-22.032,364500.0,2026-06-09,-22.353,363000.0,2026-06-10,-23.422,358000.0,2026-06-11,-19.358,377000.0,2026-06-12,-15.508,395000.0,2026-06-15,-16.578,390000.0,2026-06-16,2026-06-16,-0.963,-23.422,0.0,-26.738,0,0.0,0.0,0.0,1.0,STOP,2026-05-20
005490,POSCO홀딩스,2026-05-18,2026-05-18,CONFIRMED,84,LOWER_CHANNEL_CONFIRMED_REVERSAL,중기 Higher High + Higher Low | 상승추세 안의 단기 조정 + 전저점 유지 | 상승 평행채널 유효(커버리지 100%) | 최근 추세 하단(싼 구간) 접촉 | 현재도 채널 하단권 | 추세 하단 부근 쌍바닥/Higher-Low 형태 | 쌍바닥 넥라인 돌파 확인 | 추세 바닥권 거래량 급증 양봉 | 거래량 기준봉 저가 지지 | 거래량 기준봉 고가 돌파,,463000.0,True,14.58,True,1.0,0.2648,True,427728.8136,494326.2712,542000.0,560923.7288,414896.9492,6.77,21.15,True,True,False,18.07,False,False,True,2026-04-21,True,True,3.05,2026-05-01,2026-05-31,463000.0,20,1,-4.86,440500.0,2026-05-19,-9.935,417000.0,2026-05-20,-4.212,443500.0,2026-05-21,-3.348,447500.0,2026-05-22,-4.536,442000.0,2026-05-26,-8.531,423500.0,2026-05-27,-9.287,420000.0,2026-05-28,-8.531,423500.0,2026-05-29,-10.799,413000.0,2026-06-01,-13.823,399000.0,2026-06-02,-13.175,402000.0,2026-06-04,-15.767,390000.0,2026-06-05,-22.462,359000.0,2026-06-08,-21.274,364500.0,2026-06-09,-21.598,363000.0,2026-06-10,-22.678,358000.0,2026-06-11,-18.575,377000.0,2026-06-12,-14.687,395000.0,2026-06-15,-15.767,390000.0,2026-06-16,-16.955,384500.0,2026-06-17,2026-06-17,-3.348,-22.678,0.972,-26.026,0,0.0,0.0,0.0,1.0,STOP,2026-05-20
005490,POSCO홀딩스,2026-05-19,2026-05-19,CONFIRMED,84,LOWER_CHANNEL_CONFIRMED_REVERSAL,중기 Higher High + Higher Low | 상승추세 안의 단기 조정 + 전저점 유지 | 상승 평행채널 유효(커버리지 100%) | 최근 추세 하단(싼 구간) 접촉 | 현재도 채널 하단권 | 추세 하단 부근 쌍바닥/Higher-Low 형태 | 쌍바닥 넥라인 돌파 확인 | 추세 바닥권 거래량 급증 양봉 | 거래량 기준봉 저가 지지 | 거래량 기준봉 고가 돌파,,440500.0,True,18.73,True,1.0,0.0756,True,430432.2034,497029.661,542000.0,563627.1186,417519.2373,12.83,27.95,True,True,False,17.05,False,False,True,2026-04-21,True,True,3.05,2026-05-01,2026-05-31,440500.0,20,1,-5.335,417000.0,2026-05-20,0.681,443500.0,2026-05-21,1.589,447500.0,2026-05-22,0.341,442000.0,2026-05-26,-3.859,423500.0,2026-05-27,-4.654,420000.0,2026-05-28,-3.859,423500.0,2026-05-29,-6.243,413000.0,2026-06-01,-9.421,399000.0,2026-06-02,-8.74,402000.0,2026-06-04,-11.464,390000.0,2026-06-05,-18.502,359000.0,2026-06-08,-17.253,364500.0,2026-06-09,-17.594,363000.0,2026-06-10,-18.729,358000.0,2026-06-11,-14.415,377000.0,2026-06-12,-10.329,395000.0,2026-06-15,-11.464,390000.0,2026-06-16,-12.713,384500.0,2026-06-17,-16.686,367000.0,2026-06-18,2026-06-18,1.589,-18.729,4.313,-22.247,0,0.0,0.0,0.0,1.0,STOP,2026-05-20
042700,한미반도체,2026-05-04,2026-05-04,WATCH,60,LOWER_CHANNEL_WATCH,중기 Higher High + Higher Low | 상승추세 안의 단기 조정 + 전저점 유지 | 상승 평행채널 유효(커버리지 89%) | 최근 추세 하단(싼 구간) 접촉 | 추세 하단 부근 쌍바닥/Higher-Low 형태 | 쌍바닥 넥라인 돌파 확인,,378000.0,True,3.69,True,0.8871,0.6354,True,315580.6452,364701.6129,296500.0,413822.5806,306113.2258,-3.52,9.48,True,True,False,24.61,False,True,False,,False,False,,2026-05-01,2026-05-31,378000.0,20,1,4.365,394500.0,2026-05-06,3.968,393000.0,2026-05-07,3.175,390000.0,2026-05-08,5.82,400000.0,2026-05-11,-0.132,377500.0,2026-05-12,5.952,400500.0,2026-05-13,8.333,409500.0,2026-05-14,-2.381,369000.0,2026-05-15,-16.138,317000.0,2026-05-18,-23.81,288000.0,2026-05-19,-23.942,287500.0,2026-05-20,-12.037,332500.0,2026-05-21,-15.212,320500.0,2026-05-22,-12.963,329000.0,2026-05-26,-15.608,319000.0,2026-05-27,-22.619,292500.0,2026-05-28,-25.397,282000.0,2026-05-29,-22.487,293000.0,2026-06-01,-27.116,275500.0,2026-06-02,-19.577,304000.0,2026-06-04,2026-06-04,8.333,-27.116,12.698,-27.778,0,,,0.0,1.0,STOP,2026-05-18
042700,한미반도체,2026-05-07,2026-05-07,WATCH,60,LOWER_CHANNEL_WATCH,중기 Higher High + Higher Low | 상승추세 안의 단기 조정 + 전저점 유지 | 상승 평행채널 유효(커버리지 89%) | 최근 추세 하단(싼 구간) 접촉 | 추세 하단 부근 쌍바닥/Higher-Low 형태 | 쌍바닥 넥라인 돌파 확인,,393000.0,True,4.84,True,0.8906,0.7234,True,321935.4839,371056.4516,296500.0,420177.4194,312277.4194,-5.58,6.92,True,True,False,24.43,False,True,False,,False,False,,2026-05-01,2026-05-31,393000.0,20,1,-0.763,390000.0,2026-05-08,1.781,400000.0,2026-05-11,-3.944,377500.0,2026-05-12,1.908,400500.0,2026-05-13,4.198,409500.0,2026-05-14,-6.107,369000.0,2026-05-15,-19.338,317000.0,2026-05-18,-26.718,288000.0,2026-05-19,-26.845,287500.0,2026-05-20,-15.394,332500.0,2026-05-21,-18.448,320500.0,2026-05-22,-16.285,329000.0,2026-05-26,-18.83,319000.0,2026-05-27,-25.573,292500.0,2026-05-28,-28.244,282000.0,2026-05-29,-25.445,293000.0,2026-06-01,-29.898,275500.0,2026-06-02,-22.646,304000.0,2026-06-04,-27.99,283000.0,2026-06-05,-35.496,253500.0,2026-06-08,2026-06-08,4.198,-35.496,8.397,-36.26,0,,,0.0,1.0,STOP,2026-05-18
042700,한미반도체,2026-05-08,2026-05-08,WATCH,60,LOWER_CHANNEL_WATCH,중기 Higher High + Higher Low | 상승추세 안의 단기 조정 + 전저점 유지 | 상승 평행채널 유효(커버리지 89%) | 최근 추세 하단(싼 구간) 접촉 | 추세 하단 부근 쌍바닥/Higher-Low 형태 | 쌍바닥 넥라인 돌파 확인,,390000.0,True,5.57,True,0.8923,0.6605,True,325112.9032,374233.871,296500.0,423354.8387,315359.5161,-4.04,8.55,True,True,False,25.44,False,True,False,,False,False,,2026-05-01,2026-05-31,390000.0,20,1,2.564,400000.0,2026-05-11,-3.205,377500.0,2026-05-12,2.692,400500.0,2026-05-13,5.0,409500.0,2026-05-14,-5.385,369000.0,2026-05-15,-18.718,317000.0,2026-05-18,-26.154,288000.0,2026-05-19,-26.282,287500.0,2026-05-20,-14.744,332500.0,2026-05-21,-17.821,320500.0,2026-05-22,-15.641,329000.0,2026-05-26,-18.205,319000.0,2026-05-27,-25.0,292500.0,2026-05-28,-27.692,282000.0,2026-05-29,-24.872,293000.0,2026-06-01,-29.359,275500.0,2026-06-02,-22.051,304000.0,2026-06-04,-27.436,283000.0,2026-06-05,-35.0,253500.0,2026-06-08,-29.103,276500.0,2026-06-09,2026-06-09,5.0,-35.0,9.231,-35.769,0,,,0.0,1.0,STOP,2026-05-18
042700,한미반도체,2026-05-11,2026-05-11,WATCH,60,LOWER_CHANNEL_WATCH,중기 Higher High + Higher Low | 상승추세 안의 단기 조정 + 전저점 유지 | 상승 평행채널 유효(커버리지 89%) | 최근 추세 하단(싼 구간) 접촉 | 추세 하단 부근 쌍바닥/Higher-Low 형태 | 쌍바닥 넥라인 돌파 확인,,400000.0,True,3.15,True,0.8939,0.7299,True,328290.3226,377411.2903,296500.0,426532.2581,318441.6129,-5.65,6.63,True,True,False,25.56,False,True,False,,False,False,,2026-05-01,2026-05-31,400000.0,20,1,-5.625,377500.0,2026-05-12,0.125,400500.0,2026-05-13,2.375,409500.0,2026-05-14,-7.75,369000.0,2026-05-15,-20.75,317000.0,2026-05-18,-28.0,288000.0,2026-05-19,-28.125,287500.0,2026-05-20,-16.875,332500.0,2026-05-21,-19.875,320500.0,2026-05-22,-17.75,329000.0,2026-05-26,-20.25,319000.0,2026-05-27,-26.875,292500.0,2026-05-28,-29.5,282000.0,2026-05-29,-26.75,293000.0,2026-06-01,-31.125,275500.0,2026-06-02,-24.0,304000.0,2026-06-04,-29.25,283000.0,2026-06-05,-36.625,253500.0,2026-06-08,-30.875,276500.0,2026-06-09,-32.5,270000.0,2026-06-10,2026-06-10,2.375,-36.625,6.5,-37.375,0,,,0.0,1.0,STOP,2026-05-18
042700,한미반도체,2026-05-12,2026-05-12,WATCH,60,LOWER_CHANNEL_WATCH,중기 Higher High + Higher Low | 상승추세 안의 단기 조정 + 전저점 유지 | 상승 평행채널 유효(커버리지 90%) | 최근 추세 하단(싼 구간) 접촉 | 추세 하단 부근 쌍바닥/Higher-Low 형태 | 쌍바닥 넥라인 돌파 확인,,377500.0,True,11.38,True,0.8955,0.4686,True,331467.7419,380588.7097,296500.0,429709.6774,321523.7097,0.82,13.83,True,True,False,26.26,False,False,False,,False,False,,2026-05-01,2026-05-31,377500.0,20,1,6.093,400500.0,2026-05-13,8.477,409500.0,2026-05-14,-2.252,369000.0,2026-05-15,-16.026,317000.0,2026-05-18,-23.709,288000.0,2026-05-19,-23.841,287500.0,2026-05-20,-11.921,332500.0,2026-05-21,-15.099,320500.0,2026-05-22,-12.848,329000.0,2026-05-26,-15.497,319000.0,2026-05-27,-22.517,292500.0,2026-05-28,-25.298,282000.0,2026-05-29,-22.384,293000.0,2026-06-01,-27.02,275500.0,2026-06-02,-19.47,304000.0,2026-06-04,-25.033,283000.0,2026-06-05,-32.848,253500.0,2026-06-08,-26.755,276500.0,2026-06-09,-28.477,270000.0,2026-06-10,-22.914,291000.0,2026-06-11,2026-06-11,8.477,-32.848,8.477,-33.642,0,1.0,,0.0,1.0,STOP,2026-05-18
042700,한미반도체,2026-05-13,2026-05-13,WATCH,68,LOWER_CHANNEL_WATCH,중기 Higher High + Higher Low | 상승추세 안의 단기 조정 + 전저점 유지 | 상승 평행채널 유효(커버리지 90%) | 최근 추세 하단(싼 구간) 접촉 | 추세 하단 부근 쌍바닥/Higher-Low 형태 | 쌍바닥 넥라인 돌파 확인 | 이동평균선 재돌파,,400500.0,True,5.99,True,0.8971,0.6703,True,334645.1613,383766.129,296500.0,432887.0968,324605.8065,-4.18,8.09,True,True,False,24.19,True,False,False,,False,False,,2026-05-01,2026-05-31,400500.0,20,1,2.247,409500.0,2026-05-14,-7.865,369000.0,2026-05-15,-20.849,317000.0,2026-05-18,-28.09,288000.0,2026-05-19,-28.215,287500.0,2026-05-20,-16.979,332500.0,2026-05-21,-19.975,320500.0,2026-05-22,-17.853,329000.0,2026-05-26,-20.35,319000.0,2026-05-27,-26.966,292500.0,2026-05-28,-29.588,282000.0,2026-05-29,-26.841,293000.0,2026-06-01,-31.211,275500.0,2026-06-02,-24.095,304000.0,2026-06-04,-29.338,283000.0,2026-06-05,-36.704,253500.0,2026-06-08,-30.961,276500.0,2026-06-09,-32.584,270000.0,2026-06-10,-27.341,291000.0,2026-06-11,-9.863,361000.0,2026-06-12,2026-06-12,2.247,-36.704,2.247,-37.453,0,,,0.0,1.0,STOP,2026-05-18
042700,한미반도체,2026-05-14,2026-05-14,WATCH,68,LOWER_CHANNEL_WATCH,중기 Higher High + Higher Low | 상승추세 안의 단기 조정 + 전저점 유지 | 상승 평행채널 유효(커버리지 90%) | 최근 추세 하단(싼 구간) 접촉 | 추세 하단 부근 쌍바닥/Higher-Low 형태 | 쌍바닥 넥라인 돌파 확인 | 이동평균선 재돌파,,409500.0,True,3.87,True,0.8986,0.7296,True,337822.5806,386943.5484,296500.0,436064.5161,327687.9032,-5.51,6.49,True,True,False,23.58,True,False,False,,False,False,,2026-05-01,2026-05-31,409500.0,20,1,-9.89,369000.0,2026-05-15,-22.589,317000.0,2026-05-18,-29.67,288000.0,2026-05-19,-29.792,287500.0,2026-05-20,-18.803,332500.0,2026-05-21,-21.734,320500.0,2026-05-22,-19.658,329000.0,2026-05-26,-22.1,319000.0,2026-05-27,-28.571,292500.0,2026-05-28,-31.136,282000.0,2026-05-29,-28.449,293000.0,2026-06-01,-32.723,275500.0,2026-06-02,-25.763,304000.0,2026-06-04,-30.891,283000.0,2026-06-05,-38.095,253500.0,2026-06-08,-32.479,276500.0,2026-06-09,-34.066,270000.0,2026-06-10,-28.938,291000.0,2026-06-11,-11.844,361000.0,2026-06-12,-15.263,347000.0,2026-06-15,2026-06-15,-9.89,-38.095,-0.855,-38.828,0,,,0.0,1.0,STOP,2026-05-18
042700,한미반도체,2026-05-15,2026-05-15,WATCH,60,LOWER_CHANNEL_WATCH,중기 Higher High + Higher Low | 상승추세 안의 단기 조정 + 전저점 유지 | 상승 평행채널 유효(커버리지 100%) | 최근 추세 하단(싼 구간) 접촉 | 추세 하단 부근 쌍바닥/Higher-Low 형태 | 쌍바닥 넥라인 돌파 확인,,369000.0,True,13.38,True,1.0,0.5178,True,301653.0612,366688.7755,426000.0,431724.4898,347260.0,-0.63,17.0,True,True,False,24.31,False,False,False,,False,False,,2026-05-01,2026-05-31,369000.0,20,1,-14.092,317000.0,2026-05-18,-21.951,288000.0,2026-05-19,-22.087,287500.0,2026-05-20,-9.892,332500.0,2026-05-21,-13.144,320500.0,2026-05-22,-10.84,329000.0,2026-05-26,-13.55,319000.0,2026-05-27,-20.732,292500.0,2026-05-28,-23.577,282000.0,2026-05-29,-20.596,293000.0,2026-06-01,-25.339,275500.0,2026-06-02,-17.615,304000.0,2026-06-04,-23.306,283000.0,2026-06-05,-31.301,253500.0,2026-06-08,-25.068,276500.0,2026-06-09,-26.829,270000.0,2026-06-10,-21.138,291000.0,2026-06-11,-2.168,361000.0,2026-06-12,-5.962,347000.0,2026-06-15,-10.976,328500.0,2026-06-16,2026-06-16,-2.168,-31.301,0.949,-32.114,0,,0.0,0.0,1.0,STOP,2026-05-18
006800,미래에셋증권,2026-05-04,2026-05-04,CONFIRMED,93,LOWER_CHANNEL_CONFIRMED_REVERSAL,중기 Higher High + Higher Low | 상승추세 안의 단기 조정 + 전저점 유지 | 상승 평행채널 유효(커버리지 96%) | 최근 추세 하단(싼 구간) 접촉 | 현재도 채널 하단권 | 추세 하단 부근 쌍바닥/Higher-Low 형태 | 이동평균선 밀집 | 이동평균선 재돌파 | 추세 바닥권 거래량 급증 양봉 | 거래량 기준봉 저가 지지 | 기준봉 지지 후 재상승 전환,,70300.0,True,5.13,True,0.963,0.2441,True,67684.6154,73042.3077,74100.0,78400.0,65654.0769,3.9,11.52,True,False,True,4.4,True,False,True,2026-05-04,True,False,2.31,2026-05-01,2026-05-31,70300.0,20,1,19.203,83800.0,2026-05-06,12.376,79000.0,2026-05-07,13.229,79600.0,2026-05-08,12.945,79400.0,2026-05-11,5.69,74300.0,2026-05-12,3.698,72900.0,2026-05-13,2.845,72300.0,2026-05-14,-0.569,69900.0,2026-05-15,0.284,70500.0,2026-05-18,-5.548,66400.0,2026-05-19,-11.807,62000.0,2026-05-20,-5.405,66500.0,2026-05-21,-3.983,67500.0,2026-05-22,-4.836,66900.0,2026-05-26,-8.25,64500.0,2026-05-27,-11.807,62000.0,2026-05-28,-12.66,61400.0,2026-05-29,-13.371,60900.0,2026-06-01,-17.781,57800.0,2026-06-02,-17.07,58300.0,2026-06-04,2026-06-04,19.203,-17.781,24.893,-19.061,0,1.0,1.0,1.0,0.0,UPPER,2026-05-06
006800,미래에셋증권,2026-05-06,2026-05-06,WATCH,89,LOWER_CHANNEL_WATCH,중기 Higher High + Higher Low | 상승추세 안의 단기 조정 + 전저점 유지 | 상승 평행채널 유효(커버리지 93%) | 최근 추세 하단(싼 구간) 접촉 | 추세 하단 부근 쌍바닥/Higher-Low 형태 | 쌍바닥 넥라인 돌파 확인 | 이동평균선 재돌파 | 추세 바닥권 거래량 급증 양봉 | 거래량 기준봉 저가 지지 | 거래량 기준봉 고가 돌파 | 재상승 후 5일선 지지,,83800.0,True,4.56,True,0.9286,1.4731,True,68015.3846,73373.0769,74100.0,78730.7692,65974.9231,-12.44,-6.05,True,True,False,6.62,True,True,True,2026-05-04,True,True,2.31,2026-05-01,2026-05-31,83800.0,20,1,-5.728,79000.0,2026-05-07,-5.012,79600.0,2026-05-08,-5.251,79400.0,2026-05-11,-11.337,74300.0,2026-05-12,-13.007,72900.0,2026-05-13,-13.723,72300.0,2026-05-14,-16.587,69900.0,2026-05-15,-15.871,70500.0,2026-05-18,-20.764,66400.0,2026-05-19,-26.014,62000.0,2026-05-20,-20.644,66500.0,2026-05-21,-19.451,67500.0,2026-05-22,-20.167,66900.0,2026-05-26,-23.031,64500.0,2026-05-27,-26.014,62000.0,2026-05-28,-26.73,61400.0,2026-05-29,-27.327,60900.0,2026-06-01,-31.026,57800.0,2026-06-02,-30.43,58300.0,2026-06-04,-32.697,56400.0,2026-06-05,2026-06-05,-5.012,-32.697,2.029,-33.771,0,,,,1.0,STOP,2026-05-15
000150,두산,2026-05-04,2026-05-04,WATCH,69,LOWER_CHANNEL_WATCH,중기 Higher High + Higher Low | 상승 평행채널 유효(커버리지 94%) | 최근 추세 하단(싼 구간) 접촉 | 추세 하단 부근 쌍바닥/Higher-Low 형태 | 쌍바닥 넥라인 돌파 확인 | 추세 바닥권 거래량 급증 양봉 | 거래량 기준봉 저가 지지 | 거래량 기준봉 고가 돌파,,1705000.0,True,1.33,True,0.9375,0.5752,True,1431142.8571,1669185.7143,1280000.0,1907228.5714,1388208.5714,-2.1,11.86,True,True,False,25.41,False,True,True,2026-04-09,True,True,1.87,2026-05-01,2026-05-31,1705000.0,20,1,4.985,1790000.0,2026-05-06,6.569,1817000.0,2026-05-07,1.76,1735000.0,2026-05-08,0.88,1720000.0,2026-05-11,-1.701,1676000.0,2026-05-12,-1.349,1682000.0,2026-05-13,-0.117,1703000.0,2026-05-14,-5.337,1614000.0,2026-05-15,-6.569,1593000.0,2026-05-18,-12.023,1500000.0,2026-05-19,-13.314,1478000.0,2026-05-20,-6.158,1600000.0,2026-05-21,-6.569,1593000.0,2026-05-22,4.457,1781000.0,2026-05-26,0.587,1715000.0,2026-05-27,-2.639,1660000.0,2026-05-28,15.66,1972000.0,2026-05-29,29.208,2203000.0,2026-06-01,12.493,1918000.0,2026-06-02,5.572,1800000.0,2026-06-04,2026-06-04,29.208,-13.314,45.982,-17.83,1,,,0.0,1.0,STOP,2026-05-18
000150,두산,2026-05-06,2026-05-06,WATCH,79,LOWER_CHANNEL_WATCH,중기 Higher High + Higher Low | 상승추세 안의 단기 조정 + 전저점 유지 | 상승 평행채널 유효(커버리지 94%) | 최근 추세 하단(싼 구간) 접촉 | 추세 하단 부근 쌍바닥/Higher-Low 형태 | 쌍바닥 넥라인 돌파 확인 | 추세 바닥권 거래량 급증 양봉 | 거래량 기준봉 저가 지지 | 거래량 기준봉 고가 돌파,,1790000.0,True,5.79,True,0.9383,0.7245,True,1445057.1429,1683100.0,1280000.0,1921142.8571,1401705.4286,-5.97,7.33,True,True,False,25.69,False,True,True,2026-04-09,True,True,1.87,2026-05-01,2026-05-31,1790000.0,20,1,1.508,1817000.0,2026-05-07,-3.073,1735000.0,2026-05-08,-3.911,1720000.0,2026-05-11,-6.369,1676000.0,2026-05-12,-6.034,1682000.0,2026-05-13,-4.86,1703000.0,2026-05-14,-9.832,1614000.0,2026-05-15,-11.006,1593000.0,2026-05-18,-16.201,1500000.0,2026-05-19,-17.43,1478000.0,2026-05-20,-10.615,1600000.0,2026-05-21,-11.006,1593000.0,2026-05-22,-0.503,1781000.0,2026-05-26,-4.19,1715000.0,2026-05-27,-7.263,1660000.0,2026-05-28,10.168,1972000.0,2026-05-29,23.073,2203000.0,2026-06-01,7.151,1918000.0,2026-06-02,0.559,1800000.0,2026-06-04,-2.793,1740000.0,2026-06-05,2026-06-05,23.073,-17.43,39.05,-21.732,0,,,0.0,1.0,STOP,2026-05-18
000150,두산,2026-05-07,2026-05-07,WATCH,79,LOWER_CHANNEL_WATCH,중기 Higher High + Higher Low | 상승추세 안의 단기 조정 + 전저점 유지 | 상승 평행채널 유효(커버리지 94%) | 최근 추세 하단(싼 구간) 접촉 | 추세 하단 부근 쌍바닥/Higher-Low 형태 | 쌍바닥 넥라인 돌파 확인 | 추세 바닥권 거래량 급증 양봉 | 거래량 기준봉 저가 지지 | 거래량 기준봉 고가 돌파,,1817000.0,True,4.37,True,0.939,0.752,True,1458971.4286,1697014.2857,1280000.0,1935057.1429,1490890.0,-6.6,6.5,True,True,False,27.05,False,True,True,2026-04-09,True,True,1.87,2026-05-01,2026-05-31,1817000.0,20,1,-4.513,1735000.0,2026-05-08,-5.338,1720000.0,2026-05-11,-7.76,1676000.0,2026-05-12,-7.43,1682000.0,2026-05-13,-6.274,1703000.0,2026-05-14,-11.172,1614000.0,2026-05-15,-12.328,1593000.0,2026-05-18,-17.446,1500000.0,2026-05-19,-18.657,1478000.0,2026-05-20,-11.943,1600000.0,2026-05-21,-12.328,1593000.0,2026-05-22,-1.981,1781000.0,2026-05-26,-5.614,1715000.0,2026-05-27,-8.641,1660000.0,2026-05-28,8.531,1972000.0,2026-05-29,21.244,2203000.0,2026-06-01,5.559,1918000.0,2026-06-02,-0.936,1800000.0,2026-06-04,-4.238,1740000.0,2026-06-05,-13.154,1578000.0,2026-06-08,2026-06-08,21.244,-18.657,36.984,-22.895,0,,,0.0,1.0,STOP,2026-05-18
000150,두산,2026-05-08,2026-05-08,CONFIRMED,79,LOWER_CHANNEL_CONFIRMED_REVERSAL,중기 Higher High + Higher Low | 상승추세 안의 단기 조정 + 전저점 유지 | 상승 평행채널 유효(커버리지 94%) | 최근 추세 하단(싼 구간) 접촉 | 추세 하단 부근 쌍바닥/Higher-Low 형태 | 쌍바닥 넥라인 돌파 확인 | 추세 바닥권 거래량 급증 양봉 | 거래량 기준봉 저가 지지 | 거래량 기준봉 고가 돌파,,1735000.0,True,8.68,True,0.9398,0.5506,True,1472885.7143,1710928.5714,1280000.0,1948971.4286,1490890.0,-1.39,12.33,True,True,False,29.37,False,True,True,2026-04-09,True,True,1.87,2026-05-01,2026-05-31,1735000.0,20,1,-0.865,1720000.0,2026-05-11,-3.401,1676000.0,2026-05-12,-3.055,1682000.0,2026-05-13,-1.844,1703000.0,2026-05-14,-6.974,1614000.0,2026-05-15,-8.184,1593000.0,2026-05-18,-13.545,1500000.0,2026-05-19,-14.813,1478000.0,2026-05-20,-7.781,1600000.0,2026-05-21,-8.184,1593000.0,2026-05-22,2.651,1781000.0,2026-05-26,-1.153,1715000.0,2026-05-27,-4.323,1660000.0,2026-05-28,13.66,1972000.0,2026-05-29,26.974,2203000.0,2026-06-01,10.548,1918000.0,2026-06-02,3.746,1800000.0,2026-06-04,0.288,1740000.0,2026-06-05,-9.049,1578000.0,2026-06-08,-9.741,1566000.0,2026-06-09,2026-06-09,26.974,-14.813,43.458,-19.251,0,,,0.0,1.0,STOP,2026-05-18
000150,두산,2026-05-11,2026-05-11,WATCH,60,LOWER_CHANNEL_WATCH,중기 Higher High + Higher Low | 상승추세 안의 단기 조정 + 전저점 유지 | 상승 평행채널 유효(커버리지 93%) | 최근 추세 하단(싼 구간) 접촉 | 추세 하단 부근 쌍바닥/Higher-Low 형태 | 쌍바닥 넥라인 돌파 확인,,1720000.0,True,9.47,True,0.9296,0.5099,True,1488835.8209,1715507.4627,1900000.0,1942179.1045,1490890.0,-0.26,12.92,True,True,False,30.2,False,False,False,,False,False,,2026-05-01,2026-05-31,1720000.0,20,1,-2.558,1676000.0,2026-05-12,-2.209,1682000.0,2026-05-13,-0.988,1703000.0,2026-05-14,-6.163,1614000.0,2026-05-15,-7.384,1593000.0,2026-05-18,-12.791,1500000.0,2026-05-19,-14.07,1478000.0,2026-05-20,-6.977,1600000.0,2026-05-21,-7.384,1593000.0,2026-05-22,3.547,1781000.0,2026-05-26,-0.291,1715000.0,2026-05-27,-3.488,1660000.0,2026-05-28,14.651,1972000.0,2026-05-29,28.081,2203000.0,2026-06-01,11.512,1918000.0,2026-06-02,4.651,1800000.0,2026-06-04,1.163,1740000.0,2026-06-05,-8.256,1578000.0,2026-06-08,-8.953,1566000.0,2026-06-09,-7.907,1584000.0,2026-06-10,2026-06-10,28.081,-14.07,44.709,-18.547,0,,0.0,0.0,1.0,STOP,2026-05-18
000150,두산,2026-05-12,2026-05-12,WATCH,60,LOWER_CHANNEL_WATCH,중기 Higher High + Higher Low | 상승추세 안의 단기 조정 + 전저점 유지 | 상승 평행채널 유효(커버리지 93%) | 최근 추세 하단(싼 구간) 접촉 | 추세 하단 부근 쌍바닥/Higher-Low 형태 | 쌍바닥 넥라인 돌파 확인,,1676000.0,True,11.79,True,0.9306,0.3818,True,1502895.5224,1729567.1642,1900000.0,1956238.806,1490890.0,3.2,16.72,True,True,False,29.86,False,False,False,,False,False,,2026-05-01,2026-05-31,1676000.0,20,1,0.358,1682000.0,2026-05-13,1.611,1703000.0,2026-05-14,-3.699,1614000.0,2026-05-15,-4.952,1593000.0,2026-05-18,-10.501,1500000.0,2026-05-19,-11.814,1478000.0,2026-05-20,-4.535,1600000.0,2026-05-21,-4.952,1593000.0,2026-05-22,6.265,1781000.0,2026-05-26,2.327,1715000.0,2026-05-27,-0.955,1660000.0,2026-05-28,17.661,1972000.0,2026-05-29,31.444,2203000.0,2026-06-01,14.439,1918000.0,2026-06-02,7.399,1800000.0,2026-06-04,3.819,1740000.0,2026-06-05,-5.847,1578000.0,2026-06-08,-6.563,1566000.0,2026-06-09,-5.489,1584000.0,2026-06-10,-3.282,1621000.0,2026-06-11,2026-06-11,31.444,-11.814,48.508,-16.408,0,1.0,0.0,0.0,1.0,STOP,2026-05-18
000150,두산,2026-05-13,2026-05-13,WATCH,60,LOWER_CHANNEL_WATCH,중기 Higher High + Higher Low | 상승추세 안의 단기 조정 + 전저점 유지 | 상승 평행채널 유효(커버리지 93%) | 최근 추세 하단(싼 구간) 접촉 | 추세 하단 부근 쌍바닥/Higher-Low 형태 | 쌍바닥 넥라인 돌파 확인,,1682000.0,True,11.47,True,0.9315,0.3641,True,1516955.2239,1743626.8657,1900000.0,1970298.5075,1490890.0,3.66,17.14,True,True,False,27.68,False,False,False,,False,False,,2026-05-01,2026-05-31,1682000.0,20,1,1.249,1703000.0,2026-05-14,-4.043,1614000.0,2026-05-15,-5.291,1593000.0,2026-05-18,-10.82,1500000.0,2026-05-19,-12.128,1478000.0,2026-05-20,-4.875,1600000.0,2026-05-21,-5.291,1593000.0,2026-05-22,5.886,1781000.0,2026-05-26,1.962,1715000.0,2026-05-27,-1.308,1660000.0,2026-05-28,17.241,1972000.0,2026-05-29,30.975,2203000.0,2026-06-01,14.031,1918000.0,2026-06-02,7.015,1800000.0,2026-06-04,3.448,1740000.0,2026-06-05,-6.183,1578000.0,2026-06-08,-6.897,1566000.0,2026-06-09,-5.826,1584000.0,2026-06-10,-3.627,1621000.0,2026-06-11,12.723,1896000.0,2026-06-12,2026-06-12,30.975,-12.128,47.979,-16.706,1,1.0,0.0,0.0,1.0,STOP,2026-05-18
000150,두산,2026-05-14,2026-05-14,WATCH,60,LOWER_CHANNEL_WATCH,중기 Higher High + Higher Low | 상승추세 안의 단기 조정 + 전저점 유지 | 상승 평행채널 유효(커버리지 93%) | 최근 추세 하단(싼 구간) 접촉 | 추세 하단 부근 쌍바닥/Higher-Low 형태 | 쌍바닥 넥라인 돌파 확인,,1703000.0,True,10.37,True,0.9324,0.3794,True,1531014.9254,1757686.5672,1900000.0,1984358.209,1490890.0,3.21,16.52,True,True,False,25.23,False,False,False,,False,False,,2026-05-01,2026-05-31,1703000.0,20,1,-5.226,1614000.0,2026-05-15,-6.459,1593000.0,2026-05-18,-11.92,1500000.0,2026-05-19,-13.212,1478000.0,2026-05-20,-6.048,1600000.0,2026-05-21,-6.459,1593000.0,2026-05-22,4.58,1781000.0,2026-05-26,0.705,1715000.0,2026-05-27,-2.525,1660000.0,2026-05-28,15.796,1972000.0,2026-05-29,29.36,2203000.0,2026-06-01,12.625,1918000.0,2026-06-02,5.696,1800000.0,2026-06-04,2.173,1740000.0,2026-06-05,-7.34,1578000.0,2026-06-08,-8.045,1566000.0,2026-06-09,-6.988,1584000.0,2026-06-10,-4.815,1621000.0,2026-06-11,11.333,1896000.0,2026-06-12,0.352,1709000.0,2026-06-15,2026-06-15,29.36,-13.212,46.154,-17.733,1,1.0,0.0,0.0,1.0,STOP,2026-05-18
000150,두산,2026-05-15,2026-05-15,WATCH,65,LOWER_CHANNEL_WATCH,중기 Higher High + Higher Low | 상승추세 안의 단기 조정 + 전저점 유지 | 상승 평행채널 유효(커버리지 93%) | 최근 추세 하단(싼 구간) 접촉 | 현재도 채널 하단권 | 추세 하단 부근 쌍바닥/Higher-Low 형태 | 쌍바닥 넥라인 돌파 확인,,1614000.0,True,15.05,True,0.9333,0.152,True,1545074.6269,1771746.2687,1900000.0,1998417.9104,1498722.3881,9.77,23.82,True,True,False,24.46,False,False,False,,False,False,,2026-05-01,2026-05-31,1614000.0,20,1,-1.301,1593000.0,2026-05-18,-7.063,1500000.0,2026-05-19,-8.426,1478000.0,2026-05-20,-0.867,1600000.0,2026-05-21,-1.301,1593000.0,2026-05-22,10.347,1781000.0,2026-05-26,6.258,1715000.0,2026-05-27,2.85,1660000.0,2026-05-28,22.181,1972000.0,2026-05-29,36.493,2203000.0,2026-06-01,18.835,1918000.0,2026-06-02,11.524,1800000.0,2026-06-04,7.807,1740000.0,2026-06-05,-2.23,1578000.0,2026-06-08,-2.974,1566000.0,2026-06-09,-1.859,1584000.0,2026-06-10,0.434,1621000.0,2026-06-11,17.472,1896000.0,2026-06-12,5.886,1709000.0,2026-06-15,5.266,1699000.0,2026-06-16,2026-06-16,36.493,-8.426,54.213,-13.197,1,0.0,0.0,0.0,1.0,STOP,2026-05-18
015760,한국전력,2026-05-04,2026-05-04,WATCH,60,LOWER_CHANNEL_WATCH,중기 Higher High + Higher Low | 상승추세 안의 단기 조정 + 전저점 유지 | 상승 평행채널 유효(커버리지 100%) | 최근 추세 하단(싼 구간) 접촉 | 현재도 채널 하단권 | 추세 하단 부근 쌍바닥/Higher-Low 형태,,44500.0,True,6.61,True,1.0,0.0958,True,44020.0,46525.0,47650.0,49030.0,43504.5,4.55,10.18,True,False,False,12.02,False,True,False,,False,False,,2026-05-01,2026-05-31,44500.0,20,1,1.236,45050.0,2026-05-06,0.449,44700.0,2026-05-07,-1.011,44050.0,2026-05-08,-2.921,43200.0,2026-05-11,-7.303,41250.0,2026-05-12,-8.427,40750.0,2026-05-13,-10.899,39650.0,2026-05-14,-12.921,38750.0,2026-05-15,-15.393,37650.0,2026-05-18,-12.022,39150.0,2026-05-19,-17.079,36900.0,2026-05-20,-11.461,39400.0,2026-05-21,-10.787,39700.0,2026-05-22,-9.101,40450.0,2026-05-26,-11.236,39500.0,2026-05-27,-12.247,39050.0,2026-05-28,-12.584,38900.0,2026-05-29,-13.146,38650.0,2026-06-01,-15.169,37750.0,2026-06-02,-13.034,38700.0,2026-06-04,2026-06-04,1.236,-17.079,6.067,-18.652,0,1.0,0.0,0.0,1.0,STOP,2026-05-11
015760,한국전력,2026-05-06,2026-05-06,WATCH,65,LOWER_CHANNEL_WATCH,중기 Higher High + Higher Low | 상승추세 안의 단기 조정 + 전저점 유지 | 상승 평행채널 유효(커버리지 100%) | 최근 추세 하단(싼 구간) 접촉 | 현재도 채널 하단권 | 추세 하단 부근 쌍바닥/Higher-Low 형태 | 쌍바닥 넥라인 돌파 확인,,45050.0,True,5.46,True,1.0,0.1597,True,44250.0,46755.0,47650.0,49260.0,43504.5,3.78,9.35,True,True,False,11.14,False,True,False,,False,False,,2026-05-01,2026-05-31,45050.0,20,1,-0.777,44700.0,2026-05-07,-2.22,44050.0,2026-05-08,-4.107,43200.0,2026-05-11,-8.435,41250.0,2026-05-12,-9.545,40750.0,2026-05-13,-11.987,39650.0,2026-05-14,-13.984,38750.0,2026-05-15,-16.426,37650.0,2026-05-18,-13.097,39150.0,2026-05-19,-18.091,36900.0,2026-05-20,-12.542,39400.0,2026-05-21,-11.876,39700.0,2026-05-22,-10.211,40450.0,2026-05-26,-12.32,39500.0,2026-05-27,-13.319,39050.0,2026-05-28,-13.651,38900.0,2026-05-29,-14.206,38650.0,2026-06-01,-16.204,37750.0,2026-06-02,-14.095,38700.0,2026-06-04,-15.427,38100.0,2026-06-05,2026-06-05,-0.777,-18.091,4.772,-19.645,0,1.0,0.0,0.0,1.0,STOP,2026-05-11
010140,삼성중공업,2026-05-04,2026-05-04,WATCH,69,LOWER_CHANNEL_WATCH,중기 Higher High + Higher Low | 상승추세 안의 단기 조정 + 전저점 유지 | 상승 평행채널 유효(커버리지 97%) | 최근 추세 하단(싼 구간) 접촉 | 추세 바닥권 거래량 급증 양봉 | 거래량 기준봉 저가 지지 | 거래량 기준봉 고가 돌파,,32250.0,True,8.77,True,0.9655,0.4931,True,28564.7059,32301.4706,35350.0,36038.2353,27707.7647,0.16,11.75,False,False,False,13.1,False,False,True,2026-04-21,True,True,1.89,2026-05-01,2026-05-31,32250.0,20,1,-1.24,31850.0,2026-05-06,4.496,33700.0,2026-05-07,-0.93,31950.0,2026-05-08,5.271,33950.0,2026-05-11,-2.636,31400.0,2026-05-12,-3.721,31050.0,2026-05-13,-6.512,30150.0,2026-05-14,-9.147,29300.0,2026-05-15,-8.372,29550.0,2026-05-18,-11.473,28550.0,2026-05-19,-14.264,27650.0,2026-05-20,-11.163,28650.0,2026-05-21,-8.527,29500.0,2026-05-22,-5.581,30450.0,2026-05-26,-8.682,29450.0,2026-05-27,-11.938,28400.0,2026-05-28,-13.333,27950.0,2026-05-29,-14.574,27550.0,2026-06-01,-14.109,27700.0,2026-06-02,-11.938,28400.0,2026-06-04,2026-06-04,5.271,-14.574,9.612,-19.225,0,1.0,1.0,0.0,1.0,STOP,2026-05-18
010140,삼성중공업,2026-05-06,2026-05-06,WATCH,69,LOWER_CHANNEL_WATCH,중기 Higher High + Higher Low | 상승추세 안의 단기 조정 + 전저점 유지 | 상승 평행채널 유효(커버리지 97%) | 최근 추세 하단(싼 구간) 접촉 | 추세 바닥권 거래량 급증 양봉 | 거래량 기준봉 저가 지지 | 거래량 기준봉 고가 돌파,,31850.0,True,9.9,True,0.9661,0.4242,True,28679.4118,32416.1765,35350.0,36152.9412,27819.0294,1.78,13.51,False,False,False,12.09,False,False,True,2026-04-21,True,True,1.89,2026-05-01,2026-05-31,31850.0,20,1,5.808,33700.0,2026-05-07,0.314,31950.0,2026-05-08,6.593,33950.0,2026-05-11,-1.413,31400.0,2026-05-12,-2.512,31050.0,2026-05-13,-5.338,30150.0,2026-05-14,-8.006,29300.0,2026-05-15,-7.221,29550.0,2026-05-18,-10.361,28550.0,2026-05-19,-13.187,27650.0,2026-05-20,-10.047,28650.0,2026-05-21,-7.378,29500.0,2026-05-22,-4.396,30450.0,2026-05-26,-7.535,29450.0,2026-05-27,-10.832,28400.0,2026-05-28,-12.245,27950.0,2026-05-29,-13.501,27550.0,2026-06-01,-13.03,27700.0,2026-06-02,-10.832,28400.0,2026-06-04,-12.873,27750.0,2026-06-05,2026-06-05,6.593,-13.501,10.989,-18.21,0,1.0,1.0,0.0,1.0,STOP,2026-05-18
010140,삼성중공업,2026-05-07,2026-05-07,WATCH,79,LOWER_CHANNEL_WATCH,중기 Higher High + Higher Low | 상승추세 안의 단기 조정 + 전저점 유지 | 상승 평행채널 유효(커버리지 97%) | 최근 추세 하단(싼 구간) 접촉 | 이동평균선 재돌파 | 추세 바닥권 거래량 급증 양봉 | 거래량 기준봉 저가 지지 | 거래량 기준봉 고가 돌파 | 재상승 후 5일선 지지,,33700.0,True,4.67,True,0.9667,0.6564,True,28794.1176,32530.8824,35350.0,36267.6471,27930.2941,-3.47,7.62,False,False,False,11.41,True,True,True,2026-04-21,True,True,1.89,2026-05-01,2026-05-31,33700.0,20,1,-5.193,31950.0,2026-05-08,0.742,33950.0,2026-05-11,-6.825,31400.0,2026-05-12,-7.864,31050.0,2026-05-13,-10.534,30150.0,2026-05-14,-13.056,29300.0,2026-05-15,-12.315,29550.0,2026-05-18,-15.282,28550.0,2026-05-19,-17.953,27650.0,2026-05-20,-14.985,28650.0,2026-05-21,-12.463,29500.0,2026-05-22,-9.644,30450.0,2026-05-26,-12.611,29450.0,2026-05-27,-15.727,28400.0,2026-05-28,-17.062,27950.0,2026-05-29,-18.249,27550.0,2026-06-01,-17.804,27700.0,2026-06-02,-15.727,28400.0,2026-06-04,-17.656,27750.0,2026-06-05,-22.552,26100.0,2026-06-08,2026-06-08,0.742,-22.552,4.896,-23.591,0,,1.0,0.0,1.0,STOP,2026-05-18
010140,삼성중공업,2026-05-08,2026-05-08,WATCH,69,LOWER_CHANNEL_WATCH,중기 Higher High + Higher Low | 상승추세 안의 단기 조정 + 전저점 유지 | 상승 평행채널 유효(커버리지 97%) | 최근 추세 하단(싼 구간) 접촉 | 추세 바닥권 거래량 급증 양봉 | 거래량 기준봉 저가 지지 | 거래량 기준봉 고가 돌파,,31950.0,True,9.62,True,0.9672,0.4069,True,28908.8235,32645.5882,35350.0,36382.3529,30409.5,2.18,13.87,False,False,False,11.18,False,True,True,2026-04-21,True,True,1.89,2026-05-01,2026-05-31,31950.0,20,1,6.26,33950.0,2026-05-11,-1.721,31400.0,2026-05-12,-2.817,31050.0,2026-05-13,-5.634,30150.0,2026-05-14,-8.294,29300.0,2026-05-15,-7.512,29550.0,2026-05-18,-10.642,28550.0,2026-05-19,-13.459,27650.0,2026-05-20,-10.329,28650.0,2026-05-21,-7.668,29500.0,2026-05-22,-4.695,30450.0,2026-05-26,-7.825,29450.0,2026-05-27,-11.111,28400.0,2026-05-28,-12.52,27950.0,2026-05-29,-13.772,27550.0,2026-06-01,-13.302,27700.0,2026-06-02,-11.111,28400.0,2026-06-04,-13.146,27750.0,2026-06-05,-18.31,26100.0,2026-06-08,-19.092,25850.0,2026-06-09,2026-06-09,6.26,-19.092,10.642,-20.031,0,1.0,1.0,0.0,1.0,STOP,2026-05-13
010140,삼성중공업,2026-05-11,2026-05-11,WATCH,79,LOWER_CHANNEL_WATCH,중기 Higher High + Higher Low | 상승추세 안의 단기 조정 + 전저점 유지 | 상승 평행채널 유효(커버리지 97%) | 최근 추세 하단(싼 구간) 접촉 | 이동평균선 재돌파 | 추세 바닥권 거래량 급증 양봉 | 거래량 기준봉 저가 지지 | 거래량 기준봉 고가 돌파 | 재상승 후 5일선 지지,,33950.0,True,3.96,True,0.9677,0.6592,True,29023.5294,32760.2941,35350.0,36497.0588,30409.5,-3.5,7.5,False,False,False,11.15,True,True,True,2026-04-21,True,True,1.89,2026-05-01,2026-05-31,33950.0,20,1,-7.511,31400.0,2026-05-12,-8.542,31050.0,2026-05-13,-11.193,30150.0,2026-05-14,-13.697,29300.0,2026-05-15,-12.96,29550.0,2026-05-18,-15.906,28550.0,2026-05-19,-18.557,27650.0,2026-05-20,-15.611,28650.0,2026-05-21,-13.108,29500.0,2026-05-22,-10.309,30450.0,2026-05-26,-13.255,29450.0,2026-05-27,-16.348,28400.0,2026-05-28,-17.673,27950.0,2026-05-29,-18.851,27550.0,2026-06-01,-18.409,27700.0,2026-06-02,-16.348,28400.0,2026-06-04,-18.262,27750.0,2026-06-05,-23.122,26100.0,2026-06-08,-23.859,25850.0,2026-06-09,-23.417,26000.0,2026-06-10,2026-06-10,-7.511,-23.859,0.295,-26.068,0,,0.0,0.0,1.0,STOP,2026-05-13
010140,삼성중공업,2026-05-12,2026-05-12,WATCH,74,LOWER_CHANNEL_WATCH,중기 Higher High + Higher Low | 상승추세 안의 단기 조정 + 전저점 유지 | 상승 평행채널 유효(커버리지 97%) | 최근 추세 하단(싼 구간) 접촉 | 현재도 채널 하단권 | 추세 바닥권 거래량 급증 양봉 | 거래량 기준봉 저가 지지 | 거래량 기준봉 고가 돌파,,31400.0,True,11.17,True,0.9683,0.3026,True,29138.2353,32875.0,35350.0,36611.7647,30409.5,4.7,16.6,False,False,False,11.33,False,False,True,2026-04-21,True,True,1.89,2026-05-01,2026-05-31,31400.0,20,1,-1.115,31050.0,2026-05-13,-3.981,30150.0,2026-05-14,-6.688,29300.0,2026-05-15,-5.892,29550.0,2026-05-18,-9.076,28550.0,2026-05-19,-11.943,27650.0,2026-05-20,-8.758,28650.0,2026-05-21,-6.051,29500.0,2026-05-22,-3.025,30450.0,2026-05-26,-6.21,29450.0,2026-05-27,-9.554,28400.0,2026-05-28,-10.987,27950.0,2026-05-29,-12.261,27550.0,2026-06-01,-11.783,27700.0,2026-06-02,-9.554,28400.0,2026-06-04,-11.624,27750.0,2026-06-05,-16.879,26100.0,2026-06-08,-17.675,25850.0,2026-06-09,-17.197,26000.0,2026-06-10,-19.427,25300.0,2026-06-11,2026-06-11,-1.115,-19.427,2.548,-21.815,0,0.0,0.0,0.0,1.0,STOP,2026-05-13
051910,LG화학,2026-05-04,2026-05-04,WATCH,60,LOWER_CHANNEL_WATCH,중기 Higher High + Higher Low | 상승 평행채널 유효(커버리지 100%) | 최근 추세 하단(싼 구간) 접촉 | 추세 하단 부근 쌍바닥/Higher-Low 형태 | 쌍바닥 넥라인 돌파 확인 | 이동평균선 재돌파 | 재상승 후 5일선 지지,,429000.0,True,1.38,True,1.0,0.8163,True,315147.0588,384887.2549,367000.0,454627.451,365690.0,-10.28,5.97,True,True,False,14.85,True,True,False,,False,False,,2026-05-01,2026-05-31,429000.0,20,1,-1.282,423500.0,2026-05-06,-0.932,425000.0,2026-05-07,0.117,429500.0,2026-05-08,-1.282,423500.0,2026-05-11,-9.441,388500.0,2026-05-12,-9.674,387500.0,2026-05-13,-8.508,392500.0,2026-05-14,-12.821,374000.0,2026-05-15,-13.054,373000.0,2026-05-18,-18.298,350500.0,2026-05-19,-22.611,332000.0,2026-05-20,-18.881,348000.0,2026-05-21,-18.182,351000.0,2026-05-22,-18.182,351000.0,2026-05-26,-22.844,331000.0,2026-05-27,-19.697,344500.0,2026-05-28,-14.452,367000.0,2026-05-29,-15.268,363500.0,2026-06-01,-17.249,355000.0,2026-06-02,-17.949,352000.0,2026-06-04,2026-06-04,0.117,-22.844,1.981,-24.009,0,,,0.0,1.0,STOP,2026-05-18
051910,LG화학,2026-05-06,2026-05-06,WATCH,60,LOWER_CHANNEL_WATCH,중기 Higher High + Higher Low | 상승 평행채널 유효(커버리지 100%) | 최근 추세 하단(싼 구간) 접촉 | 추세 하단 부근 쌍바닥/Higher-Low 형태 | 쌍바닥 넥라인 돌파 확인 | 이동평균선 재돌파 | 재상승 후 5일선 지지,,423500.0,True,2.87,True,1.0,0.7718,True,315843.1373,385583.3333,367000.0,455323.5294,365690.0,-8.95,7.51,True,True,False,16.66,True,True,False,,False,False,,2026-05-01,2026-05-31,423500.0,20,1,0.354,425000.0,2026-05-07,1.417,429500.0,2026-05-08,0.0,423500.0,2026-05-11,-8.264,388500.0,2026-05-12,-8.501,387500.0,2026-05-13,-7.32,392500.0,2026-05-14,-11.688,374000.0,2026-05-15,-11.924,373000.0,2026-05-18,-17.237,350500.0,2026-05-19,-21.606,332000.0,2026-05-20,-17.828,348000.0,2026-05-21,-17.119,351000.0,2026-05-22,-17.119,351000.0,2026-05-26,-21.842,331000.0,2026-05-27,-18.654,344500.0,2026-05-28,-13.341,367000.0,2026-05-29,-14.168,363500.0,2026-06-01,-16.175,355000.0,2026-06-02,-16.883,352000.0,2026-06-04,-17.591,349000.0,2026-06-05,2026-06-05,1.417,-21.842,3.306,-23.022,0,,,0.0,1.0,STOP,2026-05-18
064350,현대로템,2026-05-06,2026-05-06,WATCH,70,LOWER_CHANNEL_WATCH,중기 Higher High + Higher Low | 상승추세 안의 단기 조정 + 전저점 유지 | 상승 평행채널 유효(커버리지 93%) | 최근 추세 하단(싼 구간) 접촉 | 현재도 채널 하단권 | 추세 하단 부근 쌍바닥/Higher-Low 형태 | 이동평균선 재돌파 | 재상승 후 5일선 지지,,262000.0,True,7.09,True,0.9286,0.271,True,233803.7736,285822.6415,218000.0,337841.5094,226789.6604,9.09,28.95,True,False,False,18.81,True,True,False,,False,False,,2026-05-01,2026-05-31,262000.0,20,1,-10.305,235000.0,2026-05-07,-14.885,223000.0,2026-05-08,-16.221,219500.0,2026-05-11,-17.939,215000.0,2026-05-12,-17.939,215000.0,2026-05-13,-18.893,212500.0,2026-05-14,-23.092,201500.0,2026-05-15,-23.282,201000.0,2026-05-18,-25.344,195600.0,2026-05-19,-27.29,190500.0,2026-05-20,-25.382,195500.0,2026-05-21,-21.374,206000.0,2026-05-22,-18.321,214000.0,2026-05-26,-20.992,207000.0,2026-05-27,-21.374,206000.0,2026-05-28,-23.473,200500.0,2026-05-29,-18.702,213000.0,2026-06-01,-22.519,203000.0,2026-06-02,-26.45,192700.0,2026-06-04,-26.947,191400.0,2026-06-05,2026-06-05,-10.305,-27.29,-2.099,-30.153,0,0.0,,0.0,1.0,STOP,2026-05-08
017670,SK텔레콤,2026-05-07,2026-05-07,WATCH,65,LOWER_CHANNEL_WATCH,중기 Higher High + Higher Low | 상승추세 안의 단기 조정 + 전저점 유지 | 상승 평행채널 유효(커버리지 100%) | 최근 추세 하단(싼 구간) 접촉 | 현재도 채널 하단권 | 추세 하단 부근 쌍바닥/Higher-Low 형태 | 쌍바닥 넥라인 돌파 확인,,93200.0,True,9.16,True,1.0,0.1891,True,90035.8974,98400.0,102600.0,106764.1026,87334.8205,5.58,14.55,True,True,False,12.95,False,False,False,,False,False,,2026-05-01,2026-05-31,93200.0,20,1,0.322,93500.0,2026-05-08,5.365,98200.0,2026-05-11,10.944,103400.0,2026-05-12,13.519,105800.0,2026-05-13,10.193,102700.0,2026-05-14,8.691,101300.0,2026-05-15,7.833,100500.0,2026-05-18,4.828,97700.0,2026-05-19,5.258,98100.0,2026-05-20,10.3,102800.0,2026-05-21,10.3,102800.0,2026-05-22,9.549,102100.0,2026-05-26,7.725,100400.0,2026-05-27,3.97,96900.0,2026-05-28,7.94,100600.0,2026-05-29,20.386,112200.0,2026-06-01,34.335,125200.0,2026-06-02,16.845,108900.0,2026-06-04,14.163,106400.0,2026-06-05,14.485,106700.0,2026-06-08,2026-06-08,34.335,0.322,49.678,-0.215,1,1.0,1.0,1.0,0.0,UPPER,2026-06-01
017670,SK텔레콤,2026-05-08,2026-05-08,WATCH,65,LOWER_CHANNEL_WATCH,중기 Higher High + Higher Low | 상승추세 안의 단기 조정 + 전저점 유지 | 상승 평행채널 유효(커버리지 100%) | 최근 추세 하단(싼 구간) 접촉 | 현재도 채널 하단권 | 추세 하단 부근 쌍바닥/Higher-Low 형태 | 쌍바닥 넥라인 돌파 확인,,93500.0,True,8.87,True,1.0,0.176,True,90556.4103,98920.5128,102600.0,107284.6154,87839.7179,5.8,14.74,True,True,False,12.86,False,True,False,,False,False,,2026-05-01,2026-05-31,93500.0,20,1,5.027,98200.0,2026-05-11,10.588,103400.0,2026-05-12,13.155,105800.0,2026-05-13,9.84,102700.0,2026-05-14,8.342,101300.0,2026-05-15,7.487,100500.0,2026-05-18,4.492,97700.0,2026-05-19,4.92,98100.0,2026-05-20,9.947,102800.0,2026-05-21,9.947,102800.0,2026-05-22,9.198,102100.0,2026-05-26,7.38,100400.0,2026-05-27,3.636,96900.0,2026-05-28,7.594,100600.0,2026-05-29,20.0,112200.0,2026-06-01,33.904,125200.0,2026-06-02,16.471,108900.0,2026-06-04,13.797,106400.0,2026-06-05,14.118,106700.0,2026-06-08,15.615,108100.0,2026-06-09,2026-06-09,33.904,3.636,49.198,1.818,1,1.0,1.0,1.0,0.0,UPPER,2026-06-01
017670,SK텔레콤,2026-05-11,2026-05-11,WATCH,70,LOWER_CHANNEL_WATCH,중기 Higher High + Higher Low | 상승추세 안의 단기 조정 + 전저점 유지 | 상승 평행채널 유효(커버리지 100%) | 최근 추세 하단(싼 구간) 접촉 | 추세 하단 부근 쌍바닥/Higher-Low 형태 | 쌍바닥 넥라인 돌파 확인 | 이동평균선 재돌파 | 재상승 후 5일선 지지,,98200.0,True,4.29,True,1.0,0.4258,True,91076.9231,99441.0256,102600.0,107805.1282,88344.6154,1.26,9.78,True,True,False,11.98,True,True,False,,False,False,,2026-05-01,2026-05-31,98200.0,20,1,5.295,103400.0,2026-05-12,7.739,105800.0,2026-05-13,4.582,102700.0,2026-05-14,3.157,101300.0,2026-05-15,2.342,100500.0,2026-05-18,-0.509,97700.0,2026-05-19,-0.102,98100.0,2026-05-20,4.684,102800.0,2026-05-21,4.684,102800.0,2026-05-22,3.971,102100.0,2026-05-26,2.24,100400.0,2026-05-27,-1.324,96900.0,2026-05-28,2.444,100600.0,2026-05-29,14.257,112200.0,2026-06-01,27.495,125200.0,2026-06-02,10.896,108900.0,2026-06-04,8.35,106400.0,2026-06-05,8.656,106700.0,2026-06-08,10.081,108100.0,2026-06-09,7.637,105700.0,2026-06-10,2026-06-10,27.495,-1.324,42.057,-2.851,1,1.0,1.0,1.0,0.0,UPPER,2026-06-01
017670,SK텔레콤,2026-05-12,2026-05-12,WATCH,70,LOWER_CHANNEL_WATCH,중기 Higher High + Higher Low | 상승추세 안의 단기 조정 + 전저점 유지 | 상승 평행채널 유효(커버리지 100%) | 최근 추세 하단(싼 구간) 접촉 | 추세 하단 부근 쌍바닥/Higher-Low 형태 | 쌍바닥 넥라인 돌파 확인 | 이동평균선 재돌파 | 재상승 후 5일선 지지,,103400.0,True,4.26,True,1.0,0.7055,True,91597.4359,99961.5385,102600.0,108325.641,88849.5128,-3.33,4.76,True,True,False,11.39,True,True,False,,False,False,,2026-05-01,2026-05-31,103400.0,20,1,2.321,105800.0,2026-05-13,-0.677,102700.0,2026-05-14,-2.031,101300.0,2026-05-15,-2.805,100500.0,2026-05-18,-5.513,97700.0,2026-05-19,-5.126,98100.0,2026-05-20,-0.58,102800.0,2026-05-21,-0.58,102800.0,2026-05-22,-1.257,102100.0,2026-05-26,-2.901,100400.0,2026-05-27,-6.286,96900.0,2026-05-28,-2.708,100600.0,2026-05-29,8.511,112200.0,2026-06-01,21.083,125200.0,2026-06-02,5.319,108900.0,2026-06-04,2.901,106400.0,2026-06-05,3.191,106700.0,2026-06-08,4.545,108100.0,2026-06-09,2.224,105700.0,2026-06-10,-3.288,100000.0,2026-06-11,2026-06-11,21.083,-6.286,34.913,-7.737,0,,,1.0,0.0,UPPER,2026-06-01
017670,SK텔레콤,2026-05-13,2026-05-13,WATCH,60,LOWER_CHANNEL_WATCH,중기 Higher High + Higher Low | 상승 평행채널 유효(커버리지 100%) | 최근 추세 하단(싼 구간) 접촉 | 추세 하단 부근 쌍바닥/Higher-Low 형태 | 쌍바닥 넥라인 돌파 확인 | 이동평균선 재돌파 | 재상승 후 5일선 지지,,105800.0,True,2.04,True,1.0,0.8179,True,92117.9487,100482.0513,102600.0,108846.1538,89354.4103,-5.03,2.88,True,True,False,12.2,True,True,False,,False,False,,2026-05-01,2026-05-31,105800.0,20,1,-2.93,102700.0,2026-05-14,-4.253,101300.0,2026-05-15,-5.009,100500.0,2026-05-18,-7.656,97700.0,2026-05-19,-7.278,98100.0,2026-05-20,-2.836,102800.0,2026-05-21,-2.836,102800.0,2026-05-22,-3.497,102100.0,2026-05-26,-5.104,100400.0,2026-05-27,-8.412,96900.0,2026-05-28,-4.915,100600.0,2026-05-29,6.049,112200.0,2026-06-01,18.336,125200.0,2026-06-02,2.93,108900.0,2026-06-04,0.567,106400.0,2026-06-05,0.851,106700.0,2026-06-08,2.174,108100.0,2026-06-09,-0.095,105700.0,2026-06-10,-5.482,100000.0,2026-06-11,-2.647,103000.0,2026-06-12,2026-06-12,18.336,-8.412,31.853,-9.83,0,,,1.0,0.0,UPPER,2026-06-01
017670,SK텔레콤,2026-05-14,2026-05-14,WATCH,70,LOWER_CHANNEL_WATCH,중기 Higher High + Higher Low | 상승추세 안의 단기 조정 + 전저점 유지 | 상승 평행채널 유효(커버리지 100%) | 최근 추세 하단(싼 구간) 접촉 | 추세 하단 부근 쌍바닥/Higher-Low 형태 | 쌍바닥 넥라인 돌파 확인 | 이동평균선 재돌파 | 재상승 후 5일선 지지,,102700.0,True,4.91,True,1.0,0.6015,True,92638.4615,101002.5641,102600.0,109366.6667,89859.3077,-1.65,6.49,True,True,False,13.98,True,True,False,,False,False,,2026-05-01,2026-05-31,102700.0,20,1,-1.363,101300.0,2026-05-15,-2.142,100500.0,2026-05-18,-4.869,97700.0,2026-05-19,-4.479,98100.0,2026-05-20,0.097,102800.0,2026-05-21,0.097,102800.0,2026-05-22,-0.584,102100.0,2026-05-26,-2.24,100400.0,2026-05-27,-5.648,96900.0,2026-05-28,-2.045,100600.0,2026-05-29,9.25,112200.0,2026-06-01,21.908,125200.0,2026-06-02,6.037,108900.0,2026-06-04,3.603,106400.0,2026-06-05,3.895,106700.0,2026-06-08,5.258,108100.0,2026-06-09,2.921,105700.0,2026-06-10,-2.629,100000.0,2026-06-11,0.292,103000.0,2026-06-12,2.629,105400.0,2026-06-15,2026-06-15,21.908,-5.648,35.833,-7.108,1,,,1.0,0.0,UPPER,2026-06-01
017670,SK텔레콤,2026-05-15,2026-05-15,WATCH,60,LOWER_CHANNEL_WATCH,중기 Higher High + Higher Low | 상승추세 안의 단기 조정 + 전저점 유지 | 상승 평행채널 유효(커버리지 96%) | 최근 추세 하단(싼 구간) 접촉 | 추세 하단 부근 쌍바닥/Higher-Low 형태 | 쌍바닥 넥라인 돌파 확인,,101300.0,True,6.2,True,0.9565,0.3534,True,96540.4762,103273.8095,108000.0,110007.1429,93644.2619,1.95,8.6,True,True,False,15.33,False,True,False,,False,False,,2026-05-01,2026-05-31,101300.0,20,1,-0.79,100500.0,2026-05-18,-3.554,97700.0,2026-05-19,-3.159,98100.0,2026-05-20,1.481,102800.0,2026-05-21,1.481,102800.0,2026-05-22,0.79,102100.0,2026-05-26,-0.888,100400.0,2026-05-27,-4.344,96900.0,2026-05-28,-0.691,100600.0,2026-05-29,10.76,112200.0,2026-06-01,23.593,125200.0,2026-06-02,7.502,108900.0,2026-06-04,5.035,106400.0,2026-06-05,5.331,106700.0,2026-06-08,6.713,108100.0,2026-06-09,4.344,105700.0,2026-06-10,-1.283,100000.0,2026-06-11,1.678,103000.0,2026-06-12,4.047,105400.0,2026-06-15,-1.185,100100.0,2026-06-16,2026-06-16,23.593,-4.344,37.71,-5.824,0,1.0,1.0,0.0,1.0,STOP,2026-05-28
017670,SK텔레콤,2026-05-18,2026-05-18,WATCH,65,LOWER_CHANNEL_WATCH,중기 Higher High + Higher Low | 상승추세 안의 단기 조정 + 전저점 유지 | 상승 평행채널 유효(커버리지 96%) | 최근 추세 하단(싼 구간) 접촉 | 현재도 채널 하단권 | 추세 하단 부근 쌍바닥/Higher-Low 형태 | 쌍바닥 넥라인 돌파 확인,,100500.0,True,6.94,True,0.9574,0.2443,True,97209.5238,103942.8571,108000.0,110676.1905,94293.2381,3.43,10.13,True,True,False,15.67,False,False,False,,False,False,,2026-05-01,2026-05-31,100500.0,20,1,-2.786,97700.0,2026-05-19,-2.388,98100.0,2026-05-20,2.289,102800.0,2026-05-21,2.289,102800.0,2026-05-22,1.592,102100.0,2026-05-26,-0.1,100400.0,2026-05-27,-3.582,96900.0,2026-05-28,0.1,100600.0,2026-05-29,11.642,112200.0,2026-06-01,24.577,125200.0,2026-06-02,8.358,108900.0,2026-06-04,5.871,106400.0,2026-06-05,6.169,106700.0,2026-06-08,7.562,108100.0,2026-06-09,5.174,105700.0,2026-06-10,-0.498,100000.0,2026-06-11,2.488,103000.0,2026-06-12,4.876,105400.0,2026-06-15,-0.398,100100.0,2026-06-16,-1.493,99000.0,2026-06-17,2026-06-17,24.577,-3.582,38.806,-5.075,0,1.0,1.0,0.0,1.0,STOP,2026-05-28
017670,SK텔레콤,2026-05-19,2026-05-19,WATCH,65,LOWER_CHANNEL_WATCH,중기 Higher High + Higher Low | 상승추세 안의 단기 조정 + 전저점 유지 | 상승 평행채널 유효(커버리지 96%) | 최근 추세 하단(싼 구간) 접촉 | 현재도 채널 하단권 | 추세 하단 부근 쌍바닥/Higher-Low 형태 | 쌍바닥 넥라인 돌파 확인,,97700.0,True,9.54,True,0.9583,-0.0133,True,97878.5714,104611.9048,108000.0,111345.2381,94942.2143,7.07,13.97,True,True,False,14.68,False,False,False,,False,False,,2026-05-01,2026-05-31,97700.0,20,1,0.409,98100.0,2026-05-20,5.22,102800.0,2026-05-21,5.22,102800.0,2026-05-22,4.504,102100.0,2026-05-26,2.764,100400.0,2026-05-27,-0.819,96900.0,2026-05-28,2.968,100600.0,2026-05-29,14.841,112200.0,2026-06-01,28.147,125200.0,2026-06-02,11.464,108900.0,2026-06-04,8.905,106400.0,2026-06-05,9.212,106700.0,2026-06-08,10.645,108100.0,2026-06-09,8.188,105700.0,2026-06-10,2.354,100000.0,2026-06-11,5.425,103000.0,2026-06-12,7.881,105400.0,2026-06-15,2.456,100100.0,2026-06-16,1.331,99000.0,2026-06-17,-1.842,95900.0,2026-06-18,2026-06-18,28.147,-1.842,42.784,-2.354,0,1.0,1.0,0.0,1.0,STOP,2026-05-28
017670,SK텔레콤,2026-05-20,2026-05-20,WATCH,65,LOWER_CHANNEL_WATCH,중기 Higher High + Higher Low | 상승추세 안의 단기 조정 + 전저점 유지 | 상승 평행채널 유효(커버리지 96%) | 최근 추세 하단(싼 구간) 접촉 | 현재도 채널 하단권 | 추세 하단 부근 쌍바닥/Higher-Low 형태 | 쌍바닥 넥라인 돌파 확인,,98100.0,True,9.17,True,0.9592,-0.0332,True,98547.619,105280.9524,108000.0,112014.2857,95591.1905,7.32,14.18,True,True,False,12.76,False,False,False,,False,False,,2026-05-01,2026-05-31,98100.0,20,1,4.791,102800.0,2026-05-21,4.791,102800.0,2026-05-22,4.077,102100.0,2026-05-26,2.345,100400.0,2026-05-27,-1.223,96900.0,2026-05-28,2.548,100600.0,2026-05-29,14.373,112200.0,2026-06-01,27.625,125200.0,2026-06-02,11.009,108900.0,2026-06-04,8.461,106400.0,2026-06-05,8.767,106700.0,2026-06-08,10.194,108100.0,2026-06-09,7.747,105700.0,2026-06-10,1.937,100000.0,2026-06-11,4.995,103000.0,2026-06-12,7.441,105400.0,2026-06-15,2.039,100100.0,2026-06-16,0.917,99000.0,2026-06-17,-2.243,95900.0,2026-06-18,-3.262,94900.0,2026-06-19,2026-06-19,27.625,-3.262,42.202,-6.524,0,1.0,1.0,0.0,1.0,STOP,2026-05-28
017670,SK텔레콤,2026-05-21,2026-05-21,CONFIRMED,75,LOWER_CHANNEL_CONFIRMED_REVERSAL,중기 Higher High + Higher Low | 상승추세 안의 단기 조정 + 전저점 유지 | 상승 평행채널 유효(커버리지 96%) | 최근 추세 하단(싼 구간) 접촉 | 현재도 채널 하단권 | 추세 하단 부근 쌍바닥/Higher-Low 형태 | 쌍바닥 넥라인 돌파 확인 | 이동평균선 재돌파 | 재상승 후 5일선 지지,,102800.0,True,4.81,True,0.96,0.2661,True,99216.6667,105950.0,108000.0,112683.3333,96240.1667,3.06,9.61,True,True,False,11.83,True,True,False,,False,False,,2026-05-01,2026-05-31,102800.0,20,1,0.0,102800.0,2026-05-22,-0.681,102100.0,2026-05-26,-2.335,100400.0,2026-05-27,-5.739,96900.0,2026-05-28,-2.14,100600.0,2026-05-29,9.144,112200.0,2026-06-01,21.79,125200.0,2026-06-02,5.934,108900.0,2026-06-04,3.502,106400.0,2026-06-05,3.794,106700.0,2026-06-08,5.156,108100.0,2026-06-09,2.821,105700.0,2026-06-10,-2.724,100000.0,2026-06-11,0.195,103000.0,2026-06-12,2.529,105400.0,2026-06-15,-2.626,100100.0,2026-06-16,-3.696,99000.0,2026-06-17,-6.712,95900.0,2026-06-18,-7.685,94900.0,2026-06-19,-8.366,94200.0,2026-06-22,2026-06-22,21.79,-8.366,35.7,-10.798,0,1.0,1.0,0.0,1.0,STOP,2026-05-28
017670,SK텔레콤,2026-05-22,2026-05-22,WATCH,70,LOWER_CHANNEL_WATCH,중기 Higher High + Higher Low | 상승추세 안의 단기 조정 + 전저점 유지 | 상승 평행채널 유효(커버리지 98%) | 최근 추세 하단(싼 구간) 접촉 | 현재도 채널 하단권 | 추세 하단 부근 쌍바닥/Higher-Low 형태 | 이동평균선 재돌파 | 재상승 후 5일선 지지,,102800.0,True,7.8,True,0.9804,0.3168,True,97907.1429,105629.7619,108000.0,113352.381,94969.9286,2.75,10.26,True,False,False,11.76,True,True,False,,False,False,,2026-05-01,2026-05-31,102800.0,20,1,-0.681,102100.0,2026-05-26,-2.335,100400.0,2026-05-27,-5.739,96900.0,2026-05-28,-2.14,100600.0,2026-05-29,9.144,112200.0,2026-06-01,21.79,125200.0,2026-06-02,5.934,108900.0,2026-06-04,3.502,106400.0,2026-06-05,3.794,106700.0,2026-06-08,5.156,108100.0,2026-06-09,2.821,105700.0,2026-06-10,-2.724,100000.0,2026-06-11,0.195,103000.0,2026-06-12,2.529,105400.0,2026-06-15,-2.626,100100.0,2026-06-16,-3.696,99000.0,2026-06-17,-6.712,95900.0,2026-06-18,-7.685,94900.0,2026-06-19,-8.366,94200.0,2026-06-22,-12.549,89900.0,2026-06-23,2026-06-23,21.79,-12.549,35.7,-12.938,0,0.0,0.0,0.0,1.0,STOP,2026-05-28
017670,SK텔레콤,2026-05-26,2026-05-26,WATCH,70,LOWER_CHANNEL_WATCH,중기 Higher High + Higher Low | 상승추세 안의 단기 조정 + 전저점 유지 | 상승 평행채널 유효(커버리지 98%) | 최근 추세 하단(싼 구간) 접촉 | 현재도 채널 하단권 | 추세 하단 부근 쌍바닥/Higher-Low 형태 | 이동평균선 재돌파 | 재상승 후 5일선 지지,,102100.0,True,8.43,True,0.9808,0.2281,True,98576.1905,106298.8095,108000.0,114021.4286,95618.9048,4.11,11.68,True,False,False,11.81,True,True,False,,False,False,,2026-05-01,2026-05-31,102100.0,20,1,-1.665,100400.0,2026-05-27,-5.093,96900.0,2026-05-28,-1.469,100600.0,2026-05-29,9.892,112200.0,2026-06-01,22.625,125200.0,2026-06-02,6.66,108900.0,2026-06-04,4.212,106400.0,2026-06-05,4.505,106700.0,2026-06-08,5.877,108100.0,2026-06-09,3.526,105700.0,2026-06-10,-2.057,100000.0,2026-06-11,0.881,103000.0,2026-06-12,3.232,105400.0,2026-06-15,-1.959,100100.0,2026-06-16,-3.036,99000.0,2026-06-17,-6.072,95900.0,2026-06-18,-7.052,94900.0,2026-06-19,-7.738,94200.0,2026-06-22,-11.949,89900.0,2026-06-23,-10.872,91000.0,2026-06-24,2026-06-24,22.625,-11.949,36.631,-13.222,0,0.0,0.0,0.0,1.0,STOP,2026-05-28
017670,SK텔레콤,2026-05-27,2026-05-27,WATCH,60,LOWER_CHANNEL_WATCH,중기 Higher High + Higher Low | 상승추세 안의 단기 조정 + 전저점 유지 | 상승 평행채널 유효(커버리지 98%) | 최근 추세 하단(싼 구간) 접촉 | 현재도 채널 하단권 | 추세 하단 부근 쌍바닥/Higher-Low 형태,,100400.0,True,9.96,True,0.9811,0.0748,True,99245.2381,106967.8571,108000.0,114690.4762,96267.881,6.54,14.23,True,False,False,12.25,False,True,False,,False,False,,2026-05-01,2026-05-31,100400.0,20,1,-3.486,96900.0,2026-05-28,0.199,100600.0,2026-05-29,11.753,112200.0,2026-06-01,24.701,125200.0,2026-06-02,8.466,108900.0,2026-06-04,5.976,106400.0,2026-06-05,6.275,106700.0,2026-06-08,7.669,108100.0,2026-06-09,5.279,105700.0,2026-06-10,-0.398,100000.0,2026-06-11,2.59,103000.0,2026-06-12,4.98,105400.0,2026-06-15,-0.299,100100.0,2026-06-16,-1.394,99000.0,2026-06-17,-4.482,95900.0,2026-06-18,-5.478,94900.0,2026-06-19,-6.175,94200.0,2026-06-22,-10.458,89900.0,2026-06-23,-9.363,91000.0,2026-06-24,-8.964,91400.0,2026-06-25,2026-06-25,24.701,-10.458,38.944,-11.753,0,0.0,0.0,0.0,1.0,STOP,2026-05-28
017670,SK텔레콤,2026-05-28,2026-05-28,WATCH,60,LOWER_CHANNEL_WATCH,중기 Higher High + Higher Low | 상승추세 안의 단기 조정 + 전저점 유지 | 상승 평행채널 유효(커버리지 100%) | 최근 추세 하단(싼 구간) 접촉 | 현재도 채널 하단권 | 추세 하단 부근 쌍바닥/Higher-Low 형태,,96900.0,True,13.09,True,1.0,-0.0126,True,97096.5517,104908.6207,111500.0,112720.6897,94183.6552,8.26,16.33,True,False,False,12.15,False,False,False,,False,False,,2026-05-01,2026-05-31,96900.0,20,1,3.818,100600.0,2026-05-29,15.789,112200.0,2026-06-01,29.205,125200.0,2026-06-02,12.384,108900.0,2026-06-04,9.804,106400.0,2026-06-05,10.114,106700.0,2026-06-08,11.558,108100.0,2026-06-09,9.082,105700.0,2026-06-10,3.199,100000.0,2026-06-11,6.295,103000.0,2026-06-12,8.772,105400.0,2026-06-15,3.302,100100.0,2026-06-16,2.167,99000.0,2026-06-17,-1.032,95900.0,2026-06-18,-2.064,94900.0,2026-06-19,-2.786,94200.0,2026-06-22,-7.224,89900.0,2026-06-23,-6.089,91000.0,2026-06-24,-5.676,91400.0,2026-06-25,-6.502,90600.0,2026-06-26,2026-06-26,29.205,-7.224,43.963,-10.01,0,1.0,1.0,1.0,0.0,UPPER,2026-06-01
017670,SK텔레콤,2026-05-29,2026-05-29,WATCH,68,LOWER_CHANNEL_WATCH,중기 Higher High + Higher Low | 상승추세 안의 단기 조정 + 전저점 유지 | 상승 평행채널 유효(커버리지 100%) | 최근 추세 하단(싼 구간) 접촉 | 현재도 채널 하단권 | 추세 하단 부근 쌍바닥/Higher-Low 형태 | 이동평균선 재돌파,,100600.0,True,9.78,True,1.0,0.1982,True,97503.4483,105315.5172,111500.0,113127.5862,94578.3448,4.69,12.45,True,False,False,10.89,True,False,False,,False,False,,2026-05-01,2026-05-31,100600.0,20,1,11.531,112200.0,2026-06-01,24.453,125200.0,2026-06-02,8.25,108900.0,2026-06-04,5.765,106400.0,2026-06-05,6.064,106700.0,2026-06-08,7.455,108100.0,2026-06-09,5.07,105700.0,2026-06-10,-0.596,100000.0,2026-06-11,2.386,103000.0,2026-06-12,4.771,105400.0,2026-06-15,-0.497,100100.0,2026-06-16,-1.59,99000.0,2026-06-17,-4.672,95900.0,2026-06-18,-5.666,94900.0,2026-06-19,-6.362,94200.0,2026-06-22,-10.636,89900.0,2026-06-23,-9.543,91000.0,2026-06-24,-9.145,91400.0,2026-06-25,-9.94,90600.0,2026-06-26,-10.338,90200.0,2026-06-29,2026-06-29,24.453,-10.636,38.668,-13.519,0,1.0,1.0,1.0,0.0,UPPER,2026-06-01
033780,KT&G,2026-05-04,2026-05-04,WATCH,65,LOWER_CHANNEL_WATCH,중기 Higher High + Higher Low | 상승 평행채널 유효(커버리지 100%) | 최근 추세 하단(싼 구간) 접촉 | 현재도 채널 하단권 | 추세 하단 부근 쌍바닥/Higher-Low 형태 | 쌍바닥 넥라인 돌파 확인 | 이동평균선 재돌파 | 재상승 후 5일선 지지,,179600.0,True,1.21,True,1.0,0.3065,True,167196.7213,187431.9672,164800.0,207667.2131,162960.0,4.36,15.63,True,True,False,7.65,True,True,False,,False,False,,2026-05-01,2026-05-31,179600.0,20,1,-2.339,175400.0,2026-05-06,-1.615,176700.0,2026-05-07,0.78,181000.0,2026-05-08,0.39,180300.0,2026-05-11,1.392,182100.0,2026-05-12,-0.891,178000.0,2026-05-13,5.234,189000.0,2026-05-14,0.111,179800.0,2026-05-15,-0.78,178200.0,2026-05-18,-1.336,177200.0,2026-05-19,-0.78,178200.0,2026-05-20,0.78,181000.0,2026-05-21,4.677,188000.0,2026-05-22,1.392,182100.0,2026-05-26,0.056,179700.0,2026-05-27,2.283,183700.0,2026-05-28,2.84,184700.0,2026-05-29,3.062,185100.0,2026-06-01,2.784,184600.0,2026-06-02,-2.116,175800.0,2026-06-04,2026-06-04,5.234,-2.339,5.791,-3.731,0,0.0,,0.0,0.0,TIMEOUT,2026-06-04
033780,KT&G,2026-05-06,2026-05-06,WATCH,65,LOWER_CHANNEL_WATCH,중기 Higher High + Higher Low | 상승추세 안의 단기 조정 + 전저점 유지 | 상승 평행채널 유효(커버리지 100%) | 최근 추세 하단(싼 구간) 접촉 | 현재도 채널 하단권 | 추세 하단 부근 쌍바닥/Higher-Low 형태 | 쌍바닥 넥라인 돌파 확인,,175400.0,True,3.52,True,1.0,0.1886,True,167765.5738,188000.8197,164800.0,208236.0656,162960.0,7.18,18.72,True,True,False,7.39,False,True,False,,False,False,,2026-05-01,2026-05-31,175400.0,20,1,0.741,176700.0,2026-05-07,3.193,181000.0,2026-05-08,2.794,180300.0,2026-05-11,3.82,182100.0,2026-05-12,1.482,178000.0,2026-05-13,7.754,189000.0,2026-05-14,2.509,179800.0,2026-05-15,1.596,178200.0,2026-05-18,1.026,177200.0,2026-05-19,1.596,178200.0,2026-05-20,3.193,181000.0,2026-05-21,7.184,188000.0,2026-05-22,3.82,182100.0,2026-05-26,2.452,179700.0,2026-05-27,4.732,183700.0,2026-05-28,5.302,184700.0,2026-05-29,5.53,185100.0,2026-06-01,5.245,184600.0,2026-06-02,0.228,175800.0,2026-06-04,2.223,179300.0,2026-06-05,2026-06-05,7.754,0.228,8.324,-1.425,1,0.0,,0.0,0.0,TIMEOUT,2026-06-05
033780,KT&G,2026-05-08,2026-05-08,WATCH,65,LOWER_CHANNEL_WATCH,중기 Higher High + Higher Low | 상승 평행채널 유효(커버리지 100%) | 최근 추세 하단(싼 구간) 접촉 | 현재도 채널 하단권 | 추세 하단 부근 쌍바닥/Higher-Low 형태 | 쌍바닥 넥라인 돌파 확인 | 이동평균선 재돌파 | 재상승 후 5일선 지지,,181000.0,True,1.36,True,1.0,0.2989,True,168903.2787,189138.5246,164800.0,209373.7705,163836.1803,4.5,15.68,True,True,False,7.2,True,True,False,,False,False,,2026-05-01,2026-05-31,181000.0,20,1,-0.387,180300.0,2026-05-11,0.608,182100.0,2026-05-12,-1.657,178000.0,2026-05-13,4.42,189000.0,2026-05-14,-0.663,179800.0,2026-05-15,-1.547,178200.0,2026-05-18,-2.099,177200.0,2026-05-19,-1.547,178200.0,2026-05-20,0.0,181000.0,2026-05-21,3.867,188000.0,2026-05-22,0.608,182100.0,2026-05-26,-0.718,179700.0,2026-05-27,1.492,183700.0,2026-05-28,2.044,184700.0,2026-05-29,2.265,185100.0,2026-06-01,1.989,184600.0,2026-06-02,-2.873,175800.0,2026-06-04,-0.939,179300.0,2026-06-05,-2.099,177200.0,2026-06-08,1.823,184300.0,2026-06-09,2026-06-09,4.42,-2.873,4.972,-4.309,1,0.0,,0.0,1.0,STOP,2026-06-08
033780,KT&G,2026-05-11,2026-05-11,WATCH,65,LOWER_CHANNEL_WATCH,중기 Higher High + Higher Low | 상승 평행채널 유효(커버리지 100%) | 최근 추세 하단(싼 구간) 접촉 | 현재도 채널 하단권 | 추세 하단 부근 쌍바닥/Higher-Low 형태 | 쌍바닥 넥라인 돌파 확인 | 이동평균선 재돌파 | 재상승 후 5일선 지지,,180300.0,True,2.01,True,1.0,0.2675,True,169472.1311,189707.377,164800.0,209942.623,164387.9672,5.22,16.44,True,True,False,7.29,True,True,False,,False,False,,2026-05-01,2026-05-31,180300.0,20,1,0.998,182100.0,2026-05-12,-1.276,178000.0,2026-05-13,4.825,189000.0,2026-05-14,-0.277,179800.0,2026-05-15,-1.165,178200.0,2026-05-18,-1.719,177200.0,2026-05-19,-1.165,178200.0,2026-05-20,0.388,181000.0,2026-05-21,4.271,188000.0,2026-05-22,0.998,182100.0,2026-05-26,-0.333,179700.0,2026-05-27,1.886,183700.0,2026-05-28,2.44,184700.0,2026-05-29,2.662,185100.0,2026-06-01,2.385,184600.0,2026-06-02,-2.496,175800.0,2026-06-04,-0.555,179300.0,2026-06-05,-1.719,177200.0,2026-06-08,2.219,184300.0,2026-06-09,2.662,185100.0,2026-06-10,2026-06-10,4.825,-2.496,5.38,-3.938,1,0.0,,0.0,1.0,STOP,2026-06-08
033780,KT&G,2026-05-12,2026-05-12,WATCH,65,LOWER_CHANNEL_WATCH,중기 Higher High + Higher Low | 상승 평행채널 유효(커버리지 100%) | 최근 추세 하단(싼 구간) 접촉 | 현재도 채널 하단권 | 추세 하단 부근 쌍바닥/Higher-Low 형태 | 쌍바닥 넥라인 돌파 확인 | 이동평균선 재돌파 | 재상승 후 5일선 지지,,182100.0,True,1.46,True,1.0,0.298,True,170040.9836,190276.2295,164800.0,210511.4754,167713.0,4.49,15.6,True,True,False,7.37,True,True,False,,False,False,,2026-05-01,2026-05-31,182100.0,20,1,-2.252,178000.0,2026-05-13,3.789,189000.0,2026-05-14,-1.263,179800.0,2026-05-15,-2.142,178200.0,2026-05-18,-2.691,177200.0,2026-05-19,-2.142,178200.0,2026-05-20,-0.604,181000.0,2026-05-21,3.24,188000.0,2026-05-22,0.0,182100.0,2026-05-26,-1.318,179700.0,2026-05-27,0.879,183700.0,2026-05-28,1.428,184700.0,2026-05-29,1.647,185100.0,2026-06-01,1.373,184600.0,2026-06-02,-3.46,175800.0,2026-06-04,-1.538,179300.0,2026-06-05,-2.691,177200.0,2026-06-08,1.208,184300.0,2026-06-09,1.647,185100.0,2026-06-10,1.647,185100.0,2026-06-11,2026-06-11,3.789,-3.46,4.338,-4.887,1,0.0,,0.0,1.0,STOP,2026-06-08
033780,KT&G,2026-05-13,2026-05-13,WATCH,60,LOWER_CHANNEL_WATCH,중기 Higher High + Higher Low | 상승추세 안의 단기 조정 + 전저점 유지 | 상승 평행채널 유효(커버리지 100%) | 최근 추세 하단(싼 구간) 접촉 | 현재도 채널 하단권 | 추세 하단 부근 쌍바닥/Higher-Low 형태,,178000.0,True,4.3,True,1.0,0.1826,True,170609.8361,190845.082,164800.0,211080.3279,167713.0,7.22,18.58,True,False,False,7.78,False,True,False,,False,False,,2026-05-01,2026-05-31,178000.0,20,1,6.18,189000.0,2026-05-14,1.011,179800.0,2026-05-15,0.112,178200.0,2026-05-18,-0.449,177200.0,2026-05-19,0.112,178200.0,2026-05-20,1.685,181000.0,2026-05-21,5.618,188000.0,2026-05-22,2.303,182100.0,2026-05-26,0.955,179700.0,2026-05-27,3.202,183700.0,2026-05-28,3.764,184700.0,2026-05-29,3.989,185100.0,2026-06-01,3.708,184600.0,2026-06-02,-1.236,175800.0,2026-06-04,0.73,179300.0,2026-06-05,-0.449,177200.0,2026-06-08,3.539,184300.0,2026-06-09,3.989,185100.0,2026-06-10,3.989,185100.0,2026-06-11,5.506,187800.0,2026-06-12,2026-06-12,6.18,-1.236,6.742,-2.697,1,0.0,,0.0,1.0,STOP,2026-06-08
033780,KT&G,2026-05-14,2026-05-14,WATCH,60,LOWER_CHANNEL_WATCH,중기 Higher High + Higher Low | 상승 평행채널 유효(커버리지 100%) | 최근 추세 하단(싼 구간) 접촉 | 추세 하단 부근 쌍바닥/Higher-Low 형태 | 쌍바닥 넥라인 돌파 확인 | 이동평균선 재돌파 | 재상승 후 5일선 지지,,189000.0,True,0.26,True,1.0,0.4404,True,171178.6885,191413.9344,164800.0,211649.1803,167713.0,1.28,11.98,True,True,False,8.47,True,True,False,,False,False,,2026-05-01,2026-05-31,189000.0,20,1,-4.868,179800.0,2026-05-15,-5.714,178200.0,2026-05-18,-6.243,177200.0,2026-05-19,-5.714,178200.0,2026-05-20,-4.233,181000.0,2026-05-21,-0.529,188000.0,2026-05-22,-3.651,182100.0,2026-05-26,-4.921,179700.0,2026-05-27,-2.804,183700.0,2026-05-28,-2.275,184700.0,2026-05-29,-2.063,185100.0,2026-06-01,-2.328,184600.0,2026-06-02,-6.984,175800.0,2026-06-04,-5.132,179300.0,2026-06-05,-6.243,177200.0,2026-06-08,-2.487,184300.0,2026-06-09,-2.063,185100.0,2026-06-10,-2.063,185100.0,2026-06-11,-0.635,187800.0,2026-06-12,-0.265,188500.0,2026-06-15,2026-06-15,-0.265,-6.984,1.587,-8.36,0,0.0,,0.0,1.0,STOP,2026-06-08
033780,KT&G,2026-05-15,2026-05-15,WATCH,60,LOWER_CHANNEL_WATCH,중기 Higher High + Higher Low | 상승추세 안의 단기 조정 + 전저점 유지 | 상승 평행채널 유효(커버리지 100%) | 최근 추세 하단(싼 구간) 접촉 | 현재도 채널 하단권 | 추세 하단 부근 쌍바닥/Higher-Low 형태,,179800.0,True,5.12,True,1.0,0.199,True,171747.541,191982.7869,164800.0,212218.0328,167713.0,6.78,18.03,True,False,False,8.7,False,True,False,,False,False,,2026-05-01,2026-05-31,179800.0,20,1,-0.89,178200.0,2026-05-18,-1.446,177200.0,2026-05-19,-0.89,178200.0,2026-05-20,0.667,181000.0,2026-05-21,4.561,188000.0,2026-05-22,1.279,182100.0,2026-05-26,-0.056,179700.0,2026-05-27,2.169,183700.0,2026-05-28,2.725,184700.0,2026-05-29,2.948,185100.0,2026-06-01,2.67,184600.0,2026-06-02,-2.225,175800.0,2026-06-04,-0.278,179300.0,2026-06-05,-1.446,177200.0,2026-06-08,2.503,184300.0,2026-06-09,2.948,185100.0,2026-06-10,2.948,185100.0,2026-06-11,4.449,187800.0,2026-06-12,4.839,188500.0,2026-06-15,2.892,185000.0,2026-06-16,2026-06-16,4.839,-2.225,7.008,-3.671,1,0.0,,0.0,1.0,STOP,2026-06-08
033780,KT&G,2026-05-18,2026-05-18,WATCH,60,LOWER_CHANNEL_WATCH,중기 Higher High + Higher Low | 상승추세 안의 단기 조정 + 전저점 유지 | 상승 평행채널 유효(커버리지 100%) | 최근 추세 하단(싼 구간) 접촉 | 현재도 채널 하단권 | 추세 하단 부근 쌍바닥/Higher-Low 형태,,178200.0,True,5.96,True,1.0,0.1454,True,172316.3934,192551.6393,164800.0,212786.8852,167713.0,8.05,19.41,True,False,False,8.5,False,False,False,,False,False,,2026-05-01,2026-05-31,178200.0,20,1,-0.561,177200.0,2026-05-19,0.0,178200.0,2026-05-20,1.571,181000.0,2026-05-21,5.499,188000.0,2026-05-22,2.189,182100.0,2026-05-26,0.842,179700.0,2026-05-27,3.086,183700.0,2026-05-28,3.648,184700.0,2026-05-29,3.872,185100.0,2026-06-01,3.591,184600.0,2026-06-02,-1.347,175800.0,2026-06-04,0.617,179300.0,2026-06-05,-0.561,177200.0,2026-06-08,3.423,184300.0,2026-06-09,3.872,185100.0,2026-06-10,3.872,185100.0,2026-06-11,5.387,187800.0,2026-06-12,5.78,188500.0,2026-06-15,3.816,185000.0,2026-06-16,5.051,187200.0,2026-06-17,2026-06-17,5.78,-1.347,7.969,-2.806,1,0.0,,0.0,1.0,STOP,2026-06-08
267250,HD현대,2026-05-08,2026-05-08,WATCH,60,LOWER_CHANNEL_WATCH,중기 Higher High + Higher Low | 상승추세 안의 단기 조정 + 전저점 유지 | 상승 평행채널 유효(커버리지 100%) | 최근 추세 하단(싼 구간) 접촉 | 추세 하단 부근 쌍바닥/Higher-Low 형태 | 쌍바닥 넥라인 돌파 확인,,289000.0,True,13.21,True,1.0,0.3541,True,263013.5135,299709.4595,333000.0,336405.4054,260930.0,3.71,16.4,True,True,False,9.88,False,False,False,,False,False,,2026-05-01,2026-05-31,289000.0,20,1,1.557,293500.0,2026-05-11,-0.692,287000.0,2026-05-12,3.287,298500.0,2026-05-13,-3.46,279000.0,2026-05-14,-6.747,269500.0,2026-05-15,-6.92,269000.0,2026-05-18,-8.304,265000.0,2026-05-19,-10.381,259000.0,2026-05-20,-3.979,277500.0,2026-05-21,-2.422,282000.0,2026-05-22,0.173,289500.0,2026-05-26,-1.211,285500.0,2026-05-27,-4.671,275500.0,2026-05-28,-3.979,277500.0,2026-05-29,-2.768,281000.0,2026-06-01,-4.325,276500.0,2026-06-02,-3.114,280000.0,2026-06-04,-6.055,271500.0,2026-06-05,-14.187,248000.0,2026-06-08,-16.609,241000.0,2026-06-09,2026-06-09,3.287,-16.609,8.478,-17.993,0,1.0,0.0,0.0,1.0,STOP,2026-05-18
267250,HD현대,2026-05-11,2026-05-11,WATCH,70,LOWER_CHANNEL_WATCH,중기 Higher High + Higher Low | 상승추세 안의 단기 조정 + 전저점 유지 | 상승 평행채널 유효(커버리지 100%) | 최근 추세 하단(싼 구간) 접촉 | 추세 하단 부근 쌍바닥/Higher-Low 형태 | 쌍바닥 넥라인 돌파 확인 | 이동평균선 재돌파 | 재상승 후 5일선 지지,,293500.0,True,11.86,True,1.0,0.3999,True,264148.6486,300844.5946,333000.0,337540.5405,260930.0,2.5,15.01,True,True,False,8.25,True,True,False,,False,False,,2026-05-01,2026-05-31,293500.0,20,1,-2.215,287000.0,2026-05-12,1.704,298500.0,2026-05-13,-4.94,279000.0,2026-05-14,-8.177,269500.0,2026-05-15,-8.348,269000.0,2026-05-18,-9.71,265000.0,2026-05-19,-11.755,259000.0,2026-05-20,-5.451,277500.0,2026-05-21,-3.918,282000.0,2026-05-22,-1.363,289500.0,2026-05-26,-2.726,285500.0,2026-05-27,-6.133,275500.0,2026-05-28,-5.451,277500.0,2026-05-29,-4.259,281000.0,2026-06-01,-5.792,276500.0,2026-06-02,-4.6,280000.0,2026-06-04,-7.496,271500.0,2026-06-05,-15.503,248000.0,2026-06-08,-17.888,241000.0,2026-06-09,-17.376,242500.0,2026-06-10,2026-06-10,1.704,-17.888,4.429,-19.932,0,1.0,0.0,0.0,1.0,STOP,2026-05-18
267250,HD현대,2026-05-12,2026-05-12,WATCH,65,LOWER_CHANNEL_WATCH,중기 Higher High + Higher Low | 상승추세 안의 단기 조정 + 전저점 유지 | 상승 평행채널 유효(커버리지 100%) | 최근 추세 하단(싼 구간) 접촉 | 현재도 채널 하단권 | 추세 하단 부근 쌍바닥/Higher-Low 형태 | 쌍바닥 넥라인 돌파 확인,,287000.0,True,13.81,True,1.0,0.2959,True,265283.7838,301979.7297,333000.0,338675.6757,260930.0,5.22,18.01,True,True,False,7.12,False,False,False,,False,False,,2026-05-01,2026-05-31,287000.0,20,1,4.007,298500.0,2026-05-13,-2.787,279000.0,2026-05-14,-6.098,269500.0,2026-05-15,-6.272,269000.0,2026-05-18,-7.666,265000.0,2026-05-19,-9.756,259000.0,2026-05-20,-3.31,277500.0,2026-05-21,-1.742,282000.0,2026-05-22,0.871,289500.0,2026-05-26,-0.523,285500.0,2026-05-27,-4.007,275500.0,2026-05-28,-3.31,277500.0,2026-05-29,-2.091,281000.0,2026-06-01,-3.659,276500.0,2026-06-02,-2.439,280000.0,2026-06-04,-5.401,271500.0,2026-06-05,-13.589,248000.0,2026-06-08,-16.028,241000.0,2026-06-09,-15.505,242500.0,2026-06-10,-14.46,245500.0,2026-06-11,2026-06-11,4.007,-16.028,6.794,-19.338,0,1.0,0.0,0.0,1.0,STOP,2026-05-18
267250,HD현대,2026-05-13,2026-05-13,WATCH,68,LOWER_CHANNEL_WATCH,중기 Higher High + Higher Low | 상승추세 안의 단기 조정 + 전저점 유지 | 상승 평행채널 유효(커버리지 100%) | 최근 추세 하단(싼 구간) 접촉 | 추세 하단 부근 쌍바닥/Higher-Low 형태 | 쌍바닥 넥라인 돌파 확인 | 이동평균선 재돌파,,298500.0,True,10.36,True,1.0,0.4371,True,266418.9189,303114.8649,333000.0,339810.8108,260930.0,1.55,13.84,True,True,False,7.41,True,False,False,,False,False,,2026-05-01,2026-05-31,298500.0,20,1,-6.533,279000.0,2026-05-14,-9.715,269500.0,2026-05-15,-9.883,269000.0,2026-05-18,-11.223,265000.0,2026-05-19,-13.233,259000.0,2026-05-20,-7.035,277500.0,2026-05-21,-5.528,282000.0,2026-05-22,-3.015,289500.0,2026-05-26,-4.355,285500.0,2026-05-27,-7.705,275500.0,2026-05-28,-7.035,277500.0,2026-05-29,-5.863,281000.0,2026-06-01,-7.37,276500.0,2026-06-02,-6.198,280000.0,2026-06-04,-9.045,271500.0,2026-06-05,-16.918,248000.0,2026-06-08,-19.263,241000.0,2026-06-09,-18.76,242500.0,2026-06-10,-17.755,245500.0,2026-06-11,-18.258,244000.0,2026-06-12,2026-06-12,-3.015,-19.263,2.68,-22.446,0,1.0,0.0,0.0,1.0,STOP,2026-05-18
307950,현대오토에버,2026-05-04,2026-05-04,WATCH,65,LOWER_CHANNEL_WATCH,중기 Higher High + Higher Low | 상승추세 안의 단기 조정 + 전저점 유지 | 상승 평행채널 유효(커버리지 100%) | 최근 추세 하단(싼 구간) 접촉 | 현재도 채널 하단권 | 추세 하단 부근 쌍바닥/Higher-Low 형태 | 쌍바닥 넥라인 돌파 확인,,446000.0,True,10.44,True,1.0,-0.0155,True,447000.0,479333.3333,498000.0,511666.6667,433590.0,7.47,14.72,True,True,False,8.27,False,False,False,,False,False,,2026-05-01,2026-05-31,446000.0,20,1,-1.121,441000.0,2026-05-06,2.13,455500.0,2026-05-07,32.735,592000.0,2026-05-08,42.377,635000.0,2026-05-11,37.892,615000.0,2026-05-12,56.726,699000.0,2026-05-13,54.484,689000.0,2026-05-14,45.291,648000.0,2026-05-15,33.632,596000.0,2026-05-18,20.179,536000.0,2026-05-19,25.112,558000.0,2026-05-20,41.031,629000.0,2026-05-21,41.48,631000.0,2026-05-22,43.049,638000.0,2026-05-26,71.525,765000.0,2026-05-27,67.265,746000.0,2026-05-28,108.744,931000.0,2026-05-29,110.314,938000.0,2026-06-01,101.345,898000.0,2026-06-02,88.117,839000.0,2026-06-04,2026-06-04,110.314,-1.121,139.013,-1.906,1,0.0,0.0,0.0,1.0,STOP,2026-05-06
307950,현대오토에버,2026-05-07,2026-05-07,CONFIRMED,75,LOWER_CHANNEL_CONFIRMED_REVERSAL,중기 Higher High + Higher Low | 상승추세 안의 단기 조정 + 전저점 유지 | 상승 평행채널 유효(커버리지 96%) | 최근 추세 하단(싼 구간) 접촉 | 현재도 채널 하단권 | 추세 하단 부근 쌍바닥/Higher-Low 형태 | 쌍바닥 넥라인 돌파 확인 | 이동평균선 재돌파 | 재상승 후 5일선 지지,,455500.0,True,8.53,True,0.9583,-0.0095,True,456111.1111,488444.4444,498000.0,520777.7778,442427.7778,7.23,14.33,True,True,False,7.08,True,True,False,,False,False,,2026-05-01,2026-05-31,455500.0,20,1,29.967,592000.0,2026-05-08,39.407,635000.0,2026-05-11,35.016,615000.0,2026-05-12,53.458,699000.0,2026-05-13,51.262,689000.0,2026-05-14,42.261,648000.0,2026-05-15,30.845,596000.0,2026-05-18,17.673,536000.0,2026-05-19,22.503,558000.0,2026-05-20,38.09,629000.0,2026-05-21,38.529,631000.0,2026-05-22,40.066,638000.0,2026-05-26,67.947,765000.0,2026-05-27,63.776,746000.0,2026-05-28,104.391,931000.0,2026-05-29,105.928,938000.0,2026-06-01,97.146,898000.0,2026-06-02,84.193,839000.0,2026-06-04,83.535,836000.0,2026-06-05,65.093,752000.0,2026-06-08,2026-06-08,105.928,17.673,134.029,5.598,1,1.0,1.0,1.0,0.0,UPPER,2026-05-08
307950,현대오토에버,2026-05-08,2026-05-08,WATCH,60,LOWER_CHANNEL_WATCH,중기 Higher High + Higher Low | 상승 평행채널 유효(커버리지 92%) | 최근 추세 하단(싼 구간) 접촉 | 추세 하단 부근 쌍바닥/Higher-Low 형태 | 쌍바닥 넥라인 돌파 확인 | 이동평균선 재돌파 | 재상승 후 5일선 지지,,592000.0,True,0.0,True,0.92,2.0309,True,460666.6667,493000.0,498000.0,525333.3333,446846.6667,-16.72,-11.26,True,True,False,8.94,True,True,False,,False,False,,2026-05-01,2026-05-31,592000.0,20,1,7.264,635000.0,2026-05-11,3.885,615000.0,2026-05-12,18.074,699000.0,2026-05-13,16.385,689000.0,2026-05-14,9.459,648000.0,2026-05-15,0.676,596000.0,2026-05-18,-9.459,536000.0,2026-05-19,-5.743,558000.0,2026-05-20,6.25,629000.0,2026-05-21,6.588,631000.0,2026-05-22,7.77,638000.0,2026-05-26,29.223,765000.0,2026-05-27,26.014,746000.0,2026-05-28,57.264,931000.0,2026-05-29,58.446,938000.0,2026-06-01,51.689,898000.0,2026-06-02,41.723,839000.0,2026-06-04,41.216,836000.0,2026-06-05,27.027,752000.0,2026-06-08,16.047,687000.0,2026-06-09,2026-06-09,58.446,-9.459,80.068,-11.993,1,,,,0.0,TIMEOUT,2026-06-09
307950,현대오토에버,2026-05-11,2026-05-11,WATCH,70,LOWER_CHANNEL_WATCH,중기 Higher High + Higher Low | 상승추세 안의 단기 조정 + 전저점 유지 | 상승 평행채널 유효(커버리지 88%) | 최근 추세 하단(싼 구간) 접촉 | 추세 하단 부근 쌍바닥/Higher-Low 형태 | 쌍바닥 넥라인 돌파 확인 | 이동평균선 재돌파 | 재상승 후 5일선 지지,,635000.0,True,6.07,True,0.8846,2.6254,True,465222.2222,497555.5556,498000.0,529888.8889,451265.5556,-21.64,-16.55,True,True,False,13.51,True,True,False,,False,False,,2026-05-01,2026-05-31,635000.0,20,1,-3.15,615000.0,2026-05-12,10.079,699000.0,2026-05-13,8.504,689000.0,2026-05-14,2.047,648000.0,2026-05-15,-6.142,596000.0,2026-05-18,-15.591,536000.0,2026-05-19,-12.126,558000.0,2026-05-20,-0.945,629000.0,2026-05-21,-0.63,631000.0,2026-05-22,0.472,638000.0,2026-05-26,20.472,765000.0,2026-05-27,17.48,746000.0,2026-05-28,46.614,931000.0,2026-05-29,47.717,938000.0,2026-06-01,41.417,898000.0,2026-06-02,32.126,839000.0,2026-06-04,31.654,836000.0,2026-06-05,18.425,752000.0,2026-06-08,8.189,687000.0,2026-06-09,7.559,683000.0,2026-06-10,2026-06-10,47.717,-15.591,67.874,-17.953,1,,,,0.0,TIMEOUT,2026-06-10
307950,현대오토에버,2026-05-12,2026-05-12,WATCH,70,LOWER_CHANNEL_WATCH,중기 Higher High + Higher Low | 상승추세 안의 단기 조정 + 전저점 유지 | 상승 평행채널 유효(커버리지 85%) | 최근 추세 하단(싼 구간) 접촉 | 추세 하단 부근 쌍바닥/Higher-Low 형태 | 쌍바닥 넥라인 돌파 확인 | 이동평균선 재돌파 | 재상승 후 5일선 지지,,615000.0,True,9.02,True,0.8519,2.2457,True,469777.7778,502111.1111,498000.0,534444.4444,455684.4444,-18.36,-13.1,True,True,False,18.9,True,True,False,,False,False,,2026-05-01,2026-05-31,615000.0,20,1,13.659,699000.0,2026-05-13,12.033,689000.0,2026-05-14,5.366,648000.0,2026-05-15,-3.089,596000.0,2026-05-18,-12.846,536000.0,2026-05-19,-9.268,558000.0,2026-05-20,2.276,629000.0,2026-05-21,2.602,631000.0,2026-05-22,3.74,638000.0,2026-05-26,24.39,765000.0,2026-05-27,21.301,746000.0,2026-05-28,51.382,931000.0,2026-05-29,52.52,938000.0,2026-06-01,46.016,898000.0,2026-06-02,36.423,839000.0,2026-06-04,35.935,836000.0,2026-06-05,22.276,752000.0,2026-06-08,11.707,687000.0,2026-06-09,11.057,683000.0,2026-06-10,15.447,710000.0,2026-06-11,2026-06-11,52.52,-12.846,73.333,-15.285,1,,,,0.0,TIMEOUT,2026-06-11
307950,현대오토에버,2026-05-19,2026-05-19,WATCH,60,LOWER_CHANNEL_WATCH,중기 Higher High + Higher Low | 상승추세 안의 단기 조정 + 전저점 유지 | 상승 평행채널 유효(커버리지 75%) | 최근 추세 하단(싼 구간) 접촉 | 추세 하단 부근 쌍바닥/Higher-Low 형태 | 쌍바닥 넥라인 돌파 확인,,536000.0,True,25.86,True,0.75,0.6718,True,492555.5556,524888.8889,498000.0,557222.2222,477778.8889,-2.07,3.96,True,True,False,34.73,False,False,False,,False,False,,2026-05-01,2026-05-31,536000.0,20,1,4.104,558000.0,2026-05-20,17.351,629000.0,2026-05-21,17.724,631000.0,2026-05-22,19.03,638000.0,2026-05-26,42.724,765000.0,2026-05-27,39.179,746000.0,2026-05-28,73.694,931000.0,2026-05-29,75.0,938000.0,2026-06-01,67.537,898000.0,2026-06-02,56.53,839000.0,2026-06-04,55.97,836000.0,2026-06-05,40.299,752000.0,2026-06-08,28.172,687000.0,2026-06-09,27.425,683000.0,2026-06-10,32.463,710000.0,2026-06-11,27.612,684000.0,2026-06-12,39.179,746000.0,2026-06-15,33.582,716000.0,2026-06-16,28.918,691000.0,2026-06-17,24.627,668000.0,2026-06-18,2026-06-18,75.0,4.104,98.881,-2.799,1,,,1.0,0.0,UPPER,2026-05-20
307950,현대오토에버,2026-05-20,2026-05-20,WATCH,60,LOWER_CHANNEL_WATCH,중기 Higher High + Higher Low | 상승추세 안의 단기 조정 + 전저점 유지 | 상승 평행채널 유효(커버리지 76%) | 최근 추세 하단(싼 구간) 접촉 | 추세 하단 부근 쌍바닥/Higher-Low 형태 | 쌍바닥 넥라인 돌파 확인,,558000.0,True,22.82,True,0.7576,0.9416,True,497111.1111,529444.4444,498000.0,561777.7778,482197.7778,-5.12,0.68,True,True,False,27.94,False,False,False,,False,False,,2026-05-01,2026-05-31,558000.0,20,1,12.724,629000.0,2026-05-21,13.082,631000.0,2026-05-22,14.337,638000.0,2026-05-26,37.097,765000.0,2026-05-27,33.692,746000.0,2026-05-28,66.846,931000.0,2026-05-29,68.1,938000.0,2026-06-01,60.932,898000.0,2026-06-02,50.358,839000.0,2026-06-04,49.821,836000.0,2026-06-05,34.767,752000.0,2026-06-08,23.118,687000.0,2026-06-09,22.401,683000.0,2026-06-10,27.24,710000.0,2026-06-11,22.581,684000.0,2026-06-12,33.692,746000.0,2026-06-15,28.315,716000.0,2026-06-16,23.835,691000.0,2026-06-17,19.713,668000.0,2026-06-18,18.638,662000.0,2026-06-19,2026-06-19,68.1,12.724,91.039,3.584,1,,,1.0,0.0,UPPER,2026-05-21
307950,현대오토에버,2026-05-21,2026-05-21,WATCH,68,LOWER_CHANNEL_WATCH,중기 Higher High + Higher Low | 상승추세 안의 단기 조정 + 전저점 유지 | 상승 평행채널 유효(커버리지 74%) | 최근 추세 하단(싼 구간) 접촉 | 추세 하단 부근 쌍바닥/Higher-Low 형태 | 쌍바닥 넥라인 돌파 확인 | 이동평균선 재돌파,,629000.0,True,13.0,True,0.7353,1.9691,True,501666.6667,534000.0,498000.0,566333.3333,486616.6667,-15.1,-9.96,True,True,False,22.36,True,False,False,,False,False,,2026-05-01,2026-05-31,629000.0,20,1,0.318,631000.0,2026-05-22,1.431,638000.0,2026-05-26,21.622,765000.0,2026-05-27,18.601,746000.0,2026-05-28,48.013,931000.0,2026-05-29,49.126,938000.0,2026-06-01,42.766,898000.0,2026-06-02,33.386,839000.0,2026-06-04,32.909,836000.0,2026-06-05,19.555,752000.0,2026-06-08,9.221,687000.0,2026-06-09,8.585,683000.0,2026-06-10,12.878,710000.0,2026-06-11,8.744,684000.0,2026-06-12,18.601,746000.0,2026-06-15,13.831,716000.0,2026-06-16,9.857,691000.0,2026-06-17,6.2,668000.0,2026-06-18,5.246,662000.0,2026-06-19,-0.795,624000.0,2026-06-22,2026-06-22,49.126,-0.795,69.475,-4.769,0,,,,0.0,TIMEOUT,2026-06-22
138040,메리츠금융지주,2026-05-04,2026-05-04,WATCH,63,LOWER_CHANNEL_WATCH,중기 Higher High + Higher Low | 상승추세 안의 단기 조정 + 전저점 유지 | 상승 평행채널 유효(커버리지 100%) | 최근 추세 하단(싼 구간) 접촉 | 현재도 채널 하단권 | 이동평균선 밀집,,113400.0,True,7.58,True,1.0,0.2907,True,108664.0,116810.0,122700.0,124956.0,109513.0,3.01,10.19,False,False,True,3.86,False,True,False,,False,False,,2026-05-01,2026-05-31,113400.0,20,1,-1.587,111600.0,2026-05-06,-0.176,113200.0,2026-05-07,-0.882,112400.0,2026-05-08,-1.235,112000.0,2026-05-11,-5.203,107500.0,2026-05-12,-6.085,106500.0,2026-05-13,-2.91,110100.0,2026-05-14,-6.702,105800.0,2026-05-15,-6.261,106300.0,2026-05-18,-4.056,108800.0,2026-05-19,-4.586,108200.0,2026-05-20,-3.968,108900.0,2026-05-21,-3.704,109200.0,2026-05-22,-6.085,106500.0,2026-05-26,-7.672,104700.0,2026-05-27,-9.171,103000.0,2026-05-28,-9.259,102900.0,2026-05-29,-6.437,106100.0,2026-06-01,-6.437,106100.0,2026-06-02,-6.085,106500.0,2026-06-04,2026-06-04,-0.176,-9.259,3.704,-11.64,0,1.0,0.0,0.0,1.0,STOP,2026-05-12
138040,메리츠금융지주,2026-05-06,2026-05-06,WATCH,63,LOWER_CHANNEL_WATCH,중기 Higher High + Higher Low | 상승추세 안의 단기 조정 + 전저점 유지 | 상승 평행채널 유효(커버리지 100%) | 최근 추세 하단(싼 구간) 접촉 | 현재도 채널 하단권 | 이동평균선 밀집,,111600.0,True,9.05,True,1.0,0.1687,True,108852.0,116998.0,122700.0,125144.0,109513.0,4.84,12.14,False,False,True,4.35,False,True,False,,False,False,,2026-05-01,2026-05-31,111600.0,20,1,1.434,113200.0,2026-05-07,0.717,112400.0,2026-05-08,0.358,112000.0,2026-05-11,-3.674,107500.0,2026-05-12,-4.57,106500.0,2026-05-13,-1.344,110100.0,2026-05-14,-5.197,105800.0,2026-05-15,-4.749,106300.0,2026-05-18,-2.509,108800.0,2026-05-19,-3.047,108200.0,2026-05-20,-2.419,108900.0,2026-05-21,-2.151,109200.0,2026-05-22,-4.57,106500.0,2026-05-26,-6.183,104700.0,2026-05-27,-7.706,103000.0,2026-05-28,-7.796,102900.0,2026-05-29,-4.928,106100.0,2026-06-01,-4.928,106100.0,2026-06-02,-4.57,106500.0,2026-06-04,-3.853,107300.0,2026-06-05,2026-06-05,1.434,-7.796,2.599,-10.215,0,0.0,0.0,0.0,1.0,STOP,2026-05-12
138040,메리츠금융지주,2026-05-07,2026-05-07,WATCH,63,LOWER_CHANNEL_WATCH,중기 Higher High + Higher Low | 상승추세 안의 단기 조정 + 전저점 유지 | 상승 평행채널 유효(커버리지 100%) | 최근 추세 하단(싼 구간) 접촉 | 현재도 채널 하단권 | 이동평균선 밀집,,113200.0,True,7.74,True,1.0,0.2553,True,109040.0,117186.0,122700.0,125332.0,109513.0,3.52,10.72,False,False,True,4.54,False,True,False,,False,False,,2026-05-01,2026-05-31,113200.0,20,1,-0.707,112400.0,2026-05-08,-1.06,112000.0,2026-05-11,-5.035,107500.0,2026-05-12,-5.919,106500.0,2026-05-13,-2.739,110100.0,2026-05-14,-6.537,105800.0,2026-05-15,-6.095,106300.0,2026-05-18,-3.887,108800.0,2026-05-19,-4.417,108200.0,2026-05-20,-3.799,108900.0,2026-05-21,-3.534,109200.0,2026-05-22,-5.919,106500.0,2026-05-26,-7.509,104700.0,2026-05-27,-9.011,103000.0,2026-05-28,-9.099,102900.0,2026-05-29,-6.272,106100.0,2026-06-01,-6.272,106100.0,2026-06-02,-5.919,106500.0,2026-06-04,-5.212,107300.0,2026-06-05,-9.187,102800.0,2026-06-08,2026-06-08,-0.707,-9.187,1.148,-11.484,0,0.0,0.0,0.0,1.0,STOP,2026-05-12
138040,메리츠금융지주,2026-05-08,2026-05-08,WATCH,63,LOWER_CHANNEL_WATCH,중기 Higher High + Higher Low | 상승추세 안의 단기 조정 + 전저점 유지 | 상승 평행채널 유효(커버리지 100%) | 최근 추세 하단(싼 구간) 접촉 | 현재도 채널 하단권 | 이동평균선 밀집,,112400.0,True,8.39,True,1.0,0.1947,True,109228.0,117374.0,122700.0,125520.0,109513.0,4.43,11.67,False,False,True,4.67,False,True,False,,False,False,,2026-05-01,2026-05-31,112400.0,20,1,-0.356,112000.0,2026-05-11,-4.359,107500.0,2026-05-12,-5.249,106500.0,2026-05-13,-2.046,110100.0,2026-05-14,-5.872,105800.0,2026-05-15,-5.427,106300.0,2026-05-18,-3.203,108800.0,2026-05-19,-3.737,108200.0,2026-05-20,-3.114,108900.0,2026-05-21,-2.847,109200.0,2026-05-22,-5.249,106500.0,2026-05-26,-6.851,104700.0,2026-05-27,-8.363,103000.0,2026-05-28,-8.452,102900.0,2026-05-29,-5.605,106100.0,2026-06-01,-5.605,106100.0,2026-06-02,-5.249,106500.0,2026-06-04,-4.537,107300.0,2026-06-05,-8.541,102800.0,2026-06-08,-2.936,109100.0,2026-06-09,2026-06-09,-0.356,-8.541,1.868,-10.854,0,0.0,0.0,0.0,1.0,STOP,2026-05-12
003670,포스코퓨처엠,2026-05-13,2026-05-13,WATCH,65,LOWER_CHANNEL_WATCH,중기 Higher High + Higher Low | 상승추세 안의 단기 조정 + 전저점 유지 | 상승 평행채널 유효(커버리지 100%) | 최근 추세 하단(싼 구간) 접촉 | 현재도 채널 하단권 | 추세 하단 부근 쌍바닥/Higher-Low 형태 | 쌍바닥 넥라인 돌파 확인,,251500.0,True,16.03,True,1.0,0.3474,True,224208.3333,263491.6667,299500.0,302775.0,217482.0833,4.77,20.39,True,True,False,19.41,False,False,False,,False,False,,2026-05-01,2026-05-31,251500.0,20,1,-0.398,250500.0,2026-05-14,-6.362,235500.0,2026-05-15,-7.753,232000.0,2026-05-18,-10.934,224000.0,2026-05-19,-13.917,216500.0,2026-05-20,-7.753,232000.0,2026-05-21,-3.38,243000.0,2026-05-22,-4.374,240500.0,2026-05-26,-8.946,229000.0,2026-05-27,-5.368,238000.0,2026-05-28,-2.386,245500.0,2026-05-29,-8.151,231000.0,2026-06-01,-11.531,222500.0,2026-06-02,-11.928,221500.0,2026-06-04,-16.899,209000.0,2026-06-05,-25.368,187700.0,2026-06-08,-23.26,193000.0,2026-06-09,-25.408,187600.0,2026-06-10,-26.561,184700.0,2026-06-11,-20.716,199400.0,2026-06-12,2026-06-12,-0.398,-26.561,4.573,-29.463,0,0.0,0.0,0.0,1.0,STOP,2026-05-18
003670,포스코퓨처엠,2026-05-14,2026-05-14,WATCH,65,LOWER_CHANNEL_WATCH,중기 Higher High + Higher Low | 상승추세 안의 단기 조정 + 전저점 유지 | 상승 평행채널 유효(커버리지 100%) | 최근 추세 하단(싼 구간) 접촉 | 현재도 채널 하단권 | 추세 하단 부근 쌍바닥/Higher-Low 형태 | 쌍바닥 넥라인 돌파 확인,,250500.0,True,16.36,True,1.0,0.3207,True,225300.0,264583.3333,299500.0,303866.6667,218541.0,5.62,21.3,True,True,False,15.64,False,False,False,,False,False,,2026-05-01,2026-05-31,250500.0,20,1,-5.988,235500.0,2026-05-15,-7.385,232000.0,2026-05-18,-10.579,224000.0,2026-05-19,-13.573,216500.0,2026-05-20,-7.385,232000.0,2026-05-21,-2.994,243000.0,2026-05-22,-3.992,240500.0,2026-05-26,-8.583,229000.0,2026-05-27,-4.99,238000.0,2026-05-28,-1.996,245500.0,2026-05-29,-7.784,231000.0,2026-06-01,-11.178,222500.0,2026-06-02,-11.577,221500.0,2026-06-04,-16.567,209000.0,2026-06-05,-25.07,187700.0,2026-06-08,-22.954,193000.0,2026-06-09,-25.11,187600.0,2026-06-10,-26.267,184700.0,2026-06-11,-20.399,199400.0,2026-06-12,-15.968,210500.0,2026-06-15,2026-06-15,-1.996,-26.267,4.99,-29.182,0,0.0,0.0,0.0,1.0,STOP,2026-05-18
003670,포스코퓨처엠,2026-05-15,2026-05-15,WATCH,65,LOWER_CHANNEL_WATCH,중기 Higher High + Higher Low | 상승추세 안의 단기 조정 + 전저점 유지 | 상승 평행채널 유효(커버리지 100%) | 최근 추세 하단(싼 구간) 접촉 | 현재도 채널 하단권 | 추세 하단 부근 쌍바닥/Higher-Low 형태 | 쌍바닥 넥라인 돌파 확인,,235500.0,True,21.37,True,1.0,0.1159,True,226391.6667,265675.0,299500.0,304958.3333,219599.9167,12.81,29.49,True,True,False,12.76,False,False,False,,False,False,,2026-05-01,2026-05-31,235500.0,20,1,-1.486,232000.0,2026-05-18,-4.883,224000.0,2026-05-19,-8.068,216500.0,2026-05-20,-1.486,232000.0,2026-05-21,3.185,243000.0,2026-05-22,2.123,240500.0,2026-05-26,-2.76,229000.0,2026-05-27,1.062,238000.0,2026-05-28,4.246,245500.0,2026-05-29,-1.911,231000.0,2026-06-01,-5.52,222500.0,2026-06-02,-5.945,221500.0,2026-06-04,-11.253,209000.0,2026-06-05,-20.297,187700.0,2026-06-08,-18.047,193000.0,2026-06-09,-20.34,187600.0,2026-06-10,-21.571,184700.0,2026-06-11,-15.329,199400.0,2026-06-12,-10.616,210500.0,2026-06-15,-11.253,209000.0,2026-06-16,2026-06-16,4.246,-21.571,6.157,-24.671,0,0.0,0.0,0.0,1.0,STOP,2026-05-18
096770,SK이노베이션,2026-05-04,2026-05-04,CONFIRMED,89,LOWER_CHANNEL_CONFIRMED_REVERSAL,중기 Higher High + Higher Low | 상승추세 안의 단기 조정 + 전저점 유지 | 상승 평행채널 유효(커버리지 100%) | 최근 추세 하단(싼 구간) 접촉 | 현재도 채널 하단권 | 추세 하단 부근 쌍바닥/Higher-Low 형태 | 쌍바닥 넥라인 돌파 확인 | 이동평균선 재돌파 | 추세 바닥권 거래량 급증 양봉 | 거래량 기준봉 저가 지지 | 재상승 후 5일선 지지,,145700.0,True,6.24,True,1.0,0.1503,True,137882.6087,163895.6522,135500.0,189908.6957,133746.1304,12.49,30.34,True,True,False,13.64,True,True,True,2026-04-29,True,False,5.45,2026-05-01,2026-05-31,145700.0,20,1,0.686,146700.0,2026-05-06,-5.422,137800.0,2026-05-07,-7.55,134700.0,2026-05-08,-8.922,132700.0,2026-05-11,-11.805,128500.0,2026-05-12,-10.981,129700.0,2026-05-13,-13.04,126700.0,2026-05-14,-15.237,123500.0,2026-05-15,-15.374,123300.0,2026-05-18,-17.914,119600.0,2026-05-19,-20.728,115500.0,2026-05-20,-18.463,118800.0,2026-05-21,-15.1,123700.0,2026-05-22,-16.472,121700.0,2026-05-26,-20.796,115400.0,2026-05-27,-19.698,117000.0,2026-05-28,-18.188,119200.0,2026-05-29,-20.247,116200.0,2026-06-01,-20.178,116300.0,2026-06-02,-19.835,116800.0,2026-06-04,2026-06-04,0.686,-20.796,2.059,-23.061,0,0.0,,0.0,1.0,STOP,2026-05-08
096770,SK이노베이션,2026-05-06,2026-05-06,CONFIRMED,87,LOWER_CHANNEL_CONFIRMED_REVERSAL,중기 Higher High + Higher Low | 상승추세 안의 단기 조정 + 전저점 유지 | 상승 평행채널 유효(커버리지 100%) | 최근 추세 하단(싼 구간) 접촉 | 현재도 채널 하단권 | 추세 하단 부근 쌍바닥/Higher-Low 형태 | 쌍바닥 넥라인 돌파 확인 | 이동평균선 재돌파 | 추세 바닥권 거래량 급증 양봉 | 거래량 기준봉 저가 지지,,146700.0,True,5.6,True,1.0,0.1478,True,139013.0435,165026.087,135500.0,191039.1304,134842.6522,12.49,30.22,True,True,False,15.34,True,False,True,2026-04-29,True,False,5.45,2026-05-01,2026-05-31,146700.0,20,1,-6.067,137800.0,2026-05-07,-8.18,134700.0,2026-05-08,-9.543,132700.0,2026-05-11,-12.406,128500.0,2026-05-12,-11.588,129700.0,2026-05-13,-13.633,126700.0,2026-05-14,-15.815,123500.0,2026-05-15,-15.951,123300.0,2026-05-18,-18.473,119600.0,2026-05-19,-21.268,115500.0,2026-05-20,-19.018,118800.0,2026-05-21,-15.678,123700.0,2026-05-22,-17.042,121700.0,2026-05-26,-21.336,115400.0,2026-05-27,-20.245,117000.0,2026-05-28,-18.746,119200.0,2026-05-29,-20.791,116200.0,2026-06-01,-20.723,116300.0,2026-06-02,-20.382,116800.0,2026-06-04,-21.677,114900.0,2026-06-05,2026-06-05,-6.067,-21.677,-0.545,-23.654,0,0.0,,0.0,1.0,STOP,2026-05-08
096770,SK이노베이션,2026-05-07,2026-05-07,WATCH,74,LOWER_CHANNEL_WATCH,중기 Higher High + Higher Low | 상승추세 안의 단기 조정 + 전저점 유지 | 상승 평행채널 유효(커버리지 100%) | 최근 추세 하단(싼 구간) 접촉 | 현재도 채널 하단권 | 추세 하단 부근 쌍바닥/Higher-Low 형태 | 추세 바닥권 거래량 급증 양봉 | 거래량 기준봉 저가 지지,,137800.0,True,11.33,True,1.0,-0.045,True,140143.4783,166156.5217,135500.0,192169.5652,135939.1739,20.58,39.46,True,False,False,16.73,False,False,True,2026-04-29,True,False,5.45,2026-05-01,2026-05-31,137800.0,20,1,-2.25,134700.0,2026-05-08,-3.701,132700.0,2026-05-11,-6.749,128500.0,2026-05-12,-5.878,129700.0,2026-05-13,-8.055,126700.0,2026-05-14,-10.377,123500.0,2026-05-15,-10.522,123300.0,2026-05-18,-13.208,119600.0,2026-05-19,-16.183,115500.0,2026-05-20,-13.788,118800.0,2026-05-21,-10.232,123700.0,2026-05-22,-11.684,121700.0,2026-05-26,-16.255,115400.0,2026-05-27,-15.094,117000.0,2026-05-28,-13.498,119200.0,2026-05-29,-15.675,116200.0,2026-06-01,-15.602,116300.0,2026-06-02,-15.239,116800.0,2026-06-04,-16.618,114900.0,2026-06-05,-24.093,104600.0,2026-06-08,2026-06-08,-2.25,-24.093,0.29,-24.746,0,0.0,,0.0,1.0,STOP,2026-05-08
024110,기업은행,2026-05-04,2026-05-04,WATCH,68,LOWER_CHANNEL_WATCH,중기 Higher High + Higher Low | 상승추세 안의 단기 조정 + 전저점 유지 | 상승 평행채널 유효(커버리지 86%) | 최근 추세 하단(싼 구간) 접촉 | 현재도 채널 하단권 | 추세 하단 부근 쌍바닥/Higher-Low 형태 | 이동평균선 밀집,,22100.0,True,3.49,True,0.8621,-0.0796,True,22414.2857,24389.2857,22850.0,26364.2857,21741.8571,10.36,19.3,True,False,True,4.96,False,True,False,,False,False,,2026-05-01,2026-05-31,22100.0,20,1,-2.262,21600.0,2026-05-06,-1.584,21750.0,2026-05-07,-1.357,21800.0,2026-05-08,-3.394,21350.0,2026-05-11,-3.394,21350.0,2026-05-12,-5.882,20800.0,2026-05-13,-3.62,21300.0,2026-05-14,-5.43,20900.0,2026-05-15,-6.561,20650.0,2026-05-18,-6.787,20600.0,2026-05-19,-8.145,20300.0,2026-05-20,-7.692,20400.0,2026-05-21,-4.977,21000.0,2026-05-22,-5.656,20850.0,2026-05-26,-7.24,20500.0,2026-05-27,-7.466,20450.0,2026-05-28,-8.597,20200.0,2026-05-29,-9.276,20050.0,2026-06-01,-7.919,20350.0,2026-06-02,-7.24,20500.0,2026-06-04,2026-06-04,-1.357,-9.276,0.226,-10.498,0,0.0,0.0,0.0,1.0,STOP,2026-05-06
024110,기업은행,2026-05-08,2026-05-08,WATCH,68,LOWER_CHANNEL_WATCH,중기 Higher High + Higher Low | 상승추세 안의 단기 조정 + 전저점 유지 | 상승 평행채널 유효(커버리지 96%) | 최근 추세 하단(싼 구간) 접촉 | 현재도 채널 하단권 | 추세 하단 부근 쌍바닥/Higher-Low 형태 | 이동평균선 밀집,,21800.0,True,4.8,True,0.96,0.1148,True,21650.0,22303.5714,22900.0,22957.1429,21340.0,2.31,5.31,True,False,True,6.25,False,True,False,,False,False,,2026-05-01,2026-05-31,21800.0,20,1,-2.064,21350.0,2026-05-11,-2.064,21350.0,2026-05-12,-4.587,20800.0,2026-05-13,-2.294,21300.0,2026-05-14,-4.128,20900.0,2026-05-15,-5.275,20650.0,2026-05-18,-5.505,20600.0,2026-05-19,-6.881,20300.0,2026-05-20,-6.422,20400.0,2026-05-21,-3.67,21000.0,2026-05-22,-4.358,20850.0,2026-05-26,-5.963,20500.0,2026-05-27,-6.193,20450.0,2026-05-28,-7.339,20200.0,2026-05-29,-8.028,20050.0,2026-06-01,-6.651,20350.0,2026-06-02,-5.963,20500.0,2026-06-04,-5.275,20650.0,2026-06-05,-7.11,20250.0,2026-06-08,-5.734,20550.0,2026-06-09,2026-06-09,-2.064,-8.028,0.0,-9.266,0,0.0,0.0,0.0,1.0,STOP,2026-05-11
035720,카카오,2026-05-04,2026-05-04,WATCH,60,LOWER_CHANNEL_WATCH,중기 Higher High + Higher Low | 상승추세 안의 단기 조정 + 전저점 유지 | 상승 평행채널 유효(커버리지 100%) | 최근 추세 하단(싼 구간) 접촉 | 현재도 채널 하단권 | 추세 하단 부근 쌍바닥/Higher-Low 형태,,47100.0,True,8.01,True,1.0,0.0368,True,46420.0,55648.5714,51200.0,64877.1429,46269.0,18.15,37.74,True,False,False,7.26,False,True,False,,False,False,,2026-05-01,2026-05-31,47100.0,20,1,-1.699,46300.0,2026-05-06,-3.928,45250.0,2026-05-07,-2.335,46000.0,2026-05-08,-5.096,44700.0,2026-05-11,-7.537,43550.0,2026-05-12,-8.811,42950.0,2026-05-13,-2.442,45950.0,2026-05-14,-6.582,44000.0,2026-05-15,-9.873,42450.0,2026-05-18,-11.677,41600.0,2026-05-19,-14.756,40150.0,2026-05-20,-11.253,41800.0,2026-05-21,-11.146,41850.0,2026-05-22,-11.996,41450.0,2026-05-26,-14.013,40500.0,2026-05-27,-14.862,40100.0,2026-05-28,-10.934,41950.0,2026-05-29,-9.342,42700.0,2026-06-01,-9.66,42550.0,2026-06-02,-10.828,42000.0,2026-06-04,2026-06-04,-1.699,-14.862,2.972,-18.259,0,0.0,0.0,0.0,1.0,STOP,2026-05-06
086280,현대글로비스,2026-05-06,2026-05-06,WATCH,68,LOWER_CHANNEL_WATCH,중기 Higher High + Higher Low | 상승추세 안의 단기 조정 + 전저점 유지 | 상승 평행채널 유효(커버리지 100%) | 최근 추세 하단(싼 구간) 접촉 | 현재도 채널 하단권 | 추세 하단 부근 쌍바닥/Higher-Low 형태 | 이동평균선 밀집,,220000.0,True,10.39,True,1.0,0.2842,True,209600.0,227900.0,245500.0,246200.0,214855.0,3.59,11.91,True,False,True,4.66,False,False,False,,False,False,,2026-05-01,2026-05-31,220000.0,20,1,4.773,230500.0,2026-05-07,14.091,251000.0,2026-05-08,14.091,251000.0,2026-05-11,20.682,265500.0,2026-05-12,29.091,284000.0,2026-05-13,19.545,263000.0,2026-05-14,10.0,242000.0,2026-05-15,4.545,230000.0,2026-05-18,-2.727,214000.0,2026-05-19,-4.318,210500.0,2026-05-20,6.136,233500.0,2026-05-21,7.5,236500.0,2026-05-22,7.273,236000.0,2026-05-26,4.318,229500.0,2026-05-27,5.909,233000.0,2026-05-28,10.227,242500.0,2026-05-29,5.682,232500.0,2026-06-01,0.682,221500.0,2026-06-02,-3.864,211500.0,2026-06-04,-4.773,209500.0,2026-06-05,2026-06-05,29.091,-4.773,31.136,-8.864,0,1.0,1.0,1.0,0.0,UPPER,2026-05-08
003550,LG,2026-05-26,2026-05-26,CONFIRMED,75,LOWER_CHANNEL_CONFIRMED_REVERSAL,중기 Higher High + Higher Low | 상승추세 안의 단기 조정 + 전저점 유지 | 상승 평행채널 유효(커버리지 100%) | 최근 추세 하단(싼 구간) 접촉 | 이동평균선 재돌파 | 추세 바닥권 거래량 급증 양봉 | 거래량 기준봉 고가 돌파 | 재상승 후 5일선 지지,,122700.0,True,19.33,True,1.0,0.5247,True,103034.7826,121773.913,152100.0,140513.0435,99943.7391,-0.75,14.52,False,False,False,14.03,True,True,True,2026-05-12,False,True,3.16,2026-05-01,2026-05-31,122700.0,20,1,-3.667,118200.0,2026-05-27,-5.623,115800.0,2026-05-28,19.478,146600.0,2026-05-29,35.126,165800.0,2026-06-01,14.099,140000.0,2026-06-02,5.868,129900.0,2026-06-04,0.163,122900.0,2026-06-05,-7.172,113900.0,2026-06-08,-8.231,112600.0,2026-06-09,-11.41,108700.0,2026-06-10,-12.388,107500.0,2026-06-11,-13.203,106500.0,2026-06-12,-3.504,118400.0,2026-06-15,-7.009,114100.0,2026-06-16,-8.313,112500.0,2026-06-17,-10.432,109900.0,2026-06-18,-11.247,108900.0,2026-06-19,-10.432,109900.0,2026-06-22,-19.641,98600.0,2026-06-23,-19.152,99200.0,2026-06-24,2026-06-24,35.126,-19.641,51.508,-21.271,0,,0.0,1.0,0.0,UPPER,2026-05-29
003550,LG,2026-05-27,2026-05-27,WATCH,70,LOWER_CHANNEL_WATCH,중기 Higher High + Higher Low | 상승추세 안의 단기 조정 + 전저점 유지 | 상승 평행채널 유효(커버리지 100%) | 최근 추세 하단(싼 구간) 접촉 | 이동평균선 재돌파 | 추세 바닥권 거래량 급증 양봉 | 재상승 후 5일선 지지,,118200.0,True,22.29,True,1.0,0.3893,True,103608.6957,122347.8261,152100.0,141086.9565,100500.4348,3.51,19.36,False,False,False,16.54,True,True,True,2026-05-12,False,False,3.16,2026-05-01,2026-05-31,118200.0,20,1,-2.03,115800.0,2026-05-28,24.027,146600.0,2026-05-29,40.271,165800.0,2026-06-01,18.443,140000.0,2026-06-02,9.898,129900.0,2026-06-04,3.976,122900.0,2026-06-05,-3.638,113900.0,2026-06-08,-4.738,112600.0,2026-06-09,-8.037,108700.0,2026-06-10,-9.052,107500.0,2026-06-11,-9.898,106500.0,2026-06-12,0.169,118400.0,2026-06-15,-3.469,114100.0,2026-06-16,-4.822,112500.0,2026-06-17,-7.022,109900.0,2026-06-18,-7.868,108900.0,2026-06-19,-7.022,109900.0,2026-06-22,-16.582,98600.0,2026-06-23,-16.074,99200.0,2026-06-24,-15.905,99400.0,2026-06-25,2026-06-25,40.271,-16.582,57.276,-18.274,0,1.0,0.0,1.0,0.0,UPPER,2026-05-29
003550,LG,2026-05-28,2026-05-28,WATCH,65,LOWER_CHANNEL_WATCH,중기 Higher High + Higher Low | 상승추세 안의 단기 조정 + 전저점 유지 | 상승 평행채널 유효(커버리지 100%) | 최근 추세 하단(싼 구간) 접촉 | 현재도 채널 하단권 | 추세 바닥권 거래량 급증 양봉,,115800.0,True,23.87,True,1.0,0.31,True,104182.6087,122921.7391,152100.0,141660.8696,101057.1304,6.15,22.33,False,False,False,18.96,False,False,True,2026-05-12,False,False,3.16,2026-05-01,2026-05-31,115800.0,20,1,26.598,146600.0,2026-05-29,43.178,165800.0,2026-06-01,20.898,140000.0,2026-06-02,12.176,129900.0,2026-06-04,6.131,122900.0,2026-06-05,-1.641,113900.0,2026-06-08,-2.763,112600.0,2026-06-09,-6.131,108700.0,2026-06-10,-7.168,107500.0,2026-06-11,-8.031,106500.0,2026-06-12,2.245,118400.0,2026-06-15,-1.468,114100.0,2026-06-16,-2.85,112500.0,2026-06-17,-5.095,109900.0,2026-06-18,-5.959,108900.0,2026-06-19,-5.095,109900.0,2026-06-22,-14.853,98600.0,2026-06-23,-14.335,99200.0,2026-06-24,-14.162,99400.0,2026-06-25,-14.853,98600.0,2026-06-26,2026-06-26,43.178,-14.853,60.535,-18.912,0,1.0,0.0,1.0,0.0,UPPER,2026-05-29
003550,LG,2026-05-29,2026-05-29,WATCH,73,LOWER_CHANNEL_WATCH,중기 Higher High + Higher Low | 상승추세 안의 단기 조정 + 전저점 유지 | 상승 평행채널 유효(커버리지 99%) | 최근 추세 하단(싼 구간) 접촉 | 이동평균선 재돌파 | 추세 바닥권 거래량 급증 양봉 | 거래량 기준봉 고가 돌파,,146600.0,True,3.62,True,0.9881,1.1165,True,104756.5217,123495.6522,152100.0,142234.7826,101613.8261,-15.76,-2.98,False,False,False,17.7,True,False,True,2026-05-12,False,True,3.16,2026-05-01,2026-05-31,146600.0,20,1,13.097,165800.0,2026-06-01,-4.502,140000.0,2026-06-02,-11.392,129900.0,2026-06-04,-16.166,122900.0,2026-06-05,-22.306,113900.0,2026-06-08,-23.192,112600.0,2026-06-09,-25.853,108700.0,2026-06-10,-26.671,107500.0,2026-06-11,-27.353,106500.0,2026-06-12,-19.236,118400.0,2026-06-15,-22.169,114100.0,2026-06-16,-23.261,112500.0,2026-06-17,-25.034,109900.0,2026-06-18,-25.716,108900.0,2026-06-19,-25.034,109900.0,2026-06-22,-32.742,98600.0,2026-06-23,-32.333,99200.0,2026-06-24,-32.196,99400.0,2026-06-25,-32.742,98600.0,2026-06-26,-31.241,100800.0,2026-06-29,2026-06-29,13.097,-32.742,26.808,-35.948,0,,1.0,,1.0,STOP,2026-06-08
018260,삼성에스디에스,2026-05-21,2026-05-21,CONFIRMED,76,LOWER_CHANNEL_CONFIRMED_REVERSAL,중기 Higher High + Higher Low | 상승추세 안의 단기 조정 + 전저점 유지 | 상승 평행채널 유효(커버리지 98%) | 최근 추세 하단(싼 구간) 접촉 | 현재도 채널 하단권 | 추세 하단 부근 쌍바닥/Higher-Low 형태 | 이동평균선 밀집 | 이동평균선 재돌파,,185300.0,True,12.59,True,0.9778,0.2566,True,174570.0,195475.0,212000.0,216380.0,169332.9,5.49,16.77,True,False,True,5.86,True,False,False,,False,False,,2026-05-01,2026-05-31,185300.0,20,1,5.073,194700.0,2026-05-22,8.743,201500.0,2026-05-26,41.123,261500.0,2026-05-27,34.107,248500.0,2026-05-28,61.36,299000.0,2026-05-29,95.359,362000.0,2026-06-01,62.169,300500.0,2026-06-02,44.63,268000.0,2026-06-04,36.266,252500.0,2026-06-05,27.361,236000.0,2026-06-08,36.266,252500.0,2026-06-09,21.425,225000.0,2026-06-10,23.853,229500.0,2026-06-11,27.901,237000.0,2026-06-12,29.25,239500.0,2026-06-15,28.44,238000.0,2026-06-16,25.472,232500.0,2026-06-17,19.266,221000.0,2026-06-18,14.409,212000.0,2026-06-19,12.52,208500.0,2026-06-22,2026-06-22,95.359,5.073,109.66,-0.971,1,1.0,1.0,1.0,0.0,UPPER,2026-05-27
018260,삼성에스디에스,2026-05-22,2026-05-22,CONFIRMED,78,LOWER_CHANNEL_CONFIRMED_REVERSAL,중기 Higher High + Higher Low | 상승추세 안의 단기 조정 + 전저점 유지 | 상승 평행채널 유효(커버리지 98%) | 최근 추세 하단(싼 구간) 접촉 | 추세 하단 부근 쌍바닥/Higher-Low 형태 | 쌍바닥 넥라인 돌파 확인 | 이동평균선 밀집 | 이동평균선 재돌파 | 재상승 후 5일선 지지,,194700.0,True,8.16,True,0.9783,0.4553,True,175665.0,196570.0,212000.0,217475.0,170395.05,0.96,11.7,True,True,True,5.99,True,True,False,,False,False,,2026-05-01,2026-05-31,194700.0,20,1,3.493,201500.0,2026-05-26,34.309,261500.0,2026-05-27,27.632,248500.0,2026-05-28,53.57,299000.0,2026-05-29,85.927,362000.0,2026-06-01,54.34,300500.0,2026-06-02,37.648,268000.0,2026-06-04,29.687,252500.0,2026-06-05,21.212,236000.0,2026-06-08,29.687,252500.0,2026-06-09,15.562,225000.0,2026-06-10,17.874,229500.0,2026-06-11,21.726,237000.0,2026-06-12,23.01,239500.0,2026-06-15,22.239,238000.0,2026-06-16,19.414,232500.0,2026-06-17,13.508,221000.0,2026-06-18,8.885,212000.0,2026-06-19,7.088,208500.0,2026-06-22,-1.592,191600.0,2026-06-23,2026-06-23,85.927,-1.592,99.538,-1.644,0,1.0,1.0,1.0,0.0,UPPER,2026-05-27
278470,에이피알,2026-05-08,2026-05-08,WATCH,60,LOWER_CHANNEL_WATCH,중기 Higher High + Higher Low | 상승추세 안의 단기 조정 + 전저점 유지 | 상승 평행채널 유효(커버리지 97%) | 최근 추세 하단(싼 구간) 접촉 | 이동평균선 재돌파 | 재상승 후 5일선 지지,,434000.0,True,7.56,True,0.9677,0.6886,True,376303.5714,418196.4286,469500.0,460089.2857,365014.4643,-3.64,6.01,False,False,False,16.94,True,True,False,,False,False,,2026-05-01,2026-05-31,434000.0,20,1,0.922,438000.0,2026-05-11,-4.263,415500.0,2026-05-12,-7.373,402000.0,2026-05-13,-2.074,425000.0,2026-05-14,-6.912,404000.0,2026-05-15,-7.373,402000.0,2026-05-18,-8.41,397500.0,2026-05-19,-10.138,390000.0,2026-05-20,-7.949,399500.0,2026-05-21,-9.908,391000.0,2026-05-22,-10.253,389500.0,2026-05-26,-11.29,385000.0,2026-05-27,-7.719,400500.0,2026-05-28,-8.871,395500.0,2026-05-29,-1.728,426500.0,2026-06-01,-7.604,401000.0,2026-06-02,-6.682,405000.0,2026-06-04,-10.369,389000.0,2026-06-05,-15.668,366000.0,2026-06-08,-6.682,405000.0,2026-06-09,2026-06-09,0.922,-15.668,8.986,-17.281,0,,1.0,1.0,0.0,UPPER,2026-05-11
278470,에이피알,2026-05-11,2026-05-11,WATCH,60,LOWER_CHANNEL_WATCH,중기 Higher High + Higher Low | 상승추세 안의 단기 조정 + 전저점 유지 | 상승 평행채널 유효(커버리지 97%) | 최근 추세 하단(싼 구간) 접촉 | 이동평균선 재돌파 | 재상승 후 5일선 지지,,438000.0,True,7.4,True,0.9683,0.7063,True,378821.4286,420714.2857,469500.0,462607.1429,367456.7857,-3.95,5.62,False,False,False,16.71,True,True,False,,False,False,,2026-05-01,2026-05-31,438000.0,20,1,-5.137,415500.0,2026-05-12,-8.219,402000.0,2026-05-13,-2.968,425000.0,2026-05-14,-7.763,404000.0,2026-05-15,-8.219,402000.0,2026-05-18,-9.247,397500.0,2026-05-19,-10.959,390000.0,2026-05-20,-8.79,399500.0,2026-05-21,-10.731,391000.0,2026-05-22,-11.073,389500.0,2026-05-26,-12.1,385000.0,2026-05-27,-8.562,400500.0,2026-05-28,-9.703,395500.0,2026-05-29,-2.626,426500.0,2026-06-01,-8.447,401000.0,2026-06-02,-7.534,405000.0,2026-06-04,-11.187,389000.0,2026-06-05,-16.438,366000.0,2026-06-08,-7.534,405000.0,2026-06-09,-6.279,410500.0,2026-06-10,2026-06-10,-2.626,-16.438,0.799,-18.037,0,,0.0,0.0,1.0,STOP,2026-05-20
030200,KT,2026-05-04,2026-05-04,WATCH,68,LOWER_CHANNEL_WATCH,중기 Higher High + Higher Low | 상승추세 안의 단기 조정 + 전저점 유지 | 상승 평행채널 유효(커버리지 78%) | 최근 추세 하단(싼 구간) 접촉 | 현재도 채널 하단권 | 추세 하단 부근 쌍바닥/Higher-Low 형태 | 이동평균선 밀집,,60600.0,True,6.91,True,0.7826,-0.1244,True,61308.9286,64158.0357,65100.0,67007.1429,59469.6607,5.87,10.57,True,False,True,1.77,False,True,False,,False,False,,2026-05-01,2026-05-31,60600.0,20,1,-3.465,58500.0,2026-05-06,-1.815,59500.0,2026-05-07,-2.145,59300.0,2026-05-08,-2.97,58800.0,2026-05-11,-1.155,59900.0,2026-05-12,-2.145,59300.0,2026-05-13,1.65,61600.0,2026-05-14,-3.135,58700.0,2026-05-15,-5.941,57000.0,2026-05-18,-7.261,56200.0,2026-05-19,-7.921,55800.0,2026-05-20,-8.086,55700.0,2026-05-21,-7.921,55800.0,2026-05-22,-10.561,54200.0,2026-05-26,-11.881,53400.0,2026-05-27,-14.356,51900.0,2026-05-28,-12.871,52800.0,2026-05-29,-12.211,53200.0,2026-06-01,-11.056,53900.0,2026-06-02,-10.066,54500.0,2026-06-04,2026-06-04,1.65,-14.356,1.65,-14.686,0,0.0,0.0,0.0,1.0,STOP,2026-05-06
006260,LS,2026-05-21,2026-05-21,WATCH,73,LOWER_CHANNEL_WATCH,중기 Higher High + Higher Low | 상승추세 안의 단기 조정 + 전저점 유지 | 상승 평행채널 유효(커버리지 100%) | 최근 추세 하단(싼 구간) 접촉 | 현재도 채널 하단권 | 추세 하단 부근 쌍바닥/Higher-Low 형태 | 쌍바닥 넥라인 돌파 확인 | 이동평균선 재돌파,,521000.0,True,11.24,True,1.0,0.3033,True,462282.6087,559076.087,587000.0,655869.5652,448414.1304,7.31,25.89,True,True,False,32.15,True,False,False,,False,False,,2026-05-01,2026-05-31,521000.0,20,1,4.415,544000.0,2026-05-22,6.142,553000.0,2026-05-26,-2.495,508000.0,2026-05-27,-8.733,475500.0,2026-05-28,-14.395,446000.0,2026-05-29,-10.557,466000.0,2026-06-01,-18.33,425500.0,2026-06-02,-16.411,435500.0,2026-06-04,-21.209,410500.0,2026-06-05,-28.791,371000.0,2026-06-08,-25.624,387500.0,2026-06-09,-25.144,390000.0,2026-06-10,-28.311,373500.0,2026-06-11,-25.816,386500.0,2026-06-12,-19.482,419500.0,2026-06-15,-18.618,424000.0,2026-06-16,-16.891,433000.0,2026-06-17,-19.866,417500.0,2026-06-18,-21.305,410000.0,2026-06-19,-24.376,394000.0,2026-06-22,2026-06-22,6.142,-28.791,15.931,-32.15,0,1.0,1.0,0.0,1.0,STOP,2026-05-28
006260,LS,2026-05-22,2026-05-22,WATCH,70,LOWER_CHANNEL_WATCH,중기 Higher High + Higher Low | 상승추세 안의 단기 조정 + 전저점 유지 | 상승 평행채널 유효(커버리지 100%) | 최근 추세 하단(싼 구간) 접촉 | 추세 하단 부근 쌍바닥/Higher-Low 형태 | 쌍바닥 넥라인 돌파 확인 | 이동평균선 재돌파 | 재상승 후 5일선 지지,,544000.0,True,7.33,True,1.0,0.3898,True,468543.4783,565336.9565,587000.0,662130.4348,454487.1739,3.92,21.72,True,True,False,32.62,True,True,False,,False,False,,2026-05-01,2026-05-31,544000.0,20,1,1.654,553000.0,2026-05-26,-6.618,508000.0,2026-05-27,-12.592,475500.0,2026-05-28,-18.015,446000.0,2026-05-29,-14.338,466000.0,2026-06-01,-21.783,425500.0,2026-06-02,-19.945,435500.0,2026-06-04,-24.54,410500.0,2026-06-05,-31.801,371000.0,2026-06-08,-28.768,387500.0,2026-06-09,-28.309,390000.0,2026-06-10,-31.342,373500.0,2026-06-11,-28.952,386500.0,2026-06-12,-22.886,419500.0,2026-06-15,-22.059,424000.0,2026-06-16,-20.404,433000.0,2026-06-17,-23.254,417500.0,2026-06-18,-24.632,410000.0,2026-06-19,-27.574,394000.0,2026-06-22,-33.548,361500.0,2026-06-23,2026-06-23,1.654,-33.548,11.029,-35.018,0,1.0,1.0,0.0,1.0,STOP,2026-05-28
006260,LS,2026-05-26,2026-05-26,WATCH,70,LOWER_CHANNEL_WATCH,중기 Higher High + Higher Low | 상승추세 안의 단기 조정 + 전저점 유지 | 상승 평행채널 유효(커버리지 100%) | 최근 추세 하단(싼 구간) 접촉 | 추세 하단 부근 쌍바닥/Higher-Low 형태 | 쌍바닥 넥라인 돌파 확인 | 이동평균선 재돌파 | 재상승 후 5일선 지지,,553000.0,True,8.44,True,1.0,0.4039,True,474804.3478,571597.8261,587000.0,668391.3043,460560.2174,3.36,20.87,True,True,False,32.2,True,True,False,,False,False,,2026-05-01,2026-05-31,553000.0,20,1,-8.137,508000.0,2026-05-27,-14.014,475500.0,2026-05-28,-19.349,446000.0,2026-05-29,-15.732,466000.0,2026-06-01,-23.056,425500.0,2026-06-02,-21.248,435500.0,2026-06-04,-25.769,410500.0,2026-06-05,-32.911,371000.0,2026-06-08,-29.928,387500.0,2026-06-09,-29.476,390000.0,2026-06-10,-32.459,373500.0,2026-06-11,-30.108,386500.0,2026-06-12,-24.141,419500.0,2026-06-15,-23.327,424000.0,2026-06-16,-21.7,433000.0,2026-06-17,-24.503,417500.0,2026-06-18,-25.859,410000.0,2026-06-19,-28.752,394000.0,2026-06-22,-34.629,361500.0,2026-06-23,-36.076,353500.0,2026-06-24,2026-06-24,-8.137,-36.076,1.266,-37.975,0,0.0,0.0,0.0,1.0,STOP,2026-05-28
006260,LS,2026-05-27,2026-05-27,WATCH,65,LOWER_CHANNEL_WATCH,중기 Higher High + Higher Low | 상승추세 안의 단기 조정 + 전저점 유지 | 상승 평행채널 유효(커버리지 100%) | 최근 추세 하단(싼 구간) 접촉 | 현재도 채널 하단권 | 추세 하단 부근 쌍바닥/Higher-Low 형태 | 쌍바닥 넥라인 돌파 확인,,508000.0,True,15.89,True,1.0,0.1391,True,481065.2174,577858.6957,587000.0,674652.1739,466633.2609,13.75,32.81,True,True,False,33.04,False,False,False,,False,False,,2026-05-01,2026-05-31,508000.0,20,1,-6.398,475500.0,2026-05-28,-12.205,446000.0,2026-05-29,-8.268,466000.0,2026-06-01,-16.24,425500.0,2026-06-02,-14.272,435500.0,2026-06-04,-19.193,410500.0,2026-06-05,-26.969,371000.0,2026-06-08,-23.72,387500.0,2026-06-09,-23.228,390000.0,2026-06-10,-26.476,373500.0,2026-06-11,-23.917,386500.0,2026-06-12,-17.421,419500.0,2026-06-15,-16.535,424000.0,2026-06-16,-14.764,433000.0,2026-06-17,-17.815,417500.0,2026-06-18,-19.291,410000.0,2026-06-19,-22.441,394000.0,2026-06-22,-28.839,361500.0,2026-06-23,-30.413,353500.0,2026-06-24,-29.232,359500.0,2026-06-25,2026-06-25,-6.398,-30.413,-1.673,-32.48,0,0.0,0.0,0.0,1.0,STOP,2026-05-28
010950,S-Oil,2026-05-04,2026-05-04,WATCH,70,LOWER_CHANNEL_WATCH,중기 Higher High + Higher Low | 상승추세 안의 단기 조정 + 전저점 유지 | 상승 평행채널 유효(커버리지 94%) | 최근 추세 하단(싼 구간) 접촉 | 추세 하단 부근 쌍바닥/Higher-Low 형태 | 쌍바닥 넥라인 돌파 확인 | 이동평균선 재돌파 | 재상승 후 5일선 지지,,128000.0,True,6.91,True,0.9355,0.7241,True,117206.25,124659.375,124500.0,132112.5,113690.0625,-2.61,3.21,True,True,False,9.14,True,True,False,,False,False,,2026-05-01,2026-05-31,128000.0,20,1,-4.688,122000.0,2026-05-06,-7.656,118200.0,2026-05-07,-8.75,116800.0,2026-05-08,-13.359,110900.0,2026-05-11,-10.703,114300.0,2026-05-12,-9.922,115300.0,2026-05-13,-10.156,115000.0,2026-05-14,-12.422,112100.0,2026-05-15,-12.891,111500.0,2026-05-18,-13.984,110100.0,2026-05-19,-13.438,110800.0,2026-05-20,-16.172,107300.0,2026-05-21,-14.844,109000.0,2026-05-22,-13.984,110100.0,2026-05-26,-15.547,108100.0,2026-05-27,-16.406,107000.0,2026-05-28,-16.094,107400.0,2026-05-29,-18.203,104700.0,2026-06-01,-15.391,108300.0,2026-06-02,-10.547,114500.0,2026-06-04,2026-06-04,-4.688,-18.203,-2.344,-20.234,0,,,0.0,1.0,STOP,2026-05-11
010950,S-Oil,2026-05-06,2026-05-06,WATCH,65,LOWER_CHANNEL_WATCH,중기 Higher High + Higher Low | 상승추세 안의 단기 조정 + 전저점 유지 | 상승 평행채널 유효(커버리지 94%) | 최근 추세 하단(싼 구간) 접촉 | 현재도 채널 하단권 | 추세 하단 부근 쌍바닥/Higher-Low 형태 | 쌍바닥 넥라인 돌파 확인,,122000.0,True,11.27,True,0.9375,0.2851,True,117750.0,125203.125,124500.0,132656.25,114217.5,2.63,8.73,True,True,False,10.34,False,False,False,,False,False,,2026-05-01,2026-05-31,122000.0,20,1,-3.115,118200.0,2026-05-07,-4.262,116800.0,2026-05-08,-9.098,110900.0,2026-05-11,-6.311,114300.0,2026-05-12,-5.492,115300.0,2026-05-13,-5.738,115000.0,2026-05-14,-8.115,112100.0,2026-05-15,-8.607,111500.0,2026-05-18,-9.754,110100.0,2026-05-19,-9.18,110800.0,2026-05-20,-12.049,107300.0,2026-05-21,-10.656,109000.0,2026-05-22,-9.754,110100.0,2026-05-26,-11.393,108100.0,2026-05-27,-12.295,107000.0,2026-05-28,-11.967,107400.0,2026-05-29,-14.18,104700.0,2026-06-01,-11.23,108300.0,2026-06-02,-6.148,114500.0,2026-06-04,-7.541,112800.0,2026-06-05,2026-06-05,-3.115,-14.18,0.41,-16.311,0,0.0,0.0,0.0,1.0,STOP,2026-05-11
010950,S-Oil,2026-05-07,2026-05-07,WATCH,65,LOWER_CHANNEL_WATCH,중기 Higher High + Higher Low | 상승추세 안의 단기 조정 + 전저점 유지 | 상승 평행채널 유효(커버리지 94%) | 최근 추세 하단(싼 구간) 접촉 | 현재도 채널 하단권 | 추세 하단 부근 쌍바닥/Higher-Low 형태 | 쌍바닥 넥라인 돌파 확인,,118200.0,True,14.04,True,0.9394,-0.0063,True,118293.75,125746.875,137500.0,133200.0,114744.9375,6.38,12.69,True,True,False,10.33,False,False,False,,False,False,,2026-05-01,2026-05-31,118200.0,20,1,-1.184,116800.0,2026-05-08,-6.176,110900.0,2026-05-11,-3.299,114300.0,2026-05-12,-2.453,115300.0,2026-05-13,-2.707,115000.0,2026-05-14,-5.161,112100.0,2026-05-15,-5.668,111500.0,2026-05-18,-6.853,110100.0,2026-05-19,-6.261,110800.0,2026-05-20,-9.222,107300.0,2026-05-21,-7.783,109000.0,2026-05-22,-6.853,110100.0,2026-05-26,-8.545,108100.0,2026-05-27,-9.475,107000.0,2026-05-28,-9.137,107400.0,2026-05-29,-11.421,104700.0,2026-06-01,-8.376,108300.0,2026-06-02,-3.13,114500.0,2026-06-04,-4.569,112800.0,2026-06-05,-8.206,108500.0,2026-06-08,2026-06-08,-1.184,-11.421,3.638,-13.621,0,0.0,0.0,0.0,1.0,STOP,2026-05-11
010950,S-Oil,2026-05-08,2026-05-08,WATCH,65,LOWER_CHANNEL_WATCH,중기 Higher High + Higher Low | 상승추세 안의 단기 조정 + 전저점 유지 | 상승 평행채널 유효(커버리지 91%) | 최근 추세 하단(싼 구간) 접촉 | 현재도 채널 하단권 | 추세 하단 부근 쌍바닥/Higher-Low 형태 | 쌍바닥 넥라인 돌파 확인,,116800.0,True,15.05,True,0.9057,0.0104,True,116566.6667,127762.5,137500.0,138958.3333,113069.6667,9.39,18.97,True,True,False,7.22,False,False,False,,False,False,,2026-05-01,2026-05-31,116800.0,20,1,-5.051,110900.0,2026-05-11,-2.14,114300.0,2026-05-12,-1.284,115300.0,2026-05-13,-1.541,115000.0,2026-05-14,-4.024,112100.0,2026-05-15,-4.538,111500.0,2026-05-18,-5.736,110100.0,2026-05-19,-5.137,110800.0,2026-05-20,-8.134,107300.0,2026-05-21,-6.678,109000.0,2026-05-22,-5.736,110100.0,2026-05-26,-7.449,108100.0,2026-05-27,-8.39,107000.0,2026-05-28,-8.048,107400.0,2026-05-29,-10.36,104700.0,2026-06-01,-7.277,108300.0,2026-06-02,-1.969,114500.0,2026-06-04,-3.425,112800.0,2026-06-05,-7.106,108500.0,2026-06-08,-5.051,110900.0,2026-06-09,2026-06-09,-1.284,-10.36,4.88,-12.586,0,0.0,0.0,0.0,1.0,STOP,2026-05-11
010950,S-Oil,2026-05-13,2026-05-13,WATCH,73,LOWER_CHANNEL_WATCH,중기 Higher High + Higher Low | 상승추세 안의 단기 조정 + 전저점 유지 | 상승 평행채널 유효(커버리지 89%) | 최근 추세 하단(싼 구간) 접촉 | 현재도 채널 하단권 | 추세 하단 부근 쌍바닥/Higher-Low 형태 | 쌍바닥 넥라인 돌파 확인 | 이동평균선 밀집,,115300.0,True,16.15,True,0.8929,0.0011,True,115272.9167,127662.5,137500.0,140052.0833,111814.7292,10.72,21.47,True,True,True,3.59,False,True,False,,False,False,,2026-05-01,2026-05-31,115300.0,20,1,-0.26,115000.0,2026-05-14,-2.775,112100.0,2026-05-15,-3.296,111500.0,2026-05-18,-4.51,110100.0,2026-05-19,-3.903,110800.0,2026-05-20,-6.938,107300.0,2026-05-21,-5.464,109000.0,2026-05-22,-4.51,110100.0,2026-05-26,-6.245,108100.0,2026-05-27,-7.199,107000.0,2026-05-28,-6.852,107400.0,2026-05-29,-9.193,104700.0,2026-06-01,-6.071,108300.0,2026-06-02,-0.694,114500.0,2026-06-04,-2.168,112800.0,2026-06-05,-5.898,108500.0,2026-06-08,-3.816,110900.0,2026-06-09,-3.903,110800.0,2026-06-10,-1.908,113100.0,2026-06-11,-3.382,111400.0,2026-06-12,2026-06-12,-0.26,-9.193,2.515,-11.448,0,0.0,0.0,0.0,1.0,STOP,2026-05-14
259960,크래프톤,2026-05-04,2026-05-04,CONFIRMED,89,LOWER_CHANNEL_CONFIRMED_REVERSAL,중기 Higher High + Higher Low | 상승추세 안의 단기 조정 + 전저점 유지 | 상승 평행채널 유효(커버리지 97%) | 최근 추세 하단(싼 구간) 접촉 | 추세 하단 부근 쌍바닥/Higher-Low 형태 | 쌍바닥 넥라인 돌파 확인 | 이동평균선 재돌파 | 추세 바닥권 거래량 급증 양봉 | 거래량 기준봉 저가 지지 | 거래량 기준봉 고가 돌파 | 재상승 후 5일선 지지,,288500.0,True,4.94,True,0.9733,0.4209,True,258717.3913,294097.8261,271000.0,329478.2609,250955.8696,1.94,14.2,True,True,False,10.63,True,True,True,2026-04-16,True,True,1.89,2026-05-01,2026-05-31,288500.0,20,1,-1.56,284000.0,2026-05-06,-6.412,270000.0,2026-05-07,-5.373,273000.0,2026-05-08,-1.386,284500.0,2026-05-11,-3.813,277500.0,2026-05-12,-2.6,281000.0,2026-05-13,1.733,293500.0,2026-05-14,-3.293,279000.0,2026-05-15,-2.253,282000.0,2026-05-18,-4.333,276000.0,2026-05-19,-7.972,265500.0,2026-05-20,-10.572,258000.0,2026-05-21,-6.066,271000.0,2026-05-22,-9.705,260500.0,2026-05-26,-11.612,255000.0,2026-05-27,-11.438,255500.0,2026-05-28,-10.745,257500.0,2026-05-29,-13.518,249500.0,2026-06-01,-12.652,252000.0,2026-06-02,-11.785,254500.0,2026-06-04,2026-06-04,1.733,-13.518,2.773,-17.504,0,0.0,,0.0,1.0,STOP,2026-05-20
259960,크래프톤,2026-05-06,2026-05-06,CONFIRMED,94,LOWER_CHANNEL_CONFIRMED_REVERSAL,중기 Higher High + Higher Low | 상승추세 안의 단기 조정 + 전저점 유지 | 상승 평행채널 유효(커버리지 97%) | 최근 추세 하단(싼 구간) 접촉 | 현재도 채널 하단권 | 추세 하단 부근 쌍바닥/Higher-Low 형태 | 쌍바닥 넥라인 돌파 확인 | 이동평균선 재돌파 | 추세 바닥권 거래량 급증 양봉 | 거래량 기준봉 저가 지지 | 거래량 기준봉 고가 돌파 | 재상승 후 5일선 지지,,284000.0,True,6.43,True,0.9737,0.3404,True,259913.0435,295293.4783,271000.0,330673.913,252115.6522,3.98,16.43,True,True,False,11.14,True,True,True,2026-04-16,True,True,1.89,2026-05-01,2026-05-31,284000.0,20,1,-4.93,270000.0,2026-05-07,-3.873,273000.0,2026-05-08,0.176,284500.0,2026-05-11,-2.289,277500.0,2026-05-12,-1.056,281000.0,2026-05-13,3.345,293500.0,2026-05-14,-1.761,279000.0,2026-05-15,-0.704,282000.0,2026-05-18,-2.817,276000.0,2026-05-19,-6.514,265500.0,2026-05-20,-9.155,258000.0,2026-05-21,-4.577,271000.0,2026-05-22,-8.275,260500.0,2026-05-26,-10.211,255000.0,2026-05-27,-10.035,255500.0,2026-05-28,-9.331,257500.0,2026-05-29,-12.148,249500.0,2026-06-01,-11.268,252000.0,2026-06-02,-10.387,254500.0,2026-06-04,-9.331,257500.0,2026-06-05,2026-06-05,3.345,-12.148,4.401,-16.197,0,0.0,,0.0,1.0,STOP,2026-05-20
259960,크래프톤,2026-05-07,2026-05-07,CONFIRMED,84,LOWER_CHANNEL_CONFIRMED_REVERSAL,중기 Higher High + Higher Low | 상승추세 안의 단기 조정 + 전저점 유지 | 상승 평행채널 유효(커버리지 97%) | 최근 추세 하단(싼 구간) 접촉 | 현재도 채널 하단권 | 추세 하단 부근 쌍바닥/Higher-Low 형태 | 쌍바닥 넥라인 돌파 확인 | 추세 바닥권 거래량 급증 양봉 | 거래량 기준봉 저가 지지 | 거래량 기준봉 고가 돌파,,270000.0,True,11.04,True,0.974,0.1257,True,261108.6957,296489.1304,271000.0,331869.5652,253275.4348,9.81,22.91,True,True,False,10.55,False,False,True,2026-04-16,True,True,1.89,2026-05-01,2026-05-31,270000.0,20,1,1.111,273000.0,2026-05-08,5.37,284500.0,2026-05-11,2.778,277500.0,2026-05-12,4.074,281000.0,2026-05-13,8.704,293500.0,2026-05-14,3.333,279000.0,2026-05-15,4.444,282000.0,2026-05-18,2.222,276000.0,2026-05-19,-1.667,265500.0,2026-05-20,-4.444,258000.0,2026-05-21,0.37,271000.0,2026-05-22,-3.519,260500.0,2026-05-26,-5.556,255000.0,2026-05-27,-5.37,255500.0,2026-05-28,-4.63,257500.0,2026-05-29,-7.593,249500.0,2026-06-01,-6.667,252000.0,2026-06-02,-5.741,254500.0,2026-06-04,-4.63,257500.0,2026-06-05,-9.444,244500.0,2026-06-08,2026-06-08,8.704,-9.444,9.815,-11.852,0,0.0,1.0,0.0,1.0,STOP,2026-05-20
259960,크래프톤,2026-05-08,2026-05-08,CONFIRMED,84,LOWER_CHANNEL_CONFIRMED_REVERSAL,중기 Higher High + Higher Low | 상승추세 안의 단기 조정 + 전저점 유지 | 상승 평행채널 유효(커버리지 97%) | 최근 추세 하단(싼 구간) 접촉 | 현재도 채널 하단권 | 추세 하단 부근 쌍바닥/Higher-Low 형태 | 쌍바닥 넥라인 돌파 확인 | 추세 바닥권 거래량 급증 양봉 | 거래량 기준봉 저가 지지 | 거래량 기준봉 고가 돌파,,273000.0,True,10.05,True,0.9744,0.1512,True,262304.3478,297684.7826,303500.0,333065.2174,254435.2174,9.04,22.0,True,True,False,9.9,False,False,True,2026-04-16,True,True,1.89,2026-05-01,2026-05-31,273000.0,20,1,4.212,284500.0,2026-05-11,1.648,277500.0,2026-05-12,2.93,281000.0,2026-05-13,7.509,293500.0,2026-05-14,2.198,279000.0,2026-05-15,3.297,282000.0,2026-05-18,1.099,276000.0,2026-05-19,-2.747,265500.0,2026-05-20,-5.495,258000.0,2026-05-21,-0.733,271000.0,2026-05-22,-4.579,260500.0,2026-05-26,-6.593,255000.0,2026-05-27,-6.41,255500.0,2026-05-28,-5.678,257500.0,2026-05-29,-8.608,249500.0,2026-06-01,-7.692,252000.0,2026-06-02,-6.777,254500.0,2026-06-04,-5.678,257500.0,2026-06-05,-10.44,244500.0,2026-06-08,-10.44,244500.0,2026-06-09,2026-06-09,7.509,-10.44,8.608,-12.821,0,0.0,0.0,0.0,1.0,STOP,2026-05-20
259960,크래프톤,2026-05-11,2026-05-11,CONFIRMED,92,LOWER_CHANNEL_CONFIRMED_REVERSAL,중기 Higher High + Higher Low | 상승추세 안의 단기 조정 + 전저점 유지 | 상승 평행채널 유효(커버리지 97%) | 최근 추세 하단(싼 구간) 접촉 | 현재도 채널 하단권 | 추세 하단 부근 쌍바닥/Higher-Low 형태 | 쌍바닥 넥라인 돌파 확인 | 이동평균선 재돌파 | 추세 바닥권 거래량 급증 양봉 | 거래량 기준봉 저가 지지 | 거래량 기준봉 고가 돌파,,284500.0,True,6.26,True,0.9747,0.2968,True,263500.0,298880.4348,303500.0,334260.8696,255595.0,5.05,17.49,True,True,False,10.59,True,False,True,2026-04-16,True,True,1.89,2026-05-01,2026-05-31,284500.0,20,1,-2.46,277500.0,2026-05-12,-1.23,281000.0,2026-05-13,3.163,293500.0,2026-05-14,-1.933,279000.0,2026-05-15,-0.879,282000.0,2026-05-18,-2.988,276000.0,2026-05-19,-6.678,265500.0,2026-05-20,-9.315,258000.0,2026-05-21,-4.745,271000.0,2026-05-22,-8.436,260500.0,2026-05-26,-10.369,255000.0,2026-05-27,-10.193,255500.0,2026-05-28,-9.49,257500.0,2026-05-29,-12.302,249500.0,2026-06-01,-11.424,252000.0,2026-06-02,-10.545,254500.0,2026-06-04,-9.49,257500.0,2026-06-05,-14.06,244500.0,2026-06-08,-14.06,244500.0,2026-06-09,-18.453,232000.0,2026-06-10,2026-06-10,3.163,-18.453,4.218,-20.738,0,0.0,0.0,0.0,1.0,STOP,2026-05-20
259960,크래프톤,2026-05-12,2026-05-12,CONFIRMED,84,LOWER_CHANNEL_CONFIRMED_REVERSAL,중기 Higher High + Higher Low | 상승추세 안의 단기 조정 + 전저점 유지 | 상승 평행채널 유효(커버리지 98%) | 최근 추세 하단(싼 구간) 접촉 | 현재도 채널 하단권 | 추세 하단 부근 쌍바닥/Higher-Low 형태 | 쌍바닥 넥라인 돌파 확인 | 추세 바닥권 거래량 급증 양봉 | 거래량 기준봉 저가 지지 | 거래량 기준봉 고가 돌파,,277500.0,True,8.57,True,0.975,0.181,True,264695.6522,300076.087,303500.0,335456.5217,256754.7826,8.14,20.89,True,True,False,9.82,False,True,True,2026-04-16,True,True,1.89,2026-05-01,2026-05-31,277500.0,20,1,1.261,281000.0,2026-05-13,5.766,293500.0,2026-05-14,0.541,279000.0,2026-05-15,1.622,282000.0,2026-05-18,-0.541,276000.0,2026-05-19,-4.324,265500.0,2026-05-20,-7.027,258000.0,2026-05-21,-2.342,271000.0,2026-05-22,-6.126,260500.0,2026-05-26,-8.108,255000.0,2026-05-27,-7.928,255500.0,2026-05-28,-7.207,257500.0,2026-05-29,-10.09,249500.0,2026-06-01,-9.189,252000.0,2026-06-02,-8.288,254500.0,2026-06-04,-7.207,257500.0,2026-06-05,-11.892,244500.0,2026-06-08,-11.892,244500.0,2026-06-09,-16.396,232000.0,2026-06-10,-16.036,233000.0,2026-06-11,2026-06-11,5.766,-16.396,6.847,-20.18,0,0.0,0.0,0.0,1.0,STOP,2026-05-20
259960,크래프톤,2026-05-13,2026-05-13,CONFIRMED,92,LOWER_CHANNEL_CONFIRMED_REVERSAL,중기 Higher High + Higher Low | 상승추세 안의 단기 조정 + 전저점 유지 | 상승 평행채널 유효(커버리지 98%) | 최근 추세 하단(싼 구간) 접촉 | 현재도 채널 하단권 | 추세 하단 부근 쌍바닥/Higher-Low 형태 | 쌍바닥 넥라인 돌파 확인 | 이동평균선 재돌파 | 추세 바닥권 거래량 급증 양봉 | 거래량 기준봉 저가 지지 | 거래량 기준봉 고가 돌파,,281000.0,True,7.41,True,0.9753,0.2135,True,265891.3043,301271.7391,303500.0,336652.1739,258020.0,7.21,19.81,True,True,False,9.28,True,False,True,2026-04-16,True,True,1.89,2026-05-01,2026-05-31,281000.0,20,1,4.448,293500.0,2026-05-14,-0.712,279000.0,2026-05-15,0.356,282000.0,2026-05-18,-1.779,276000.0,2026-05-19,-5.516,265500.0,2026-05-20,-8.185,258000.0,2026-05-21,-3.559,271000.0,2026-05-22,-7.295,260500.0,2026-05-26,-9.253,255000.0,2026-05-27,-9.075,255500.0,2026-05-28,-8.363,257500.0,2026-05-29,-11.21,249500.0,2026-06-01,-10.32,252000.0,2026-06-02,-9.431,254500.0,2026-06-04,-8.363,257500.0,2026-06-05,-12.989,244500.0,2026-06-08,-12.989,244500.0,2026-06-09,-17.438,232000.0,2026-06-10,-17.082,233000.0,2026-06-11,-15.658,237000.0,2026-06-12,2026-06-12,4.448,-17.438,5.516,-21.174,0,0.0,0.0,0.0,1.0,STOP,2026-05-20
259960,크래프톤,2026-05-14,2026-05-14,CONFIRMED,87,LOWER_CHANNEL_CONFIRMED_REVERSAL,중기 Higher High + Higher Low | 상승추세 안의 단기 조정 + 전저점 유지 | 상승 평행채널 유효(커버리지 98%) | 최근 추세 하단(싼 구간) 접촉 | 추세 하단 부근 쌍바닥/Higher-Low 형태 | 쌍바닥 넥라인 돌파 확인 | 이동평균선 재돌파 | 추세 바닥권 거래량 급증 양봉 | 거래량 기준봉 저가 지지 | 거래량 기준봉 고가 돌파,,293500.0,True,3.29,True,0.9756,0.3733,True,267086.9565,302467.3913,303500.0,337847.8261,259074.3478,3.06,15.11,True,True,False,10.29,True,False,True,2026-04-16,True,True,1.89,2026-05-01,2026-05-31,293500.0,20,1,-4.94,279000.0,2026-05-15,-3.918,282000.0,2026-05-18,-5.963,276000.0,2026-05-19,-9.54,265500.0,2026-05-20,-12.095,258000.0,2026-05-21,-7.666,271000.0,2026-05-22,-11.244,260500.0,2026-05-26,-13.118,255000.0,2026-05-27,-12.947,255500.0,2026-05-28,-12.266,257500.0,2026-05-29,-14.991,249500.0,2026-06-01,-14.14,252000.0,2026-06-02,-13.288,254500.0,2026-06-04,-12.266,257500.0,2026-06-05,-16.695,244500.0,2026-06-08,-16.695,244500.0,2026-06-09,-20.954,232000.0,2026-06-10,-20.613,233000.0,2026-06-11,-19.25,237000.0,2026-06-12,-19.421,236500.0,2026-06-15,2026-06-15,-3.918,-20.954,1.022,-24.532,0,0.0,0.0,0.0,1.0,STOP,2026-05-20
259960,크래프톤,2026-05-15,2026-05-15,CONFIRMED,84,LOWER_CHANNEL_CONFIRMED_REVERSAL,중기 Higher High + Higher Low | 상승추세 안의 단기 조정 + 전저점 유지 | 상승 평행채널 유효(커버리지 98%) | 최근 추세 하단(싼 구간) 접촉 | 현재도 채널 하단권 | 추세 하단 부근 쌍바닥/Higher-Low 형태 | 쌍바닥 넥라인 돌파 확인 | 추세 바닥권 거래량 급증 양봉 | 거래량 기준봉 저가 지지 | 거래량 기준봉 고가 돌파,,279000.0,True,8.07,True,0.9759,0.1515,True,268282.6087,303663.0435,303500.0,339043.4783,260234.1304,8.84,21.52,True,True,False,11.13,False,True,True,2026-04-16,True,True,1.89,2026-05-01,2026-05-31,279000.0,20,1,1.075,282000.0,2026-05-18,-1.075,276000.0,2026-05-19,-4.839,265500.0,2026-05-20,-7.527,258000.0,2026-05-21,-2.867,271000.0,2026-05-22,-6.631,260500.0,2026-05-26,-8.602,255000.0,2026-05-27,-8.423,255500.0,2026-05-28,-7.706,257500.0,2026-05-29,-10.573,249500.0,2026-06-01,-9.677,252000.0,2026-06-02,-8.781,254500.0,2026-06-04,-7.706,257500.0,2026-06-05,-12.366,244500.0,2026-06-08,-12.366,244500.0,2026-06-09,-16.846,232000.0,2026-06-10,-16.487,233000.0,2026-06-11,-15.054,237000.0,2026-06-12,-15.233,236500.0,2026-06-15,-15.054,237000.0,2026-06-16,2026-06-16,1.075,-16.846,2.867,-20.609,0,0.0,0.0,0.0,1.0,STOP,2026-05-20
259960,크래프톤,2026-05-18,2026-05-18,WATCH,65,LOWER_CHANNEL_WATCH,중기 Higher High + Higher Low | 상승추세 안의 단기 조정 + 전저점 유지 | 상승 평행채널 유효(커버리지 98%) | 최근 추세 하단(싼 구간) 접촉 | 현재도 채널 하단권 | 추세 하단 부근 쌍바닥/Higher-Low 형태 | 쌍바닥 넥라인 돌파 확인,,282000.0,True,7.08,True,0.9762,0.177,True,269478.2609,304858.6957,303500.0,340239.1304,261393.913,8.11,20.65,True,True,False,10.69,False,False,False,,False,False,,2026-05-01,2026-05-31,282000.0,20,1,-2.128,276000.0,2026-05-19,-5.851,265500.0,2026-05-20,-8.511,258000.0,2026-05-21,-3.901,271000.0,2026-05-22,-7.624,260500.0,2026-05-26,-9.574,255000.0,2026-05-27,-9.397,255500.0,2026-05-28,-8.688,257500.0,2026-05-29,-11.525,249500.0,2026-06-01,-10.638,252000.0,2026-06-02,-9.752,254500.0,2026-06-04,-8.688,257500.0,2026-06-05,-13.298,244500.0,2026-06-08,-13.298,244500.0,2026-06-09,-17.73,232000.0,2026-06-10,-17.376,233000.0,2026-06-11,-15.957,237000.0,2026-06-12,-16.135,236500.0,2026-06-15,-15.957,237000.0,2026-06-16,-12.411,247000.0,2026-06-17,2026-06-17,-2.128,-17.73,1.773,-21.454,0,0.0,0.0,0.0,1.0,STOP,2026-05-20
259960,크래프톤,2026-05-19,2026-05-19,WATCH,65,LOWER_CHANNEL_WATCH,중기 Higher High + Higher Low | 상승추세 안의 단기 조정 + 전저점 유지 | 상승 평행채널 유효(커버리지 98%) | 최근 추세 하단(싼 구간) 접촉 | 현재도 채널 하단권 | 추세 하단 부근 쌍바닥/Higher-Low 형태 | 쌍바닥 넥라인 돌파 확인,,276000.0,True,9.06,True,0.9765,0.0753,True,270673.913,306054.3478,303500.0,341434.7826,262553.6957,10.89,23.71,True,True,False,10.73,False,False,False,,False,False,,2026-05-01,2026-05-31,276000.0,20,1,-3.804,265500.0,2026-05-20,-6.522,258000.0,2026-05-21,-1.812,271000.0,2026-05-22,-5.616,260500.0,2026-05-26,-7.609,255000.0,2026-05-27,-7.428,255500.0,2026-05-28,-6.703,257500.0,2026-05-29,-9.601,249500.0,2026-06-01,-8.696,252000.0,2026-06-02,-7.79,254500.0,2026-06-04,-6.703,257500.0,2026-06-05,-11.413,244500.0,2026-06-08,-11.413,244500.0,2026-06-09,-15.942,232000.0,2026-06-10,-15.58,233000.0,2026-06-11,-14.13,237000.0,2026-06-12,-14.312,236500.0,2026-06-15,-14.13,237000.0,2026-06-16,-10.507,247000.0,2026-06-17,-13.768,238000.0,2026-06-18,2026-06-18,-1.812,-15.942,0.543,-19.746,0,0.0,0.0,0.0,1.0,STOP,2026-05-20
016360,삼성증권,2026-05-26,2026-05-26,WATCH,70,LOWER_CHANNEL_WATCH,중기 Higher High + Higher Low | 상승추세 안의 단기 조정 + 전저점 유지 | 상승 평행채널 유효(커버리지 98%) | 최근 추세 하단(싼 구간) 접촉 | 현재도 채널 하단권 | 추세 하단 부근 쌍바닥/Higher-Low 형태 | 이동평균선 재돌파 | 재상승 후 5일선 지지,,126800.0,True,22.21,True,0.9844,0.1206,True,120280.0,147308.0,163000.0,174336.0,116671.6,16.17,37.49,True,False,False,12.75,True,True,False,,False,False,,2026-05-01,2026-05-31,126800.0,20,1,-2.05,124200.0,2026-05-27,-4.732,120800.0,2026-05-28,-5.521,119800.0,2026-05-29,-1.814,124500.0,2026-06-01,-4.89,120600.0,2026-06-02,0.158,127000.0,2026-06-04,-2.681,123400.0,2026-06-05,-13.17,110100.0,2026-06-08,-7.334,117500.0,2026-06-09,-11.514,112200.0,2026-06-10,-11.83,111800.0,2026-06-11,-6.309,118800.0,2026-06-12,-3.391,122500.0,2026-06-15,-1.735,124600.0,2026-06-16,-2.287,123900.0,2026-06-17,-5.994,119200.0,2026-06-18,-6.23,118900.0,2026-06-19,-10.095,114000.0,2026-06-22,-14.826,108000.0,2026-06-23,-15.221,107500.0,2026-06-24,2026-06-24,0.158,-15.221,4.101,-17.429,0,0.0,0.0,0.0,1.0,STOP,2026-05-28
016360,삼성증권,2026-05-27,2026-05-27,WATCH,60,LOWER_CHANNEL_WATCH,중기 Higher High + Higher Low | 상승추세 안의 단기 조정 + 전저점 유지 | 상승 평행채널 유효(커버리지 98%) | 최근 추세 하단(싼 구간) 접촉 | 현재도 채널 하단권 | 추세 하단 부근 쌍바닥/Higher-Low 형태,,124200.0,True,23.8,True,0.9846,0.0564,True,121152.0,148180.0,163000.0,175208.0,117517.44,19.31,41.07,True,False,False,13.35,False,True,False,,False,False,,2026-05-01,2026-05-31,124200.0,20,1,-2.738,120800.0,2026-05-28,-3.543,119800.0,2026-05-29,0.242,124500.0,2026-06-01,-2.899,120600.0,2026-06-02,2.254,127000.0,2026-06-04,-0.644,123400.0,2026-06-05,-11.353,110100.0,2026-06-08,-5.395,117500.0,2026-06-09,-9.662,112200.0,2026-06-10,-9.984,111800.0,2026-06-11,-4.348,118800.0,2026-06-12,-1.369,122500.0,2026-06-15,0.322,124600.0,2026-06-16,-0.242,123900.0,2026-06-17,-4.026,119200.0,2026-06-18,-4.267,118900.0,2026-06-19,-8.213,114000.0,2026-06-22,-13.043,108000.0,2026-06-23,-13.446,107500.0,2026-06-24,-10.789,110800.0,2026-06-25,2026-06-25,2.254,-13.446,4.831,-15.7,0,0.0,0.0,0.0,1.0,STOP,2026-05-28
003490,대한항공,2026-05-04,2026-05-04,WATCH,68,LOWER_CHANNEL_WATCH,중기 Higher High + Higher Low | 상승추세 안의 단기 조정 + 전저점 유지 | 상승 평행채널 유효(커버리지 87%) | 최근 추세 하단(싼 구간) 접촉 | 현재도 채널 하단권 | 추세 하단 부근 쌍바닥/Higher-Low 형태 | 이동평균선 밀집,,24500.0,True,4.95,True,0.8684,0.2735,True,23981.0345,24929.7414,25775.0,25878.4483,23474.0,1.75,5.63,True,False,True,0.64,False,True,False,,False,False,,2026-05-01,2026-05-31,24500.0,20,1,0.204,24550.0,2026-05-06,7.551,26350.0,2026-05-07,10.408,27050.0,2026-05-08,5.102,25750.0,2026-05-11,1.429,24850.0,2026-05-12,5.102,25750.0,2026-05-13,11.429,27300.0,2026-05-14,6.327,26050.0,2026-05-15,4.286,25550.0,2026-05-18,5.306,25800.0,2026-05-19,1.224,24800.0,2026-05-20,7.959,26450.0,2026-05-21,9.388,26800.0,2026-05-22,12.041,27450.0,2026-05-26,9.592,26850.0,2026-05-27,10.204,27000.0,2026-05-28,9.388,26800.0,2026-05-29,5.306,25800.0,2026-06-01,3.265,25300.0,2026-06-02,2.245,25050.0,2026-06-04,2026-06-04,12.041,0.204,15.918,-0.612,1,1.0,1.0,1.0,0.0,UPPER,2026-05-07
003490,대한항공,2026-05-13,2026-05-13,WATCH,68,LOWER_CHANNEL_WATCH,중기 Higher High + Higher Low | 상승추세 안의 단기 조정 + 전저점 유지 | 상승 평행채널 유효(커버리지 100%) | 최근 추세 하단(싼 구간) 접촉 | 현재도 채널 하단권 | 추세 하단 부근 쌍바닥/Higher-Low 형태 | 이동평균선 밀집,,25750.0,True,5.85,True,1.0,0.2549,True,25100.0,26375.0,27350.0,27650.0,24347.0,2.43,7.38,True,False,True,3.9,False,False,False,,False,False,,2026-05-01,2026-05-31,25750.0,20,1,6.019,27300.0,2026-05-14,1.165,26050.0,2026-05-15,-0.777,25550.0,2026-05-18,0.194,25800.0,2026-05-19,-3.689,24800.0,2026-05-20,2.718,26450.0,2026-05-21,4.078,26800.0,2026-05-22,6.602,27450.0,2026-05-26,4.272,26850.0,2026-05-27,4.854,27000.0,2026-05-28,4.078,26800.0,2026-05-29,0.194,25800.0,2026-06-01,-1.748,25300.0,2026-06-02,-2.718,25050.0,2026-06-04,-3.301,24900.0,2026-06-05,-7.573,23800.0,2026-06-08,-3.495,24850.0,2026-06-09,-1.165,25450.0,2026-06-10,-3.689,24800.0,2026-06-11,3.301,26600.0,2026-06-12,2026-06-12,6.602,-7.573,10.291,-8.155,1,1.0,0.0,0.0,1.0,STOP,2026-05-20
003490,대한항공,2026-05-14,2026-05-14,WATCH,68,LOWER_CHANNEL_WATCH,중기 Higher High + Higher Low | 상승 평행채널 유효(커버리지 100%) | 최근 추세 하단(싼 구간) 접촉 | 추세 하단 부근 쌍바닥/Higher-Low 형태 | 쌍바닥 넥라인 돌파 확인 | 이동평균선 밀집 | 이동평균선 재돌파 | 재상승 후 5일선 지지,,27300.0,True,0.18,True,1.0,0.8235,True,25200.0,26475.0,27350.0,27750.0,24444.0,-3.02,1.65,True,True,True,4.23,True,True,False,,False,False,,2026-05-01,2026-05-31,27300.0,20,1,-4.579,26050.0,2026-05-15,-6.41,25550.0,2026-05-18,-5.495,25800.0,2026-05-19,-9.158,24800.0,2026-05-20,-3.114,26450.0,2026-05-21,-1.832,26800.0,2026-05-22,0.549,27450.0,2026-05-26,-1.648,26850.0,2026-05-27,-1.099,27000.0,2026-05-28,-1.832,26800.0,2026-05-29,-5.495,25800.0,2026-06-01,-7.326,25300.0,2026-06-02,-8.242,25050.0,2026-06-04,-8.791,24900.0,2026-06-05,-12.821,23800.0,2026-06-08,-8.974,24850.0,2026-06-09,-6.777,25450.0,2026-06-10,-9.158,24800.0,2026-06-11,-2.564,26600.0,2026-06-12,9.89,30000.0,2026-06-15,2026-06-15,9.89,-12.821,14.286,-13.37,1,,0.0,0.0,1.0,STOP,2026-05-20
003490,대한항공,2026-05-15,2026-05-15,WATCH,73,LOWER_CHANNEL_WATCH,중기 Higher High + Higher Low | 상승추세 안의 단기 조정 + 전저점 유지 | 상승 평행채널 유효(커버리지 93%) | 최근 추세 하단(싼 구간) 접촉 | 추세 하단 부근 쌍바닥/Higher-Low 형태 | 이동평균선 밀집 | 이동평균선 재돌파 | 재상승 후 5일선 지지,,26050.0,True,4.75,True,0.9333,0.6635,True,24590.3846,25690.3846,27350.0,26790.3846,23852.6731,-1.38,2.84,True,False,True,3.59,True,True,False,,False,False,,2026-05-01,2026-05-31,26050.0,20,1,-1.919,25550.0,2026-05-18,-0.96,25800.0,2026-05-19,-4.798,24800.0,2026-05-20,1.536,26450.0,2026-05-21,2.879,26800.0,2026-05-22,5.374,27450.0,2026-05-26,3.071,26850.0,2026-05-27,3.647,27000.0,2026-05-28,2.879,26800.0,2026-05-29,-0.96,25800.0,2026-06-01,-2.879,25300.0,2026-06-02,-3.839,25050.0,2026-06-04,-4.415,24900.0,2026-06-05,-8.637,23800.0,2026-06-08,-4.607,24850.0,2026-06-09,-2.303,25450.0,2026-06-10,-4.798,24800.0,2026-06-11,2.111,26600.0,2026-06-12,15.163,30000.0,2026-06-15,12.476,29300.0,2026-06-16,2026-06-16,15.163,-8.637,19.77,-9.213,1,,0.0,1.0,0.0,UPPER,2026-05-22
003490,대한항공,2026-05-18,2026-05-18,WATCH,63,LOWER_CHANNEL_WATCH,중기 Higher High + Higher Low | 상승추세 안의 단기 조정 + 전저점 유지 | 상승 평행채널 유효(커버리지 94%) | 최근 추세 하단(싼 구간) 접촉 | 추세 하단 부근 쌍바닥/Higher-Low 형태 | 이동평균선 밀집,,25550.0,True,6.58,True,0.9355,0.4073,True,24653.8462,25753.8462,27350.0,26853.8462,23914.2308,0.8,5.1,True,False,True,3.45,False,False,False,,False,False,,2026-05-01,2026-05-31,25550.0,20,1,0.978,25800.0,2026-05-19,-2.935,24800.0,2026-05-20,3.523,26450.0,2026-05-21,4.892,26800.0,2026-05-22,7.436,27450.0,2026-05-26,5.088,26850.0,2026-05-27,5.675,27000.0,2026-05-28,4.892,26800.0,2026-05-29,0.978,25800.0,2026-06-01,-0.978,25300.0,2026-06-02,-1.957,25050.0,2026-06-04,-2.544,24900.0,2026-06-05,-6.849,23800.0,2026-06-08,-2.74,24850.0,2026-06-09,-0.391,25450.0,2026-06-10,-2.935,24800.0,2026-06-11,4.11,26600.0,2026-06-12,17.417,30000.0,2026-06-15,14.677,29300.0,2026-06-16,12.72,28800.0,2026-06-17,2026-06-17,17.417,-6.849,22.114,-7.436,1,1.0,0.0,1.0,0.0,UPPER,2026-05-22
443060,HD현대마린솔루션,2026-05-04,2026-05-04,WATCH,79,LOWER_CHANNEL_WATCH,중기 Higher High + Higher Low | 상승추세 안의 단기 조정 + 전저점 유지 | 상승 평행채널 유효(커버리지 100%) | 최근 추세 하단(싼 구간) 접촉 | 추세 하단 부근 쌍바닥/Higher-Low 형태 | 쌍바닥 넥라인 돌파 확인 | 추세 바닥권 거래량 급증 양봉 | 거래량 기준봉 저가 지지 | 거래량 기준봉 고가 돌파,,269500.0,True,6.1,True,1.0,0.7327,True,203849.1525,248648.3051,287000.0,293447.4576,197733.678,-7.74,8.89,True,True,False,30.7,False,True,True,2026-04-17,True,True,2.05,2026-05-01,2026-05-31,269500.0,20,1,-3.34,260500.0,2026-05-06,0.0,269500.0,2026-05-07,-10.761,240500.0,2026-05-08,-4.638,257000.0,2026-05-11,-7.792,248500.0,2026-05-12,-13.915,232000.0,2026-05-13,-17.625,222000.0,2026-05-14,-20.037,215500.0,2026-05-15,-17.996,221000.0,2026-05-18,-19.109,218000.0,2026-05-19,-17.625,222000.0,2026-05-20,-14.657,230000.0,2026-05-21,-8.905,245500.0,2026-05-22,-4.824,256500.0,2026-05-26,-10.575,241000.0,2026-05-27,-16.141,226000.0,2026-05-28,-16.883,224000.0,2026-05-29,-13.544,233000.0,2026-06-01,-15.77,227000.0,2026-06-02,-18.367,220000.0,2026-06-04,2026-06-04,0.0,-20.037,1.113,-24.304,0,,0.0,0.0,1.0,STOP,2026-05-15
443060,HD현대마린솔루션,2026-05-06,2026-05-06,WATCH,79,LOWER_CHANNEL_WATCH,중기 Higher High + Higher Low | 상승추세 안의 단기 조정 + 전저점 유지 | 상승 평행채널 유효(커버리지 100%) | 최근 추세 하단(싼 구간) 접촉 | 추세 하단 부근 쌍바닥/Higher-Low 형태 | 쌍바닥 넥라인 돌파 확인 | 추세 바닥권 거래량 급증 양봉 | 거래량 기준봉 저가 지지 | 거래량 기준봉 고가 돌파,,260500.0,True,9.23,True,1.0,0.6143,True,205461.0169,250260.1695,287000.0,295059.322,199297.1864,-3.93,13.27,True,True,False,29.75,False,False,True,2026-04-17,True,True,2.05,2026-05-01,2026-05-31,260500.0,20,1,3.455,269500.0,2026-05-07,-7.678,240500.0,2026-05-08,-1.344,257000.0,2026-05-11,-4.607,248500.0,2026-05-12,-10.94,232000.0,2026-05-13,-14.779,222000.0,2026-05-14,-17.274,215500.0,2026-05-15,-15.163,221000.0,2026-05-18,-16.315,218000.0,2026-05-19,-14.779,222000.0,2026-05-20,-11.708,230000.0,2026-05-21,-5.758,245500.0,2026-05-22,-1.536,256500.0,2026-05-26,-7.486,241000.0,2026-05-27,-13.244,226000.0,2026-05-28,-14.012,224000.0,2026-05-29,-10.557,233000.0,2026-06-01,-12.86,227000.0,2026-06-02,-15.547,220000.0,2026-06-04,-14.779,222000.0,2026-06-05,2026-06-05,3.455,-17.274,4.607,-21.689,0,,0.0,0.0,1.0,STOP,2026-05-15
443060,HD현대마린솔루션,2026-05-07,2026-05-07,WATCH,87,LOWER_CHANNEL_WATCH,중기 Higher High + Higher Low | 상승추세 안의 단기 조정 + 전저점 유지 | 상승 평행채널 유효(커버리지 100%) | 최근 추세 하단(싼 구간) 접촉 | 추세 하단 부근 쌍바닥/Higher-Low 형태 | 쌍바닥 넥라인 돌파 확인 | 이동평균선 재돌파 | 추세 바닥권 거래량 급증 양봉 | 거래량 기준봉 저가 지지 | 거래량 기준봉 고가 돌파,,269500.0,True,6.1,True,1.0,0.6967,True,207072.8814,251872.0339,287000.0,296671.1864,200860.6949,-6.54,10.08,True,True,False,27.7,True,False,True,2026-04-17,True,True,2.05,2026-05-01,2026-05-31,269500.0,20,1,-10.761,240500.0,2026-05-08,-4.638,257000.0,2026-05-11,-7.792,248500.0,2026-05-12,-13.915,232000.0,2026-05-13,-17.625,222000.0,2026-05-14,-20.037,215500.0,2026-05-15,-17.996,221000.0,2026-05-18,-19.109,218000.0,2026-05-19,-17.625,222000.0,2026-05-20,-14.657,230000.0,2026-05-21,-8.905,245500.0,2026-05-22,-4.824,256500.0,2026-05-26,-10.575,241000.0,2026-05-27,-16.141,226000.0,2026-05-28,-16.883,224000.0,2026-05-29,-13.544,233000.0,2026-06-01,-15.77,227000.0,2026-06-02,-18.367,220000.0,2026-06-04,-17.625,222000.0,2026-06-05,-23.006,207500.0,2026-06-08,2026-06-08,-4.638,-23.006,0.928,-25.788,0,,0.0,0.0,1.0,STOP,2026-05-15
443060,HD현대마린솔루션,2026-05-08,2026-05-08,CONFIRMED,79,LOWER_CHANNEL_CONFIRMED_REVERSAL,중기 Higher High + Higher Low | 상승추세 안의 단기 조정 + 전저점 유지 | 상승 평행채널 유효(커버리지 100%) | 최근 추세 하단(싼 구간) 접촉 | 추세 하단 부근 쌍바닥/Higher-Low 형태 | 쌍바닥 넥라인 돌파 확인 | 추세 바닥권 거래량 급증 양봉 | 거래량 기준봉 저가 지지 | 거래량 기준봉 고가 돌파,,240500.0,True,16.2,True,1.0,0.3551,True,208684.7458,253483.8983,287000.0,298283.0508,202424.2034,5.4,24.03,True,True,False,28.2,False,False,True,2026-04-17,True,True,2.05,2026-05-01,2026-05-31,240500.0,20,1,6.861,257000.0,2026-05-11,3.326,248500.0,2026-05-12,-3.534,232000.0,2026-05-13,-7.692,222000.0,2026-05-14,-10.395,215500.0,2026-05-15,-8.108,221000.0,2026-05-18,-9.356,218000.0,2026-05-19,-7.692,222000.0,2026-05-20,-4.366,230000.0,2026-05-21,2.079,245500.0,2026-05-22,6.653,256500.0,2026-05-26,0.208,241000.0,2026-05-27,-6.029,226000.0,2026-05-28,-6.861,224000.0,2026-05-29,-3.119,233000.0,2026-06-01,-5.613,227000.0,2026-06-02,-8.524,220000.0,2026-06-04,-7.692,222000.0,2026-06-05,-13.721,207500.0,2026-06-08,-12.682,210000.0,2026-06-09,2026-06-09,6.861,-13.721,12.682,-16.84,0,1.0,0.0,0.0,1.0,STOP,2026-05-15
443060,HD현대마린솔루션,2026-05-11,2026-05-11,CONFIRMED,79,LOWER_CHANNEL_CONFIRMED_REVERSAL,중기 Higher High + Higher Low | 상승추세 안의 단기 조정 + 전저점 유지 | 상승 평행채널 유효(커버리지 100%) | 최근 추세 하단(싼 구간) 접촉 | 추세 하단 부근 쌍바닥/Higher-Low 형태 | 쌍바닥 넥라인 돌파 확인 | 추세 바닥권 거래량 급증 양봉 | 거래량 기준봉 저가 지지 | 거래량 기준봉 고가 돌파,,257000.0,True,10.45,True,1.0,0.5213,True,210296.6102,255095.7627,287000.0,299894.9153,203987.7119,-0.74,16.69,True,True,False,25.13,False,False,True,2026-04-17,True,True,2.05,2026-05-01,2026-05-31,257000.0,20,1,-3.307,248500.0,2026-05-12,-9.728,232000.0,2026-05-13,-13.619,222000.0,2026-05-14,-16.148,215500.0,2026-05-15,-14.008,221000.0,2026-05-18,-15.175,218000.0,2026-05-19,-13.619,222000.0,2026-05-20,-10.506,230000.0,2026-05-21,-4.475,245500.0,2026-05-22,-0.195,256500.0,2026-05-26,-6.226,241000.0,2026-05-27,-12.062,226000.0,2026-05-28,-12.84,224000.0,2026-05-29,-9.339,233000.0,2026-06-01,-11.673,227000.0,2026-06-02,-14.397,220000.0,2026-06-04,-13.619,222000.0,2026-06-05,-19.261,207500.0,2026-06-08,-18.288,210000.0,2026-06-09,-10.895,229000.0,2026-06-10,2026-06-10,-0.195,-19.261,2.14,-22.179,0,,0.0,0.0,1.0,STOP,2026-05-15
443060,HD현대마린솔루션,2026-05-12,2026-05-12,CONFIRMED,79,LOWER_CHANNEL_CONFIRMED_REVERSAL,중기 Higher High + Higher Low | 상승추세 안의 단기 조정 + 전저점 유지 | 상승 평행채널 유효(커버리지 100%) | 최근 추세 하단(싼 구간) 접촉 | 추세 하단 부근 쌍바닥/Higher-Low 형태 | 쌍바닥 넥라인 돌파 확인 | 추세 바닥권 거래량 급증 양봉 | 거래량 기준봉 저가 지지 | 거래량 기준봉 고가 돌파,,248500.0,True,13.41,True,1.0,0.4084,True,211908.4746,256707.6271,287000.0,301506.7797,205551.2203,3.3,21.33,True,True,False,23.76,False,False,True,2026-04-17,True,True,2.05,2026-05-01,2026-05-31,248500.0,20,1,-6.64,232000.0,2026-05-13,-10.664,222000.0,2026-05-14,-13.28,215500.0,2026-05-15,-11.066,221000.0,2026-05-18,-12.274,218000.0,2026-05-19,-10.664,222000.0,2026-05-20,-7.445,230000.0,2026-05-21,-1.207,245500.0,2026-05-22,3.219,256500.0,2026-05-26,-3.018,241000.0,2026-05-27,-9.054,226000.0,2026-05-28,-9.859,224000.0,2026-05-29,-6.237,233000.0,2026-06-01,-8.652,227000.0,2026-06-02,-11.469,220000.0,2026-06-04,-10.664,222000.0,2026-06-05,-16.499,207500.0,2026-06-08,-15.493,210000.0,2026-06-09,-7.847,229000.0,2026-06-10,-1.207,245500.0,2026-06-11,2026-06-11,3.219,-16.499,4.829,-19.517,0,0.0,0.0,0.0,1.0,STOP,2026-05-15
443060,HD현대마린솔루션,2026-05-13,2026-05-13,CONFIRMED,84,LOWER_CHANNEL_CONFIRMED_REVERSAL,중기 Higher High + Higher Low | 상승추세 안의 단기 조정 + 전저점 유지 | 상승 평행채널 유효(커버리지 100%) | 최근 추세 하단(싼 구간) 접촉 | 현재도 채널 하단권 | 추세 하단 부근 쌍바닥/Higher-Low 형태 | 쌍바닥 넥라인 돌파 확인 | 추세 바닥권 거래량 급증 양봉 | 거래량 기준봉 저가 지지 | 거래량 기준봉 고가 돌파,,232000.0,True,19.16,True,1.0,0.2063,True,213520.339,258319.4915,287000.0,303118.6441,207114.7288,11.34,30.65,True,True,False,22.55,False,False,True,2026-04-17,True,True,2.05,2026-05-01,2026-05-31,232000.0,20,1,-4.31,222000.0,2026-05-14,-7.112,215500.0,2026-05-15,-4.741,221000.0,2026-05-18,-6.034,218000.0,2026-05-19,-4.31,222000.0,2026-05-20,-0.862,230000.0,2026-05-21,5.819,245500.0,2026-05-22,10.56,256500.0,2026-05-26,3.879,241000.0,2026-05-27,-2.586,226000.0,2026-05-28,-3.448,224000.0,2026-05-29,0.431,233000.0,2026-06-01,-2.155,227000.0,2026-06-02,-5.172,220000.0,2026-06-04,-4.31,222000.0,2026-06-05,-10.56,207500.0,2026-06-08,-9.483,210000.0,2026-06-09,-1.293,229000.0,2026-06-10,5.819,245500.0,2026-06-11,6.681,247500.0,2026-06-12,2026-06-12,10.56,-10.56,12.931,-13.793,1,0.0,0.0,0.0,1.0,STOP,2026-05-15
443060,HD현대마린솔루션,2026-05-14,2026-05-14,CONFIRMED,84,LOWER_CHANNEL_CONFIRMED_REVERSAL,중기 Higher High + Higher Low | 상승추세 안의 단기 조정 + 전저점 유지 | 상승 평행채널 유효(커버리지 100%) | 최근 추세 하단(싼 구간) 접촉 | 현재도 채널 하단권 | 추세 하단 부근 쌍바닥/Higher-Low 형태 | 쌍바닥 넥라인 돌파 확인 | 추세 바닥권 거래량 급증 양봉 | 거래량 기준봉 저가 지지 | 거래량 기준봉 고가 돌파,,222000.0,True,22.65,True,1.0,0.0767,True,215132.2034,259931.3559,287000.0,304730.5085,208678.2373,17.09,37.27,True,True,False,18.87,False,False,True,2026-04-17,True,True,2.05,2026-05-01,2026-05-31,222000.0,20,1,-2.928,215500.0,2026-05-15,-0.45,221000.0,2026-05-18,-1.802,218000.0,2026-05-19,0.0,222000.0,2026-05-20,3.604,230000.0,2026-05-21,10.586,245500.0,2026-05-22,15.541,256500.0,2026-05-26,8.559,241000.0,2026-05-27,1.802,226000.0,2026-05-28,0.901,224000.0,2026-05-29,4.955,233000.0,2026-06-01,2.252,227000.0,2026-06-02,-0.901,220000.0,2026-06-04,0.0,222000.0,2026-06-05,-6.532,207500.0,2026-06-08,-5.405,210000.0,2026-06-09,3.153,229000.0,2026-06-10,10.586,245500.0,2026-06-11,11.486,247500.0,2026-06-12,14.865,255000.0,2026-06-15,2026-06-15,15.541,-6.532,18.018,-9.91,1,0.0,0.0,0.0,1.0,STOP,2026-05-15
443060,HD현대마린솔루션,2026-05-19,2026-05-19,WATCH,65,LOWER_CHANNEL_WATCH,중기 Higher High + Higher Low | 상승추세 안의 단기 조정 + 전저점 유지 | 상승 평행채널 유효(커버리지 100%) | 최근 추세 하단(싼 구간) 접촉 | 현재도 채널 하단권 | 추세 하단 부근 쌍바닥/Higher-Low 형태 | 쌍바닥 넥라인 돌파 확인,,218000.0,True,24.04,True,1.0,-0.022,True,219967.7966,264766.9492,287000.0,309566.1017,213368.7627,21.45,42.0,True,True,False,20.05,False,True,False,,False,False,,2026-05-01,2026-05-31,218000.0,20,1,1.835,222000.0,2026-05-20,5.505,230000.0,2026-05-21,12.615,245500.0,2026-05-22,17.661,256500.0,2026-05-26,10.55,241000.0,2026-05-27,3.67,226000.0,2026-05-28,2.752,224000.0,2026-05-29,6.881,233000.0,2026-06-01,4.128,227000.0,2026-06-02,0.917,220000.0,2026-06-04,1.835,222000.0,2026-06-05,-4.817,207500.0,2026-06-08,-3.67,210000.0,2026-06-09,5.046,229000.0,2026-06-10,12.615,245500.0,2026-06-11,13.532,247500.0,2026-06-12,16.972,255000.0,2026-06-15,17.202,255500.0,2026-06-16,13.073,246500.0,2026-06-17,9.633,239000.0,2026-06-18,2026-06-18,17.661,-4.817,21.101,-8.257,1,0.0,0.0,0.0,1.0,STOP,2026-05-20
443060,HD현대마린솔루션,2026-05-21,2026-05-21,WATCH,65,LOWER_CHANNEL_WATCH,중기 Higher High + Higher Low | 상승추세 안의 단기 조정 + 전저점 유지 | 상승 평행채널 유효(커버리지 100%) | 최근 추세 하단(싼 구간) 접촉 | 현재도 채널 하단권 | 추세 하단 부근 쌍바닥/Higher-Low 형태 | 쌍바닥 넥라인 돌파 확인,,230000.0,True,19.86,True,1.0,0.076,True,223191.5254,267990.678,287000.0,312789.8305,216495.7797,16.52,36.0,True,True,False,18.92,False,True,False,,False,False,,2026-05-01,2026-05-31,230000.0,20,1,6.739,245500.0,2026-05-22,11.522,256500.0,2026-05-26,4.783,241000.0,2026-05-27,-1.739,226000.0,2026-05-28,-2.609,224000.0,2026-05-29,1.304,233000.0,2026-06-01,-1.304,227000.0,2026-06-02,-4.348,220000.0,2026-06-04,-3.478,222000.0,2026-06-05,-9.783,207500.0,2026-06-08,-8.696,210000.0,2026-06-09,-0.435,229000.0,2026-06-10,6.739,245500.0,2026-06-11,7.609,247500.0,2026-06-12,10.87,255000.0,2026-06-15,11.087,255500.0,2026-06-16,7.174,246500.0,2026-06-17,3.913,239000.0,2026-06-18,-2.174,225000.0,2026-06-19,-8.913,209500.0,2026-06-22,2026-06-22,11.522,-9.783,14.783,-13.043,0,0.0,0.0,0.0,1.0,STOP,2026-05-28
443060,HD현대마린솔루션,2026-05-22,2026-05-22,WATCH,65,LOWER_CHANNEL_WATCH,중기 Higher High + Higher Low | 상승추세 안의 단기 조정 + 전저점 유지 | 상승 평행채널 유효(커버리지 100%) | 최근 추세 하단(싼 구간) 접촉 | 현재도 채널 하단권 | 추세 하단 부근 쌍바닥/Higher-Low 형태 | 쌍바닥 넥라인 돌파 확인,,245500.0,True,14.46,True,1.0,0.231,True,224803.3898,269602.5424,287000.0,314401.6949,218059.2881,9.82,28.07,True,True,False,17.56,False,True,False,,False,False,,2026-05-01,2026-05-31,245500.0,20,1,4.481,256500.0,2026-05-26,-1.833,241000.0,2026-05-27,-7.943,226000.0,2026-05-28,-8.758,224000.0,2026-05-29,-5.092,233000.0,2026-06-01,-7.536,227000.0,2026-06-02,-10.387,220000.0,2026-06-04,-9.572,222000.0,2026-06-05,-15.479,207500.0,2026-06-08,-14.46,210000.0,2026-06-09,-6.721,229000.0,2026-06-10,0.0,245500.0,2026-06-11,0.815,247500.0,2026-06-12,3.87,255000.0,2026-06-15,4.073,255500.0,2026-06-16,0.407,246500.0,2026-06-17,-2.648,239000.0,2026-06-18,-8.35,225000.0,2026-06-19,-14.664,209500.0,2026-06-22,-16.701,204500.0,2026-06-23,2026-06-23,4.481,-16.701,7.536,-18.534,0,0.0,0.0,0.0,1.0,STOP,2026-05-28
443060,HD현대마린솔루션,2026-05-26,2026-05-26,CONFIRMED,75,LOWER_CHANNEL_CONFIRMED_REVERSAL,중기 Higher High + Higher Low | 상승추세 안의 단기 조정 + 전저점 유지 | 상승 평행채널 유효(커버리지 100%) | 최근 추세 하단(싼 구간) 접촉 | 현재도 채널 하단권 | 추세 하단 부근 쌍바닥/Higher-Low 형태 | 쌍바닥 넥라인 돌파 확인 | 이동평균선 재돌파 | 재상승 후 5일선 지지,,256500.0,True,10.63,True,1.0,0.3358,True,226415.2542,271214.4068,287000.0,316013.5593,219622.7966,5.74,23.2,True,True,False,16.91,True,True,False,,False,False,,2026-05-01,2026-05-31,256500.0,20,1,-6.043,241000.0,2026-05-27,-11.891,226000.0,2026-05-28,-12.671,224000.0,2026-05-29,-9.162,233000.0,2026-06-01,-11.501,227000.0,2026-06-02,-14.23,220000.0,2026-06-04,-13.45,222000.0,2026-06-05,-19.103,207500.0,2026-06-08,-18.129,210000.0,2026-06-09,-10.721,229000.0,2026-06-10,-4.288,245500.0,2026-06-11,-3.509,247500.0,2026-06-12,-0.585,255000.0,2026-06-15,-0.39,255500.0,2026-06-16,-3.899,246500.0,2026-06-17,-6.823,239000.0,2026-06-18,-12.281,225000.0,2026-06-19,-18.324,209500.0,2026-06-22,-20.273,204500.0,2026-06-23,-14.62,219000.0,2026-06-24,2026-06-24,-0.39,-20.273,2.924,-22.027,0,0.0,0.0,0.0,1.0,STOP,2026-05-28
443060,HD현대마린솔루션,2026-05-27,2026-05-27,WATCH,65,LOWER_CHANNEL_WATCH,중기 Higher High + Higher Low | 상승추세 안의 단기 조정 + 전저점 유지 | 상승 평행채널 유효(커버리지 100%) | 최근 추세 하단(싼 구간) 접촉 | 현재도 채널 하단권 | 추세 하단 부근 쌍바닥/Higher-Low 형태 | 쌍바닥 넥라인 돌파 확인,,241000.0,True,16.03,True,1.0,0.1448,True,228027.1186,272826.2712,287000.0,317625.4237,221186.3051,13.21,31.79,True,True,False,17.35,False,True,False,,False,False,,2026-05-01,2026-05-31,241000.0,20,1,-6.224,226000.0,2026-05-28,-7.054,224000.0,2026-05-29,-3.32,233000.0,2026-06-01,-5.809,227000.0,2026-06-02,-8.714,220000.0,2026-06-04,-7.884,222000.0,2026-06-05,-13.9,207500.0,2026-06-08,-12.863,210000.0,2026-06-09,-4.979,229000.0,2026-06-10,1.867,245500.0,2026-06-11,2.697,247500.0,2026-06-12,5.809,255000.0,2026-06-15,6.017,255500.0,2026-06-16,2.282,246500.0,2026-06-17,-0.83,239000.0,2026-06-18,-6.639,225000.0,2026-06-19,-13.071,209500.0,2026-06-22,-15.145,204500.0,2026-06-23,-9.129,219000.0,2026-06-24,-6.017,226500.0,2026-06-25,2026-06-25,6.017,-15.145,9.544,-17.012,0,0.0,0.0,0.0,1.0,STOP,2026-05-28
443060,HD현대마린솔루션,2026-05-28,2026-05-28,WATCH,65,LOWER_CHANNEL_WATCH,중기 Higher High + Higher Low | 상승추세 안의 단기 조정 + 전저점 유지 | 상승 평행채널 유효(커버리지 100%) | 최근 추세 하단(싼 구간) 접촉 | 현재도 채널 하단권 | 추세 하단 부근 쌍바닥/Higher-Low 형태 | 쌍바닥 넥라인 돌파 확인,,226000.0,True,20.14,True,1.0,0.1149,True,214928.5714,263107.1429,287000.0,311285.7143,208480.7143,16.42,37.74,True,True,False,16.98,False,False,False,,False,False,,2026-05-01,2026-05-31,226000.0,20,1,-0.885,224000.0,2026-05-29,3.097,233000.0,2026-06-01,0.442,227000.0,2026-06-02,-2.655,220000.0,2026-06-04,-1.77,222000.0,2026-06-05,-8.186,207500.0,2026-06-08,-7.08,210000.0,2026-06-09,1.327,229000.0,2026-06-10,8.628,245500.0,2026-06-11,9.513,247500.0,2026-06-12,12.832,255000.0,2026-06-15,13.053,255500.0,2026-06-16,9.071,246500.0,2026-06-17,5.752,239000.0,2026-06-18,-0.442,225000.0,2026-06-19,-7.301,209500.0,2026-06-22,-9.513,204500.0,2026-06-23,-3.097,219000.0,2026-06-24,0.221,226500.0,2026-06-25,-4.204,216500.0,2026-06-26,2026-06-26,13.053,-9.513,16.814,-11.504,0,0.0,0.0,0.0,1.0,STOP,2026-06-08
443060,HD현대마린솔루션,2026-05-29,2026-05-29,WATCH,65,LOWER_CHANNEL_WATCH,중기 Higher High + Higher Low | 상승추세 안의 단기 조정 + 전저점 유지 | 상승 평행채널 유효(커버리지 100%) | 최근 추세 하단(싼 구간) 접촉 | 현재도 채널 하단권 | 추세 하단 부근 쌍바닥/Higher-Low 형태 | 쌍바닥 넥라인 돌파 확인,,224000.0,True,20.85,True,1.0,0.0815,True,216142.8571,264321.4286,287000.0,312500.0,209658.5714,18.0,39.51,True,True,False,15.66,False,False,False,,False,False,,2026-05-01,2026-05-31,224000.0,20,1,4.018,233000.0,2026-06-01,1.339,227000.0,2026-06-02,-1.786,220000.0,2026-06-04,-0.893,222000.0,2026-06-05,-7.366,207500.0,2026-06-08,-6.25,210000.0,2026-06-09,2.232,229000.0,2026-06-10,9.598,245500.0,2026-06-11,10.491,247500.0,2026-06-12,13.839,255000.0,2026-06-15,14.062,255500.0,2026-06-16,10.045,246500.0,2026-06-17,6.696,239000.0,2026-06-18,0.446,225000.0,2026-06-19,-6.473,209500.0,2026-06-22,-8.705,204500.0,2026-06-23,-2.232,219000.0,2026-06-24,1.116,226500.0,2026-06-25,-3.348,216500.0,2026-06-26,-0.446,223000.0,2026-06-29,2026-06-29,14.062,-8.705,17.857,-10.714,0,0.0,0.0,0.0,1.0,STOP,2026-06-08
028050,삼성E&A,2026-05-07,2026-05-07,WATCH,60,LOWER_CHANNEL_WATCH,중기 Higher High + Higher Low | 상승추세 안의 단기 조정 + 전저점 유지 | 상승 평행채널 유효(커버리지 98%) | 최근 추세 하단(싼 구간) 접촉 | 이동평균선 재돌파 | 재상승 후 5일선 지지,,64400.0,True,4.31,True,0.9756,0.557,True,55963.6364,63536.3636,57800.0,71109.0909,54284.7273,-1.34,10.42,False,False,False,23.73,True,True,False,,False,False,,2026-05-01,2026-05-31,64400.0,20,1,-3.106,62400.0,2026-05-08,-9.006,58600.0,2026-05-11,-14.752,54900.0,2026-05-12,-17.702,53000.0,2026-05-13,-15.062,54700.0,2026-05-14,-21.429,50600.0,2026-05-15,-23.137,49500.0,2026-05-18,-23.525,49250.0,2026-05-19,-26.398,47400.0,2026-05-20,-20.342,51300.0,2026-05-21,-17.081,53400.0,2026-05-22,-15.217,54600.0,2026-05-26,-20.342,51300.0,2026-05-27,-21.118,50800.0,2026-05-28,-17.857,52900.0,2026-05-29,-21.894,50300.0,2026-06-01,-23.447,49300.0,2026-06-02,-23.137,49500.0,2026-06-04,-24.922,48350.0,2026-06-05,-30.978,44450.0,2026-06-08,2026-06-08,-3.106,-30.978,-2.329,-33.385,0,,,0.0,1.0,STOP,2026-05-12
028050,삼성E&A,2026-05-08,2026-05-08,WATCH,60,LOWER_CHANNEL_WATCH,중기 Higher High + Higher Low | 상승추세 안의 단기 조정 + 전저점 유지 | 상승 평행채널 유효(커버리지 100%) | 최근 추세 하단(싼 구간) 접촉 | 이동평균선 재돌파 | 재상승 후 5일선 지지,,62400.0,True,7.28,True,1.0,0.4421,True,54768.1818,63400.0,57800.0,72031.8182,53125.1364,1.6,15.44,False,False,False,26.26,True,True,False,,False,False,,2026-05-01,2026-05-31,62400.0,20,1,-6.09,58600.0,2026-05-11,-12.019,54900.0,2026-05-12,-15.064,53000.0,2026-05-13,-12.34,54700.0,2026-05-14,-18.91,50600.0,2026-05-15,-20.673,49500.0,2026-05-18,-21.074,49250.0,2026-05-19,-24.038,47400.0,2026-05-20,-17.788,51300.0,2026-05-21,-14.423,53400.0,2026-05-22,-12.5,54600.0,2026-05-26,-17.788,51300.0,2026-05-27,-18.59,50800.0,2026-05-28,-15.224,52900.0,2026-05-29,-19.391,50300.0,2026-06-01,-20.994,49300.0,2026-06-02,-20.673,49500.0,2026-06-04,-22.516,48350.0,2026-06-05,-28.766,44450.0,2026-06-08,-25.561,46450.0,2026-06-09,2026-06-09,-6.09,-28.766,-2.244,-31.25,0,0.0,,0.0,1.0,STOP,2026-05-12
039490,키움증권,2026-05-11,2026-05-11,WATCH,68,LOWER_CHANNEL_WATCH,중기 Higher High + Higher Low | 상승추세 안의 단기 조정 + 전저점 유지 | 상승 평행채널 유효(커버리지 100%) | 최근 추세 하단(싼 구간) 접촉 | 이동평균선 밀집 | 이동평균선 재돌파 | 재상승 후 5일선 지지,,459000.0,True,6.8,True,1.0,0.6927,True,381322.2222,437394.4444,492500.0,493466.6667,422435.0,-4.71,7.51,False,False,True,2.97,True,True,False,,False,False,,2026-05-01,2026-05-31,459000.0,20,1,-8.497,420000.0,2026-05-12,-10.566,410500.0,2026-05-13,-8.497,420000.0,2026-05-14,-13.725,396000.0,2026-05-15,-15.033,390000.0,2026-05-18,-17.756,377500.0,2026-05-19,-20.806,363500.0,2026-05-20,-10.675,410000.0,2026-05-21,-11.329,407000.0,2026-05-22,-12.745,400500.0,2026-05-26,-14.815,391000.0,2026-05-27,-19.172,371000.0,2026-05-28,-19.281,370500.0,2026-05-29,-16.993,381000.0,2026-06-01,-20.697,364000.0,2026-06-02,-18.954,372000.0,2026-06-04,-20.697,364000.0,2026-06-05,-27.996,330500.0,2026-06-08,-22.113,357500.0,2026-06-09,-25.381,342500.0,2026-06-10,2026-06-10,-8.497,-27.996,3.704,-29.194,0,,0.0,0.0,1.0,STOP,2026-05-12
047040,대우건설,2026-05-04,2026-05-04,WATCH,74,LOWER_CHANNEL_WATCH,중기 Higher High + Higher Low | 상승추세 안의 단기 조정 + 전저점 유지 | 상승 평행채널 유효(커버리지 93%) | 최근 추세 하단(싼 구간) 접촉 | 현재도 채널 하단권 | 추세 바닥권 거래량 급증 양봉 | 거래량 기준봉 저가 지지 | 거래량 기준봉 고가 돌파,,32150.0,True,20.32,True,0.9254,0.1538,True,30360.0,36178.5714,40350.0,41997.1429,29449.2,12.53,30.63,False,False,False,55.78,False,False,True,2026-04-09,True,True,1.94,2026-05-01,2026-05-31,32150.0,20,1,0.156,32200.0,2026-05-06,3.266,33200.0,2026-05-07,2.177,32850.0,2026-05-08,-0.156,32100.0,2026-05-11,-6.221,30150.0,2026-05-12,-9.953,28950.0,2026-05-13,1.4,32600.0,2026-05-14,-11.353,28500.0,2026-05-15,-8.865,29300.0,2026-05-18,-15.863,27050.0,2026-05-19,-17.107,26650.0,2026-05-20,-11.82,28350.0,2026-05-21,-11.198,28550.0,2026-05-22,-8.398,29450.0,2026-05-26,-16.796,26750.0,2026-05-27,-20.84,25450.0,2026-05-28,-18.507,26200.0,2026-05-29,-24.572,24250.0,2026-06-01,-29.082,22800.0,2026-06-02,-28.616,22950.0,2026-06-04,2026-06-04,3.266,-29.082,16.33,-32.348,0,0.0,0.0,0.0,1.0,STOP,2026-05-06
047040,대우건설,2026-05-07,2026-05-07,WATCH,74,LOWER_CHANNEL_WATCH,중기 Higher High + Higher Low | 상승추세 안의 단기 조정 + 전저점 유지 | 상승 평행채널 유효(커버리지 93%) | 최근 추세 하단(싼 구간) 접촉 | 현재도 채널 하단권 | 추세 바닥권 거래량 급증 양봉 | 거래량 기준봉 저가 지지 | 거래량 기준봉 고가 돌파,,33200.0,True,17.72,True,0.9275,0.1497,True,31458.0952,37276.6667,40350.0,43095.2381,30514.3524,12.28,29.8,False,False,False,48.29,False,False,True,2026-04-09,True,True,1.94,2026-05-01,2026-05-31,33200.0,20,1,-1.054,32850.0,2026-05-08,-3.313,32100.0,2026-05-11,-9.187,30150.0,2026-05-12,-12.801,28950.0,2026-05-13,-1.807,32600.0,2026-05-14,-14.157,28500.0,2026-05-15,-11.747,29300.0,2026-05-18,-18.524,27050.0,2026-05-19,-19.729,26650.0,2026-05-20,-14.608,28350.0,2026-05-21,-14.006,28550.0,2026-05-22,-11.295,29450.0,2026-05-26,-19.428,26750.0,2026-05-27,-23.343,25450.0,2026-05-28,-21.084,26200.0,2026-05-29,-26.958,24250.0,2026-06-01,-31.325,22800.0,2026-06-02,-30.873,22950.0,2026-06-04,-34.488,21750.0,2026-06-05,-38.554,20400.0,2026-06-08,2026-06-08,-1.054,-38.554,0.753,-42.018,0,0.0,0.0,0.0,1.0,STOP,2026-05-11
047040,대우건설,2026-05-08,2026-05-08,WATCH,74,LOWER_CHANNEL_WATCH,중기 Higher High + Higher Low | 상승추세 안의 단기 조정 + 전저점 유지 | 상승 평행채널 유효(커버리지 93%) | 최근 추세 하단(싼 구간) 접촉 | 현재도 채널 하단권 | 추세 바닥권 거래량 급증 양봉 | 거래량 기준봉 저가 지지 | 거래량 기준봉 고가 돌파,,32850.0,True,18.59,True,0.9286,0.0724,True,32007.1429,37825.7143,40350.0,43644.2857,31046.9286,15.15,32.86,False,False,False,44.95,False,False,True,2026-04-09,True,True,1.94,2026-05-01,2026-05-31,32850.0,20,1,-2.283,32100.0,2026-05-11,-8.219,30150.0,2026-05-12,-11.872,28950.0,2026-05-13,-0.761,32600.0,2026-05-14,-13.242,28500.0,2026-05-15,-10.807,29300.0,2026-05-18,-17.656,27050.0,2026-05-19,-18.874,26650.0,2026-05-20,-13.699,28350.0,2026-05-21,-13.09,28550.0,2026-05-22,-10.35,29450.0,2026-05-26,-18.569,26750.0,2026-05-27,-22.527,25450.0,2026-05-28,-20.244,26200.0,2026-05-29,-26.18,24250.0,2026-06-01,-30.594,22800.0,2026-06-02,-30.137,22950.0,2026-06-04,-33.79,21750.0,2026-06-05,-37.9,20400.0,2026-06-08,-35.921,21050.0,2026-06-09,2026-06-09,-0.761,-37.9,1.826,-41.4,0,0.0,0.0,0.0,1.0,STOP,2026-05-11
007660,이수페타시스,2026-05-04,2026-05-04,WATCH,60,LOWER_CHANNEL_WATCH,중기 Higher High + Higher Low | 상승추세 안의 단기 조정 + 전저점 유지 | 상승 평행채널 유효(커버리지 95%) | 최근 추세 하단(싼 구간) 접촉 | 추세 하단 부근 쌍바닥/Higher-Low 형태 | 쌍바닥 넥라인 돌파 확인,,149000.0,True,9.37,True,0.9492,0.5639,True,122376.4706,145982.3529,164400.0,169588.2353,118705.1765,-2.03,13.82,True,True,False,20.91,False,True,False,,False,False,,2026-05-01,2026-05-31,149000.0,20,1,1.745,151600.0,2026-05-06,-1.074,147400.0,2026-05-07,-5.302,141100.0,2026-05-08,-5.973,140100.0,2026-05-11,-13.826,128400.0,2026-05-12,-10.671,133100.0,2026-05-13,-11.074,132500.0,2026-05-14,-14.094,128000.0,2026-05-15,-11.745,131500.0,2026-05-18,-18.859,120900.0,2026-05-19,-18.389,121600.0,2026-05-20,-14.228,127800.0,2026-05-21,-15.369,126100.0,2026-05-22,-6.242,139700.0,2026-05-26,-11.208,132300.0,2026-05-27,-14.43,127500.0,2026-05-28,-13.289,129200.0,2026-05-29,-6.443,139400.0,2026-06-01,-8.523,136300.0,2026-06-02,-10.268,133700.0,2026-06-04,2026-06-04,1.745,-18.859,3.557,-21.007,0,,0.0,0.0,1.0,STOP,2026-05-18
007660,이수페타시스,2026-05-06,2026-05-06,WATCH,70,LOWER_CHANNEL_WATCH,중기 Higher High + Higher Low | 상승추세 안의 단기 조정 + 전저점 유지 | 상승 평행채널 유효(커버리지 95%) | 최근 추세 하단(싼 구간) 접촉 | 추세 하단 부근 쌍바닥/Higher-Low 형태 | 쌍바닥 넥라인 돌파 확인 | 이동평균선 재돌파 | 재상승 후 5일선 지지,,151600.0,True,7.79,True,0.95,0.6033,True,123117.6471,146723.5294,164400.0,170329.4118,138613.0,-3.22,12.35,True,True,False,19.67,True,True,False,,False,False,,2026-05-01,2026-05-31,151600.0,20,1,-2.77,147400.0,2026-05-07,-6.926,141100.0,2026-05-08,-7.586,140100.0,2026-05-11,-15.303,128400.0,2026-05-12,-12.203,133100.0,2026-05-13,-12.599,132500.0,2026-05-14,-15.567,128000.0,2026-05-15,-13.259,131500.0,2026-05-18,-20.251,120900.0,2026-05-19,-19.789,121600.0,2026-05-20,-15.699,127800.0,2026-05-21,-16.821,126100.0,2026-05-22,-7.85,139700.0,2026-05-26,-12.731,132300.0,2026-05-27,-15.897,127500.0,2026-05-28,-14.776,129200.0,2026-05-29,-8.047,139400.0,2026-06-01,-10.092,136300.0,2026-06-02,-11.807,133700.0,2026-06-04,-20.251,120900.0,2026-06-05,2026-06-05,-2.77,-20.251,0.726,-23.483,0,,0.0,0.0,1.0,STOP,2026-05-11
007660,이수페타시스,2026-05-07,2026-05-07,WATCH,60,LOWER_CHANNEL_WATCH,중기 Higher High + Higher Low | 상승추세 안의 단기 조정 + 전저점 유지 | 상승 평행채널 유효(커버리지 95%) | 최근 추세 하단(싼 구간) 접촉 | 추세 하단 부근 쌍바닥/Higher-Low 형태 | 쌍바닥 넥라인 돌파 확인,,147400.0,True,10.34,True,0.9508,0.4986,True,123858.8235,147464.7059,164400.0,171070.5882,138613.0,0.04,16.06,True,True,False,19.55,False,False,False,,False,False,,2026-05-01,2026-05-31,147400.0,20,1,-4.274,141100.0,2026-05-08,-4.953,140100.0,2026-05-11,-12.89,128400.0,2026-05-12,-9.701,133100.0,2026-05-13,-10.109,132500.0,2026-05-14,-13.161,128000.0,2026-05-15,-10.787,131500.0,2026-05-18,-17.978,120900.0,2026-05-19,-17.503,121600.0,2026-05-20,-13.297,127800.0,2026-05-21,-14.45,126100.0,2026-05-22,-5.224,139700.0,2026-05-26,-10.244,132300.0,2026-05-27,-13.501,127500.0,2026-05-28,-12.347,129200.0,2026-05-29,-5.427,139400.0,2026-06-01,-7.531,136300.0,2026-06-02,-9.294,133700.0,2026-06-04,-17.978,120900.0,2026-06-05,-28.29,105700.0,2026-06-08,2026-06-08,-4.274,-28.29,1.832,-29.783,0,0.0,0.0,0.0,1.0,STOP,2026-05-11
005387,현대차2우B,2026-05-04,2026-05-04,WATCH,68,LOWER_CHANNEL_WATCH,중기 Higher High + Higher Low | 상승추세 안의 단기 조정 + 전저점 유지 | 상승 평행채널 유효(커버리지 100%) | 최근 추세 하단(싼 구간) 접촉 | 현재도 채널 하단권 | 추세 하단 부근 쌍바닥/Higher-Low 형태 | 이동평균선 밀집,,249500.0,True,5.49,True,1.0,0.2299,True,244500.0,255375.0,264000.0,266250.0,237165.0,2.35,6.71,True,False,True,4.8,False,True,False,,False,False,,2026-05-01,2026-05-31,249500.0,20,1,0.401,250500.0,2026-05-06,2.806,256500.0,2026-05-07,8.818,271500.0,2026-05-08,9.018,272000.0,2026-05-11,6.814,266500.0,2026-05-12,13.226,282500.0,2026-05-13,14.629,286000.0,2026-05-14,12.024,279500.0,2026-05-15,8.216,270000.0,2026-05-18,0.802,251500.0,2026-05-19,-0.601,248000.0,2026-05-20,6.613,266000.0,2026-05-21,5.411,263000.0,2026-05-22,9.419,273000.0,2026-05-26,8.016,269500.0,2026-05-27,5.611,263500.0,2026-05-28,9.018,272000.0,2026-05-29,18.437,295500.0,2026-06-01,13.026,282000.0,2026-06-02,6.613,266000.0,2026-06-04,2026-06-04,18.437,-0.601,24.048,-2.605,1,1.0,1.0,1.0,0.0,UPPER,2026-05-08
005387,현대차2우B,2026-05-06,2026-05-06,WATCH,68,LOWER_CHANNEL_WATCH,중기 Higher High + Higher Low | 상승추세 안의 단기 조정 + 전저점 유지 | 상승 평행채널 유효(커버리지 100%) | 최근 추세 하단(싼 구간) 접촉 | 현재도 채널 하단권 | 추세 하단 부근 쌍바닥/Higher-Low 형태 | 이동평균선 밀집,,250500.0,True,5.11,True,1.0,0.2414,True,245250.0,256125.0,264000.0,267000.0,237892.5,2.25,6.59,True,False,True,4.43,False,True,False,,False,False,,2026-05-01,2026-05-31,250500.0,20,1,2.395,256500.0,2026-05-07,8.383,271500.0,2026-05-08,8.583,272000.0,2026-05-11,6.387,266500.0,2026-05-12,12.774,282500.0,2026-05-13,14.172,286000.0,2026-05-14,11.577,279500.0,2026-05-15,7.784,270000.0,2026-05-18,0.399,251500.0,2026-05-19,-0.998,248000.0,2026-05-20,6.188,266000.0,2026-05-21,4.99,263000.0,2026-05-22,8.982,273000.0,2026-05-26,7.585,269500.0,2026-05-27,5.19,263500.0,2026-05-28,8.583,272000.0,2026-05-29,17.964,295500.0,2026-06-01,12.575,282000.0,2026-06-02,6.188,266000.0,2026-06-04,3.792,260000.0,2026-06-05,2026-06-05,17.964,-0.998,23.553,-2.994,1,1.0,1.0,1.0,0.0,UPPER,2026-05-08
005387,현대차2우B,2026-05-08,2026-05-08,WATCH,78,LOWER_CHANNEL_WATCH,중기 Higher High + Higher Low | 상승추세 안의 단기 조정 + 전저점 유지 | 상승 평행채널 유효(커버리지 96%) | 최근 추세 하단(싼 구간) 접촉 | 추세 하단 부근 쌍바닥/Higher-Low 형태 | 쌍바닥 넥라인 돌파 확인 | 이동평균선 밀집 | 이동평균선 재돌파 | 재상승 후 5일선 지지,,271500.0,True,3.21,True,0.96,1.1379,True,246750.0,257625.0,264000.0,268500.0,239347.5,-5.11,-1.1,True,True,True,3.27,True,True,False,,False,False,,2026-05-01,2026-05-31,271500.0,20,1,0.184,272000.0,2026-05-11,-1.842,266500.0,2026-05-12,4.052,282500.0,2026-05-13,5.341,286000.0,2026-05-14,2.947,279500.0,2026-05-15,-0.552,270000.0,2026-05-18,-7.366,251500.0,2026-05-19,-8.656,248000.0,2026-05-20,-2.026,266000.0,2026-05-21,-3.131,263000.0,2026-05-22,0.552,273000.0,2026-05-26,-0.737,269500.0,2026-05-27,-2.947,263500.0,2026-05-28,0.184,272000.0,2026-05-29,8.84,295500.0,2026-06-01,3.867,282000.0,2026-06-02,-2.026,266000.0,2026-06-04,-4.236,260000.0,2026-06-05,-11.602,240000.0,2026-06-08,-8.84,247500.0,2026-06-09,2026-06-09,8.84,-11.602,13.996,-12.707,0,,,,1.0,STOP,2026-05-20
005387,현대차2우B,2026-05-11,2026-05-11,WATCH,78,LOWER_CHANNEL_WATCH,중기 Higher High + Higher Low | 상승추세 안의 단기 조정 + 전저점 유지 | 상승 평행채널 유효(커버리지 92%) | 최근 추세 하단(싼 구간) 접촉 | 추세 하단 부근 쌍바닥/Higher-Low 형태 | 쌍바닥 넥라인 돌파 확인 | 이동평균선 밀집 | 이동평균선 재돌파 | 재상승 후 5일선 지지,,272000.0,True,3.03,True,0.9231,1.1264,True,247500.0,258375.0,264000.0,269250.0,240075.0,-5.01,-1.01,True,True,True,3.12,True,True,False,,False,False,,2026-05-01,2026-05-31,272000.0,20,1,-2.022,266500.0,2026-05-12,3.86,282500.0,2026-05-13,5.147,286000.0,2026-05-14,2.757,279500.0,2026-05-15,-0.735,270000.0,2026-05-18,-7.537,251500.0,2026-05-19,-8.824,248000.0,2026-05-20,-2.206,266000.0,2026-05-21,-3.309,263000.0,2026-05-22,0.368,273000.0,2026-05-26,-0.919,269500.0,2026-05-27,-3.125,263500.0,2026-05-28,0.0,272000.0,2026-05-29,8.64,295500.0,2026-06-01,3.676,282000.0,2026-06-02,-2.206,266000.0,2026-06-04,-4.412,260000.0,2026-06-05,-11.765,240000.0,2026-06-08,-9.007,247500.0,2026-06-09,-12.5,238000.0,2026-06-10,2026-06-10,8.64,-12.5,13.787,-14.706,0,,,,1.0,STOP,2026-05-20
005387,현대차2우B,2026-05-12,2026-05-12,WATCH,78,LOWER_CHANNEL_WATCH,중기 Higher High + Higher Low | 상승추세 안의 단기 조정 + 전저점 유지 | 상승 평행채널 유효(커버리지 93%) | 최근 추세 하단(싼 구간) 접촉 | 추세 하단 부근 쌍바닥/Higher-Low 형태 | 쌍바닥 넥라인 돌파 확인 | 이동평균선 밀집 | 이동평균선 재돌파 | 재상승 후 5일선 지지,,266500.0,True,7.14,True,0.9259,0.8391,True,248250.0,259125.0,264000.0,270000.0,240802.5,-2.77,1.31,True,True,True,3.96,True,True,False,,False,False,,2026-05-01,2026-05-31,266500.0,20,1,6.004,282500.0,2026-05-13,7.317,286000.0,2026-05-14,4.878,279500.0,2026-05-15,1.313,270000.0,2026-05-18,-5.629,251500.0,2026-05-19,-6.942,248000.0,2026-05-20,-0.188,266000.0,2026-05-21,-1.313,263000.0,2026-05-22,2.439,273000.0,2026-05-26,1.126,269500.0,2026-05-27,-1.126,263500.0,2026-05-28,2.064,272000.0,2026-05-29,10.882,295500.0,2026-06-01,5.816,282000.0,2026-06-02,-0.188,266000.0,2026-06-04,-2.439,260000.0,2026-06-05,-9.944,240000.0,2026-06-08,-7.129,247500.0,2026-06-09,-10.694,238000.0,2026-06-10,-11.632,235500.0,2026-06-11,2026-06-11,10.882,-11.632,16.135,-14.822,0,,,1.0,0.0,UPPER,2026-05-13
005387,현대차2우B,2026-05-13,2026-05-13,WATCH,66,LOWER_CHANNEL_WATCH,중기 Higher High + Higher Low | 상승 평행채널 유효(커버리지 89%) | 최근 추세 하단(싼 구간) 접촉 | 추세 하단 부근 쌍바닥/Higher-Low 형태 | 쌍바닥 넥라인 돌파 확인 | 이동평균선 밀집 | 이동평균선 재돌파,,282500.0,True,1.57,True,0.8929,1.5402,True,249000.0,259875.0,264000.0,270750.0,241530.0,-8.01,-4.16,True,True,True,5.12,True,False,False,,False,False,,2026-05-01,2026-05-31,282500.0,20,1,1.239,286000.0,2026-05-14,-1.062,279500.0,2026-05-15,-4.425,270000.0,2026-05-18,-10.973,251500.0,2026-05-19,-12.212,248000.0,2026-05-20,-5.841,266000.0,2026-05-21,-6.903,263000.0,2026-05-22,-3.363,273000.0,2026-05-26,-4.602,269500.0,2026-05-27,-6.726,263500.0,2026-05-28,-3.717,272000.0,2026-05-29,4.602,295500.0,2026-06-01,-0.177,282000.0,2026-06-02,-5.841,266000.0,2026-06-04,-7.965,260000.0,2026-06-05,-15.044,240000.0,2026-06-08,-12.389,247500.0,2026-06-09,-15.752,238000.0,2026-06-10,-16.637,235500.0,2026-06-11,-14.69,241000.0,2026-06-12,2026-06-12,4.602,-16.637,9.558,-19.646,0,,,,1.0,STOP,2026-05-20
005387,현대차2우B,2026-05-14,2026-05-14,WATCH,68,LOWER_CHANNEL_WATCH,중기 Higher High + Higher Low | 상승 평행채널 유효(커버리지 86%) | 최근 추세 하단(싼 구간) 접촉 | 추세 하단 부근 쌍바닥/Higher-Low 형태 | 쌍바닥 넥라인 돌파 확인 | 이동평균선 밀집 | 이동평균선 재돌파 | 재상승 후 5일선 지지,,286000.0,True,1.89,True,0.8621,1.6667,True,249750.0,260625.0,264000.0,271500.0,242257.5,-8.87,-5.07,True,True,True,6.3,True,True,False,,False,False,,2026-05-01,2026-05-31,286000.0,20,1,-2.273,279500.0,2026-05-15,-5.594,270000.0,2026-05-18,-12.063,251500.0,2026-05-19,-13.287,248000.0,2026-05-20,-6.993,266000.0,2026-05-21,-8.042,263000.0,2026-05-22,-4.545,273000.0,2026-05-26,-5.769,269500.0,2026-05-27,-7.867,263500.0,2026-05-28,-4.895,272000.0,2026-05-29,3.322,295500.0,2026-06-01,-1.399,282000.0,2026-06-02,-6.993,266000.0,2026-06-04,-9.091,260000.0,2026-06-05,-16.084,240000.0,2026-06-08,-13.462,247500.0,2026-06-09,-16.783,238000.0,2026-06-10,-17.657,235500.0,2026-06-11,-15.734,241000.0,2026-06-12,-10.14,257000.0,2026-06-15,2026-06-15,3.322,-17.657,8.217,-20.629,0,,,,1.0,STOP,2026-05-20
005387,현대차2우B,2026-05-15,2026-05-15,WATCH,78,LOWER_CHANNEL_WATCH,중기 Higher High + Higher Low | 상승추세 안의 단기 조정 + 전저점 유지 | 상승 평행채널 유효(커버리지 83%) | 최근 추세 하단(싼 구간) 접촉 | 추세 하단 부근 쌍바닥/Higher-Low 형태 | 쌍바닥 넥라인 돌파 확인 | 이동평균선 밀집 | 이동평균선 재돌파 | 재상승 후 5일선 지지,,279500.0,True,9.18,True,0.8333,1.3333,True,250500.0,261375.0,264000.0,272250.0,242985.0,-6.48,-2.59,True,True,True,6.36,True,True,False,,False,False,,2026-05-01,2026-05-31,279500.0,20,1,-3.399,270000.0,2026-05-18,-10.018,251500.0,2026-05-19,-11.27,248000.0,2026-05-20,-4.83,266000.0,2026-05-21,-5.903,263000.0,2026-05-22,-2.326,273000.0,2026-05-26,-3.578,269500.0,2026-05-27,-5.725,263500.0,2026-05-28,-2.683,272000.0,2026-05-29,5.725,295500.0,2026-06-01,0.894,282000.0,2026-06-02,-4.83,266000.0,2026-06-04,-6.977,260000.0,2026-06-05,-14.132,240000.0,2026-06-08,-11.449,247500.0,2026-06-09,-14.848,238000.0,2026-06-10,-15.742,235500.0,2026-06-11,-13.775,241000.0,2026-06-12,-8.05,257000.0,2026-06-15,-9.481,253000.0,2026-06-16,2026-06-16,5.725,-15.742,10.733,-18.784,0,,,,1.0,STOP,2026-05-20
005387,현대차2우B,2026-05-18,2026-05-18,WATCH,68,LOWER_CHANNEL_WATCH,중기 Higher High + Higher Low | 상승추세 안의 단기 조정 + 전저점 유지 | 상승 평행채널 유효(커버리지 84%) | 최근 추세 하단(싼 구간) 접촉 | 추세 하단 부근 쌍바닥/Higher-Low 형태 | 쌍바닥 넥라인 돌파 확인 | 이동평균선 밀집,,270000.0,True,12.27,True,0.8387,0.8621,True,251250.0,262125.0,264000.0,273000.0,243712.5,-2.92,1.11,True,True,True,6.07,False,False,False,,False,False,,2026-05-01,2026-05-31,270000.0,20,1,-6.852,251500.0,2026-05-19,-8.148,248000.0,2026-05-20,-1.481,266000.0,2026-05-21,-2.593,263000.0,2026-05-22,1.111,273000.0,2026-05-26,-0.185,269500.0,2026-05-27,-2.407,263500.0,2026-05-28,0.741,272000.0,2026-05-29,9.444,295500.0,2026-06-01,4.444,282000.0,2026-06-02,-1.481,266000.0,2026-06-04,-3.704,260000.0,2026-06-05,-11.111,240000.0,2026-06-08,-8.333,247500.0,2026-06-09,-11.852,238000.0,2026-06-10,-12.778,235500.0,2026-06-11,-10.741,241000.0,2026-06-12,-4.815,257000.0,2026-06-15,-6.296,253000.0,2026-06-16,-8.148,248000.0,2026-06-17,2026-06-17,9.444,-12.778,14.63,-15.926,0,,,0.0,1.0,STOP,2026-05-20
005387,현대차2우B,2026-05-19,2026-05-19,WATCH,68,LOWER_CHANNEL_WATCH,중기 Higher High + Higher Low | 상승추세 안의 단기 조정 + 전저점 유지 | 상승 평행채널 유효(커버리지 84%) | 최근 추세 하단(싼 구간) 접촉 | 현재도 채널 하단권 | 추세 하단 부근 쌍바닥/Higher-Low 형태 | 이동평균선 밀집,,251500.0,True,18.28,True,0.8438,-0.023,True,252000.0,262875.0,264000.0,273750.0,244440.0,4.52,8.85,True,False,True,5.43,False,False,False,,False,False,,2026-05-01,2026-05-31,251500.0,20,1,-1.392,248000.0,2026-05-20,5.765,266000.0,2026-05-21,4.573,263000.0,2026-05-22,8.549,273000.0,2026-05-26,7.157,269500.0,2026-05-27,4.771,263500.0,2026-05-28,8.151,272000.0,2026-05-29,17.495,295500.0,2026-06-01,12.127,282000.0,2026-06-02,5.765,266000.0,2026-06-04,3.38,260000.0,2026-06-05,-4.573,240000.0,2026-06-08,-1.59,247500.0,2026-06-09,-5.368,238000.0,2026-06-10,-6.362,235500.0,2026-06-11,-4.175,241000.0,2026-06-12,2.187,257000.0,2026-06-15,0.596,253000.0,2026-06-16,-1.392,248000.0,2026-06-17,-4.573,240000.0,2026-06-18,2026-06-18,17.495,-6.362,23.062,-9.742,0,0.0,0.0,0.0,1.0,STOP,2026-05-20
005387,현대차2우B,2026-05-21,2026-05-21,CONFIRMED,81,LOWER_CHANNEL_CONFIRMED_REVERSAL,중기 Higher High + Higher Low | 상승추세 안의 단기 조정 + 전저점 유지 | 상승 평행채널 유효(커버리지 100%) | 최근 추세 하단(싼 구간) 접촉 | 현재도 채널 하단권 | 추세 하단 부근 쌍바닥/Higher-Low 형태 | 쌍바닥 넥라인 돌파 확인 | 이동평균선 밀집 | 이동평균선 재돌파,,266000.0,True,13.57,True,1.0,0.2366,True,252187.5,281381.25,307750.0,310575.0,244621.875,5.78,16.76,True,True,True,1.36,True,False,False,,False,False,,2026-05-01,2026-05-31,266000.0,20,1,-1.128,263000.0,2026-05-22,2.632,273000.0,2026-05-26,1.316,269500.0,2026-05-27,-0.94,263500.0,2026-05-28,2.256,272000.0,2026-05-29,11.09,295500.0,2026-06-01,6.015,282000.0,2026-06-02,0.0,266000.0,2026-06-04,-2.256,260000.0,2026-06-05,-9.774,240000.0,2026-06-08,-6.955,247500.0,2026-06-09,-10.526,238000.0,2026-06-10,-11.466,235500.0,2026-06-11,-9.398,241000.0,2026-06-12,-3.383,257000.0,2026-06-15,-4.887,253000.0,2026-06-16,-6.767,248000.0,2026-06-17,-9.774,240000.0,2026-06-18,-9.398,241000.0,2026-06-19,-11.466,235500.0,2026-06-22,2026-06-22,11.09,-11.466,16.353,-14.662,0,1.0,1.0,0.0,1.0,STOP,2026-06-08
005387,현대차2우B,2026-05-22,2026-05-22,CONFIRMED,83,LOWER_CHANNEL_CONFIRMED_REVERSAL,중기 Higher High + Higher Low | 상승추세 안의 단기 조정 + 전저점 유지 | 상승 평행채널 유효(커버리지 100%) | 최근 추세 하단(싼 구간) 접촉 | 현재도 채널 하단권 | 추세 하단 부근 쌍바닥/Higher-Low 형태 | 쌍바닥 넥라인 돌파 확인 | 이동평균선 밀집 | 이동평균선 재돌파 | 재상승 후 5일선 지지,,263000.0,True,14.54,True,1.0,0.1731,True,252893.75,282087.5,307750.0,311281.25,245306.9375,7.26,18.36,True,True,True,0.89,True,True,False,,False,False,,2026-05-01,2026-05-31,263000.0,20,1,3.802,273000.0,2026-05-26,2.471,269500.0,2026-05-27,0.19,263500.0,2026-05-28,3.422,272000.0,2026-05-29,12.357,295500.0,2026-06-01,7.224,282000.0,2026-06-02,1.141,266000.0,2026-06-04,-1.141,260000.0,2026-06-05,-8.745,240000.0,2026-06-08,-5.894,247500.0,2026-06-09,-9.506,238000.0,2026-06-10,-10.456,235500.0,2026-06-11,-8.365,241000.0,2026-06-12,-2.281,257000.0,2026-06-15,-3.802,253000.0,2026-06-16,-5.703,248000.0,2026-06-17,-8.745,240000.0,2026-06-18,-8.365,241000.0,2026-06-19,-10.456,235500.0,2026-06-22,-18.441,214500.0,2026-06-23,2026-06-23,12.357,-18.441,17.681,-18.441,0,1.0,1.0,0.0,1.0,STOP,2026-06-08
064400,LG씨엔에스,2026-05-07,2026-05-07,WATCH,63,LOWER_CHANNEL_WATCH,중기 Higher High + Higher Low | 상승 평행채널 유효(커버리지 100%) | 최근 추세 하단(싼 구간) 접촉 | 현재도 채널 하단권 | 이동평균선 밀집 | 이동평균선 재돌파 | 재상승 후 5일선 지지,,67700.0,True,2.87,True,1.0,0.0721,True,65638.4615,79930.7692,69700.0,94223.0769,63669.3077,18.07,39.18,False,False,True,1.32,True,True,False,,False,False,,2026-05-01,2026-05-31,67700.0,20,1,4.874,71000.0,2026-05-08,4.136,70500.0,2026-05-11,7.829,73000.0,2026-05-12,8.567,73500.0,2026-05-13,27.179,86100.0,2026-05-14,27.917,86600.0,2026-05-15,20.089,81300.0,2026-05-18,10.487,74800.0,2026-05-19,5.17,71200.0,2026-05-20,18.464,80200.0,2026-05-21,22.895,83200.0,2026-05-22,22.452,82900.0,2026-05-26,39.734,94600.0,2026-05-27,29.394,87600.0,2026-05-28,68.095,113800.0,2026-05-29,112.26,143700.0,2026-06-01,100.443,135700.0,2026-06-02,86.706,126400.0,2026-06-04,73.56,117500.0,2026-06-05,57.312,106500.0,2026-06-08,2026-06-08,112.26,4.136,126.44,-0.443,1,1.0,1.0,1.0,0.0,UPPER,2026-05-15
064400,LG씨엔에스,2026-05-08,2026-05-08,CONFIRMED,80,LOWER_CHANNEL_CONFIRMED_REVERSAL,중기 Higher High + Higher Low | 상승 평행채널 유효(커버리지 100%) | 최근 추세 하단(싼 구간) 접촉 | 현재도 채널 하단권 | 이동평균선 밀집 | 이동평균선 재돌파 | 추세 바닥권 거래량 급증 양봉 | 거래량 기준봉 저가 지지 | 기준봉 지지 후 재상승 전환 | 재상승 후 5일선 지지,,71000.0,True,2.34,True,1.0,0.1755,True,65984.6154,80276.9231,69700.0,94569.2308,64005.0769,13.07,33.2,False,False,True,2.45,True,True,True,2026-05-08,True,False,4.0,2026-05-01,2026-05-31,71000.0,20,1,-0.704,70500.0,2026-05-11,2.817,73000.0,2026-05-12,3.521,73500.0,2026-05-13,21.268,86100.0,2026-05-14,21.972,86600.0,2026-05-15,14.507,81300.0,2026-05-18,5.352,74800.0,2026-05-19,0.282,71200.0,2026-05-20,12.958,80200.0,2026-05-21,17.183,83200.0,2026-05-22,16.761,82900.0,2026-05-26,33.239,94600.0,2026-05-27,23.38,87600.0,2026-05-28,60.282,113800.0,2026-05-29,102.394,143700.0,2026-06-01,91.127,135700.0,2026-06-02,78.028,126400.0,2026-06-04,65.493,117500.0,2026-06-05,50.0,106500.0,2026-06-08,39.437,99000.0,2026-06-09,2026-06-09,102.394,-0.704,115.915,-3.521,1,1.0,,1.0,0.0,UPPER,2026-05-15
064400,LG씨엔에스,2026-05-11,2026-05-11,CONFIRMED,87,LOWER_CHANNEL_CONFIRMED_REVERSAL,중기 Higher High + Higher Low | 상승추세 안의 단기 조정 + 전저점 유지 | 상승 평행채널 유효(커버리지 100%) | 최근 추세 하단(싼 구간) 접촉 | 현재도 채널 하단권 | 이동평균선 밀집 | 이동평균선 재돌파 | 추세 바닥권 거래량 급증 양봉 | 거래량 기준봉 저가 지지 | 재상승 후 5일선 지지,,70500.0,True,3.03,True,1.0,0.1459,True,66330.7692,80623.0769,69700.0,94915.3846,64340.8462,14.36,34.63,False,False,True,3.96,True,True,True,2026-05-08,True,False,4.0,2026-05-01,2026-05-31,70500.0,20,1,3.546,73000.0,2026-05-12,4.255,73500.0,2026-05-13,22.128,86100.0,2026-05-14,22.837,86600.0,2026-05-15,15.319,81300.0,2026-05-18,6.099,74800.0,2026-05-19,0.993,71200.0,2026-05-20,13.759,80200.0,2026-05-21,18.014,83200.0,2026-05-22,17.589,82900.0,2026-05-26,34.184,94600.0,2026-05-27,24.255,87600.0,2026-05-28,61.418,113800.0,2026-05-29,103.83,143700.0,2026-06-01,92.482,135700.0,2026-06-02,79.291,126400.0,2026-06-04,66.667,117500.0,2026-06-05,51.064,106500.0,2026-06-08,40.426,99000.0,2026-06-09,33.05,93800.0,2026-06-10,2026-06-10,103.83,0.993,117.447,-2.128,1,1.0,,1.0,0.0,UPPER,2026-05-15
064400,LG씨엔에스,2026-05-12,2026-05-12,CONFIRMED,90,LOWER_CHANNEL_CONFIRMED_REVERSAL,중기 Higher High + Higher Low | 상승추세 안의 단기 조정 + 전저점 유지 | 상승 평행채널 유효(커버리지 100%) | 최근 추세 하단(싼 구간) 접촉 | 현재도 채널 하단권 | 이동평균선 밀집 | 이동평균선 재돌파 | 추세 바닥권 거래량 급증 양봉 | 거래량 기준봉 저가 지지 | 기준봉 지지 후 재상승 전환 | 재상승 후 5일선 지지,,73000.0,True,5.07,True,1.0,0.2212,True,66676.9231,80969.2308,69700.0,95261.5385,64676.6154,10.92,30.5,False,False,True,5.68,True,True,True,2026-05-12,True,False,5.81,2026-05-01,2026-05-31,73000.0,20,1,0.685,73500.0,2026-05-13,17.945,86100.0,2026-05-14,18.63,86600.0,2026-05-15,11.37,81300.0,2026-05-18,2.466,74800.0,2026-05-19,-2.466,71200.0,2026-05-20,9.863,80200.0,2026-05-21,13.973,83200.0,2026-05-22,13.562,82900.0,2026-05-26,29.589,94600.0,2026-05-27,20.0,87600.0,2026-05-28,55.89,113800.0,2026-05-29,96.849,143700.0,2026-06-01,85.89,135700.0,2026-06-02,73.151,126400.0,2026-06-04,60.959,117500.0,2026-06-05,45.89,106500.0,2026-06-08,35.616,99000.0,2026-06-09,28.493,93800.0,2026-06-10,27.397,93000.0,2026-06-11,2026-06-11,96.849,-2.466,110.0,-5.479,1,1.0,,1.0,0.0,UPPER,2026-05-15
064400,LG씨엔에스,2026-05-13,2026-05-13,CONFIRMED,79,LOWER_CHANNEL_CONFIRMED_REVERSAL,중기 Higher High + Higher Low | 상승추세 안의 단기 조정 + 전저점 유지 | 상승 평행채널 유효(커버리지 100%) | 최근 추세 하단(싼 구간) 접촉 | 현재도 채널 하단권 | 이동평균선 재돌파 | 추세 바닥권 거래량 급증 양봉 | 거래량 기준봉 저가 지지 | 재상승 후 5일선 지지,,73500.0,True,4.42,True,1.0,0.2266,True,67023.0769,81315.3846,69700.0,95607.6923,65012.3846,10.63,30.08,False,False,False,7.31,True,True,True,2026-05-12,True,False,5.81,2026-05-01,2026-05-31,73500.0,20,1,17.143,86100.0,2026-05-14,17.823,86600.0,2026-05-15,10.612,81300.0,2026-05-18,1.769,74800.0,2026-05-19,-3.129,71200.0,2026-05-20,9.116,80200.0,2026-05-21,13.197,83200.0,2026-05-22,12.789,82900.0,2026-05-26,28.707,94600.0,2026-05-27,19.184,87600.0,2026-05-28,54.83,113800.0,2026-05-29,95.51,143700.0,2026-06-01,84.626,135700.0,2026-06-02,71.973,126400.0,2026-06-04,59.864,117500.0,2026-06-05,44.898,106500.0,2026-06-08,34.694,99000.0,2026-06-09,27.619,93800.0,2026-06-10,26.531,93000.0,2026-06-11,26.259,92800.0,2026-06-12,2026-06-12,95.51,-3.129,108.571,-6.122,1,1.0,,1.0,0.0,UPPER,2026-05-15
064400,LG씨엔에스,2026-05-14,2026-05-14,WATCH,69,LOWER_CHANNEL_WATCH,중기 Higher High + Higher Low | 상승 평행채널 유효(커버리지 100%) | 최근 추세 하단(싼 구간) 접촉 | 이동평균선 재돌파 | 추세 바닥권 거래량 급증 양봉 | 거래량 기준봉 저가 지지 | 거래량 기준봉 고가 돌파 | 재상승 후 5일선 지지,,86100.0,True,2.6,True,1.0,0.6553,True,67369.2308,81661.5385,69700.0,95953.8462,65348.1538,-5.16,11.44,False,False,False,10.25,True,True,True,2026-05-12,True,True,5.81,2026-05-01,2026-05-31,86100.0,20,1,0.581,86600.0,2026-05-15,-5.575,81300.0,2026-05-18,-13.124,74800.0,2026-05-19,-17.305,71200.0,2026-05-20,-6.852,80200.0,2026-05-21,-3.368,83200.0,2026-05-22,-3.717,82900.0,2026-05-26,9.872,94600.0,2026-05-27,1.742,87600.0,2026-05-28,32.172,113800.0,2026-05-29,66.899,143700.0,2026-06-01,57.607,135700.0,2026-06-02,46.806,126400.0,2026-06-04,36.469,117500.0,2026-06-05,23.693,106500.0,2026-06-08,14.983,99000.0,2026-06-09,8.943,93800.0,2026-06-10,8.014,93000.0,2026-06-11,7.782,92800.0,2026-06-12,12.195,96600.0,2026-06-15,2026-06-15,66.899,-17.305,78.049,-19.861,1,,,1.0,0.0,UPPER,2026-05-15
064400,LG씨엔에스,2026-05-15,2026-05-15,WATCH,69,LOWER_CHANNEL_WATCH,중기 Higher High + Higher Low | 상승추세 안의 단기 조정 + 전저점 유지 | 상승 평행채널 유효(커버리지 100%) | 최근 추세 하단(싼 구간) 접촉 | 추세 바닥권 거래량 급증 양봉 | 거래량 기준봉 저가 지지 | 거래량 기준봉 고가 돌파,,86600.0,True,12.88,True,1.0,0.6607,True,67715.3846,82007.6923,69700.0,96300.0,65683.9231,-5.3,11.2,False,False,False,13.52,False,True,True,2026-05-12,True,True,5.81,2026-05-01,2026-05-31,86600.0,20,1,-6.12,81300.0,2026-05-18,-13.626,74800.0,2026-05-19,-17.783,71200.0,2026-05-20,-7.39,80200.0,2026-05-21,-3.926,83200.0,2026-05-22,-4.273,82900.0,2026-05-26,9.238,94600.0,2026-05-27,1.155,87600.0,2026-05-28,31.409,113800.0,2026-05-29,65.935,143700.0,2026-06-01,56.697,135700.0,2026-06-02,45.958,126400.0,2026-06-04,35.681,117500.0,2026-06-05,22.979,106500.0,2026-06-08,14.319,99000.0,2026-06-09,8.314,93800.0,2026-06-10,7.39,93000.0,2026-06-11,7.159,92800.0,2026-06-12,11.547,96600.0,2026-06-15,7.275,92900.0,2026-06-16,2026-06-16,65.935,-17.783,77.021,-20.323,1,,,1.0,0.0,UPPER,2026-05-29
064400,LG씨엔에스,2026-05-18,2026-05-18,WATCH,69,LOWER_CHANNEL_WATCH,중기 Higher High + Higher Low | 상승추세 안의 단기 조정 + 전저점 유지 | 상승 평행채널 유효(커버리지 100%) | 최근 추세 하단(싼 구간) 접촉 | 추세 바닥권 거래량 급증 양봉 | 거래량 기준봉 저가 지지 | 거래량 기준봉 고가 돌파,,81300.0,True,18.21,True,1.0,0.4631,True,68061.5385,82353.8462,69700.0,96646.1538,66019.6923,1.3,18.88,False,False,False,16.85,False,True,True,2026-05-12,True,True,5.81,2026-05-01,2026-05-31,81300.0,20,1,-7.995,74800.0,2026-05-19,-12.423,71200.0,2026-05-20,-1.353,80200.0,2026-05-21,2.337,83200.0,2026-05-22,1.968,82900.0,2026-05-26,16.359,94600.0,2026-05-27,7.749,87600.0,2026-05-28,39.975,113800.0,2026-05-29,76.753,143700.0,2026-06-01,66.913,135700.0,2026-06-02,55.474,126400.0,2026-06-04,44.526,117500.0,2026-06-05,30.996,106500.0,2026-06-08,21.771,99000.0,2026-06-09,15.375,93800.0,2026-06-10,14.391,93000.0,2026-06-11,14.145,92800.0,2026-06-12,18.819,96600.0,2026-06-15,14.268,92900.0,2026-06-16,13.653,92400.0,2026-06-17,2026-06-17,76.753,-12.423,88.561,-15.129,1,1.0,,1.0,0.0,UPPER,2026-05-29
064400,LG씨엔에스,2026-05-19,2026-05-19,WATCH,69,LOWER_CHANNEL_WATCH,중기 Higher High + Higher Low | 상승추세 안의 단기 조정 + 전저점 유지 | 상승 평행채널 유효(커버리지 100%) | 최근 추세 하단(싼 구간) 접촉 | 현재도 채널 하단권 | 추세 바닥권 거래량 급증 양봉 | 거래량 기준봉 저가 지지,,74800.0,True,24.75,True,1.0,0.2236,True,68407.6923,82700.0,69700.0,96992.3077,66355.4615,10.56,29.67,False,False,False,18.73,False,False,True,2026-05-12,True,False,5.81,2026-05-01,2026-05-31,74800.0,20,1,-4.813,71200.0,2026-05-20,7.219,80200.0,2026-05-21,11.23,83200.0,2026-05-22,10.829,82900.0,2026-05-26,26.471,94600.0,2026-05-27,17.112,87600.0,2026-05-28,52.139,113800.0,2026-05-29,92.112,143700.0,2026-06-01,81.417,135700.0,2026-06-02,68.984,126400.0,2026-06-04,57.086,117500.0,2026-06-05,42.38,106500.0,2026-06-08,32.353,99000.0,2026-06-09,25.401,93800.0,2026-06-10,24.332,93000.0,2026-06-11,24.064,92800.0,2026-06-12,29.144,96600.0,2026-06-15,24.198,92900.0,2026-06-16,23.529,92400.0,2026-06-17,20.321,90000.0,2026-06-18,2026-06-18,92.112,-4.813,104.947,-7.754,1,1.0,,1.0,0.0,UPPER,2026-05-29
064400,LG씨엔에스,2026-05-20,2026-05-20,WATCH,69,LOWER_CHANNEL_WATCH,중기 Higher High + Higher Low | 상승추세 안의 단기 조정 + 전저점 유지 | 상승 평행채널 유효(커버리지 100%) | 최근 추세 하단(싼 구간) 접촉 | 현재도 채널 하단권 | 추세 바닥권 거래량 급증 양봉 | 거래량 기준봉 저가 지지,,71200.0,True,28.37,True,1.0,0.0215,True,70550.8772,85643.8596,99400.0,100736.8421,68434.3509,20.29,41.48,False,False,False,19.04,False,False,True,2026-05-12,True,False,5.81,2026-05-01,2026-05-31,71200.0,20,1,12.64,80200.0,2026-05-21,16.854,83200.0,2026-05-22,16.433,82900.0,2026-05-26,32.865,94600.0,2026-05-27,23.034,87600.0,2026-05-28,59.831,113800.0,2026-05-29,101.826,143700.0,2026-06-01,90.59,135700.0,2026-06-02,77.528,126400.0,2026-06-04,65.028,117500.0,2026-06-05,49.579,106500.0,2026-06-08,39.045,99000.0,2026-06-09,31.742,93800.0,2026-06-10,30.618,93000.0,2026-06-11,30.337,92800.0,2026-06-12,35.674,96600.0,2026-06-15,30.478,92900.0,2026-06-16,29.775,92400.0,2026-06-17,26.404,90000.0,2026-06-18,20.506,85800.0,2026-06-19,2026-06-19,101.826,12.64,115.309,2.247,1,1.0,1.0,1.0,0.0,UPPER,2026-05-29
064400,LG씨엔에스,2026-05-21,2026-05-21,CONFIRMED,80,LOWER_CHANNEL_CONFIRMED_REVERSAL,중기 Higher High + Higher Low | 상승추세 안의 단기 조정 + 전저점 유지 | 상승 평행채널 유효(커버리지 100%) | 최근 추세 하단(싼 구간) 접촉 | 현재도 채널 하단권 | 이동평균선 재돌파 | 추세 바닥권 거래량 급증 양봉 | 거래량 기준봉 저가 지지 | 기준봉 지지 후 재상승 전환,,80200.0,True,19.32,True,1.0,0.3353,True,69720.0,85347.6923,99400.0,100975.3846,67628.4,6.42,25.9,False,False,False,15.25,True,False,True,2026-05-21,True,False,2.08,2026-05-01,2026-05-31,80200.0,20,1,3.741,83200.0,2026-05-22,3.367,82900.0,2026-05-26,17.955,94600.0,2026-05-27,9.227,87600.0,2026-05-28,41.895,113800.0,2026-05-29,79.177,143700.0,2026-06-01,69.202,135700.0,2026-06-02,57.606,126400.0,2026-06-04,46.509,117500.0,2026-06-05,32.793,106500.0,2026-06-08,23.441,99000.0,2026-06-09,16.958,93800.0,2026-06-10,15.96,93000.0,2026-06-11,15.711,92800.0,2026-06-12,20.449,96600.0,2026-06-15,15.835,92900.0,2026-06-16,15.212,92400.0,2026-06-17,12.219,90000.0,2026-06-18,6.983,85800.0,2026-06-19,11.596,89500.0,2026-06-22,2026-06-22,79.177,3.367,91.147,-4.863,1,1.0,1.0,1.0,0.0,UPPER,2026-05-29
064400,LG씨엔에스,2026-05-22,2026-05-22,CONFIRMED,79,LOWER_CHANNEL_CONFIRMED_REVERSAL,중기 Higher High + Higher Low | 상승추세 안의 단기 조정 + 전저점 유지 | 상승 평행채널 유효(커버리지 100%) | 최근 추세 하단(싼 구간) 접촉 | 이동평균선 재돌파 | 추세 바닥권 거래량 급증 양봉 | 거래량 기준봉 저가 지지 | 거래량 기준봉 고가 돌파 | 재상승 후 5일선 지지,,83200.0,True,16.3,True,1.0,0.4187,True,70113.8462,85741.5385,99400.0,101369.2308,68010.4308,3.05,21.84,False,False,False,13.62,True,True,True,2026-05-21,True,True,2.08,2026-05-01,2026-05-31,83200.0,20,1,-0.361,82900.0,2026-05-26,13.702,94600.0,2026-05-27,5.288,87600.0,2026-05-28,36.779,113800.0,2026-05-29,72.716,143700.0,2026-06-01,63.101,135700.0,2026-06-02,51.923,126400.0,2026-06-04,41.226,117500.0,2026-06-05,28.005,106500.0,2026-06-08,18.99,99000.0,2026-06-09,12.74,93800.0,2026-06-10,11.779,93000.0,2026-06-11,11.538,92800.0,2026-06-12,16.106,96600.0,2026-06-15,11.659,92900.0,2026-06-16,11.058,92400.0,2026-06-17,8.173,90000.0,2026-06-18,3.125,85800.0,2026-06-19,7.572,89500.0,2026-06-22,-3.846,80000.0,2026-06-23,2026-06-23,72.716,-3.846,84.255,-4.567,0,1.0,1.0,1.0,0.0,UPPER,2026-05-29
064400,LG씨엔에스,2026-05-26,2026-05-26,CONFIRMED,79,LOWER_CHANNEL_CONFIRMED_REVERSAL,중기 Higher High + Higher Low | 상승추세 안의 단기 조정 + 전저점 유지 | 상승 평행채널 유효(커버리지 100%) | 최근 추세 하단(싼 구간) 접촉 | 이동평균선 재돌파 | 추세 바닥권 거래량 급증 양봉 | 거래량 기준봉 저가 지지 | 거래량 기준봉 고가 돌파 | 재상승 후 5일선 지지,,82900.0,True,16.6,True,1.0,0.3965,True,70507.6923,86135.3846,99400.0,101763.0769,68392.4615,3.9,22.75,False,False,False,13.83,True,True,True,2026-05-21,True,True,2.08,2026-05-01,2026-05-31,82900.0,20,1,14.113,94600.0,2026-05-27,5.669,87600.0,2026-05-28,37.274,113800.0,2026-05-29,73.341,143700.0,2026-06-01,63.691,135700.0,2026-06-02,52.473,126400.0,2026-06-04,41.737,117500.0,2026-06-05,28.468,106500.0,2026-06-08,19.421,99000.0,2026-06-09,13.148,93800.0,2026-06-10,12.183,93000.0,2026-06-11,11.942,92800.0,2026-06-12,16.526,96600.0,2026-06-15,12.063,92900.0,2026-06-16,11.46,92400.0,2026-06-17,8.565,90000.0,2026-06-18,3.498,85800.0,2026-06-19,7.961,89500.0,2026-06-22,-3.498,80000.0,2026-06-23,-4.343,79300.0,2026-06-24,2026-06-24,73.341,-4.343,84.922,-7.117,0,1.0,1.0,1.0,0.0,UPPER,2026-05-29
064400,LG씨엔에스,2026-05-27,2026-05-27,WATCH,77,LOWER_CHANNEL_WATCH,중기 Higher High + Higher Low | 상승추세 안의 단기 조정 + 전저점 유지 | 상승 평행채널 유효(커버리지 100%) | 최근 추세 하단(싼 구간) 접촉 | 이동평균선 재돌파 | 추세 바닥권 거래량 급증 양봉 | 거래량 기준봉 저가 지지 | 거래량 기준봉 고가 돌파,,94600.0,True,4.83,True,1.0,0.7582,True,70901.5385,86529.2308,99400.0,102156.9231,68774.4923,-8.53,7.99,False,False,False,15.94,True,False,True,2026-05-21,True,True,2.08,2026-05-01,2026-05-31,94600.0,20,1,-7.4,87600.0,2026-05-28,20.296,113800.0,2026-05-29,51.903,143700.0,2026-06-01,43.446,135700.0,2026-06-02,33.615,126400.0,2026-06-04,24.207,117500.0,2026-06-05,12.579,106500.0,2026-06-08,4.651,99000.0,2026-06-09,-0.846,93800.0,2026-06-10,-1.691,93000.0,2026-06-11,-1.903,92800.0,2026-06-12,2.114,96600.0,2026-06-15,-1.797,92900.0,2026-06-16,-2.326,92400.0,2026-06-17,-4.863,90000.0,2026-06-18,-9.302,85800.0,2026-06-19,-5.391,89500.0,2026-06-22,-15.433,80000.0,2026-06-23,-16.173,79300.0,2026-06-24,-17.23,78300.0,2026-06-25,2026-06-25,51.903,-17.23,62.051,-18.605,0,,1.0,1.0,0.0,UPPER,2026-05-29
064400,LG씨엔에스,2026-05-28,2026-05-28,CONFIRMED,79,LOWER_CHANNEL_CONFIRMED_REVERSAL,중기 Higher High + Higher Low | 상승추세 안의 단기 조정 + 전저점 유지 | 상승 평행채널 유효(커버리지 100%) | 최근 추세 하단(싼 구간) 접촉 | 이동평균선 재돌파 | 추세 바닥권 거래량 급증 양봉 | 거래량 기준봉 저가 지지 | 거래량 기준봉 고가 돌파 | 재상승 후 5일선 지지,,87600.0,True,11.87,True,1.0,0.5297,True,70760.0,86655.3846,99400.0,102550.7692,68637.2,-1.08,17.07,False,False,False,20.71,True,True,True,2026-05-21,True,True,2.08,2026-05-01,2026-05-31,87600.0,20,1,29.909,113800.0,2026-05-29,64.041,143700.0,2026-06-01,54.909,135700.0,2026-06-02,44.292,126400.0,2026-06-04,34.132,117500.0,2026-06-05,21.575,106500.0,2026-06-08,13.014,99000.0,2026-06-09,7.078,93800.0,2026-06-10,6.164,93000.0,2026-06-11,5.936,92800.0,2026-06-12,10.274,96600.0,2026-06-15,6.05,92900.0,2026-06-16,5.479,92400.0,2026-06-17,2.74,90000.0,2026-06-18,-2.055,85800.0,2026-06-19,2.169,89500.0,2026-06-22,-8.676,80000.0,2026-06-23,-9.475,79300.0,2026-06-24,-10.616,78300.0,2026-06-25,-14.269,75100.0,2026-06-26,2026-06-26,64.041,-14.269,75.0,-17.808,0,,1.0,1.0,0.0,UPPER,2026-05-29
064400,LG씨엔에스,2026-05-29,2026-05-29,WATCH,69,LOWER_CHANNEL_WATCH,중기 Higher High + Higher Low | 상승 평행채널 유효(커버리지 99%) | 최근 추세 하단(싼 구간) 접촉 | 이동평균선 재돌파 | 추세 바닥권 거래량 급증 양봉 | 거래량 기준봉 저가 지지 | 거래량 기준봉 고가 돌파 | 재상승 후 5일선 지지,,113800.0,True,0.0,True,0.9867,1.3415,True,71153.8462,87049.2308,99400.0,102944.6154,69019.2308,-23.51,-9.54,False,False,False,21.17,True,True,True,2026-05-21,True,True,2.08,2026-05-01,2026-05-31,113800.0,20,1,26.274,143700.0,2026-06-01,19.244,135700.0,2026-06-02,11.072,126400.0,2026-06-04,3.251,117500.0,2026-06-05,-6.415,106500.0,2026-06-08,-13.005,99000.0,2026-06-09,-17.575,93800.0,2026-06-10,-18.278,93000.0,2026-06-11,-18.453,92800.0,2026-06-12,-15.114,96600.0,2026-06-15,-18.366,92900.0,2026-06-16,-18.805,92400.0,2026-06-17,-20.914,90000.0,2026-06-18,-24.605,85800.0,2026-06-19,-21.353,89500.0,2026-06-22,-29.701,80000.0,2026-06-23,-30.316,79300.0,2026-06-24,-31.195,78300.0,2026-06-25,-34.007,75100.0,2026-06-26,-30.404,79200.0,2026-06-29,2026-06-29,26.274,-34.007,34.71,-36.731,0,,,,1.0,STOP,2026-06-26
003230,삼양식품,2026-05-20,2026-05-20,WATCH,60,LOWER_CHANNEL_WATCH,중기 Higher High + Higher Low | 상승추세 안의 단기 조정 + 전저점 유지 | 상승 평행채널 유효(커버리지 100%) | 최근 추세 하단(싼 구간) 접촉 | 현재도 채널 하단권 | 추세 하단 부근 쌍바닥/Higher-Low 형태,,1357000.0,True,8.56,True,1.0,0.2789,True,1301551.7241,1400948.2759,1484000.0,1500344.8276,1262505.1724,3.24,10.56,True,False,False,12.05,False,False,False,,False,False,,2026-05-01,2026-05-31,1357000.0,20,1,-2.8,1319000.0,2026-05-21,-3.095,1315000.0,2026-05-22,-4.495,1296000.0,2026-05-26,-8.843,1237000.0,2026-05-27,-10.759,1211000.0,2026-05-28,-11.201,1205000.0,2026-05-29,-14.075,1166000.0,2026-06-01,-15.991,1140000.0,2026-06-02,-17.907,1114000.0,2026-06-04,-17.465,1120000.0,2026-06-05,-21.223,1069000.0,2026-06-08,-18.202,1110000.0,2026-06-09,-16.286,1136000.0,2026-06-10,-13.338,1176000.0,2026-06-11,-15.623,1145000.0,2026-06-12,-16.065,1139000.0,2026-06-15,-15.77,1143000.0,2026-06-16,-15.623,1145000.0,2026-06-17,-18.128,1111000.0,2026-06-18,-18.718,1103000.0,2026-06-19,2026-06-19,-2.8,-21.223,2.8,-22.918,0,0.0,0.0,0.0,1.0,STOP,2026-05-27
003230,삼양식품,2026-05-21,2026-05-21,WATCH,60,LOWER_CHANNEL_WATCH,중기 Higher High + Higher Low | 상승추세 안의 단기 조정 + 전저점 유지 | 상승 평행채널 유효(커버리지 100%) | 최근 추세 하단(싼 구간) 접촉 | 현재도 채널 하단권 | 추세 하단 부근 쌍바닥/Higher-Low 형태,,1319000.0,True,11.12,True,1.0,0.0604,True,1307000.0,1406396.5517,1484000.0,1505793.1034,1267790.0,6.63,14.16,True,False,False,10.49,False,False,False,,False,False,,2026-05-01,2026-05-31,1319000.0,20,1,-0.303,1315000.0,2026-05-22,-1.744,1296000.0,2026-05-26,-6.217,1237000.0,2026-05-27,-8.188,1211000.0,2026-05-28,-8.643,1205000.0,2026-05-29,-11.6,1166000.0,2026-06-01,-13.571,1140000.0,2026-06-02,-15.542,1114000.0,2026-06-04,-15.087,1120000.0,2026-06-05,-18.954,1069000.0,2026-06-08,-15.845,1110000.0,2026-06-09,-13.874,1136000.0,2026-06-10,-10.842,1176000.0,2026-06-11,-13.192,1145000.0,2026-06-12,-13.647,1139000.0,2026-06-15,-13.343,1143000.0,2026-06-16,-13.192,1145000.0,2026-06-17,-15.77,1111000.0,2026-06-18,-16.376,1103000.0,2026-06-19,-18.878,1070000.0,2026-06-22,2026-06-22,-0.303,-18.954,2.35,-20.697,0,0.0,0.0,0.0,1.0,STOP,2026-05-27
003230,삼양식품,2026-05-22,2026-05-22,WATCH,60,LOWER_CHANNEL_WATCH,중기 Higher High + Higher Low | 상승추세 안의 단기 조정 + 전저점 유지 | 상승 평행채널 유효(커버리지 100%) | 최근 추세 하단(싼 구간) 접촉 | 현재도 채널 하단권 | 추세 하단 부근 쌍바닥/Higher-Low 형태,,1315000.0,True,11.39,True,1.0,0.0128,True,1312448.2759,1411844.8276,1484000.0,1511241.3793,1273074.8276,7.36,14.92,True,False,False,8.45,False,False,False,,False,False,,2026-05-01,2026-05-31,1315000.0,20,1,-1.445,1296000.0,2026-05-26,-5.932,1237000.0,2026-05-27,-7.909,1211000.0,2026-05-28,-8.365,1205000.0,2026-05-29,-11.331,1166000.0,2026-06-01,-13.308,1140000.0,2026-06-02,-15.285,1114000.0,2026-06-04,-14.829,1120000.0,2026-06-05,-18.707,1069000.0,2026-06-08,-15.589,1110000.0,2026-06-09,-13.612,1136000.0,2026-06-10,-10.57,1176000.0,2026-06-11,-12.928,1145000.0,2026-06-12,-13.384,1139000.0,2026-06-15,-13.08,1143000.0,2026-06-16,-12.928,1145000.0,2026-06-17,-15.513,1111000.0,2026-06-18,-16.122,1103000.0,2026-06-19,-18.631,1070000.0,2026-06-22,-18.479,1072000.0,2026-06-23,2026-06-23,-1.445,-18.707,1.141,-20.684,0,0.0,0.0,0.0,1.0,STOP,2026-05-27
003230,삼양식품,2026-05-26,2026-05-26,WATCH,60,LOWER_CHANNEL_WATCH,중기 Higher High + Higher Low | 상승추세 안의 단기 조정 + 전저점 유지 | 상승 평행채널 유효(커버리지 97%) | 최근 추세 하단(싼 구간) 접촉 | 현재도 채널 하단권 | 추세 하단 부근 쌍바닥/Higher-Low 형태,,1296000.0,True,12.67,True,0.9722,-0.1101,True,1317896.5517,1417293.1034,1484000.0,1516689.6552,1278359.6552,9.36,17.03,True,False,False,7.43,False,False,False,,False,False,,2026-05-01,2026-05-31,1296000.0,20,1,-4.552,1237000.0,2026-05-27,-6.559,1211000.0,2026-05-28,-7.022,1205000.0,2026-05-29,-10.031,1166000.0,2026-06-01,-12.037,1140000.0,2026-06-02,-14.043,1114000.0,2026-06-04,-13.58,1120000.0,2026-06-05,-17.515,1069000.0,2026-06-08,-14.352,1110000.0,2026-06-09,-12.346,1136000.0,2026-06-10,-9.259,1176000.0,2026-06-11,-11.651,1145000.0,2026-06-12,-12.114,1139000.0,2026-06-15,-11.806,1143000.0,2026-06-16,-11.651,1145000.0,2026-06-17,-14.275,1111000.0,2026-06-18,-14.892,1103000.0,2026-06-19,-17.438,1070000.0,2026-06-22,-17.284,1072000.0,2026-06-23,-13.426,1122000.0,2026-06-24,2026-06-24,-4.552,-17.515,-0.386,-21.991,0,0.0,0.0,0.0,1.0,STOP,2026-05-27
161390,한국타이어앤테크놀로지,2026-05-07,2026-05-07,WATCH,68,LOWER_CHANNEL_WATCH,중기 Higher High + Higher Low | 상승추세 안의 단기 조정 + 전저점 유지 | 상승 평행채널 유효(커버리지 100%) | 최근 추세 하단(싼 구간) 접촉 | 이동평균선 밀집 | 이동평균선 재돌파 | 재상승 후 5일선 지지,,64700.0,True,3.43,True,1.0,0.4132,True,60052.9412,65676.4706,67000.0,71300.0,58251.3529,1.51,10.2,False,False,True,1.5,True,True,False,,False,False,,2026-05-01,2026-05-31,64700.0,20,1,-4.019,62100.0,2026-05-08,-5.564,61100.0,2026-05-11,-8.501,59200.0,2026-05-12,-8.655,59100.0,2026-05-13,-4.482,61800.0,2026-05-14,-3.864,62200.0,2026-05-15,-4.482,61800.0,2026-05-18,-6.646,60400.0,2026-05-19,-8.346,59300.0,2026-05-20,-4.482,61800.0,2026-05-21,-2.164,63300.0,2026-05-22,-1.7,63600.0,2026-05-26,-3.4,62500.0,2026-05-27,-2.628,63000.0,2026-05-28,3.246,66800.0,2026-05-29,6.182,68700.0,2026-06-01,7.883,69800.0,2026-06-02,10.974,71800.0,2026-06-04,4.946,67900.0,2026-06-05,3.555,67000.0,2026-06-08,2026-06-08,10.974,-8.655,11.283,-12.828,1,1.0,0.0,0.0,1.0,STOP,2026-05-12
161390,한국타이어앤테크놀로지,2026-05-08,2026-05-08,WATCH,63,LOWER_CHANNEL_WATCH,중기 Higher High + Higher Low | 상승추세 안의 단기 조정 + 전저점 유지 | 상승 평행채널 유효(커버리지 100%) | 최근 추세 하단(싼 구간) 접촉 | 현재도 채널 하단권 | 이동평균선 밀집,,62100.0,True,7.31,True,1.0,0.1491,True,60423.5294,66047.0588,67000.0,71670.5882,58610.8235,6.36,15.41,False,False,True,1.15,False,True,False,,False,False,,2026-05-01,2026-05-31,62100.0,20,1,-1.61,61100.0,2026-05-11,-4.67,59200.0,2026-05-12,-4.831,59100.0,2026-05-13,-0.483,61800.0,2026-05-14,0.161,62200.0,2026-05-15,-0.483,61800.0,2026-05-18,-2.738,60400.0,2026-05-19,-4.509,59300.0,2026-05-20,-0.483,61800.0,2026-05-21,1.932,63300.0,2026-05-22,2.415,63600.0,2026-05-26,0.644,62500.0,2026-05-27,1.449,63000.0,2026-05-28,7.568,66800.0,2026-05-29,10.628,68700.0,2026-06-01,12.399,69800.0,2026-06-02,15.62,71800.0,2026-06-04,9.34,67900.0,2026-06-05,7.89,67000.0,2026-06-08,17.552,73000.0,2026-06-09,2026-06-09,17.552,-4.831,20.773,-9.179,1,0.0,0.0,0.0,1.0,STOP,2026-05-12
161390,한국타이어앤테크놀로지,2026-05-11,2026-05-11,WATCH,63,LOWER_CHANNEL_WATCH,중기 Higher High + Higher Low | 상승추세 안의 단기 조정 + 전저점 유지 | 상승 평행채널 유효(커버리지 100%) | 최근 추세 하단(싼 구간) 접촉 | 현재도 채널 하단권 | 이동평균선 밀집,,61100.0,True,8.81,True,1.0,0.0272,True,60794.1176,66417.6471,67000.0,72041.1765,58970.2941,8.7,17.91,False,False,True,0.52,False,False,False,,False,False,,2026-05-01,2026-05-31,61100.0,20,1,-3.11,59200.0,2026-05-12,-3.273,59100.0,2026-05-13,1.146,61800.0,2026-05-14,1.8,62200.0,2026-05-15,1.146,61800.0,2026-05-18,-1.146,60400.0,2026-05-19,-2.946,59300.0,2026-05-20,1.146,61800.0,2026-05-21,3.601,63300.0,2026-05-22,4.092,63600.0,2026-05-26,2.291,62500.0,2026-05-27,3.11,63000.0,2026-05-28,9.329,66800.0,2026-05-29,12.439,68700.0,2026-06-01,14.239,69800.0,2026-06-02,17.512,71800.0,2026-06-04,11.129,67900.0,2026-06-05,9.656,67000.0,2026-06-08,19.476,73000.0,2026-06-09,15.548,70600.0,2026-06-10,2026-06-10,19.476,-3.273,22.75,-7.692,1,0.0,0.0,0.0,1.0,STOP,2026-05-12
000880,한화,2026-05-22,2026-05-22,WATCH,68,LOWER_CHANNEL_WATCH,중기 Higher High + Higher Low | 상승추세 안의 단기 조정 + 전저점 유지 | 상승 평행채널 유효(커버리지 100%) | 최근 추세 하단(싼 구간) 접촉 | 이동평균선 밀집 | 이동평균선 재돌파 | 재상승 후 5일선 지지,,140500.0,True,15.56,True,1.0,0.8935,True,111140.0,127570.0,166400.0,144000.0,129010.0,-9.2,2.49,False,False,True,5.8,True,True,False,,False,False,,2026-05-01,2026-05-31,140500.0,20,1,5.48,148200.0,2026-05-26,7.402,150900.0,2026-05-27,-0.925,139200.0,2026-05-28,-4.84,133700.0,2026-05-29,-8.256,128900.0,2026-06-01,-15.374,118900.0,2026-06-02,-7.331,130200.0,2026-06-04,-10.819,125300.0,2026-06-05,-19.004,113800.0,2026-06-08,-17.58,115800.0,2026-06-09,-15.16,119200.0,2026-06-10,-16.299,117600.0,2026-06-11,-17.224,116300.0,2026-06-12,-14.448,120200.0,2026-06-15,-10.819,125300.0,2026-06-16,-8.185,129000.0,2026-06-17,-13.95,120900.0,2026-06-18,-18.007,115200.0,2026-06-19,-19.573,113000.0,2026-06-22,-24.626,105900.0,2026-06-23,2026-06-23,7.402,-24.626,14.377,-24.626,0,,0.0,1.0,0.0,UPPER,2026-05-26
180640,한진칼,2026-05-04,2026-05-04,WATCH,60,LOWER_CHANNEL_WATCH,중기 Higher High + Higher Low | 상승추세 안의 단기 조정 + 전저점 유지 | 상승 평행채널 유효(커버리지 90%) | 최근 추세 하단(싼 구간) 접촉 | 현재도 채널 하단권 | 추세 하단 부근 쌍바닥/Higher-Low 형태,,112300.0,True,7.95,True,0.8971,0.0257,True,111302.7778,130725.0,122000.0,150147.2222,109513.0,16.41,33.7,True,False,False,7.78,False,True,False,,False,False,,2026-05-01,2026-05-31,112300.0,20,1,-2.315,109700.0,2026-05-06,1.336,113800.0,2026-05-07,1.603,114100.0,2026-05-08,-1.247,110900.0,2026-05-11,-2.315,109700.0,2026-05-12,-0.089,112200.0,2026-05-13,9.617,123100.0,2026-05-14,6.144,119200.0,2026-05-15,-0.801,111400.0,2026-05-18,-0.623,111600.0,2026-05-19,-2.76,109200.0,2026-05-20,4.809,117700.0,2026-05-21,4.809,117700.0,2026-05-22,3.473,116200.0,2026-05-26,0.089,112400.0,2026-05-27,-3.384,108500.0,2026-05-28,-1.959,110100.0,2026-05-29,-0.98,111200.0,2026-06-01,1.781,114300.0,2026-06-02,7.302,120500.0,2026-06-04,2026-06-04,9.617,-3.384,12.021,-8.014,1,0.0,0.0,0.0,1.0,STOP,2026-05-12
180640,한진칼,2026-05-06,2026-05-06,WATCH,60,LOWER_CHANNEL_WATCH,중기 Higher High + Higher Low | 상승추세 안의 단기 조정 + 전저점 유지 | 상승 평행채널 유효(커버리지 90%) | 최근 추세 하단(싼 구간) 접촉 | 현재도 채널 하단권 | 추세 하단 부근 쌍바닥/Higher-Low 형태,,109700.0,True,10.08,True,0.8986,-0.0472,True,111533.3333,130955.5556,122000.0,150377.7778,109513.0,19.38,37.08,True,False,False,8.83,False,False,False,,False,False,,2026-05-01,2026-05-31,109700.0,20,1,3.737,113800.0,2026-05-07,4.011,114100.0,2026-05-08,1.094,110900.0,2026-05-11,0.0,109700.0,2026-05-12,2.279,112200.0,2026-05-13,12.215,123100.0,2026-05-14,8.66,119200.0,2026-05-15,1.55,111400.0,2026-05-18,1.732,111600.0,2026-05-19,-0.456,109200.0,2026-05-20,7.293,117700.0,2026-05-21,7.293,117700.0,2026-05-22,5.925,116200.0,2026-05-26,2.461,112400.0,2026-05-27,-1.094,108500.0,2026-05-28,0.365,110100.0,2026-05-29,1.367,111200.0,2026-06-01,4.193,114300.0,2026-06-02,9.845,120500.0,2026-06-04,4.831,115000.0,2026-06-05,2026-06-05,12.215,-1.094,14.676,-5.834,1,0.0,0.0,0.0,1.0,STOP,2026-05-12
180640,한진칼,2026-05-07,2026-05-07,WATCH,60,LOWER_CHANNEL_WATCH,중기 Higher High + Higher Low | 상승추세 안의 단기 조정 + 전저점 유지 | 상승 평행채널 유효(커버리지 90%) | 최근 추세 하단(싼 구간) 접촉 | 현재도 채널 하단권 | 추세 하단 부근 쌍바닥/Higher-Low 형태,,113800.0,True,6.72,True,0.9,0.0524,True,111763.8889,131186.1111,122000.0,150608.3333,109513.0,15.28,32.34,True,False,False,8.6,False,True,False,,False,False,,2026-05-01,2026-05-31,113800.0,20,1,0.264,114100.0,2026-05-08,-2.548,110900.0,2026-05-11,-3.603,109700.0,2026-05-12,-1.406,112200.0,2026-05-13,8.172,123100.0,2026-05-14,4.745,119200.0,2026-05-15,-2.109,111400.0,2026-05-18,-1.933,111600.0,2026-05-19,-4.042,109200.0,2026-05-20,3.427,117700.0,2026-05-21,3.427,117700.0,2026-05-22,2.109,116200.0,2026-05-26,-1.23,112400.0,2026-05-27,-4.657,108500.0,2026-05-28,-3.251,110100.0,2026-05-29,-2.285,111200.0,2026-06-01,0.439,114300.0,2026-06-02,5.888,120500.0,2026-06-04,1.054,115000.0,2026-06-05,-7.996,104700.0,2026-06-08,2026-06-08,8.172,-7.996,10.545,-9.49,0,0.0,0.0,0.0,1.0,STOP,2026-05-12
180640,한진칼,2026-05-08,2026-05-08,WATCH,60,LOWER_CHANNEL_WATCH,중기 Higher High + Higher Low | 상승추세 안의 단기 조정 + 전저점 유지 | 상승 평행채널 유효(커버리지 90%) | 최근 추세 하단(싼 구간) 접촉 | 현재도 채널 하단권 | 추세 하단 부근 쌍바닥/Higher-Low 형태,,114100.0,True,6.48,True,0.9014,0.0542,True,111994.4444,131416.6667,122000.0,150838.8889,109513.0,15.18,32.2,True,False,False,8.42,False,True,False,,False,False,,2026-05-01,2026-05-31,114100.0,20,1,-2.805,110900.0,2026-05-11,-3.856,109700.0,2026-05-12,-1.665,112200.0,2026-05-13,7.888,123100.0,2026-05-14,4.47,119200.0,2026-05-15,-2.366,111400.0,2026-05-18,-2.191,111600.0,2026-05-19,-4.294,109200.0,2026-05-20,3.155,117700.0,2026-05-21,3.155,117700.0,2026-05-22,1.84,116200.0,2026-05-26,-1.49,112400.0,2026-05-27,-4.908,108500.0,2026-05-28,-3.506,110100.0,2026-05-29,-2.542,111200.0,2026-06-01,0.175,114300.0,2026-06-02,5.609,120500.0,2026-06-04,0.789,115000.0,2026-06-05,-8.238,104700.0,2026-06-08,0.263,114400.0,2026-06-09,2026-06-09,7.888,-8.238,10.254,-9.728,1,0.0,0.0,0.0,1.0,STOP,2026-05-12
180640,한진칼,2026-05-21,2026-05-21,WATCH,63,LOWER_CHANNEL_WATCH,중기 Higher High + Higher Low | 상승추세 안의 단기 조정 + 전저점 유지 | 상승 평행채널 유효(커버리지 100%) | 최근 추세 하단(싼 구간) 접촉 | 추세 하단 부근 쌍바닥/Higher-Low 형태 | 이동평균선 밀집,,117700.0,True,4.39,True,1.0,0.6101,True,108635.7143,116064.2857,123100.0,123492.8571,105376.6429,-1.39,4.92,True,False,True,4.81,False,False,False,,False,False,,2026-05-01,2026-05-31,117700.0,20,1,0.0,117700.0,2026-05-22,-1.274,116200.0,2026-05-26,-4.503,112400.0,2026-05-27,-7.816,108500.0,2026-05-28,-6.457,110100.0,2026-05-29,-5.523,111200.0,2026-06-01,-2.889,114300.0,2026-06-02,2.379,120500.0,2026-06-04,-2.294,115000.0,2026-06-05,-11.045,104700.0,2026-06-08,-2.804,114400.0,2026-06-09,-1.784,115600.0,2026-06-10,0.595,118400.0,2026-06-11,1.869,119900.0,2026-06-12,8.836,128100.0,2026-06-15,8.666,127900.0,2026-06-16,4.163,122600.0,2026-06-17,4.078,122500.0,2026-06-18,2.889,121100.0,2026-06-19,-3.314,113800.0,2026-06-22,2026-06-22,8.836,-11.045,14.274,-12.489,0,,1.0,0.0,1.0,STOP,2026-05-28
180640,한진칼,2026-05-22,2026-05-22,WATCH,63,LOWER_CHANNEL_WATCH,중기 Higher High + Higher Low | 상승추세 안의 단기 조정 + 전저점 유지 | 상승 평행채널 유효(커버리지 100%) | 최근 추세 하단(싼 구간) 접촉 | 추세 하단 부근 쌍바닥/Higher-Low 형태 | 이동평균선 밀집,,117700.0,True,4.39,True,1.0,0.6048,True,108714.2857,116142.8571,123100.0,123571.4286,105452.8571,-1.32,4.99,True,False,True,4.45,False,True,False,,False,False,,2026-05-01,2026-05-31,117700.0,20,1,-1.274,116200.0,2026-05-26,-4.503,112400.0,2026-05-27,-7.816,108500.0,2026-05-28,-6.457,110100.0,2026-05-29,-5.523,111200.0,2026-06-01,-2.889,114300.0,2026-06-02,2.379,120500.0,2026-06-04,-2.294,115000.0,2026-06-05,-11.045,104700.0,2026-06-08,-2.804,114400.0,2026-06-09,-1.784,115600.0,2026-06-10,0.595,118400.0,2026-06-11,1.869,119900.0,2026-06-12,8.836,128100.0,2026-06-15,8.666,127900.0,2026-06-16,4.163,122600.0,2026-06-17,4.078,122500.0,2026-06-18,2.889,121100.0,2026-06-19,-3.314,113800.0,2026-06-22,-6.882,109600.0,2026-06-23,2026-06-23,8.836,-11.045,14.274,-12.489,0,,1.0,0.0,1.0,STOP,2026-05-28
180640,한진칼,2026-05-26,2026-05-26,WATCH,63,LOWER_CHANNEL_WATCH,중기 Higher High + Higher Low | 상승추세 안의 단기 조정 + 전저점 유지 | 상승 평행채널 유효(커버리지 100%) | 최근 추세 하단(싼 구간) 접촉 | 추세 하단 부근 쌍바닥/Higher-Low 형태 | 이동평균선 밀집,,116200.0,True,5.99,True,1.0,0.4986,True,108792.8571,116221.4286,123100.0,123650.0,105529.0714,0.02,6.41,True,False,True,3.34,False,True,False,,False,False,,2026-05-01,2026-05-31,116200.0,20,1,-3.27,112400.0,2026-05-27,-6.627,108500.0,2026-05-28,-5.25,110100.0,2026-05-29,-4.303,111200.0,2026-06-01,-1.635,114300.0,2026-06-02,3.701,120500.0,2026-06-04,-1.033,115000.0,2026-06-05,-9.897,104700.0,2026-06-08,-1.549,114400.0,2026-06-09,-0.516,115600.0,2026-06-10,1.893,118400.0,2026-06-11,3.184,119900.0,2026-06-12,10.241,128100.0,2026-06-15,10.069,127900.0,2026-06-16,5.508,122600.0,2026-06-17,5.422,122500.0,2026-06-18,4.217,121100.0,2026-06-19,-2.065,113800.0,2026-06-22,-5.68,109600.0,2026-06-23,-1.893,114000.0,2026-06-24,2026-06-24,10.241,-9.897,15.749,-11.36,0,1.0,0.0,0.0,1.0,STOP,2026-05-28
180640,한진칼,2026-05-27,2026-05-27,WATCH,68,LOWER_CHANNEL_WATCH,중기 Higher High + Higher Low | 상승추세 안의 단기 조정 + 전저점 유지 | 상승 평행채널 유효(커버리지 100%) | 최근 추세 하단(싼 구간) 접촉 | 현재도 채널 하단권 | 추세 하단 부근 쌍바닥/Higher-Low 형태 | 이동평균선 밀집,,112400.0,True,9.06,True,1.0,0.2375,True,108871.4286,116300.0,123100.0,123728.5714,105605.2857,3.47,10.08,True,False,True,2.64,False,False,False,,False,False,,2026-05-01,2026-05-31,112400.0,20,1,-3.47,108500.0,2026-05-28,-2.046,110100.0,2026-05-29,-1.068,111200.0,2026-06-01,1.69,114300.0,2026-06-02,7.206,120500.0,2026-06-04,2.313,115000.0,2026-06-05,-6.851,104700.0,2026-06-08,1.779,114400.0,2026-06-09,2.847,115600.0,2026-06-10,5.338,118400.0,2026-06-11,6.673,119900.0,2026-06-12,13.968,128100.0,2026-06-15,13.79,127900.0,2026-06-16,9.075,122600.0,2026-06-17,8.986,122500.0,2026-06-18,7.74,121100.0,2026-06-19,1.246,113800.0,2026-06-22,-2.491,109600.0,2026-06-23,1.423,114000.0,2026-06-24,7.562,120900.0,2026-06-25,2026-06-25,13.968,-6.851,19.662,-8.363,1,0.0,0.0,0.0,1.0,STOP,2026-05-28
180640,한진칼,2026-05-29,2026-05-29,WATCH,68,LOWER_CHANNEL_WATCH,중기 Higher High + Higher Low | 상승추세 안의 단기 조정 + 전저점 유지 | 상승 평행채널 유효(커버리지 100%) | 최근 추세 하단(싼 구간) 접촉 | 현재도 채널 하단권 | 추세 하단 부근 쌍바닥/Higher-Low 형태 | 이동평균선 밀집,,110100.0,True,10.92,True,1.0,0.0756,True,108977.1429,116404.2857,123600.0,123831.4286,105707.8286,5.73,12.47,True,False,True,2.35,False,False,False,,False,False,,2026-05-01,2026-05-31,110100.0,20,1,0.999,111200.0,2026-06-01,3.815,114300.0,2026-06-02,9.446,120500.0,2026-06-04,4.45,115000.0,2026-06-05,-4.905,104700.0,2026-06-08,3.906,114400.0,2026-06-09,4.995,115600.0,2026-06-10,7.539,118400.0,2026-06-11,8.901,119900.0,2026-06-12,16.349,128100.0,2026-06-15,16.167,127900.0,2026-06-16,11.353,122600.0,2026-06-17,11.262,122500.0,2026-06-18,9.991,121100.0,2026-06-19,3.361,113800.0,2026-06-22,-0.454,109600.0,2026-06-23,3.542,114000.0,2026-06-24,9.809,120900.0,2026-06-25,4.632,115200.0,2026-06-26,6.358,117100.0,2026-06-29,2026-06-29,16.349,-4.905,22.162,-6.449,1,1.0,1.0,1.0,0.0,UPPER,2026-06-04
353200,대덕전자,2026-05-21,2026-05-21,WATCH,60,LOWER_CHANNEL_WATCH,중기 Higher High + Higher Low | 상승추세 안의 단기 조정 + 전저점 유지 | 상승 평행채널 유효(커버리지 90%) | 최근 추세 하단(싼 구간) 접촉 | 이동평균선 재돌파 | 재상승 후 5일선 지지,,146400.0,True,3.68,True,0.8983,1.455,True,111502.439,123495.122,149500.0,135487.8049,108157.3659,-15.65,-7.45,False,False,False,31.07,True,True,False,,False,False,,2026-05-01,2026-05-31,146400.0,20,1,3.347,151300.0,2026-05-22,15.574,169200.0,2026-05-26,11.68,163500.0,2026-05-27,12.568,164800.0,2026-05-28,30.396,190900.0,2026-05-29,21.448,177800.0,2026-06-01,7.582,157500.0,2026-06-02,8.607,159000.0,2026-06-04,4.098,152400.0,2026-06-05,-4.577,139700.0,2026-06-08,4.235,152600.0,2026-06-09,1.366,148400.0,2026-06-10,7.104,156800.0,2026-06-11,12.842,165200.0,2026-06-12,14.549,167700.0,2026-06-15,16.052,169900.0,2026-06-16,18.989,174200.0,2026-06-17,14.481,167600.0,2026-06-18,6.762,156300.0,2026-06-19,5.874,155000.0,2026-06-22,2026-06-22,30.396,-4.577,35.246,-12.842,1,,1.0,,0.0,TIMEOUT,2026-06-22
353200,대덕전자,2026-05-26,2026-05-26,WATCH,60,LOWER_CHANNEL_WATCH,중기 Higher High + Higher Low | 상승추세 안의 단기 조정 + 전저점 유지 | 상승 평행채널 유효(커버리지 87%) | 최근 추세 하단(싼 구간) 접촉 | 이동평균선 재돌파 | 재상승 후 5일선 지지,,169200.0,True,3.26,True,0.8689,2.3099,True,113795.122,125787.8049,149500.0,137780.4878,110381.2683,-25.66,-18.57,False,False,False,30.22,True,True,False,,False,False,,2026-05-01,2026-05-31,169200.0,20,1,-3.369,163500.0,2026-05-27,-2.6,164800.0,2026-05-28,12.825,190900.0,2026-05-29,5.083,177800.0,2026-06-01,-6.915,157500.0,2026-06-02,-6.028,159000.0,2026-06-04,-9.929,152400.0,2026-06-05,-17.435,139700.0,2026-06-08,-9.811,152600.0,2026-06-09,-12.293,148400.0,2026-06-10,-7.329,156800.0,2026-06-11,-2.364,165200.0,2026-06-12,-0.887,167700.0,2026-06-15,0.414,169900.0,2026-06-16,2.955,174200.0,2026-06-17,-0.946,167600.0,2026-06-18,-7.624,156300.0,2026-06-19,-8.392,155000.0,2026-06-22,-17.021,140400.0,2026-06-23,-18.381,138100.0,2026-06-24,2026-06-24,12.825,-18.381,17.021,-24.586,0,,,,0.0,TIMEOUT,2026-06-24
353200,대덕전자,2026-05-27,2026-05-27,WATCH,60,LOWER_CHANNEL_WATCH,중기 Higher High + Higher Low | 상승추세 안의 단기 조정 + 전저점 유지 | 상승 평행채널 유효(커버리지 85%) | 최근 추세 하단(싼 구간) 접촉 | 이동평균선 재돌파 | 재상승 후 5일선 지지,,163500.0,True,11.62,True,0.8548,2.0245,True,114941.4634,126934.1463,149500.0,138926.8293,111493.2195,-22.36,-15.03,False,False,False,33.85,True,True,False,,False,False,,2026-05-01,2026-05-31,163500.0,20,1,0.795,164800.0,2026-05-28,16.758,190900.0,2026-05-29,8.746,177800.0,2026-06-01,-3.67,157500.0,2026-06-02,-2.752,159000.0,2026-06-04,-6.789,152400.0,2026-06-05,-14.557,139700.0,2026-06-08,-6.667,152600.0,2026-06-09,-9.235,148400.0,2026-06-10,-4.098,156800.0,2026-06-11,1.04,165200.0,2026-06-12,2.569,167700.0,2026-06-15,3.914,169900.0,2026-06-16,6.544,174200.0,2026-06-17,2.508,167600.0,2026-06-18,-4.404,156300.0,2026-06-19,-5.199,155000.0,2026-06-22,-14.128,140400.0,2026-06-23,-15.535,138100.0,2026-06-24,-18.165,133800.0,2026-06-25,2026-06-25,16.758,-18.165,21.101,-21.957,0,,,,1.0,STOP,2026-06-25
353200,대덕전자,2026-05-28,2026-05-28,WATCH,60,LOWER_CHANNEL_WATCH,중기 Higher High + Higher Low | 상승추세 안의 단기 조정 + 전저점 유지 | 상승 평행채널 유효(커버리지 84%) | 최근 추세 하단(싼 구간) 접촉 | 이동평균선 재돌파 | 재상승 후 5일선 지지,,164800.0,True,10.92,True,0.8413,2.0309,True,116087.8049,128080.4878,149500.0,140073.1707,112605.1707,-22.28,-15.0,False,False,False,36.41,True,True,False,,False,False,,2026-05-01,2026-05-31,164800.0,20,1,15.837,190900.0,2026-05-29,7.888,177800.0,2026-06-01,-4.43,157500.0,2026-06-02,-3.519,159000.0,2026-06-04,-7.524,152400.0,2026-06-05,-15.231,139700.0,2026-06-08,-7.403,152600.0,2026-06-09,-9.951,148400.0,2026-06-10,-4.854,156800.0,2026-06-11,0.243,165200.0,2026-06-12,1.76,167700.0,2026-06-15,3.095,169900.0,2026-06-16,5.704,174200.0,2026-06-17,1.699,167600.0,2026-06-18,-5.158,156300.0,2026-06-19,-5.947,155000.0,2026-06-22,-14.806,140400.0,2026-06-23,-16.201,138100.0,2026-06-24,-18.811,133800.0,2026-06-25,-19.175,133200.0,2026-06-26,2026-06-26,15.837,-19.175,20.146,-22.573,0,,,,1.0,STOP,2026-06-25
001440,대한전선,2026-05-04,2026-05-04,WATCH,79,LOWER_CHANNEL_WATCH,중기 Higher High + Higher Low | 상승추세 안의 단기 조정 + 전저점 유지 | 상승 평행채널 유효(커버리지 88%) | 최근 추세 하단(싼 구간) 접촉 | 추세 하단 부근 쌍바닥/Higher-Low 형태 | 쌍바닥 넥라인 돌파 확인 | 추세 바닥권 거래량 급증 양봉 | 거래량 기준봉 저가 지지 | 거래량 기준봉 고가 돌파,,60700.0,True,3.96,True,0.8814,2.1376,True,33950.0,40207.1429,31400.0,46464.2857,32931.5,-33.76,-23.45,True,True,False,29.21,False,True,True,2026-04-10,True,True,2.17,2026-05-01,2026-05-31,60700.0,20,1,14.003,69200.0,2026-05-06,5.601,64100.0,2026-05-07,19.11,72300.0,2026-05-08,16.145,70500.0,2026-05-11,10.708,67200.0,2026-05-12,7.743,65400.0,2026-05-13,7.908,65500.0,2026-05-14,-1.153,60000.0,2026-05-15,-4.283,58100.0,2026-05-18,-12.356,53200.0,2026-05-19,-14.333,52000.0,2026-05-20,-7.743,56000.0,2026-05-21,-9.72,54800.0,2026-05-22,-12.191,53300.0,2026-05-26,-18.369,49550.0,2026-05-27,-21.252,47800.0,2026-05-28,-25.124,45450.0,2026-05-29,-21.582,47600.0,2026-06-01,-29.984,42500.0,2026-06-02,-30.231,42350.0,2026-06-04,2026-06-04,19.11,-30.231,25.041,-31.137,0,,,,0.0,TIMEOUT,2026-06-04
001440,대한전선,2026-05-06,2026-05-06,WATCH,79,LOWER_CHANNEL_WATCH,중기 Higher High + Higher Low | 상승추세 안의 단기 조정 + 전저점 유지 | 상승 평행채널 유효(커버리지 87%) | 최근 추세 하단(싼 구간) 접촉 | 추세 하단 부근 쌍바닥/Higher-Low 형태 | 쌍바닥 넥라인 돌파 확인 | 추세 바닥권 거래량 급증 양봉 | 거래량 기준봉 저가 지지 | 거래량 기준봉 고가 돌파,,69200.0,True,6.49,True,0.8667,2.8002,True,34157.1429,40414.2857,31400.0,46671.4286,33132.4286,-41.6,-32.56,True,True,False,32.11,False,True,True,2026-04-10,True,True,2.17,2026-05-01,2026-05-31,69200.0,20,1,-7.37,64100.0,2026-05-07,4.48,72300.0,2026-05-08,1.879,70500.0,2026-05-11,-2.89,67200.0,2026-05-12,-5.491,65400.0,2026-05-13,-5.347,65500.0,2026-05-14,-13.295,60000.0,2026-05-15,-16.04,58100.0,2026-05-18,-23.121,53200.0,2026-05-19,-24.855,52000.0,2026-05-20,-19.075,56000.0,2026-05-21,-20.809,54800.0,2026-05-22,-22.977,53300.0,2026-05-26,-28.396,49550.0,2026-05-27,-30.925,47800.0,2026-05-28,-34.321,45450.0,2026-05-29,-31.214,47600.0,2026-06-01,-38.584,42500.0,2026-06-02,-38.801,42350.0,2026-06-04,-42.269,39950.0,2026-06-05,2026-06-05,4.48,-42.269,9.682,-43.786,0,,,,0.0,TIMEOUT,2026-06-05
001440,대한전선,2026-05-07,2026-05-07,WATCH,79,LOWER_CHANNEL_WATCH,중기 Higher High + Higher Low | 상승추세 안의 단기 조정 + 전저점 유지 | 상승 평행채널 유효(커버리지 85%) | 최근 추세 하단(싼 구간) 접촉 | 추세 하단 부근 쌍바닥/Higher-Low 형태 | 쌍바닥 넥라인 돌파 확인 | 추세 바닥권 거래량 급증 양봉 | 거래량 기준봉 저가 지지 | 거래량 기준봉 고가 돌파,,64100.0,True,13.38,True,0.8525,2.3761,True,34364.2857,40621.4286,31400.0,46878.5714,33333.3571,-36.63,-26.87,True,True,False,39.54,False,True,True,2026-04-10,True,True,2.17,2026-05-01,2026-05-31,64100.0,20,1,12.793,72300.0,2026-05-08,9.984,70500.0,2026-05-11,4.836,67200.0,2026-05-12,2.028,65400.0,2026-05-13,2.184,65500.0,2026-05-14,-6.396,60000.0,2026-05-15,-9.36,58100.0,2026-05-18,-17.005,53200.0,2026-05-19,-18.877,52000.0,2026-05-20,-12.637,56000.0,2026-05-21,-14.509,54800.0,2026-05-22,-16.849,53300.0,2026-05-26,-22.699,49550.0,2026-05-27,-25.429,47800.0,2026-05-28,-29.095,45450.0,2026-05-29,-25.741,47600.0,2026-06-01,-33.697,42500.0,2026-06-02,-33.931,42350.0,2026-06-04,-37.676,39950.0,2026-06-05,-41.888,37250.0,2026-06-08,2026-06-08,12.793,-41.888,18.409,-43.292,0,,,,1.0,STOP,2026-06-08
001440,대한전선,2026-05-14,2026-05-14,CONFIRMED,79,LOWER_CHANNEL_CONFIRMED_REVERSAL,중기 Higher High + Higher Low | 상승추세 안의 단기 조정 + 전저점 유지 | 상승 평행채널 유효(커버리지 100%) | 최근 추세 하단(싼 구간) 접촉 | 추세 하단 부근 쌍바닥/Higher-Low 형태 | 쌍바닥 넥라인 돌파 확인 | 추세 바닥권 거래량 급증 양봉 | 거래량 기준봉 저가 지지 | 거래량 기준봉 고가 돌파,,65500.0,True,13.7,True,1.0,0.4227,True,55456.25,67337.5,75900.0,79218.75,53792.5625,2.81,20.94,True,True,False,46.02,False,False,True,2026-04-29,True,True,2.93,2026-05-01,2026-05-31,65500.0,20,1,-8.397,60000.0,2026-05-15,-11.298,58100.0,2026-05-18,-18.779,53200.0,2026-05-19,-20.611,52000.0,2026-05-20,-14.504,56000.0,2026-05-21,-16.336,54800.0,2026-05-22,-18.626,53300.0,2026-05-26,-24.351,49550.0,2026-05-27,-27.023,47800.0,2026-05-28,-30.611,45450.0,2026-05-29,-27.328,47600.0,2026-06-01,-35.115,42500.0,2026-06-02,-35.344,42350.0,2026-06-04,-39.008,39950.0,2026-06-05,-43.13,37250.0,2026-06-08,-40.916,38700.0,2026-06-09,-42.824,37450.0,2026-06-10,-43.588,36950.0,2026-06-11,-42.214,37850.0,2026-06-12,-39.008,39950.0,2026-06-15,2026-06-15,-8.397,-43.588,0.153,-47.099,0,0.0,0.0,0.0,1.0,STOP,2026-05-18
001440,대한전선,2026-05-15,2026-05-15,CONFIRMED,84,LOWER_CHANNEL_CONFIRMED_REVERSAL,중기 Higher High + Higher Low | 상승추세 안의 단기 조정 + 전저점 유지 | 상승 평행채널 유효(커버리지 100%) | 최근 추세 하단(싼 구간) 접촉 | 현재도 채널 하단권 | 추세 하단 부근 쌍바닥/Higher-Low 형태 | 쌍바닥 넥라인 돌파 확인 | 추세 바닥권 거래량 급증 양봉 | 거래량 기준봉 저가 지지 | 거래량 기준봉 고가 돌파,,60000.0,True,20.95,True,1.0,0.1447,True,56562.5,68443.75,75900.0,80325.0,54865.625,14.07,33.88,True,True,False,45.35,False,False,True,2026-04-29,True,True,2.93,2026-05-01,2026-05-31,60000.0,20,1,-3.167,58100.0,2026-05-18,-11.333,53200.0,2026-05-19,-13.333,52000.0,2026-05-20,-6.667,56000.0,2026-05-21,-8.667,54800.0,2026-05-22,-11.167,53300.0,2026-05-26,-17.417,49550.0,2026-05-27,-20.333,47800.0,2026-05-28,-24.25,45450.0,2026-05-29,-20.667,47600.0,2026-06-01,-29.167,42500.0,2026-06-02,-29.417,42350.0,2026-06-04,-33.417,39950.0,2026-06-05,-37.917,37250.0,2026-06-08,-35.5,38700.0,2026-06-09,-37.583,37450.0,2026-06-10,-38.417,36950.0,2026-06-11,-36.917,37850.0,2026-06-12,-33.417,39950.0,2026-06-15,-32.167,40700.0,2026-06-16,2026-06-16,-3.167,-38.417,-1.5,-42.25,0,0.0,0.0,0.0,1.0,STOP,2026-05-18
062040,산일전기,2026-05-08,2026-05-08,WATCH,69,LOWER_CHANNEL_WATCH,중기 Higher High + Higher Low | 상승 평행채널 유효(커버리지 79%) | 최근 추세 하단(싼 구간) 접촉 | 이동평균선 재돌파 | 추세 바닥권 거래량 급증 양봉 | 거래량 기준봉 저가 지지 | 거래량 기준봉 고가 돌파 | 재상승 후 5일선 지지,,331000.0,True,2.93,True,0.791,1.6201,True,209152.9412,246758.8235,341000.0,284364.7059,202878.3529,-25.45,-14.09,False,False,False,42.17,True,True,True,2026-04-14,True,True,2.12,2026-05-01,2026-05-31,331000.0,20,1,-2.115,324000.0,2026-05-11,-5.74,312000.0,2026-05-12,-8.61,302500.0,2026-05-13,-11.329,293500.0,2026-05-14,-18.882,268500.0,2026-05-15,-21.903,258500.0,2026-05-18,-25.831,245500.0,2026-05-19,-25.831,245500.0,2026-05-20,-16.616,276000.0,2026-05-21,-14.653,282500.0,2026-05-22,-17.221,274000.0,2026-05-26,-18.429,270000.0,2026-05-27,-23.565,253000.0,2026-05-28,-25.378,247000.0,2026-05-29,-25.227,247500.0,2026-06-01,-32.024,225000.0,2026-06-02,-32.779,222500.0,2026-06-04,-33.233,221000.0,2026-06-05,-35.498,213500.0,2026-06-08,-32.024,225000.0,2026-06-09,2026-06-09,-2.115,-35.498,-0.604,-40.181,0,,0.0,,1.0,STOP,2026-06-02
062040,산일전기,2026-05-11,2026-05-11,WATCH,69,LOWER_CHANNEL_WATCH,중기 Higher High + Higher Low | 상승추세 안의 단기 조정 + 전저점 유지 | 상승 평행채널 유효(커버리지 78%) | 최근 추세 하단(싼 구간) 접촉 | 추세 바닥권 거래량 급증 양봉 | 거래량 기준봉 저가 지지 | 거래량 기준봉 고가 돌파,,324000.0,True,4.99,True,0.7794,1.5002,True,211170.5882,248776.4706,341000.0,286382.3529,204835.4706,-23.22,-11.61,False,False,False,45.73,False,False,True,2026-04-14,True,True,2.12,2026-05-01,2026-05-31,324000.0,20,1,-3.704,312000.0,2026-05-12,-6.636,302500.0,2026-05-13,-9.414,293500.0,2026-05-14,-17.13,268500.0,2026-05-15,-20.216,258500.0,2026-05-18,-24.228,245500.0,2026-05-19,-24.228,245500.0,2026-05-20,-14.815,276000.0,2026-05-21,-12.809,282500.0,2026-05-22,-15.432,274000.0,2026-05-26,-16.667,270000.0,2026-05-27,-21.914,253000.0,2026-05-28,-23.765,247000.0,2026-05-29,-23.611,247500.0,2026-06-01,-30.556,225000.0,2026-06-02,-31.327,222500.0,2026-06-04,-31.79,221000.0,2026-06-05,-34.105,213500.0,2026-06-08,-30.556,225000.0,2026-06-09,-32.562,218500.0,2026-06-10,2026-06-10,-3.704,-34.105,1.235,-38.889,0,,0.0,,1.0,STOP,2026-06-02
062040,산일전기,2026-05-12,2026-05-12,WATCH,69,LOWER_CHANNEL_WATCH,중기 Higher High + Higher Low | 상승추세 안의 단기 조정 + 전저점 유지 | 상승 평행채널 유효(커버리지 77%) | 최근 추세 하단(싼 구간) 접촉 | 추세 바닥권 거래량 급증 양봉 | 거래량 기준봉 저가 지지 | 거래량 기준봉 고가 돌파,,312000.0,True,8.5,True,0.7681,1.3138,True,213188.2353,250794.1176,341000.0,288400.0,206792.5882,-19.62,-7.56,False,False,False,45.3,False,False,True,2026-04-14,True,True,2.12,2026-05-01,2026-05-31,312000.0,20,1,-3.045,302500.0,2026-05-13,-5.929,293500.0,2026-05-14,-13.942,268500.0,2026-05-15,-17.147,258500.0,2026-05-18,-21.314,245500.0,2026-05-19,-21.314,245500.0,2026-05-20,-11.538,276000.0,2026-05-21,-9.455,282500.0,2026-05-22,-12.179,274000.0,2026-05-26,-13.462,270000.0,2026-05-27,-18.91,253000.0,2026-05-28,-20.833,247000.0,2026-05-29,-20.673,247500.0,2026-06-01,-27.885,225000.0,2026-06-02,-28.686,222500.0,2026-06-04,-29.167,221000.0,2026-06-05,-31.571,213500.0,2026-06-08,-27.885,225000.0,2026-06-09,-29.968,218500.0,2026-06-10,-31.731,213000.0,2026-06-11,2026-06-11,-3.045,-31.731,2.564,-36.538,0,,0.0,,1.0,STOP,2026-06-02
062040,산일전기,2026-05-13,2026-05-13,WATCH,69,LOWER_CHANNEL_WATCH,중기 Higher High + Higher Low | 상승추세 안의 단기 조정 + 전저점 유지 | 상승 평행채널 유효(커버리지 76%) | 최근 추세 하단(싼 구간) 접촉 | 추세 바닥권 거래량 급증 양봉 | 거래량 기준봉 저가 지지 | 거래량 기준봉 고가 돌파,,302500.0,True,11.29,True,0.7571,1.1606,True,215205.8824,252811.7647,341000.0,290417.6471,208749.7059,-16.43,-3.99,False,False,False,44.78,False,False,True,2026-04-14,True,True,2.12,2026-05-01,2026-05-31,302500.0,20,1,-2.975,293500.0,2026-05-14,-11.24,268500.0,2026-05-15,-14.545,258500.0,2026-05-18,-18.843,245500.0,2026-05-19,-18.843,245500.0,2026-05-20,-8.76,276000.0,2026-05-21,-6.612,282500.0,2026-05-22,-9.421,274000.0,2026-05-26,-10.744,270000.0,2026-05-27,-16.364,253000.0,2026-05-28,-18.347,247000.0,2026-05-29,-18.182,247500.0,2026-06-01,-25.62,225000.0,2026-06-02,-26.446,222500.0,2026-06-04,-26.942,221000.0,2026-06-05,-29.421,213500.0,2026-06-08,-25.62,225000.0,2026-06-09,-27.769,218500.0,2026-06-10,-29.587,213000.0,2026-06-11,-23.471,231500.0,2026-06-12,2026-06-12,-2.975,-29.587,5.785,-34.545,0,,0.0,,1.0,STOP,2026-06-02
062040,산일전기,2026-05-21,2026-05-21,WATCH,60,LOWER_CHANNEL_WATCH,중기 Higher High + Higher Low | 상승추세 안의 단기 조정 + 전저점 유지 | 상승 평행채널 유효(커버리지 78%) | 최근 추세 하단(싼 구간) 접촉 | 이동평균선 재돌파 | 재상승 후 5일선 지지,,276000.0,True,19.06,True,0.7763,0.6473,True,227311.7647,264917.6471,341000.0,302523.5294,220492.4118,-4.02,9.61,False,False,False,27.74,True,True,False,,False,False,,2026-05-01,2026-05-31,276000.0,20,1,2.355,282500.0,2026-05-22,-0.725,274000.0,2026-05-26,-2.174,270000.0,2026-05-27,-8.333,253000.0,2026-05-28,-10.507,247000.0,2026-05-29,-10.326,247500.0,2026-06-01,-18.478,225000.0,2026-06-02,-19.384,222500.0,2026-06-04,-19.928,221000.0,2026-06-05,-22.645,213500.0,2026-06-08,-18.478,225000.0,2026-06-09,-20.833,218500.0,2026-06-10,-22.826,213000.0,2026-06-11,-16.123,231500.0,2026-06-12,-9.058,251000.0,2026-06-15,-7.971,254000.0,2026-06-16,-9.058,251000.0,2026-06-17,-12.5,241500.0,2026-06-18,-14.674,235500.0,2026-06-19,-16.848,229500.0,2026-06-22,2026-06-22,2.355,-22.826,6.884,-28.261,0,,0.0,0.0,1.0,STOP,2026-06-02
062040,산일전기,2026-05-22,2026-05-22,WATCH,60,LOWER_CHANNEL_WATCH,중기 Higher High + Higher Low | 상승추세 안의 단기 조정 + 전저점 유지 | 상승 평행채널 유효(커버리지 78%) | 최근 추세 하단(싼 구간) 접촉 | 이동평균선 재돌파 | 재상승 후 5일선 지지,,282500.0,True,17.16,True,0.7792,0.7069,True,229329.4118,266935.2941,341000.0,304541.1765,222449.5294,-5.51,7.8,False,False,False,27.75,True,True,False,,False,False,,2026-05-01,2026-05-31,282500.0,20,1,-3.009,274000.0,2026-05-26,-4.425,270000.0,2026-05-27,-10.442,253000.0,2026-05-28,-12.566,247000.0,2026-05-29,-12.389,247500.0,2026-06-01,-20.354,225000.0,2026-06-02,-21.239,222500.0,2026-06-04,-21.77,221000.0,2026-06-05,-24.425,213500.0,2026-06-08,-20.354,225000.0,2026-06-09,-22.655,218500.0,2026-06-10,-24.602,213000.0,2026-06-11,-18.053,231500.0,2026-06-12,-11.15,251000.0,2026-06-15,-10.088,254000.0,2026-06-16,-11.15,251000.0,2026-06-17,-14.513,241500.0,2026-06-18,-16.637,235500.0,2026-06-19,-18.761,229500.0,2026-06-22,-21.416,222000.0,2026-06-23,2026-06-23,-3.009,-24.602,3.717,-29.912,0,,0.0,0.0,1.0,STOP,2026-06-02
326030,SK바이오팜,2026-05-04,2026-05-04,WATCH,68,LOWER_CHANNEL_WATCH,중기 Higher High + Higher Low | 상승추세 안의 단기 조정 + 전저점 유지 | 상승 평행채널 유효(커버리지 97%) | 최근 추세 하단(싼 구간) 접촉 | 현재도 채널 하단권 | 추세 하단 부근 쌍바닥/Higher-Low 형태 | 이동평균선 밀집,,99300.0,True,7.97,True,0.9697,-0.0863,True,100300.0,106090.4762,107900.0,111880.9524,97970.0,6.84,12.67,True,False,True,2.22,False,True,False,,False,False,,2026-05-01,2026-05-31,99300.0,20,1,-0.806,98500.0,2026-05-06,0.302,99600.0,2026-05-07,0.101,99400.0,2026-05-08,-0.705,98600.0,2026-05-11,3.323,102600.0,2026-05-12,-0.101,99200.0,2026-05-13,3.122,102400.0,2026-05-14,-2.719,96600.0,2026-05-15,-3.827,95500.0,2026-05-18,-6.344,93000.0,2026-05-19,-8.359,91000.0,2026-05-20,-4.733,94600.0,2026-05-21,-1.511,97800.0,2026-05-22,-2.618,96700.0,2026-05-26,-4.632,94700.0,2026-05-27,-5.841,93500.0,2026-05-28,-9.668,89700.0,2026-05-29,-10.272,89100.0,2026-06-01,-10.977,88400.0,2026-06-02,-8.862,90500.0,2026-06-04,2026-06-04,3.323,-10.977,6.949,-12.085,0,0.0,0.0,0.0,1.0,STOP,2026-05-07
326030,SK바이오팜,2026-05-06,2026-05-06,WATCH,68,LOWER_CHANNEL_WATCH,중기 Higher High + Higher Low | 상승추세 안의 단기 조정 + 전저점 유지 | 상승 평행채널 유효(커버리지 94%) | 최근 추세 하단(싼 구간) 접촉 | 현재도 채널 하단권 | 추세 하단 부근 쌍바닥/Higher-Low 형태 | 이동평균선 밀집,,98500.0,True,8.71,True,0.9412,-0.1867,True,100661.9048,106452.381,107900.0,112242.8571,97970.0,8.07,13.95,True,False,True,2.67,False,True,False,,False,False,,2026-05-01,2026-05-31,98500.0,20,1,1.117,99600.0,2026-05-07,0.914,99400.0,2026-05-08,0.102,98600.0,2026-05-11,4.162,102600.0,2026-05-12,0.711,99200.0,2026-05-13,3.959,102400.0,2026-05-14,-1.929,96600.0,2026-05-15,-3.046,95500.0,2026-05-18,-5.584,93000.0,2026-05-19,-7.614,91000.0,2026-05-20,-3.959,94600.0,2026-05-21,-0.711,97800.0,2026-05-22,-1.827,96700.0,2026-05-26,-3.858,94700.0,2026-05-27,-5.076,93500.0,2026-05-28,-8.934,89700.0,2026-05-29,-9.543,89100.0,2026-06-01,-10.254,88400.0,2026-06-02,-8.122,90500.0,2026-06-04,-10.558,88100.0,2026-06-05,2026-06-05,4.162,-10.558,7.817,-11.371,0,0.0,0.0,0.0,1.0,STOP,2026-05-07
326030,SK바이오팜,2026-05-08,2026-05-08,WATCH,82,LOWER_CHANNEL_WATCH,중기 Higher High + Higher Low | 상승추세 안의 단기 조정 + 전저점 유지 | 상승 평행채널 유효(커버리지 89%) | 최근 추세 하단(싼 구간) 접촉 | 현재도 채널 하단권 | 추세 하단 부근 쌍바닥/Higher-Low 형태 | 이동평균선 밀집 | 추세 바닥권 거래량 급증 양봉 | 거래량 기준봉 저가 지지,,99400.0,True,7.88,True,0.8889,-0.1715,True,101385.7143,107176.1905,107900.0,112966.6667,98344.1429,7.82,13.65,True,False,True,3.27,False,True,True,2026-05-07,True,False,2.08,2026-05-01,2026-05-31,99400.0,20,1,-0.805,98600.0,2026-05-11,3.219,102600.0,2026-05-12,-0.201,99200.0,2026-05-13,3.018,102400.0,2026-05-14,-2.817,96600.0,2026-05-15,-3.924,95500.0,2026-05-18,-6.439,93000.0,2026-05-19,-8.451,91000.0,2026-05-20,-4.829,94600.0,2026-05-21,-1.61,97800.0,2026-05-22,-2.716,96700.0,2026-05-26,-4.728,94700.0,2026-05-27,-5.936,93500.0,2026-05-28,-9.759,89700.0,2026-05-29,-10.362,89100.0,2026-06-01,-11.066,88400.0,2026-06-02,-8.954,90500.0,2026-06-04,-11.368,88100.0,2026-06-05,-17.103,82400.0,2026-06-08,-7.545,91900.0,2026-06-09,2026-06-09,3.219,-17.103,6.841,-18.511,0,0.0,0.0,0.0,1.0,STOP,2026-05-11
000990,DB하이텍,2026-05-12,2026-05-12,WATCH,70,LOWER_CHANNEL_WATCH,중기 Higher High + Higher Low | 상승추세 안의 단기 조정 + 전저점 유지 | 상승 평행채널 유효(커버리지 76%) | 최근 추세 하단(싼 구간) 접촉 | 현재도 채널 하단권 | 추세 바닥권 거래량 급증 양봉 | 거래량 기준봉 고가 돌파,,165800.0,True,16.93,True,0.7609,0.2455,True,149651.8519,182538.8889,168900.0,215425.9259,145162.2963,10.1,29.93,False,False,False,37.68,False,False,True,2026-05-06,False,True,2.04,2026-05-01,2026-05-31,165800.0,20,1,11.942,185600.0,2026-05-13,10.253,182800.0,2026-05-14,-1.387,163500.0,2026-05-15,3.076,170900.0,2026-05-18,-5.127,157300.0,2026-05-19,-2.292,162000.0,2026-05-20,9.168,181000.0,2026-05-21,9.228,181100.0,2026-05-22,32.992,220500.0,2026-05-26,21.834,202000.0,2026-05-27,17.189,194300.0,2026-05-28,11.882,185500.0,2026-05-29,9.409,181400.0,2026-06-01,2.593,170100.0,2026-06-02,6.393,176400.0,2026-06-04,4.825,173800.0,2026-06-05,-4.222,158800.0,2026-06-08,2.714,170300.0,2026-06-09,-7.298,153700.0,2026-06-10,-6.393,155200.0,2026-06-11,2026-06-11,32.992,-7.298,39.023,-12.183,0,1.0,1.0,0.0,1.0,STOP,2026-05-20
000990,DB하이텍,2026-05-13,2026-05-13,WATCH,73,LOWER_CHANNEL_WATCH,중기 Higher High + Higher Low | 상승추세 안의 단기 조정 + 전저점 유지 | 상승 평행채널 유효(커버리지 76%) | 최근 추세 하단(싼 구간) 접촉 | 이동평균선 재돌파 | 추세 바닥권 거래량 급증 양봉 | 거래량 기준봉 고가 돌파,,185600.0,True,7.01,True,0.7634,0.5223,True,151244.4444,184131.4815,168900.0,217018.5185,146707.1111,-0.79,16.93,False,False,False,35.41,True,False,True,2026-05-06,False,True,2.04,2026-05-01,2026-05-31,185600.0,20,1,-1.509,182800.0,2026-05-14,-11.907,163500.0,2026-05-15,-7.92,170900.0,2026-05-18,-15.248,157300.0,2026-05-19,-12.716,162000.0,2026-05-20,-2.478,181000.0,2026-05-21,-2.425,181100.0,2026-05-22,18.804,220500.0,2026-05-26,8.836,202000.0,2026-05-27,4.688,194300.0,2026-05-28,-0.054,185500.0,2026-05-29,-2.263,181400.0,2026-06-01,-8.351,170100.0,2026-06-02,-4.957,176400.0,2026-06-04,-6.358,173800.0,2026-06-05,-14.44,158800.0,2026-06-08,-8.244,170300.0,2026-06-09,-17.188,153700.0,2026-06-10,-16.379,155200.0,2026-06-11,-6.088,174300.0,2026-06-12,2026-06-12,18.804,-17.188,24.192,-21.552,0,,,0.0,1.0,STOP,2026-05-20
000990,DB하이텍,2026-05-14,2026-05-14,CONFIRMED,75,LOWER_CHANNEL_CONFIRMED_REVERSAL,중기 Higher High + Higher Low | 상승추세 안의 단기 조정 + 전저점 유지 | 상승 평행채널 유효(커버리지 76%) | 최근 추세 하단(싼 구간) 접촉 | 이동평균선 재돌파 | 추세 바닥권 거래량 급증 양봉 | 거래량 기준봉 고가 돌파 | 재상승 후 5일선 지지,,182800.0,True,8.42,True,0.7614,0.4671,True,151792.3077,184984.6154,199600.0,218176.9231,147238.5385,1.2,19.35,False,False,False,37.91,True,True,True,2026-05-06,False,True,2.04,2026-05-01,2026-05-31,182800.0,20,1,-10.558,163500.0,2026-05-15,-6.51,170900.0,2026-05-18,-13.95,157300.0,2026-05-19,-11.379,162000.0,2026-05-20,-0.985,181000.0,2026-05-21,-0.93,181100.0,2026-05-22,20.624,220500.0,2026-05-26,10.503,202000.0,2026-05-27,6.291,194300.0,2026-05-28,1.477,185500.0,2026-05-29,-0.766,181400.0,2026-06-01,-6.947,170100.0,2026-06-02,-3.501,176400.0,2026-06-04,-4.923,173800.0,2026-06-05,-13.129,158800.0,2026-06-08,-6.838,170300.0,2026-06-09,-15.919,153700.0,2026-06-10,-15.098,155200.0,2026-06-11,-4.65,174300.0,2026-06-12,-11.816,161200.0,2026-06-15,2026-06-15,20.624,-15.919,26.094,-20.35,0,0.0,0.0,0.0,1.0,STOP,2026-05-20
000990,DB하이텍,2026-05-15,2026-05-15,WATCH,65,LOWER_CHANNEL_WATCH,중기 Higher High + Higher Low | 상승추세 안의 단기 조정 + 전저점 유지 | 상승 평행채널 유효(커버리지 76%) | 최근 추세 하단(싼 구간) 접촉 | 현재도 채널 하단권 | 추세 바닥권 거래량 급증 양봉,,163500.0,True,18.09,True,0.764,0.1518,True,153423.0769,186615.3846,199600.0,219807.6923,148820.3846,14.14,34.44,False,False,False,41.12,False,False,True,2026-05-06,False,False,2.04,2026-05-01,2026-05-31,163500.0,20,1,4.526,170900.0,2026-05-18,-3.792,157300.0,2026-05-19,-0.917,162000.0,2026-05-20,10.703,181000.0,2026-05-21,10.765,181100.0,2026-05-22,34.862,220500.0,2026-05-26,23.547,202000.0,2026-05-27,18.838,194300.0,2026-05-28,13.456,185500.0,2026-05-29,10.948,181400.0,2026-06-01,4.037,170100.0,2026-06-02,7.89,176400.0,2026-06-04,6.3,173800.0,2026-06-05,-2.875,158800.0,2026-06-08,4.159,170300.0,2026-06-09,-5.994,153700.0,2026-06-10,-5.076,155200.0,2026-06-11,6.606,174300.0,2026-06-12,-1.407,161200.0,2026-06-15,-3.364,158000.0,2026-06-16,2026-06-16,34.862,-5.994,40.979,-10.948,0,0.0,0.0,0.0,1.0,STOP,2026-05-20
000990,DB하이텍,2026-05-18,2026-05-18,WATCH,70,LOWER_CHANNEL_WATCH,중기 Higher High + Higher Low | 상승추세 안의 단기 조정 + 전저점 유지 | 상승 평행채널 유효(커버리지 77%) | 최근 추세 하단(싼 구간) 접촉 | 현재도 채널 하단권 | 추세 바닥권 거래량 급증 양봉 | 거래량 기준봉 고가 돌파,,170900.0,True,14.38,True,0.7667,0.2387,True,155053.8462,188246.1538,199600.0,221438.4615,150402.2308,10.15,29.57,False,False,False,36.73,False,False,True,2026-05-06,False,True,2.04,2026-05-01,2026-05-31,170900.0,20,1,-7.958,157300.0,2026-05-19,-5.208,162000.0,2026-05-20,5.91,181000.0,2026-05-21,5.968,181100.0,2026-05-22,29.023,220500.0,2026-05-26,18.198,202000.0,2026-05-27,13.692,194300.0,2026-05-28,8.543,185500.0,2026-05-29,6.144,181400.0,2026-06-01,-0.468,170100.0,2026-06-02,3.218,176400.0,2026-06-04,1.697,173800.0,2026-06-05,-7.08,158800.0,2026-06-08,-0.351,170300.0,2026-06-09,-10.064,153700.0,2026-06-10,-9.187,155200.0,2026-06-11,1.989,174300.0,2026-06-12,-5.676,161200.0,2026-06-15,-7.548,158000.0,2026-06-16,-7.256,158500.0,2026-06-17,2026-06-17,29.023,-10.064,34.874,-14.804,0,0.0,0.0,0.0,1.0,STOP,2026-05-20
000990,DB하이텍,2026-05-21,2026-05-21,CONFIRMED,80,LOWER_CHANNEL_CONFIRMED_REVERSAL,중기 Higher High + Higher Low | 상승추세 안의 단기 조정 + 전저점 유지 | 상승 평행채널 유효(커버리지 77%) | 최근 추세 하단(싼 구간) 접촉 | 현재도 채널 하단권 | 이동평균선 재돌파 | 추세 바닥권 거래량 급증 양봉 | 거래량 기준봉 고가 돌파 | 재상승 후 5일선 지지,,181000.0,True,9.32,True,0.7742,0.1986,True,166557.1429,202914.2857,199600.0,239271.4286,161560.4286,12.11,32.19,False,False,False,28.88,True,True,True,2026-05-06,False,True,2.04,2026-05-01,2026-05-31,181000.0,20,1,0.055,181100.0,2026-05-22,21.823,220500.0,2026-05-26,11.602,202000.0,2026-05-27,7.348,194300.0,2026-05-28,2.486,185500.0,2026-05-29,0.221,181400.0,2026-06-01,-6.022,170100.0,2026-06-02,-2.541,176400.0,2026-06-04,-3.978,173800.0,2026-06-05,-12.265,158800.0,2026-06-08,-5.912,170300.0,2026-06-09,-15.083,153700.0,2026-06-10,-14.254,155200.0,2026-06-11,-3.702,174300.0,2026-06-12,-10.939,161200.0,2026-06-15,-12.707,158000.0,2026-06-16,-12.431,158500.0,2026-06-17,-14.641,154500.0,2026-06-18,-13.757,156100.0,2026-06-19,-3.867,174000.0,2026-06-22,2026-06-22,21.823,-15.083,27.348,-18.84,0,1.0,1.0,0.0,1.0,STOP,2026-06-02
000990,DB하이텍,2026-05-22,2026-05-22,CONFIRMED,80,LOWER_CHANNEL_CONFIRMED_REVERSAL,중기 Higher High + Higher Low | 상승추세 안의 단기 조정 + 전저점 유지 | 상승 평행채널 유효(커버리지 78%) | 최근 추세 하단(싼 구간) 접촉 | 현재도 채널 하단권 | 이동평균선 재돌파 | 추세 바닥권 거래량 급증 양봉 | 거래량 기준봉 고가 돌파 | 재상승 후 5일선 지지,,181100.0,True,9.27,True,0.7766,0.1756,True,168328.5714,204685.7143,199600.0,241042.8571,163278.7143,13.02,33.1,False,False,False,29.98,True,True,True,2026-05-06,False,True,2.04,2026-05-01,2026-05-31,181100.0,20,1,21.756,220500.0,2026-05-26,11.541,202000.0,2026-05-27,7.289,194300.0,2026-05-28,2.43,185500.0,2026-05-29,0.166,181400.0,2026-06-01,-6.074,170100.0,2026-06-02,-2.595,176400.0,2026-06-04,-4.031,173800.0,2026-06-05,-12.314,158800.0,2026-06-08,-5.964,170300.0,2026-06-09,-15.13,153700.0,2026-06-10,-14.301,155200.0,2026-06-11,-3.755,174300.0,2026-06-12,-10.988,161200.0,2026-06-15,-12.755,158000.0,2026-06-16,-12.479,158500.0,2026-06-17,-14.688,154500.0,2026-06-18,-13.805,156100.0,2026-06-19,-3.92,174000.0,2026-06-22,-16.565,151100.0,2026-06-23,2026-06-23,21.756,-16.565,27.278,-18.885,0,1.0,1.0,0.0,1.0,STOP,2026-06-02
034220,LG디스플레이,2026-05-07,2026-05-07,CONFIRMED,87,LOWER_CHANNEL_CONFIRMED_REVERSAL,중기 Higher High + Higher Low | 상승추세 안의 단기 조정 + 전저점 유지 | 상승 평행채널 유효(커버리지 94%) | 최근 추세 하단(싼 구간) 접촉 | 현재도 채널 하단권 | 추세 하단 부근 쌍바닥/Higher-Low 형태 | 쌍바닥 넥라인 돌파 확인 | 이동평균선 밀집 | 추세 바닥권 거래량 급증 양봉 | 거래량 기준봉 저가 지지,,12450.0,True,21.4,True,0.942,0.0433,True,12278.5,14257.25,15840.0,16236.0,11910.145,14.52,30.41,True,True,True,5.91,False,True,True,2026-04-10,True,False,2.32,2026-05-01,2026-05-31,12450.0,20,1,-0.964,12330.0,2026-05-08,1.285,12610.0,2026-05-11,2.49,12760.0,2026-05-12,13.815,14170.0,2026-05-13,23.213,15340.0,2026-05-14,13.253,14100.0,2026-05-15,7.55,13390.0,2026-05-18,2.088,12710.0,2026-05-19,0.884,12560.0,2026-05-20,18.394,14740.0,2026-05-21,21.687,15150.0,2026-05-22,25.542,15630.0,2026-05-26,13.494,14130.0,2026-05-27,15.823,14420.0,2026-05-28,29.237,16090.0,2026-05-29,26.908,15800.0,2026-06-01,34.056,16690.0,2026-06-02,29.478,16120.0,2026-06-04,22.169,15210.0,2026-06-05,12.61,14020.0,2026-06-08,2026-06-08,34.056,-0.964,44.177,-4.739,1,1.0,1.0,1.0,0.0,UPPER,2026-05-15
034220,LG디스플레이,2026-05-08,2026-05-08,WATCH,82,LOWER_CHANNEL_WATCH,중기 Higher High + Higher Low | 상승추세 안의 단기 조정 + 전저점 유지 | 상승 평행채널 유효(커버리지 94%) | 최근 추세 하단(싼 구간) 접촉 | 현재도 채널 하단권 | 추세 하단 부근 쌍바닥/Higher-Low 형태 | 이동평균선 밀집 | 추세 바닥권 거래량 급증 양봉 | 거래량 기준봉 저가 지지,,12330.0,True,22.16,True,0.9429,0.0005,True,12328.0,14306.75,15840.0,16285.5,11958.16,16.03,32.08,True,False,True,5.94,False,True,True,2026-04-10,True,False,2.32,2026-05-01,2026-05-31,12330.0,20,1,2.271,12610.0,2026-05-11,3.487,12760.0,2026-05-12,14.923,14170.0,2026-05-13,24.412,15340.0,2026-05-14,14.355,14100.0,2026-05-15,8.597,13390.0,2026-05-18,3.082,12710.0,2026-05-19,1.865,12560.0,2026-05-20,19.546,14740.0,2026-05-21,22.871,15150.0,2026-05-22,26.764,15630.0,2026-05-26,14.599,14130.0,2026-05-27,16.951,14420.0,2026-05-28,30.495,16090.0,2026-05-29,28.143,15800.0,2026-06-01,35.361,16690.0,2026-06-02,30.738,16120.0,2026-06-04,23.358,15210.0,2026-06-05,13.706,14020.0,2026-06-08,13.301,13970.0,2026-06-09,2026-06-09,35.361,1.865,45.58,-3.812,1,1.0,1.0,1.0,0.0,UPPER,2026-05-15
004170,신세계,2026-05-27,2026-05-27,WATCH,74,LOWER_CHANNEL_WATCH,중기 Higher High + Higher Low | 상승추세 안의 단기 조정 + 전저점 유지 | 상승 평행채널 유효(커버리지 98%) | 최근 추세 하단(싼 구간) 접촉 | 현재도 채널 하단권 | 추세 바닥권 거래량 급증 양봉 | 거래량 기준봉 저가 지지 | 거래량 기준봉 고가 돌파,,527000.0,True,12.02,True,0.9796,0.2892,True,491411.1111,552938.8889,599000.0,614466.6667,476668.7778,4.92,16.6,False,False,False,28.0,False,False,True,2026-05-13,True,True,2.85,2026-05-01,2026-05-31,527000.0,20,1,-1.139,521000.0,2026-05-28,-2.277,515000.0,2026-05-29,-2.087,516000.0,2026-06-01,7.97,569000.0,2026-06-02,25.047,659000.0,2026-06-04,23.34,650000.0,2026-06-05,8.539,572000.0,2026-06-08,18.406,624000.0,2026-06-09,29.981,685000.0,2026-06-10,35.484,714000.0,2026-06-11,31.879,695000.0,2026-06-12,33.776,705000.0,2026-06-15,45.541,767000.0,2026-06-16,42.884,753000.0,2026-06-17,38.52,730000.0,2026-06-18,34.915,711000.0,2026-06-19,36.622,720000.0,2026-06-22,27.514,672000.0,2026-06-23,29.981,685000.0,2026-06-24,40.607,741000.0,2026-06-25,2026-06-25,45.541,-2.277,50.285,-5.313,1,1.0,1.0,1.0,0.0,UPPER,2026-06-04
004170,신세계,2026-05-28,2026-05-28,WATCH,74,LOWER_CHANNEL_WATCH,중기 Higher High + Higher Low | 상승추세 안의 단기 조정 + 전저점 유지 | 상승 평행채널 유효(커버리지 98%) | 최근 추세 하단(싼 구간) 접촉 | 현재도 채널 하단권 | 추세 바닥권 거래량 급증 양봉 | 거래량 기준봉 저가 지지 | 거래량 기준봉 고가 돌파,,521000.0,True,13.02,True,0.98,0.1986,True,496566.6667,558094.4444,599000.0,619622.2222,481669.6667,7.12,18.93,False,False,False,28.85,False,False,True,2026-05-13,True,True,2.85,2026-05-01,2026-05-31,521000.0,20,1,-1.152,515000.0,2026-05-29,-0.96,516000.0,2026-06-01,9.213,569000.0,2026-06-02,26.488,659000.0,2026-06-04,24.76,650000.0,2026-06-05,9.789,572000.0,2026-06-08,19.77,624000.0,2026-06-09,31.478,685000.0,2026-06-10,37.044,714000.0,2026-06-11,33.397,695000.0,2026-06-12,35.317,705000.0,2026-06-15,47.217,767000.0,2026-06-16,44.53,753000.0,2026-06-17,40.115,730000.0,2026-06-18,36.468,711000.0,2026-06-19,38.196,720000.0,2026-06-22,28.983,672000.0,2026-06-23,31.478,685000.0,2026-06-24,42.226,741000.0,2026-06-25,42.035,740000.0,2026-06-26,2026-06-26,47.217,-1.152,52.015,-3.455,1,1.0,1.0,1.0,0.0,UPPER,2026-06-04
004170,신세계,2026-05-29,2026-05-29,WATCH,74,LOWER_CHANNEL_WATCH,중기 Higher High + Higher Low | 상승추세 안의 단기 조정 + 전저점 유지 | 상승 평행채널 유효(커버리지 98%) | 최근 추세 하단(싼 구간) 접촉 | 현재도 채널 하단권 | 추세 바닥권 거래량 급증 양봉 | 거래량 기준봉 저가 지지 | 거래량 기준봉 고가 돌파,,515000.0,True,14.02,True,0.9804,0.1079,True,501722.2222,563250.0,599000.0,624777.7778,486670.5556,9.37,21.32,False,False,False,26.24,False,False,True,2026-05-13,True,True,2.85,2026-05-01,2026-05-31,515000.0,20,1,0.194,516000.0,2026-06-01,10.485,569000.0,2026-06-02,27.961,659000.0,2026-06-04,26.214,650000.0,2026-06-05,11.068,572000.0,2026-06-08,21.165,624000.0,2026-06-09,33.01,685000.0,2026-06-10,38.641,714000.0,2026-06-11,34.951,695000.0,2026-06-12,36.893,705000.0,2026-06-15,48.932,767000.0,2026-06-16,46.214,753000.0,2026-06-17,41.748,730000.0,2026-06-18,38.058,711000.0,2026-06-19,39.806,720000.0,2026-06-22,30.485,672000.0,2026-06-23,33.01,685000.0,2026-06-24,43.883,741000.0,2026-06-25,43.689,740000.0,2026-06-26,41.553,729000.0,2026-06-29,2026-06-29,48.932,0.194,53.786,-2.33,1,1.0,1.0,1.0,0.0,UPPER,2026-06-04
454910,두산로보틱스,2026-05-07,2026-05-07,CONFIRMED,79,LOWER_CHANNEL_CONFIRMED_REVERSAL,중기 Higher High + Higher Low | 상승추세 안의 단기 조정 + 전저점 유지 | 상승 평행채널 유효(커버리지 100%) | 최근 추세 하단(싼 구간) 접촉 | 추세 하단 부근 쌍바닥/Higher-Low 형태 | 쌍바닥 넥라인 돌파 확인 | 추세 바닥권 거래량 급증 양봉 | 거래량 기준봉 저가 지지 | 거래량 기준봉 고가 돌파,,99100.0,True,17.9,True,1.0,0.3893,True,84936.3636,103128.4091,120700.0,121320.4545,87882.0,4.06,22.42,True,True,False,10.97,False,False,True,2026-04-09,True,True,2.59,2026-05-01,2026-05-31,99100.0,20,1,1.917,101000.0,2026-05-08,5.348,104400.0,2026-05-11,2.119,101200.0,2026-05-12,3.532,102600.0,2026-05-13,7.77,106800.0,2026-05-14,28.557,127400.0,2026-05-15,18.971,117900.0,2026-05-18,1.009,100100.0,2026-05-19,-3.633,95500.0,2026-05-20,8.577,107600.0,2026-05-21,7.568,106600.0,2026-05-22,7.871,106900.0,2026-05-26,3.935,103000.0,2026-05-27,1.312,100400.0,2026-05-28,7.467,106500.0,2026-05-29,39.657,138400.0,2026-06-01,68.214,166700.0,2026-06-02,59.334,157900.0,2026-06-04,41.574,140300.0,2026-06-05,28.355,127200.0,2026-06-08,2026-06-08,68.214,-3.633,71.544,-6.155,1,1.0,1.0,1.0,0.0,UPPER,2026-05-15
454910,두산로보틱스,2026-05-08,2026-05-08,CONFIRMED,79,LOWER_CHANNEL_CONFIRMED_REVERSAL,중기 Higher High + Higher Low | 상승추세 안의 단기 조정 + 전저점 유지 | 상승 평행채널 유효(커버리지 100%) | 최근 추세 하단(싼 구간) 접촉 | 추세 하단 부근 쌍바닥/Higher-Low 형태 | 쌍바닥 넥라인 돌파 확인 | 추세 바닥권 거래량 급증 양봉 | 거래량 기준봉 저가 지지 | 거래량 기준봉 고가 돌파,,101000.0,True,16.32,True,1.0,0.4358,True,85143.1818,103335.2273,120700.0,121527.2727,87882.0,2.31,20.32,True,True,False,10.64,False,False,True,2026-04-09,True,True,2.59,2026-05-01,2026-05-31,101000.0,20,1,3.366,104400.0,2026-05-11,0.198,101200.0,2026-05-12,1.584,102600.0,2026-05-13,5.743,106800.0,2026-05-14,26.139,127400.0,2026-05-15,16.733,117900.0,2026-05-18,-0.891,100100.0,2026-05-19,-5.446,95500.0,2026-05-20,6.535,107600.0,2026-05-21,5.545,106600.0,2026-05-22,5.842,106900.0,2026-05-26,1.98,103000.0,2026-05-27,-0.594,100400.0,2026-05-28,5.446,106500.0,2026-05-29,37.03,138400.0,2026-06-01,65.05,166700.0,2026-06-02,56.337,157900.0,2026-06-04,38.911,140300.0,2026-06-05,25.941,127200.0,2026-06-08,15.446,116600.0,2026-06-09,2026-06-09,65.05,-5.446,68.317,-7.921,1,1.0,1.0,1.0,0.0,UPPER,2026-05-15
454910,두산로보틱스,2026-05-11,2026-05-11,WATCH,68,LOWER_CHANNEL_WATCH,중기 Higher High + Higher Low | 상승추세 안의 단기 조정 + 전저점 유지 | 상승 평행채널 유효(커버리지 100%) | 최근 추세 하단(싼 구간) 접촉 | 추세 하단 부근 쌍바닥/Higher-Low 형태 | 쌍바닥 넥라인 돌파 확인 | 이동평균선 재돌파,,104400.0,True,13.5,True,1.0,0.5236,True,85350.0,103542.0455,120700.0,121734.0909,87882.0,-0.82,16.6,True,True,False,9.14,True,False,False,,False,False,,2026-05-01,2026-05-31,104400.0,20,1,-3.065,101200.0,2026-05-12,-1.724,102600.0,2026-05-13,2.299,106800.0,2026-05-14,22.031,127400.0,2026-05-15,12.931,117900.0,2026-05-18,-4.119,100100.0,2026-05-19,-8.525,95500.0,2026-05-20,3.065,107600.0,2026-05-21,2.107,106600.0,2026-05-22,2.395,106900.0,2026-05-26,-1.341,103000.0,2026-05-27,-3.831,100400.0,2026-05-28,2.011,106500.0,2026-05-29,32.567,138400.0,2026-06-01,59.674,166700.0,2026-06-02,51.245,157900.0,2026-06-04,34.387,140300.0,2026-06-05,21.839,127200.0,2026-06-08,11.686,116600.0,2026-06-09,2.107,106600.0,2026-06-10,2026-06-10,59.674,-8.525,62.835,-10.92,1,,1.0,1.0,0.0,UPPER,2026-05-15
454910,두산로보틱스,2026-05-12,2026-05-12,WATCH,60,LOWER_CHANNEL_WATCH,중기 Higher High + Higher Low | 상승추세 안의 단기 조정 + 전저점 유지 | 상승 평행채널 유효(커버리지 100%) | 최근 추세 하단(싼 구간) 접촉 | 추세 하단 부근 쌍바닥/Higher-Low 형태 | 쌍바닥 넥라인 돌파 확인,,101200.0,True,16.16,True,1.0,0.4299,True,85556.8182,103748.8636,120700.0,121940.9091,87882.0,2.52,20.49,True,True,False,8.17,False,False,False,,False,False,,2026-05-01,2026-05-31,101200.0,20,1,1.383,102600.0,2026-05-13,5.534,106800.0,2026-05-14,25.889,127400.0,2026-05-15,16.502,117900.0,2026-05-18,-1.087,100100.0,2026-05-19,-5.632,95500.0,2026-05-20,6.324,107600.0,2026-05-21,5.336,106600.0,2026-05-22,5.632,106900.0,2026-05-26,1.779,103000.0,2026-05-27,-0.791,100400.0,2026-05-28,5.237,106500.0,2026-05-29,36.759,138400.0,2026-06-01,64.723,166700.0,2026-06-02,56.028,157900.0,2026-06-04,38.636,140300.0,2026-06-05,25.692,127200.0,2026-06-08,15.217,116600.0,2026-06-09,5.336,106600.0,2026-06-10,8.004,109300.0,2026-06-11,2026-06-11,64.723,-5.632,67.984,-8.103,1,1.0,1.0,1.0,0.0,UPPER,2026-05-15
454910,두산로보틱스,2026-05-13,2026-05-13,WATCH,70,LOWER_CHANNEL_WATCH,중기 Higher High + Higher Low | 상승추세 안의 단기 조정 + 전저점 유지 | 상승 평행채널 유효(커버리지 100%) | 최근 추세 하단(싼 구간) 접촉 | 추세 하단 부근 쌍바닥/Higher-Low 형태 | 쌍바닥 넥라인 돌파 확인 | 이동평균선 재돌파 | 재상승 후 5일선 지지,,102600.0,True,15.0,True,1.0,0.4627,True,85763.6364,103955.6818,120700.0,122147.7273,87882.0,1.32,19.05,True,True,False,7.67,True,True,False,,False,False,,2026-05-01,2026-05-31,102600.0,20,1,4.094,106800.0,2026-05-14,24.172,127400.0,2026-05-15,14.912,117900.0,2026-05-18,-2.437,100100.0,2026-05-19,-6.92,95500.0,2026-05-20,4.873,107600.0,2026-05-21,3.899,106600.0,2026-05-22,4.191,106900.0,2026-05-26,0.39,103000.0,2026-05-27,-2.144,100400.0,2026-05-28,3.801,106500.0,2026-05-29,34.893,138400.0,2026-06-01,62.476,166700.0,2026-06-02,53.899,157900.0,2026-06-04,36.745,140300.0,2026-06-05,23.977,127200.0,2026-06-08,13.645,116600.0,2026-06-09,3.899,106600.0,2026-06-10,6.53,109300.0,2026-06-11,7.602,110400.0,2026-06-12,2026-06-12,62.476,-6.92,65.692,-9.357,1,1.0,1.0,1.0,0.0,UPPER,2026-05-15
454910,두산로보틱스,2026-05-14,2026-05-14,WATCH,70,LOWER_CHANNEL_WATCH,중기 Higher High + Higher Low | 상승추세 안의 단기 조정 + 전저점 유지 | 상승 평행채널 유효(커버리지 100%) | 최근 추세 하단(싼 구간) 접촉 | 추세 하단 부근 쌍바닥/Higher-Low 형태 | 쌍바닥 넥라인 돌파 확인 | 이동평균선 재돌파 | 재상승 후 5일선 지지,,106800.0,True,11.52,True,1.0,0.5901,True,84404.5455,103379.5455,120700.0,122354.5455,87882.0,-3.2,14.56,True,True,False,8.76,True,True,False,,False,False,,2026-05-01,2026-05-31,106800.0,20,1,19.288,127400.0,2026-05-15,10.393,117900.0,2026-05-18,-6.273,100100.0,2026-05-19,-10.581,95500.0,2026-05-20,0.749,107600.0,2026-05-21,-0.187,106600.0,2026-05-22,0.094,106900.0,2026-05-26,-3.558,103000.0,2026-05-27,-5.993,100400.0,2026-05-28,-0.281,106500.0,2026-05-29,29.588,138400.0,2026-06-01,56.086,166700.0,2026-06-02,47.846,157900.0,2026-06-04,31.367,140300.0,2026-06-05,19.101,127200.0,2026-06-08,9.176,116600.0,2026-06-09,-0.187,106600.0,2026-06-10,2.341,109300.0,2026-06-11,3.371,110400.0,2026-06-12,4.307,111400.0,2026-06-15,2026-06-15,56.086,-10.581,59.176,-12.921,1,,1.0,1.0,0.0,UPPER,2026-05-15
454910,두산로보틱스,2026-05-15,2026-05-15,WATCH,89,LOWER_CHANNEL_WATCH,중기 Higher High + Higher Low | 상승추세 안의 단기 조정 + 전저점 유지 | 상승 평행채널 유효(커버리지 100%) | 최근 추세 하단(싼 구간) 접촉 | 추세 하단 부근 쌍바닥/Higher-Low 형태 | 쌍바닥 넥라인 돌파 확인 | 이동평균선 재돌파 | 추세 바닥권 거래량 급증 양봉 | 거래량 기준봉 저가 지지 | 거래량 기준봉 고가 돌파 | 재상승 후 5일선 지지,,127400.0,True,8.21,True,1.0,1.0075,True,100588.8889,113894.4444,120700.0,127200.0,97571.2222,-10.6,-0.16,True,True,False,11.16,True,True,True,2026-04-29,True,True,2.79,2026-05-01,2026-05-31,127400.0,20,1,-7.457,117900.0,2026-05-18,-21.429,100100.0,2026-05-19,-25.039,95500.0,2026-05-20,-15.542,107600.0,2026-05-21,-16.327,106600.0,2026-05-22,-16.091,106900.0,2026-05-26,-19.152,103000.0,2026-05-27,-21.193,100400.0,2026-05-28,-16.405,106500.0,2026-05-29,8.634,138400.0,2026-06-01,30.848,166700.0,2026-06-02,23.94,157900.0,2026-06-04,10.126,140300.0,2026-06-05,-0.157,127200.0,2026-06-08,-8.477,116600.0,2026-06-09,-16.327,106600.0,2026-06-10,-14.207,109300.0,2026-06-11,-13.344,110400.0,2026-06-12,-12.559,111400.0,2026-06-15,-14.443,109000.0,2026-06-16,2026-06-16,30.848,-25.039,33.438,-27.002,0,,,,1.0,STOP,2026-05-19
454910,두산로보틱스,2026-05-18,2026-05-18,WATCH,89,LOWER_CHANNEL_WATCH,중기 Higher High + Higher Low | 상승추세 안의 단기 조정 + 전저점 유지 | 상승 평행채널 유효(커버리지 100%) | 최근 추세 하단(싼 구간) 접촉 | 추세 하단 부근 쌍바닥/Higher-Low 형태 | 쌍바닥 넥라인 돌파 확인 | 이동평균선 재돌파 | 추세 바닥권 거래량 급증 양봉 | 거래량 기준봉 저가 지지 | 거래량 기준봉 고가 돌파 | 재상승 후 5일선 지지,,117900.0,True,15.06,True,1.0,0.6234,True,101311.1111,114616.6667,120700.0,127922.2222,98271.7778,-2.78,8.5,True,True,False,14.1,True,True,True,2026-04-29,True,True,2.79,2026-05-01,2026-05-31,117900.0,20,1,-15.098,100100.0,2026-05-19,-18.999,95500.0,2026-05-20,-8.736,107600.0,2026-05-21,-9.584,106600.0,2026-05-22,-9.33,106900.0,2026-05-26,-12.638,103000.0,2026-05-27,-14.843,100400.0,2026-05-28,-9.669,106500.0,2026-05-29,17.388,138400.0,2026-06-01,41.391,166700.0,2026-06-02,33.927,157900.0,2026-06-04,18.999,140300.0,2026-06-05,7.888,127200.0,2026-06-08,-1.103,116600.0,2026-06-09,-9.584,106600.0,2026-06-10,-7.294,109300.0,2026-06-11,-6.361,110400.0,2026-06-12,-5.513,111400.0,2026-06-15,-7.549,109000.0,2026-06-16,-9.924,106200.0,2026-06-17,2026-06-17,41.391,-18.999,44.19,-21.12,0,,0.0,0.0,1.0,STOP,2026-05-19
454910,두산로보틱스,2026-05-22,2026-05-22,CONFIRMED,85,LOWER_CHANNEL_CONFIRMED_REVERSAL,중기 Higher High + Higher Low | 상승추세 안의 단기 조정 + 전저점 유지 | 상승 평행채널 유효(커버리지 98%) | 최근 추세 하단(싼 구간) 접촉 | 현재도 채널 하단권 | 추세 하단 부근 쌍바닥/Higher-Low 형태 | 쌍바닥 넥라인 돌파 확인 | 이동평균선 재돌파 | 추세 바닥권 거래량 급증 양봉 | 재상승 후 5일선 지지,,106600.0,True,23.2,True,0.9804,0.0902,True,104200.0,117505.5556,138800.0,130811.1111,101074.0,10.23,22.71,True,True,False,10.31,True,True,True,2026-04-29,False,False,2.79,2026-05-01,2026-05-31,106600.0,20,1,0.281,106900.0,2026-05-26,-3.377,103000.0,2026-05-27,-5.816,100400.0,2026-05-28,-0.094,106500.0,2026-05-29,29.831,138400.0,2026-06-01,56.379,166700.0,2026-06-02,48.124,157900.0,2026-06-04,31.614,140300.0,2026-06-05,19.325,127200.0,2026-06-08,9.381,116600.0,2026-06-09,0.0,106600.0,2026-06-10,2.533,109300.0,2026-06-11,3.565,110400.0,2026-06-12,4.503,111400.0,2026-06-15,2.251,109000.0,2026-06-16,-0.375,106200.0,2026-06-17,-3.659,102700.0,2026-06-18,-4.503,101800.0,2026-06-19,-5.816,100400.0,2026-06-22,-16.698,88800.0,2026-06-23,2026-06-23,56.379,-16.698,59.475,-17.261,0,0.0,0.0,0.0,1.0,STOP,2026-05-27
267270,HD건설기계,2026-05-04,2026-05-04,WATCH,69,LOWER_CHANNEL_WATCH,중기 Higher High + Higher Low | 상승추세 안의 단기 조정 + 전저점 유지 | 상승 평행채널 유효(커버리지 97%) | 최근 추세 하단(싼 구간) 접촉 | 추세 바닥권 거래량 급증 양봉 | 거래량 기준봉 저가 지지 | 거래량 기준봉 고가 돌파,,191100.0,True,12.14,True,0.9667,0.4204,True,168917.8571,195300.8929,217500.0,221683.9286,163850.3214,2.2,16.0,False,False,False,24.26,False,True,True,2026-04-08,True,True,2.12,2026-05-01,2026-05-31,191100.0,20,1,-1.779,187700.0,2026-05-06,0.785,192600.0,2026-05-07,-3.14,185100.0,2026-05-08,-5.599,180400.0,2026-05-11,-6.384,178900.0,2026-05-12,-6.122,179400.0,2026-05-13,-10.047,171900.0,2026-05-14,-15.018,162400.0,2026-05-15,-14.704,163000.0,2026-05-18,-15.542,161400.0,2026-05-19,-19.623,153600.0,2026-05-20,-16.641,159300.0,2026-05-21,-13.134,166000.0,2026-05-22,-13.919,164500.0,2026-05-26,-15.803,160900.0,2026-05-27,-18.786,155200.0,2026-05-28,-20.722,151500.0,2026-05-29,-24.123,145000.0,2026-06-01,-22.658,147800.0,2026-06-02,-22.187,148700.0,2026-06-04,2026-06-04,0.785,-24.123,5.442,-27.996,0,1.0,0.0,0.0,1.0,STOP,2026-05-12
267270,HD건설기계,2026-05-06,2026-05-06,WATCH,74,LOWER_CHANNEL_WATCH,중기 Higher High + Higher Low | 상승추세 안의 단기 조정 + 전저점 유지 | 상승 평행채널 유효(커버리지 97%) | 최근 추세 하단(싼 구간) 접촉 | 현재도 채널 하단권 | 추세 바닥권 거래량 급증 양봉 | 거래량 기준봉 저가 지지 | 거래량 기준봉 고가 돌파,,187700.0,True,13.7,True,0.9672,0.3295,True,170312.5,196695.5357,217500.0,223078.5714,165203.125,4.79,18.85,False,False,False,23.13,False,False,True,2026-04-08,True,True,2.12,2026-05-01,2026-05-31,187700.0,20,1,2.611,192600.0,2026-05-07,-1.385,185100.0,2026-05-08,-3.889,180400.0,2026-05-11,-4.688,178900.0,2026-05-12,-4.422,179400.0,2026-05-13,-8.418,171900.0,2026-05-14,-13.479,162400.0,2026-05-15,-13.159,163000.0,2026-05-18,-14.012,161400.0,2026-05-19,-18.167,153600.0,2026-05-20,-15.131,159300.0,2026-05-21,-11.561,166000.0,2026-05-22,-12.36,164500.0,2026-05-26,-14.278,160900.0,2026-05-27,-17.315,155200.0,2026-05-28,-19.286,151500.0,2026-05-29,-22.749,145000.0,2026-06-01,-21.257,147800.0,2026-06-02,-20.778,148700.0,2026-06-04,-21.311,147700.0,2026-06-05,2026-06-05,2.611,-22.749,7.352,-26.692,0,1.0,0.0,0.0,1.0,STOP,2026-05-12
267270,HD건설기계,2026-05-07,2026-05-07,CONFIRMED,79,LOWER_CHANNEL_CONFIRMED_REVERSAL,중기 Higher High + Higher Low | 상승추세 안의 단기 조정 + 전저점 유지 | 상승 평행채널 유효(커버리지 97%) | 최근 추세 하단(싼 구간) 접촉 | 이동평균선 재돌파 | 추세 바닥권 거래량 급증 양봉 | 거래량 기준봉 저가 지지 | 거래량 기준봉 고가 돌파 | 재상승 후 5일선 지지,,192600.0,True,11.45,True,0.9677,0.396,True,171707.1429,198090.1786,217500.0,224473.2143,166555.9286,2.85,16.55,False,False,False,21.83,True,True,True,2026-04-08,True,True,2.12,2026-05-01,2026-05-31,192600.0,20,1,-3.894,185100.0,2026-05-08,-6.334,180400.0,2026-05-11,-7.113,178900.0,2026-05-12,-6.854,179400.0,2026-05-13,-10.748,171900.0,2026-05-14,-15.68,162400.0,2026-05-15,-15.369,163000.0,2026-05-18,-16.199,161400.0,2026-05-19,-20.249,153600.0,2026-05-20,-17.29,159300.0,2026-05-21,-13.811,166000.0,2026-05-22,-14.59,164500.0,2026-05-26,-16.459,160900.0,2026-05-27,-19.418,155200.0,2026-05-28,-21.34,151500.0,2026-05-29,-24.714,145000.0,2026-06-01,-23.261,147800.0,2026-06-02,-22.793,148700.0,2026-06-04,-23.313,147700.0,2026-06-05,-31.049,132800.0,2026-06-08,2026-06-08,-3.894,-31.049,-0.571,-31.36,0,0.0,0.0,0.0,1.0,STOP,2026-05-12
009830,한화솔루션,2026-05-08,2026-05-08,WATCH,58,LOWER_CHANNEL_WATCH,중기 Higher High + Higher Low | 상승추세 안의 단기 조정 + 전저점 유지 | 상승 평행채널 유효(커버리지 83%) | 최근 추세 하단(싼 구간) 접촉 | 이동평균선 밀집,,44615.0,True,14.62,True,0.8333,0.4786,True,37561.907,44930.3605,52255.0,52298.814,42087.33,0.71,17.22,False,False,True,6.04,False,False,False,,False,False,,2026-05-01,2026-05-31,44615.0,20,1,-3.806,42917.0,2026-05-11,-9.091,40559.0,2026-05-12,-8.775,40700.0,2026-05-13,1.058,45087.0,2026-05-14,-14.166,38295.0,2026-05-15,-8.351,40889.0,2026-05-18,-12.686,38955.0,2026-05-19,-15.54,37682.0,2026-05-20,-14.166,38295.0,2026-05-21,-9.725,40276.0,2026-05-22,-6.025,41927.0,2026-05-26,-10.465,39946.0,2026-05-27,-13.953,38390.0,2026-05-28,-11.523,39474.0,2026-05-29,-14.166,38295.0,2026-06-01,-13.742,38484.0,2026-06-02,-15.645,37635.0,2026-06-04,-18.817,36220.0,2026-06-05,-26.534,32777.0,2026-06-08,-24.841,33532.0,2026-06-09,2026-06-09,1.058,-26.534,2.219,-27.063,0,0.0,0.0,0.0,1.0,STOP,2026-05-12
009830,한화솔루션,2026-05-11,2026-05-11,WATCH,58,LOWER_CHANNEL_WATCH,중기 Higher High + Higher Low | 상승추세 안의 단기 조정 + 전저점 유지 | 상승 평행채널 유효(커버리지 84%) | 최근 추세 하단(싼 구간) 접촉 | 이동평균선 밀집,,42917.0,True,17.87,True,0.8367,0.3626,True,37572.8605,44941.314,52255.0,52309.7674,42087.33,4.72,21.89,False,False,True,3.46,False,False,False,,False,False,,2026-05-01,2026-05-31,42917.0,20,1,-5.494,40559.0,2026-05-12,-5.166,40700.0,2026-05-13,5.056,45087.0,2026-05-14,-10.77,38295.0,2026-05-15,-4.725,40889.0,2026-05-18,-9.232,38955.0,2026-05-19,-12.198,37682.0,2026-05-20,-10.77,38295.0,2026-05-21,-6.154,40276.0,2026-05-22,-2.307,41927.0,2026-05-26,-6.923,39946.0,2026-05-27,-10.548,38390.0,2026-05-28,-8.022,39474.0,2026-05-29,-10.77,38295.0,2026-06-01,-10.329,38484.0,2026-06-02,-12.307,37635.0,2026-06-04,-15.605,36220.0,2026-06-05,-23.627,32777.0,2026-06-08,-21.868,33532.0,2026-06-09,-19.561,34522.0,2026-06-10,2026-06-10,5.056,-23.627,6.263,-24.177,0,0.0,0.0,0.0,1.0,STOP,2026-05-12
078930,GS,2026-05-07,2026-05-07,WATCH,60,LOWER_CHANNEL_WATCH,중기 Higher High + Higher Low | 상승추세 안의 단기 조정 + 전저점 유지 | 상승 평행채널 유효(커버리지 100%) | 최근 추세 하단(싼 구간) 접촉 | 추세 하단 부근 쌍바닥/Higher-Low 형태 | 쌍바닥 넥라인 돌파 확인,,78600.0,True,6.43,True,1.0,0.6671,True,66644.4444,75605.5556,84000.0,84566.6667,67318.0,-3.81,7.59,True,True,False,12.91,False,False,False,,False,False,,2026-05-01,2026-05-31,78600.0,20,1,1.018,79400.0,2026-05-08,-1.527,77400.0,2026-05-11,-3.053,76200.0,2026-05-12,-8.524,71900.0,2026-05-13,-4.962,74700.0,2026-05-14,-1.654,77300.0,2026-05-15,-4.835,74800.0,2026-05-18,-3.944,75500.0,2026-05-19,-5.98,73900.0,2026-05-20,-4.071,75400.0,2026-05-21,-2.163,76900.0,2026-05-22,-2.036,77000.0,2026-05-26,-4.835,74800.0,2026-05-27,-5.725,74100.0,2026-05-28,-7.761,72500.0,2026-05-29,-6.87,73200.0,2026-06-01,-7.634,72600.0,2026-06-02,-2.926,76300.0,2026-06-04,-5.725,74100.0,2026-06-05,-11.069,69900.0,2026-06-08,2026-06-08,1.018,-11.069,10.305,-13.232,0,,1.0,1.0,0.0,UPPER,2026-05-15
078930,GS,2026-05-08,2026-05-08,WATCH,60,LOWER_CHANNEL_WATCH,중기 Higher High + Higher Low | 상승추세 안의 단기 조정 + 전저점 유지 | 상승 평행채널 유효(커버리지 100%) | 최근 추세 하단(싼 구간) 접촉 | 추세 하단 부근 쌍바닥/Higher-Low 형태 | 쌍바닥 넥라인 돌파 확인,,79400.0,True,5.48,True,1.0,0.7012,True,66833.3333,75794.4444,84000.0,84755.5556,67318.0,-4.54,6.75,True,True,False,11.89,False,False,False,,False,False,,2026-05-01,2026-05-31,79400.0,20,1,-2.519,77400.0,2026-05-11,-4.03,76200.0,2026-05-12,-9.446,71900.0,2026-05-13,-5.919,74700.0,2026-05-14,-2.645,77300.0,2026-05-15,-5.793,74800.0,2026-05-18,-4.912,75500.0,2026-05-19,-6.927,73900.0,2026-05-20,-5.038,75400.0,2026-05-21,-3.149,76900.0,2026-05-22,-3.023,77000.0,2026-05-26,-5.793,74800.0,2026-05-27,-6.675,74100.0,2026-05-28,-8.69,72500.0,2026-05-29,-7.809,73200.0,2026-06-01,-8.564,72600.0,2026-06-02,-3.904,76300.0,2026-06-04,-6.675,74100.0,2026-06-05,-11.965,69900.0,2026-06-08,-7.053,73800.0,2026-06-09,2026-06-09,-2.519,-11.965,9.194,-14.106,0,,1.0,1.0,0.0,UPPER,2026-05-15
078930,GS,2026-05-11,2026-05-11,WATCH,60,LOWER_CHANNEL_WATCH,중기 Higher High + Higher Low | 상승추세 안의 단기 조정 + 전저점 유지 | 상승 평행채널 유효(커버리지 100%) | 최근 추세 하단(싼 구간) 접촉 | 추세 하단 부근 쌍바닥/Higher-Low 형태 | 쌍바닥 넥라인 돌파 확인,,77400.0,True,7.86,True,1.0,0.579,True,67022.2222,75983.3333,84000.0,84944.4444,67318.0,-1.83,9.75,True,True,False,10.82,False,False,False,,False,False,,2026-05-01,2026-05-31,77400.0,20,1,-1.55,76200.0,2026-05-12,-7.106,71900.0,2026-05-13,-3.488,74700.0,2026-05-14,-0.129,77300.0,2026-05-15,-3.359,74800.0,2026-05-18,-2.455,75500.0,2026-05-19,-4.522,73900.0,2026-05-20,-2.584,75400.0,2026-05-21,-0.646,76900.0,2026-05-22,-0.517,77000.0,2026-05-26,-3.359,74800.0,2026-05-27,-4.264,74100.0,2026-05-28,-6.331,72500.0,2026-05-29,-5.426,73200.0,2026-06-01,-6.202,72600.0,2026-06-02,-1.421,76300.0,2026-06-04,-4.264,74100.0,2026-06-05,-9.69,69900.0,2026-06-08,-4.651,73800.0,2026-06-09,-6.202,72600.0,2026-06-10,2026-06-10,-0.129,-9.69,12.016,-11.886,0,,1.0,1.0,0.0,UPPER,2026-05-15
078930,GS,2026-05-12,2026-05-12,WATCH,60,LOWER_CHANNEL_WATCH,중기 Higher High + Higher Low | 상승추세 안의 단기 조정 + 전저점 유지 | 상승 평행채널 유효(커버리지 100%) | 최근 추세 하단(싼 구간) 접촉 | 추세 하단 부근 쌍바닥/Higher-Low 형태 | 쌍바닥 넥라인 돌파 확인,,76200.0,True,9.29,True,1.0,0.5015,True,67211.1111,76172.2222,84000.0,85133.3333,67318.0,-0.04,11.72,True,True,False,9.65,False,False,False,,False,False,,2026-05-01,2026-05-31,76200.0,20,1,-5.643,71900.0,2026-05-13,-1.969,74700.0,2026-05-14,1.444,77300.0,2026-05-15,-1.837,74800.0,2026-05-18,-0.919,75500.0,2026-05-19,-3.018,73900.0,2026-05-20,-1.05,75400.0,2026-05-21,0.919,76900.0,2026-05-22,1.05,77000.0,2026-05-26,-1.837,74800.0,2026-05-27,-2.756,74100.0,2026-05-28,-4.856,72500.0,2026-05-29,-3.937,73200.0,2026-06-01,-4.724,72600.0,2026-06-02,0.131,76300.0,2026-06-04,-2.756,74100.0,2026-06-05,-8.268,69900.0,2026-06-08,-3.15,73800.0,2026-06-09,-4.724,72600.0,2026-06-10,-5.906,71700.0,2026-06-11,2026-06-11,1.444,-8.268,13.78,-10.499,0,,1.0,1.0,0.0,UPPER,2026-05-15
078930,GS,2026-05-13,2026-05-13,WATCH,65,LOWER_CHANNEL_WATCH,중기 Higher High + Higher Low | 상승추세 안의 단기 조정 + 전저점 유지 | 상승 평행채널 유효(커버리지 100%) | 최근 추세 하단(싼 구간) 접촉 | 현재도 채널 하단권 | 추세 하단 부근 쌍바닥/Higher-Low 형태 | 쌍바닥 넥라인 돌파 확인,,71900.0,True,14.4,True,1.0,0.2511,True,67400.0,76361.1111,84000.0,85322.2222,67318.0,6.2,18.67,True,True,False,8.79,False,False,False,,False,False,,2026-05-01,2026-05-31,71900.0,20,1,3.894,74700.0,2026-05-14,7.51,77300.0,2026-05-15,4.033,74800.0,2026-05-18,5.007,75500.0,2026-05-19,2.782,73900.0,2026-05-20,4.868,75400.0,2026-05-21,6.954,76900.0,2026-05-22,7.093,77000.0,2026-05-26,4.033,74800.0,2026-05-27,3.06,74100.0,2026-05-28,0.834,72500.0,2026-05-29,1.808,73200.0,2026-06-01,0.974,72600.0,2026-06-02,6.12,76300.0,2026-06-04,3.06,74100.0,2026-06-05,-2.782,69900.0,2026-06-08,2.643,73800.0,2026-06-09,0.974,72600.0,2026-06-10,-0.278,71700.0,2026-06-11,0.834,72500.0,2026-06-12,2026-06-12,7.51,-2.782,20.584,-5.146,1,1.0,1.0,1.0,0.0,UPPER,2026-05-15
241560,두산밥캣,2026-05-07,2026-05-07,WATCH,65,LOWER_CHANNEL_WATCH,중기 Higher High + Higher Low | 상승추세 안의 단기 조정 + 전저점 유지 | 상승 평행채널 유효(커버리지 100%) | 최근 추세 하단(싼 구간) 접촉 | 현재도 채널 하단권 | 이동평균선 재돌파 | 재상승 후 5일선 지지,,76700.0,True,3.76,True,1.0,0.3087,True,73691.3043,78565.2174,79700.0,83439.1304,71480.5652,2.43,8.79,False,False,False,11.83,True,True,False,,False,False,,2026-05-01,2026-05-31,76700.0,20,1,-2.347,74900.0,2026-05-08,-4.563,73200.0,2026-05-11,-6.389,71800.0,2026-05-12,-8.344,70300.0,2026-05-13,-6.78,71500.0,2026-05-14,-9.126,69700.0,2026-05-15,-11.734,67700.0,2026-05-18,-12.386,67200.0,2026-05-19,-16.428,64100.0,2026-05-20,-12.647,67000.0,2026-05-21,-10.3,68800.0,2026-05-22,-11.343,68000.0,2026-05-26,-11.213,68100.0,2026-05-27,-12.907,66800.0,2026-05-28,-15.645,64700.0,2026-05-29,-13.95,66000.0,2026-06-01,-14.993,65200.0,2026-06-02,-10.821,68400.0,2026-06-04,-14.211,65800.0,2026-06-05,-20.339,61100.0,2026-06-08,2026-06-08,-2.347,-20.339,-0.13,-21.512,0,0.0,0.0,0.0,1.0,STOP,2026-05-11
241560,두산밥캣,2026-05-08,2026-05-08,WATCH,65,LOWER_CHANNEL_WATCH,중기 Higher High + Higher Low | 상승추세 안의 단기 조정 + 전저점 유지 | 상승 평행채널 유효(커버리지 100%) | 최근 추세 하단(싼 구간) 접촉 | 현재도 채널 하단권 | 이동평균선 재돌파 | 재상승 후 5일선 지지,,74900.0,True,6.02,True,1.0,0.0473,True,74439.1304,79313.0435,79700.0,84186.9565,72205.9565,5.89,12.4,False,False,False,11.93,True,True,False,,False,False,,2026-05-01,2026-05-31,74900.0,20,1,-2.27,73200.0,2026-05-11,-4.139,71800.0,2026-05-12,-6.142,70300.0,2026-05-13,-4.539,71500.0,2026-05-14,-6.943,69700.0,2026-05-15,-9.613,67700.0,2026-05-18,-10.28,67200.0,2026-05-19,-14.419,64100.0,2026-05-20,-10.547,67000.0,2026-05-21,-8.144,68800.0,2026-05-22,-9.212,68000.0,2026-05-26,-9.079,68100.0,2026-05-27,-10.814,66800.0,2026-05-28,-13.618,64700.0,2026-05-29,-11.883,66000.0,2026-06-01,-12.951,65200.0,2026-06-02,-8.678,68400.0,2026-06-04,-12.15,65800.0,2026-06-05,-18.425,61100.0,2026-06-08,-15.354,63400.0,2026-06-09,2026-06-09,-2.27,-18.425,2.27,-19.626,0,0.0,0.0,0.0,1.0,STOP,2026-05-11
032640,LG유플러스,2026-05-04,2026-05-04,WATCH,68,LOWER_CHANNEL_WATCH,중기 Higher High + Higher Low | 상승추세 안의 단기 조정 + 전저점 유지 | 상승 평행채널 유효(커버리지 100%) | 최근 추세 하단(싼 구간) 접촉 | 현재도 채널 하단권 | 추세 하단 부근 쌍바닥/Higher-Low 형태 | 이동평균선 밀집,,15990.0,True,13.57,True,1.0,0.109,True,15646.6667,17221.3889,18500.0,18796.1111,15177.2667,7.7,17.55,True,False,True,3.35,False,True,False,,False,False,,2026-05-01,2026-05-31,15990.0,20,1,-3.69,15400.0,2026-05-06,-3.877,15370.0,2026-05-07,-5.879,15050.0,2026-05-08,-4.19,15320.0,2026-05-11,-1.626,15730.0,2026-05-12,-3.127,15490.0,2026-05-13,3.815,16600.0,2026-05-14,1.376,16210.0,2026-05-15,-2.439,15600.0,2026-05-18,-2.689,15560.0,2026-05-19,-4.565,15260.0,2026-05-20,-2.189,15640.0,2026-05-21,-1.438,15760.0,2026-05-22,-3.002,15510.0,2026-05-26,-5.316,15140.0,2026-05-27,-5.754,15070.0,2026-05-28,0.876,16130.0,2026-05-29,2.689,16420.0,2026-06-01,1.001,16150.0,2026-06-02,-2.001,15670.0,2026-06-04,2026-06-04,3.815,-5.879,17.573,-7.317,0,0.0,0.0,0.0,1.0,STOP,2026-05-08
032640,LG유플러스,2026-05-06,2026-05-06,WATCH,68,LOWER_CHANNEL_WATCH,중기 Higher High + Higher Low | 상승추세 안의 단기 조정 + 전저점 유지 | 상승 평행채널 유효(커버리지 98%) | 최근 추세 하단(싼 구간) 접촉 | 현재도 채널 하단권 | 추세 하단 부근 쌍바닥/Higher-Low 형태 | 이동평균선 밀집,,15400.0,True,16.76,True,0.9804,-0.0856,True,15669.4444,17244.1667,18500.0,18818.8889,15199.3611,11.98,22.2,True,False,True,4.74,False,False,False,,False,False,,2026-05-01,2026-05-31,15400.0,20,1,-0.195,15370.0,2026-05-07,-2.273,15050.0,2026-05-08,-0.519,15320.0,2026-05-11,2.143,15730.0,2026-05-12,0.584,15490.0,2026-05-13,7.792,16600.0,2026-05-14,5.26,16210.0,2026-05-15,1.299,15600.0,2026-05-18,1.039,15560.0,2026-05-19,-0.909,15260.0,2026-05-20,1.558,15640.0,2026-05-21,2.338,15760.0,2026-05-22,0.714,15510.0,2026-05-26,-1.688,15140.0,2026-05-27,-2.143,15070.0,2026-05-28,4.74,16130.0,2026-05-29,6.623,16420.0,2026-06-01,4.87,16150.0,2026-06-02,1.753,15670.0,2026-06-04,-0.519,15320.0,2026-06-05,2026-06-05,7.792,-2.273,22.078,-3.766,0,0.0,0.0,0.0,1.0,STOP,2026-05-08
032640,LG유플러스,2026-05-07,2026-05-07,WATCH,68,LOWER_CHANNEL_WATCH,중기 Higher High + Higher Low | 상승추세 안의 단기 조정 + 전저점 유지 | 상승 평행채널 유효(커버리지 96%) | 최근 추세 하단(싼 구간) 접촉 | 현재도 채널 하단권 | 추세 하단 부근 쌍바닥/Higher-Low 형태 | 이동평균선 밀집,,15370.0,True,16.92,True,0.9615,-0.1023,True,15692.2222,17266.9444,18500.0,18841.6667,15221.4556,12.34,22.59,True,False,True,6.02,False,False,False,,False,False,,2026-05-01,2026-05-31,15370.0,20,1,-2.082,15050.0,2026-05-08,-0.325,15320.0,2026-05-11,2.342,15730.0,2026-05-12,0.781,15490.0,2026-05-13,8.003,16600.0,2026-05-14,5.465,16210.0,2026-05-15,1.496,15600.0,2026-05-18,1.236,15560.0,2026-05-19,-0.716,15260.0,2026-05-20,1.757,15640.0,2026-05-21,2.537,15760.0,2026-05-22,0.911,15510.0,2026-05-26,-1.496,15140.0,2026-05-27,-1.952,15070.0,2026-05-28,4.945,16130.0,2026-05-29,6.831,16420.0,2026-06-01,5.075,16150.0,2026-06-02,1.952,15670.0,2026-06-04,-0.325,15320.0,2026-06-05,2.277,15720.0,2026-06-08,2026-06-08,8.003,-2.082,22.316,-5.205,1,0.0,0.0,0.0,1.0,STOP,2026-05-08
032640,LG유플러스,2026-05-12,2026-05-12,WATCH,60,LOWER_CHANNEL_WATCH,중기 Higher High + Higher Low | 상승추세 안의 단기 조정 + 전저점 유지 | 상승 평행채널 유효(커버리지 93%) | 최근 추세 하단(싼 구간) 접촉 | 현재도 채널 하단권 | 추세 하단 부근 쌍바닥/Higher-Low 형태,,15730.0,True,14.97,True,0.9273,-0.0097,True,15760.5556,17335.2778,18500.0,18910.0,15287.7389,10.21,20.22,True,False,False,6.99,False,True,False,,False,False,,2026-05-01,2026-05-31,15730.0,20,1,-1.526,15490.0,2026-05-13,5.531,16600.0,2026-05-14,3.051,16210.0,2026-05-15,-0.826,15600.0,2026-05-18,-1.081,15560.0,2026-05-19,-2.988,15260.0,2026-05-20,-0.572,15640.0,2026-05-21,0.191,15760.0,2026-05-22,-1.399,15510.0,2026-05-26,-3.751,15140.0,2026-05-27,-4.196,15070.0,2026-05-28,2.543,16130.0,2026-05-29,4.387,16420.0,2026-06-01,2.67,16150.0,2026-06-02,-0.381,15670.0,2026-06-04,-2.606,15320.0,2026-06-05,-0.064,15720.0,2026-06-08,-5.149,14920.0,2026-06-09,-6.357,14730.0,2026-06-10,-2.161,15390.0,2026-06-11,2026-06-11,5.531,-6.357,19.517,-9.218,0,0.0,0.0,0.0,1.0,STOP,2026-05-13
021240,코웨이,2026-05-04,2026-05-04,WATCH,70,LOWER_CHANNEL_WATCH,중기 Higher High + Higher Low | 상승추세 안의 단기 조정 + 전저점 유지 | 상승 평행채널 유효(커버리지 100%) | 최근 추세 하단(싼 구간) 접촉 | 추세 하단 부근 쌍바닥/Higher-Low 형태 | 쌍바닥 넥라인 돌파 확인 | 이동평균선 재돌파 | 재상승 후 5일선 지지,,86700.0,True,3.45,True,1.0,0.5854,True,81900.0,86000.0,85900.0,90100.0,79443.0,-0.81,3.92,True,True,False,8.07,True,True,False,,False,False,,2026-05-01,2026-05-31,86700.0,20,1,-4.037,83200.0,2026-05-06,0.231,86900.0,2026-05-07,1.038,87600.0,2026-05-08,7.036,92800.0,2026-05-11,5.882,91800.0,2026-05-12,9.112,94600.0,2026-05-13,10.957,96200.0,2026-05-14,9.227,94700.0,2026-05-15,6.69,92500.0,2026-05-18,5.075,91100.0,2026-05-19,1.73,88200.0,2026-05-20,8.074,93700.0,2026-05-21,8.651,94200.0,2026-05-22,8.074,93700.0,2026-05-26,5.536,91500.0,2026-05-27,6.574,92400.0,2026-05-28,3.806,90000.0,2026-05-29,3.806,90000.0,2026-06-01,9.112,94600.0,2026-06-02,7.266,93000.0,2026-06-04,2026-06-04,10.957,-4.037,14.302,-5.536,1,,,1.0,0.0,UPPER,2026-05-11
021240,코웨이,2026-05-06,2026-05-06,WATCH,65,LOWER_CHANNEL_WATCH,중기 Higher High + Higher Low | 상승추세 안의 단기 조정 + 전저점 유지 | 상승 평행채널 유효(커버리지 100%) | 최근 추세 하단(싼 구간) 접촉 | 현재도 채널 하단권 | 추세 하단 부근 쌍바닥/Higher-Low 형태 | 쌍바닥 넥라인 돌파 확인,,83200.0,True,7.35,True,1.0,0.1016,True,82366.6667,86466.6667,85900.0,90566.6667,79895.6667,3.93,8.85,True,True,False,7.75,False,False,False,,False,False,,2026-05-01,2026-05-31,83200.0,20,1,4.447,86900.0,2026-05-07,5.288,87600.0,2026-05-08,11.538,92800.0,2026-05-11,10.337,91800.0,2026-05-12,13.702,94600.0,2026-05-13,15.625,96200.0,2026-05-14,13.822,94700.0,2026-05-15,11.178,92500.0,2026-05-18,9.495,91100.0,2026-05-19,6.01,88200.0,2026-05-20,12.62,93700.0,2026-05-21,13.221,94200.0,2026-05-22,12.62,93700.0,2026-05-26,9.976,91500.0,2026-05-27,11.058,92400.0,2026-05-28,8.173,90000.0,2026-05-29,8.173,90000.0,2026-06-01,13.702,94600.0,2026-06-02,11.779,93000.0,2026-06-04,13.221,94200.0,2026-06-05,2026-06-05,15.625,4.447,19.111,-1.562,1,1.0,1.0,1.0,0.0,UPPER,2026-05-11
021240,코웨이,2026-05-12,2026-05-12,WATCH,70,LOWER_CHANNEL_WATCH,중기 Higher High + Higher Low | 상승추세 안의 단기 조정 + 전저점 유지 | 상승 평행채널 유효(커버리지 100%) | 최근 추세 하단(싼 구간) 접촉 | 추세 하단 부근 쌍바닥/Higher-Low 형태 | 쌍바닥 넥라인 돌파 확인 | 이동평균선 재돌파 | 재상승 후 5일선 지지,,91800.0,True,7.18,True,1.0,0.9056,True,83796.5517,88215.5172,89800.0,92634.4828,81282.6552,-3.9,0.91,True,True,False,9.42,True,True,False,,False,False,,2026-05-01,2026-05-31,91800.0,20,1,3.05,94600.0,2026-05-13,4.793,96200.0,2026-05-14,3.159,94700.0,2026-05-15,0.763,92500.0,2026-05-18,-0.763,91100.0,2026-05-19,-3.922,88200.0,2026-05-20,2.07,93700.0,2026-05-21,2.614,94200.0,2026-05-22,2.07,93700.0,2026-05-26,-0.327,91500.0,2026-05-27,0.654,92400.0,2026-05-28,-1.961,90000.0,2026-05-29,-1.961,90000.0,2026-06-01,3.05,94600.0,2026-06-02,1.307,93000.0,2026-06-04,2.614,94200.0,2026-06-05,-4.793,87400.0,2026-06-08,0.654,92400.0,2026-06-09,0.218,92000.0,2026-06-10,0.218,92000.0,2026-06-11,2026-06-11,4.793,-4.793,7.952,-7.19,1,,,1.0,0.0,UPPER,2026-05-13
021240,코웨이,2026-05-13,2026-05-13,WATCH,70,LOWER_CHANNEL_WATCH,중기 Higher High + Higher Low | 상승추세 안의 단기 조정 + 전저점 유지 | 상승 평행채널 유효(커버리지 97%) | 최근 추세 하단(싼 구간) 접촉 | 추세 하단 부근 쌍바닥/Higher-Low 형태 | 쌍바닥 넥라인 돌파 확인 | 이동평균선 재돌파 | 재상승 후 5일선 지지,,94600.0,True,4.35,True,0.973,1.1689,True,84268.9655,88687.931,89800.0,93106.8966,81740.8966,-6.25,-1.58,True,True,False,11.43,True,True,False,,False,False,,2026-05-01,2026-05-31,94600.0,20,1,1.691,96200.0,2026-05-14,0.106,94700.0,2026-05-15,-2.22,92500.0,2026-05-18,-3.7,91100.0,2026-05-19,-6.765,88200.0,2026-05-20,-0.951,93700.0,2026-05-21,-0.423,94200.0,2026-05-22,-0.951,93700.0,2026-05-26,-3.277,91500.0,2026-05-27,-2.326,92400.0,2026-05-28,-4.863,90000.0,2026-05-29,-4.863,90000.0,2026-06-01,0.0,94600.0,2026-06-02,-1.691,93000.0,2026-06-04,-0.423,94200.0,2026-06-05,-7.611,87400.0,2026-06-08,-2.326,92400.0,2026-06-09,-2.748,92000.0,2026-06-10,-2.748,92000.0,2026-06-11,-5.92,89000.0,2026-06-12,2026-06-12,1.691,-7.611,4.757,-9.937,0,,,,1.0,STOP,2026-06-08
021240,코웨이,2026-05-14,2026-05-14,WATCH,60,LOWER_CHANNEL_WATCH,중기 Higher High + Higher Low | 상승 평행채널 유효(커버리지 95%) | 최근 추세 하단(싼 구간) 접촉 | 추세 하단 부근 쌍바닥/Higher-Low 형태 | 쌍바닥 넥라인 돌파 확인 | 이동평균선 재돌파 | 재상승 후 5일선 지지,,96200.0,True,2.73,True,0.9474,1.2965,True,84741.3793,89160.3448,98900.0,93579.3103,82199.1379,-7.32,-2.72,True,True,False,13.0,True,True,False,,False,False,,2026-05-01,2026-05-31,96200.0,20,1,-1.559,94700.0,2026-05-15,-3.846,92500.0,2026-05-18,-5.301,91100.0,2026-05-19,-8.316,88200.0,2026-05-20,-2.599,93700.0,2026-05-21,-2.079,94200.0,2026-05-22,-2.599,93700.0,2026-05-26,-4.886,91500.0,2026-05-27,-3.95,92400.0,2026-05-28,-6.445,90000.0,2026-05-29,-6.445,90000.0,2026-06-01,-1.663,94600.0,2026-06-02,-3.326,93000.0,2026-06-04,-2.079,94200.0,2026-06-05,-9.148,87400.0,2026-06-08,-3.95,92400.0,2026-06-09,-4.366,92000.0,2026-06-10,-4.366,92000.0,2026-06-11,-7.484,89000.0,2026-06-12,-5.094,91300.0,2026-06-15,2026-06-15,-1.559,-9.148,3.015,-11.435,0,,1.0,,1.0,STOP,2026-06-08
021240,코웨이,2026-05-15,2026-05-15,WATCH,70,LOWER_CHANNEL_WATCH,중기 Higher High + Higher Low | 상승추세 안의 단기 조정 + 전저점 유지 | 상승 평행채널 유효(커버리지 95%) | 최근 추세 하단(싼 구간) 접촉 | 추세 하단 부근 쌍바닥/Higher-Low 형태 | 쌍바닥 넥라인 돌파 확인 | 이동평균선 재돌파 | 재상승 후 5일선 지지,,94700.0,True,4.25,True,0.9487,1.0734,True,85213.7931,89632.7586,98900.0,94051.7241,82657.3793,-5.35,-0.68,True,True,False,14.58,True,True,False,,False,False,,2026-05-01,2026-05-31,94700.0,20,1,-2.323,92500.0,2026-05-18,-3.801,91100.0,2026-05-19,-6.864,88200.0,2026-05-20,-1.056,93700.0,2026-05-21,-0.528,94200.0,2026-05-22,-1.056,93700.0,2026-05-26,-3.379,91500.0,2026-05-27,-2.429,92400.0,2026-05-28,-4.963,90000.0,2026-05-29,-4.963,90000.0,2026-06-01,-0.106,94600.0,2026-06-02,-1.795,93000.0,2026-06-04,-0.528,94200.0,2026-06-05,-7.709,87400.0,2026-06-08,-2.429,92400.0,2026-06-09,-2.851,92000.0,2026-06-10,-2.851,92000.0,2026-06-11,-6.019,89000.0,2026-06-12,-3.59,91300.0,2026-06-15,-3.696,91200.0,2026-06-16,2026-06-16,-0.106,-7.709,4.646,-10.032,0,,1.0,,1.0,STOP,2026-06-08
021240,코웨이,2026-05-18,2026-05-18,WATCH,60,LOWER_CHANNEL_WATCH,중기 Higher High + Higher Low | 상승추세 안의 단기 조정 + 전저점 유지 | 상승 평행채널 유효(커버리지 95%) | 최근 추세 하단(싼 구간) 접촉 | 추세 하단 부근 쌍바닥/Higher-Low 형태 | 쌍바닥 넥라인 돌파 확인,,92500.0,True,6.47,True,0.95,0.771,True,85686.2069,90105.1724,98900.0,94524.1379,83115.6207,-2.59,2.19,True,True,False,14.81,False,False,False,,False,False,,2026-05-01,2026-05-31,92500.0,20,1,-1.514,91100.0,2026-05-19,-4.649,88200.0,2026-05-20,1.297,93700.0,2026-05-21,1.838,94200.0,2026-05-22,1.297,93700.0,2026-05-26,-1.081,91500.0,2026-05-27,-0.108,92400.0,2026-05-28,-2.703,90000.0,2026-05-29,-2.703,90000.0,2026-06-01,2.27,94600.0,2026-06-02,0.541,93000.0,2026-06-04,1.838,94200.0,2026-06-05,-5.514,87400.0,2026-06-08,-0.108,92400.0,2026-06-09,-0.541,92000.0,2026-06-10,-0.541,92000.0,2026-06-11,-3.784,89000.0,2026-06-12,-1.297,91300.0,2026-06-15,-1.405,91200.0,2026-06-16,-0.757,91800.0,2026-06-17,2026-06-17,2.27,-5.514,7.135,-7.892,0,,0.0,1.0,0.0,UPPER,2026-05-19
021240,코웨이,2026-05-19,2026-05-19,WATCH,60,LOWER_CHANNEL_WATCH,중기 Higher High + Higher Low | 상승추세 안의 단기 조정 + 전저점 유지 | 상승 평행채널 유효(커버리지 95%) | 최근 추세 하단(싼 구간) 접촉 | 추세 하단 부근 쌍바닥/Higher-Low 형태 | 쌍바닥 넥라인 돌파 확인,,91100.0,True,7.89,True,0.9512,0.5591,True,86158.6207,90577.5862,98900.0,94996.5517,83573.8621,-0.57,4.28,True,True,False,14.84,False,False,False,,False,False,,2026-05-01,2026-05-31,91100.0,20,1,-3.183,88200.0,2026-05-20,2.854,93700.0,2026-05-21,3.403,94200.0,2026-05-22,2.854,93700.0,2026-05-26,0.439,91500.0,2026-05-27,1.427,92400.0,2026-05-28,-1.207,90000.0,2026-05-29,-1.207,90000.0,2026-06-01,3.842,94600.0,2026-06-02,2.086,93000.0,2026-06-04,3.403,94200.0,2026-06-05,-4.061,87400.0,2026-06-08,1.427,92400.0,2026-06-09,0.988,92000.0,2026-06-10,0.988,92000.0,2026-06-11,-2.305,89000.0,2026-06-12,0.22,91300.0,2026-06-15,0.11,91200.0,2026-06-16,0.768,91800.0,2026-06-17,-0.11,91000.0,2026-06-18,2026-06-18,3.842,-4.061,8.782,-6.476,0,,1.0,1.0,0.0,UPPER,2026-05-26
021240,코웨이,2026-05-20,2026-05-20,WATCH,60,LOWER_CHANNEL_WATCH,중기 Higher High + Higher Low | 상승추세 안의 단기 조정 + 전저점 유지 | 상승 평행채널 유효(커버리지 95%) | 최근 추세 하단(싼 구간) 접촉 | 현재도 채널 하단권 | 추세 하단 부근 쌍바닥/Higher-Low 형태,,88200.0,True,10.82,True,0.9524,0.1775,True,86631.0345,91050.0,98900.0,95468.9655,84032.1034,3.23,8.24,True,False,False,13.85,False,False,False,,False,False,,2026-05-01,2026-05-31,88200.0,20,1,6.236,93700.0,2026-05-21,6.803,94200.0,2026-05-22,6.236,93700.0,2026-05-26,3.741,91500.0,2026-05-27,4.762,92400.0,2026-05-28,2.041,90000.0,2026-05-29,2.041,90000.0,2026-06-01,7.256,94600.0,2026-06-02,5.442,93000.0,2026-06-04,6.803,94200.0,2026-06-05,-0.907,87400.0,2026-06-08,4.762,92400.0,2026-06-09,4.308,92000.0,2026-06-10,4.308,92000.0,2026-06-11,0.907,89000.0,2026-06-12,3.515,91300.0,2026-06-15,3.401,91200.0,2026-06-16,4.082,91800.0,2026-06-17,3.175,91000.0,2026-06-18,-0.907,87400.0,2026-06-19,2026-06-19,7.256,-0.907,12.358,-3.401,0,1.0,1.0,1.0,0.0,UPPER,2026-05-26
021240,코웨이,2026-05-21,2026-05-21,WATCH,68,LOWER_CHANNEL_WATCH,중기 Higher High + Higher Low | 상승추세 안의 단기 조정 + 전저점 유지 | 상승 평행채널 유효(커버리지 95%) | 최근 추세 하단(싼 구간) 접촉 | 추세 하단 부근 쌍바닥/Higher-Low 형태 | 쌍바닥 넥라인 돌파 확인 | 이동평균선 재돌파,,93700.0,True,5.26,True,0.9535,0.7464,True,87103.4483,91522.4138,98900.0,95941.3793,84490.3448,-2.32,2.39,True,True,False,12.38,True,False,False,,False,False,,2026-05-01,2026-05-31,93700.0,20,1,0.534,94200.0,2026-05-22,0.0,93700.0,2026-05-26,-2.348,91500.0,2026-05-27,-1.387,92400.0,2026-05-28,-3.949,90000.0,2026-05-29,-3.949,90000.0,2026-06-01,0.961,94600.0,2026-06-02,-0.747,93000.0,2026-06-04,0.534,94200.0,2026-06-05,-6.724,87400.0,2026-06-08,-1.387,92400.0,2026-06-09,-1.814,92000.0,2026-06-10,-1.814,92000.0,2026-06-11,-5.016,89000.0,2026-06-12,-2.561,91300.0,2026-06-15,-2.668,91200.0,2026-06-16,-2.028,91800.0,2026-06-17,-2.882,91000.0,2026-06-18,-6.724,87400.0,2026-06-19,-8.218,86000.0,2026-06-22,2026-06-22,0.961,-8.218,5.763,-9.072,0,,1.0,1.0,0.0,UPPER,2026-05-26
021240,코웨이,2026-05-22,2026-05-22,WATCH,70,LOWER_CHANNEL_WATCH,중기 Higher High + Higher Low | 상승추세 안의 단기 조정 + 전저점 유지 | 상승 평행채널 유효(커버리지 95%) | 최근 추세 하단(싼 구간) 접촉 | 추세 하단 부근 쌍바닥/Higher-Low 형태 | 쌍바닥 넥라인 돌파 확인 | 이동평균선 재돌파 | 재상승 후 5일선 지지,,94200.0,True,4.75,True,0.9545,0.7495,True,87575.8621,91994.8276,98900.0,96413.7931,84948.5862,-2.34,2.35,True,True,False,12.05,True,True,False,,False,False,,2026-05-01,2026-05-31,94200.0,20,1,-0.531,93700.0,2026-05-26,-2.866,91500.0,2026-05-27,-1.911,92400.0,2026-05-28,-4.459,90000.0,2026-05-29,-4.459,90000.0,2026-06-01,0.425,94600.0,2026-06-02,-1.274,93000.0,2026-06-04,0.0,94200.0,2026-06-05,-7.219,87400.0,2026-06-08,-1.911,92400.0,2026-06-09,-2.335,92000.0,2026-06-10,-2.335,92000.0,2026-06-11,-5.52,89000.0,2026-06-12,-3.079,91300.0,2026-06-15,-3.185,91200.0,2026-06-16,-2.548,91800.0,2026-06-17,-3.397,91000.0,2026-06-18,-7.219,87400.0,2026-06-19,-8.705,86000.0,2026-06-22,-8.705,86000.0,2026-06-23,2026-06-23,0.425,-8.705,5.202,-9.766,0,,1.0,1.0,0.0,UPPER,2026-05-26
021240,코웨이,2026-05-26,2026-05-26,WATCH,65,LOWER_CHANNEL_WATCH,중기 Higher High + Higher Low | 상승추세 안의 단기 조정 + 전저점 유지 | 상승 평행채널 유효(커버리지 96%) | 최근 추세 하단(싼 구간) 접촉 | 추세 하단 부근 쌍바닥/Higher-Low 형태 | 이동평균선 재돌파 | 재상승 후 5일선 지지,,93700.0,True,5.45,True,0.9556,0.6395,True,88048.2759,92467.2414,98900.0,96886.2069,85406.8276,-1.32,3.4,True,False,False,12.19,True,True,False,,False,False,,2026-05-01,2026-05-31,93700.0,20,1,-2.348,91500.0,2026-05-27,-1.387,92400.0,2026-05-28,-3.949,90000.0,2026-05-29,-3.949,90000.0,2026-06-01,0.961,94600.0,2026-06-02,-0.747,93000.0,2026-06-04,0.534,94200.0,2026-06-05,-6.724,87400.0,2026-06-08,-1.387,92400.0,2026-06-09,-1.814,92000.0,2026-06-10,-1.814,92000.0,2026-06-11,-5.016,89000.0,2026-06-12,-2.561,91300.0,2026-06-15,-2.668,91200.0,2026-06-16,-2.028,91800.0,2026-06-17,-2.882,91000.0,2026-06-18,-6.724,87400.0,2026-06-19,-8.218,86000.0,2026-06-22,-8.218,86000.0,2026-06-23,-7.898,86300.0,2026-06-24,2026-06-24,0.961,-8.218,4.909,-11.313,0,,0.0,0.0,1.0,STOP,2026-06-08
021240,코웨이,2026-05-27,2026-05-27,WATCH,60,LOWER_CHANNEL_WATCH,중기 Higher High + Higher Low | 상승추세 안의 단기 조정 + 전저점 유지 | 상승 평행채널 유효(커버리지 96%) | 최근 추세 하단(싼 구간) 접촉 | 현재도 채널 하단권 | 추세 하단 부근 쌍바닥/Higher-Low 형태,,91500.0,True,7.67,True,0.9565,0.3371,True,88520.6897,92939.6552,98900.0,97358.6207,85865.069,1.57,6.4,True,False,False,12.44,False,True,False,,False,False,,2026-05-01,2026-05-31,91500.0,20,1,0.984,92400.0,2026-05-28,-1.639,90000.0,2026-05-29,-1.639,90000.0,2026-06-01,3.388,94600.0,2026-06-02,1.639,93000.0,2026-06-04,2.951,94200.0,2026-06-05,-4.481,87400.0,2026-06-08,0.984,92400.0,2026-06-09,0.546,92000.0,2026-06-10,0.546,92000.0,2026-06-11,-2.732,89000.0,2026-06-12,-0.219,91300.0,2026-06-15,-0.328,91200.0,2026-06-16,0.328,91800.0,2026-06-17,-0.546,91000.0,2026-06-18,-4.481,87400.0,2026-06-19,-6.011,86000.0,2026-06-22,-6.011,86000.0,2026-06-23,-5.683,86300.0,2026-06-24,-4.918,87000.0,2026-06-25,2026-06-25,3.388,-6.011,7.432,-9.18,0,1.0,0.0,0.0,1.0,STOP,2026-06-08
021240,코웨이,2026-05-29,2026-05-29,WATCH,60,LOWER_CHANNEL_WATCH,중기 Higher High + Higher Low | 상승추세 안의 단기 조정 + 전저점 유지 | 상승 평행채널 유효(커버리지 100%) | 최근 추세 하단(싼 구간) 접촉 | 현재도 채널 하단권 | 추세 하단 부근 쌍바닥/Higher-Low 형태,,90000.0,True,9.18,True,1.0,0.0237,True,89740.9091,95204.5455,99100.0,100668.1818,87048.6818,5.78,11.85,True,False,False,12.4,False,False,False,,False,False,,2026-05-01,2026-05-31,90000.0,20,1,0.0,90000.0,2026-06-01,5.111,94600.0,2026-06-02,3.333,93000.0,2026-06-04,4.667,94200.0,2026-06-05,-2.889,87400.0,2026-06-08,2.667,92400.0,2026-06-09,2.222,92000.0,2026-06-10,2.222,92000.0,2026-06-11,-1.111,89000.0,2026-06-12,1.444,91300.0,2026-06-15,1.333,91200.0,2026-06-16,2.0,91800.0,2026-06-17,1.111,91000.0,2026-06-18,-2.889,87400.0,2026-06-19,-4.444,86000.0,2026-06-22,-4.444,86000.0,2026-06-23,-4.111,86300.0,2026-06-24,-3.333,87000.0,2026-06-25,-4.778,85700.0,2026-06-26,1.444,91300.0,2026-06-29,2026-06-29,5.111,-4.778,9.222,-7.667,1,1.0,0.0,0.0,1.0,STOP,2026-06-08
090430,아모레퍼시픽,2026-05-04,2026-05-04,WATCH,68,LOWER_CHANNEL_WATCH,중기 Higher High + Higher Low | 상승추세 안의 단기 조정 + 전저점 유지 | 상승 평행채널 유효(커버리지 100%) | 최근 추세 하단(싼 구간) 접촉 | 현재도 채널 하단권 | 추세 하단 부근 쌍바닥/Higher-Low 형태 | 이동평균선 밀집,,134300.0,True,13.69,True,1.0,-0.0591,True,135566.6667,146288.8889,155600.0,157011.1111,131499.6667,8.93,16.91,True,False,True,5.55,False,False,False,,False,False,,2026-05-01,2026-05-31,134300.0,20,1,-3.202,130000.0,2026-05-06,-3.276,129900.0,2026-05-07,-3.649,129400.0,2026-05-08,-4.765,127900.0,2026-05-11,-8.265,123200.0,2026-05-12,-10.276,120500.0,2026-05-13,-3.053,130200.0,2026-05-14,-9.159,122000.0,2026-05-15,-10.35,120400.0,2026-05-18,-10.722,119900.0,2026-05-19,-13.552,116100.0,2026-05-20,-12.658,117300.0,2026-05-21,-10.648,120000.0,2026-05-22,-11.616,118700.0,2026-05-26,-13.179,116600.0,2026-05-27,-14.073,115400.0,2026-05-28,-14.296,115100.0,2026-05-29,-17.126,111300.0,2026-06-01,-18.615,109300.0,2026-06-02,-17.2,111200.0,2026-06-04,2026-06-04,-3.053,-18.615,0.223,-19.844,0,0.0,0.0,0.0,1.0,STOP,2026-05-06
090430,아모레퍼시픽,2026-05-07,2026-05-07,WATCH,68,LOWER_CHANNEL_WATCH,중기 Higher High + Higher Low | 상승추세 안의 단기 조정 + 전저점 유지 | 상승 평행채널 유효(커버리지 97%) | 최근 추세 하단(싼 구간) 접촉 | 현재도 채널 하단권 | 추세 하단 부근 쌍바닥/Higher-Low 형태 | 이동평균선 밀집,,129900.0,True,16.52,True,0.9697,0.0206,True,129544.4444,138177.7778,155600.0,146811.1111,125658.1111,6.37,13.02,True,False,True,3.86,False,False,False,,False,False,,2026-05-01,2026-05-31,129900.0,20,1,-0.385,129400.0,2026-05-08,-1.54,127900.0,2026-05-11,-5.158,123200.0,2026-05-12,-7.236,120500.0,2026-05-13,0.231,130200.0,2026-05-14,-6.082,122000.0,2026-05-15,-7.313,120400.0,2026-05-18,-7.698,119900.0,2026-05-19,-10.624,116100.0,2026-05-20,-9.7,117300.0,2026-05-21,-7.621,120000.0,2026-05-22,-8.622,118700.0,2026-05-26,-10.239,116600.0,2026-05-27,-11.162,115400.0,2026-05-28,-11.393,115100.0,2026-05-29,-14.319,111300.0,2026-06-01,-15.858,109300.0,2026-06-02,-14.396,111200.0,2026-06-04,-17.244,107500.0,2026-06-05,-19.169,105000.0,2026-06-08,2026-06-08,0.231,-19.169,2.156,-21.401,0,0.0,0.0,0.0,1.0,STOP,2026-05-12
090430,아모레퍼시픽,2026-05-08,2026-05-08,WATCH,68,LOWER_CHANNEL_WATCH,중기 Higher High + Higher Low | 상승추세 안의 단기 조정 + 전저점 유지 | 상승 평행채널 유효(커버리지 97%) | 최근 추세 하단(싼 구간) 접촉 | 현재도 채널 하단권 | 추세 하단 부근 쌍바닥/Higher-Low 형태 | 이동평균선 밀집,,129400.0,True,16.84,True,0.9706,-0.0154,True,129666.6667,138300.0,155600.0,146933.3333,125776.6667,6.88,13.55,True,False,True,5.6,False,False,False,,False,False,,2026-05-01,2026-05-31,129400.0,20,1,-1.159,127900.0,2026-05-11,-4.791,123200.0,2026-05-12,-6.878,120500.0,2026-05-13,0.618,130200.0,2026-05-14,-5.719,122000.0,2026-05-15,-6.955,120400.0,2026-05-18,-7.342,119900.0,2026-05-19,-10.278,116100.0,2026-05-20,-9.351,117300.0,2026-05-21,-7.264,120000.0,2026-05-22,-8.269,118700.0,2026-05-26,-9.892,116600.0,2026-05-27,-10.819,115400.0,2026-05-28,-11.051,115100.0,2026-05-29,-13.988,111300.0,2026-06-01,-15.533,109300.0,2026-06-02,-14.065,111200.0,2026-06-04,-16.924,107500.0,2026-06-05,-18.856,105000.0,2026-06-08,-13.447,112000.0,2026-06-09,2026-06-09,0.618,-18.856,2.55,-21.097,0,0.0,0.0,0.0,1.0,STOP,2026-05-12
090430,아모레퍼시픽,2026-05-11,2026-05-11,WATCH,60,LOWER_CHANNEL_WATCH,중기 Higher High + Higher Low | 상승추세 안의 단기 조정 + 전저점 유지 | 상승 평행채널 유효(커버리지 94%) | 최근 추세 하단(싼 구간) 접촉 | 현재도 채널 하단권 | 추세 하단 부근 쌍바닥/Higher-Low 형태,,127900.0,True,17.8,True,0.9429,-0.1094,True,129788.8889,138422.2222,155600.0,147055.5556,125895.2222,8.23,14.98,True,False,False,6.7,False,True,False,,False,False,,2026-05-01,2026-05-31,127900.0,20,1,-3.675,123200.0,2026-05-12,-5.786,120500.0,2026-05-13,1.798,130200.0,2026-05-14,-4.613,122000.0,2026-05-15,-5.864,120400.0,2026-05-18,-6.255,119900.0,2026-05-19,-9.226,116100.0,2026-05-20,-8.288,117300.0,2026-05-21,-6.177,120000.0,2026-05-22,-7.193,118700.0,2026-05-26,-8.835,116600.0,2026-05-27,-9.773,115400.0,2026-05-28,-10.008,115100.0,2026-05-29,-12.979,111300.0,2026-06-01,-14.543,109300.0,2026-06-02,-13.057,111200.0,2026-06-04,-15.95,107500.0,2026-06-05,-17.905,105000.0,2026-06-08,-12.432,112000.0,2026-06-09,-12.588,111800.0,2026-06-10,2026-06-10,1.798,-17.905,1.798,-20.172,0,0.0,0.0,0.0,1.0,STOP,2026-05-12
036570,NC,2026-05-18,2026-05-18,WATCH,65,LOWER_CHANNEL_WATCH,중기 Higher High + Higher Low | 상승추세 안의 단기 조정 + 전저점 유지 | 상승 평행채널 유효(커버리지 100%) | 최근 추세 하단(싼 구간) 접촉 | 현재도 채널 하단권 | 추세 하단 부근 쌍바닥/Higher-Low 형태 | 쌍바닥 넥라인 돌파 확인,,258500.0,True,11.77,True,1.0,0.3367,True,236440.3226,269200.0,293000.0,301959.6774,229347.1129,4.14,16.81,True,True,False,10.26,False,True,False,,False,False,,2026-05-01,2026-05-31,258500.0,20,1,2.515,265000.0,2026-05-19,0.774,260500.0,2026-05-20,1.741,263000.0,2026-05-21,6.77,276000.0,2026-05-22,5.029,271500.0,2026-05-26,7.35,277500.0,2026-05-27,10.058,284500.0,2026-05-28,11.992,289500.0,2026-05-29,14.313,295500.0,2026-06-01,30.754,338000.0,2026-06-02,11.992,289500.0,2026-06-04,8.897,281500.0,2026-06-05,3.288,267000.0,2026-06-08,2.321,264500.0,2026-06-09,-0.58,257000.0,2026-06-10,0.58,260000.0,2026-06-11,1.741,263000.0,2026-06-12,1.161,261500.0,2026-06-15,0.967,261000.0,2026-06-16,3.095,266500.0,2026-06-17,2026-06-17,30.754,-0.58,32.882,-5.609,1,1.0,1.0,1.0,0.0,UPPER,2026-06-02
